,"European Central Bank, ""Cyber resilience oversight expectations for financial market infrastructures"" (CROE) (Dec 2018)
to CRI Profile ver. 2.1 Mapping","European Central Bank, ""Cyber resilience oversight expectations for financial market infrastructures"" (CROE) (Dec 2018)
to CRI Profile ver. 2.1 Mapping","European Central Bank, ""Cyber resilience oversight expectations for financial market infrastructures"" (CROE) (Dec 2018)
to CRI Profile ver. 2.1 Mapping","European Central Bank, ""Cyber resilience oversight expectations for financial market infrastructures"" (CROE) (Dec 2018)
to CRI Profile ver. 2.1 Mapping","European Central Bank, ""Cyber resilience oversight expectations for financial market infrastructures"" (CROE) (Dec 2018)
to CRI Profile ver. 2.1 Mapping",,
European Central Bank (ECB) Cyber Resilience Oversight Expectations (CROE),European Central Bank (ECB) Cyber Resilience Oversight Expectations (CROE),European Central Bank (ECB) Cyber Resilience Oversight Expectations (CROE),European Central Bank (ECB) Cyber Resilience Oversight Expectations (CROE),CRI Profile ver. 2.1,CRI Profile ver. 2.1,CRI Profile ver. 2.1,CRI Profile ver. 2.1
ECB CROE Section Reference,Source Id,ECB CROE Source Statement,Level,Mapping,CRI Profile Diagnostic Statement,Profile Subcategory,Profile Id
2.1 Governance / 2.1.2.1 Cyber resilience strategy and framework / Cyber resilience strategy,2.1.2.1.1,"The FMI should establish an internal, cross-disciplinary steering committee comprised of senior management and appropriate staff (employees and/or contractors) from multiple business units (e.g. business, finance, risk management, internal audit, operations, cybersecurity, information technology (IT), communications, legal and human resources, some of which may be external), to collectively develop a cyber resilience strategy and framework. The steering committee should provide multiple views and perspectives to ensure that the cyber resilience strategy and framework is holistic and focuses on all elements related to people, processes and technology. Among other things, the steering committee should:
(a) evaluate and prioritise internal and external stakeholders’ needs and expectations, deciding on the overall requirements from cyber resilience;
(b) provide direction to senior management on what cyber resilience should achieve;
(c) define who makes cyber resilience decisions and how those decisions should be made;
(d) consider the FMI’s risk landscape and risk tolerance when defining how cyber risks should be addressed;
(e) evaluate how the different business units are impacted and can work together in an integrated manner to achieve enterprise-wide outcomes;
(f) consider how to monitor the performance and outcomes of cyber resilience and intervene if necessary to ensure that the specified direction is followed.",Evolving,Partial,"GV.OC-01.01: Technology and cybersecurity strategies, architectures, and programs are formally governed to align with and support the organization's mission, objectives, priorities, tactical initiatives, and risk profile.",GOVERN / Organizational Context / Organizational Mission,GV.OC-01.01
2.1 Governance / 2.1.2.1 Cyber resilience strategy and framework / Cyber resilience strategy,2.1.2.1.1,"The FMI should establish an internal, cross-disciplinary steering committee comprised of senior management and appropriate staff (employees and/or contractors) from multiple business units (e.g. business, finance, risk management, internal audit, operations, cybersecurity, information technology (IT), communications, legal and human resources, some of which may be external), to collectively develop a cyber resilience strategy and framework. The steering committee should provide multiple views and perspectives to ensure that the cyber resilience strategy and framework is holistic and focuses on all elements related to people, processes and technology. Among other things, the steering committee should:
(a) evaluate and prioritise internal and external stakeholders’ needs and expectations, deciding on the overall requirements from cyber resilience;
(b) provide direction to senior management on what cyber resilience should achieve;
(c) define who makes cyber resilience decisions and how those decisions should be made;
(d) consider the FMI’s risk landscape and risk tolerance when defining how cyber risks should be addressed;
(e) evaluate how the different business units are impacted and can work together in an integrated manner to achieve enterprise-wide outcomes;
(f) consider how to monitor the performance and outcomes of cyber resilience and intervene if necessary to ensure that the specified direction is followed.",Evolving,Partial,"GV.OC-02.01: The organization's obligation to its customers, employees, and stakeholders to maintain safety and soundness, while balancing size and complexity, is reflected in the organization's risk management strategy and framework,  its risk appetite and risk tolerance statements, and in a risk-aware culture.",GOVERN / Organizational Context / Stakeholder Risk Management Expectations,GV.OC-02.01
2.1 Governance / 2.1.2.1 Cyber resilience strategy and framework / Cyber resilience strategy,2.1.2.1.1,"The FMI should establish an internal, cross-disciplinary steering committee comprised of senior management and appropriate staff (employees and/or contractors) from multiple business units (e.g. business, finance, risk management, internal audit, operations, cybersecurity, information technology (IT), communications, legal and human resources, some of which may be external), to collectively develop a cyber resilience strategy and framework. The steering committee should provide multiple views and perspectives to ensure that the cyber resilience strategy and framework is holistic and focuses on all elements related to people, processes and technology. Among other things, the steering committee should:
(a) evaluate and prioritise internal and external stakeholders’ needs and expectations, deciding on the overall requirements from cyber resilience;
(b) provide direction to senior management on what cyber resilience should achieve;
(c) define who makes cyber resilience decisions and how those decisions should be made;
(d) consider the FMI’s risk landscape and risk tolerance when defining how cyber risks should be addressed;
(e) evaluate how the different business units are impacted and can work together in an integrated manner to achieve enterprise-wide outcomes;
(f) consider how to monitor the performance and outcomes of cyber resilience and intervene if necessary to ensure that the specified direction is followed.",Evolving,Partial,"GV.OC-04.02: The organization documents the business processes that are critical for the delivery of services and the functioning of the organization, and the impacts to the business if those processes are degraded or not functioning.",GOVERN / Organizational Context / Stakeholder Service Expectations,GV.OC-04.02
2.1 Governance / 2.1.2.1 Cyber resilience strategy and framework / Cyber resilience strategy,2.1.2.1.1,"The FMI should establish an internal, cross-disciplinary steering committee comprised of senior management and appropriate staff (employees and/or contractors) from multiple business units (e.g. business, finance, risk management, internal audit, operations, cybersecurity, information technology (IT), communications, legal and human resources, some of which may be external), to collectively develop a cyber resilience strategy and framework. The steering committee should provide multiple views and perspectives to ensure that the cyber resilience strategy and framework is holistic and focuses on all elements related to people, processes and technology. Among other things, the steering committee should:
(a) evaluate and prioritise internal and external stakeholders’ needs and expectations, deciding on the overall requirements from cyber resilience;
(b) provide direction to senior management on what cyber resilience should achieve;
(c) define who makes cyber resilience decisions and how those decisions should be made;
(d) consider the FMI’s risk landscape and risk tolerance when defining how cyber risks should be addressed;
(e) evaluate how the different business units are impacted and can work together in an integrated manner to achieve enterprise-wide outcomes;
(f) consider how to monitor the performance and outcomes of cyber resilience and intervene if necessary to ensure that the specified direction is followed.",Evolving,Partial,"GV.OC-04.04: The organization prioritizes the resilience design, planning, testing, and monitoring of systems and other key internal and external dependencies according to their criticality to the supported business functions, enterprise mission, and to the financial services sector.",GOVERN / Organizational Context / Stakeholder Service Expectations,GV.OC-04.04
2.1 Governance / 2.1.2.1 Cyber resilience strategy and framework / Cyber resilience strategy,2.1.2.1.1,"The FMI should establish an internal, cross-disciplinary steering committee comprised of senior management and appropriate staff (employees and/or contractors) from multiple business units (e.g. business, finance, risk management, internal audit, operations, cybersecurity, information technology (IT), communications, legal and human resources, some of which may be external), to collectively develop a cyber resilience strategy and framework. The steering committee should provide multiple views and perspectives to ensure that the cyber resilience strategy and framework is holistic and focuses on all elements related to people, processes and technology. Among other things, the steering committee should:
(a) evaluate and prioritise internal and external stakeholders’ needs and expectations, deciding on the overall requirements from cyber resilience;
(b) provide direction to senior management on what cyber resilience should achieve;
(c) define who makes cyber resilience decisions and how those decisions should be made;
(d) consider the FMI’s risk landscape and risk tolerance when defining how cyber risks should be addressed;
(e) evaluate how the different business units are impacted and can work together in an integrated manner to achieve enterprise-wide outcomes;
(f) consider how to monitor the performance and outcomes of cyber resilience and intervene if necessary to ensure that the specified direction is followed.",Evolving,Partial,"GV.OC-05.01: The organization identifies, assesses, and documents the key dependencies, interdependencies, and potential points of failure to support the delivery of critical services (e.g., systems, business processes, workforce, third parties, facilities, etc.)",GOVERN / Organizational Context / Organizational Service Dependencies,GV.OC-05.01
2.1 Governance / 2.1.2.1 Cyber resilience strategy and framework / Cyber resilience strategy,2.1.2.1.1,"The FMI should establish an internal, cross-disciplinary steering committee comprised of senior management and appropriate staff (employees and/or contractors) from multiple business units (e.g. business, finance, risk management, internal audit, operations, cybersecurity, information technology (IT), communications, legal and human resources, some of which may be external), to collectively develop a cyber resilience strategy and framework. The steering committee should provide multiple views and perspectives to ensure that the cyber resilience strategy and framework is holistic and focuses on all elements related to people, processes and technology. Among other things, the steering committee should:
(a) evaluate and prioritise internal and external stakeholders’ needs and expectations, deciding on the overall requirements from cyber resilience;
(b) provide direction to senior management on what cyber resilience should achieve;
(c) define who makes cyber resilience decisions and how those decisions should be made;
(d) consider the FMI’s risk landscape and risk tolerance when defining how cyber risks should be addressed;
(e) evaluate how the different business units are impacted and can work together in an integrated manner to achieve enterprise-wide outcomes;
(f) consider how to monitor the performance and outcomes of cyber resilience and intervene if necessary to ensure that the specified direction is followed.",Evolving,Partial,"GV.OC-05.02: The organization has prioritized its external dependencies according to their criticality to the supported enterprise mission, business functions, and to the financial services sector.",GOVERN / Organizational Context / Organizational Service Dependencies,GV.OC-05.02
2.1 Governance / 2.1.2.1 Cyber resilience strategy and framework / Cyber resilience strategy,2.1.2.1.1,"The FMI should establish an internal, cross-disciplinary steering committee comprised of senior management and appropriate staff (employees and/or contractors) from multiple business units (e.g. business, finance, risk management, internal audit, operations, cybersecurity, information technology (IT), communications, legal and human resources, some of which may be external), to collectively develop a cyber resilience strategy and framework. The steering committee should provide multiple views and perspectives to ensure that the cyber resilience strategy and framework is holistic and focuses on all elements related to people, processes and technology. Among other things, the steering committee should:
(a) evaluate and prioritise internal and external stakeholders’ needs and expectations, deciding on the overall requirements from cyber resilience;
(b) provide direction to senior management on what cyber resilience should achieve;
(c) define who makes cyber resilience decisions and how those decisions should be made;
(d) consider the FMI’s risk landscape and risk tolerance when defining how cyber risks should be addressed;
(e) evaluate how the different business units are impacted and can work together in an integrated manner to achieve enterprise-wide outcomes;
(f) consider how to monitor the performance and outcomes of cyber resilience and intervene if necessary to ensure that the specified direction is followed.",Evolving,Partial,"GV.RM-02.02: The organization has established statements of technology and cybersecurity risk tolerance consistent with its risk appetite, and has integrated them into technology, cybersecurity, operational, and enterprise risk management practices.",GOVERN / Risk Management Strategy / Risk Appetite & Risk Tolerance Statements,GV.RM-02.02
2.1 Governance / 2.1.2.1 Cyber resilience strategy and framework / Cyber resilience strategy,2.1.2.1.1,"The FMI should establish an internal, cross-disciplinary steering committee comprised of senior management and appropriate staff (employees and/or contractors) from multiple business units (e.g. business, finance, risk management, internal audit, operations, cybersecurity, information technology (IT), communications, legal and human resources, some of which may be external), to collectively develop a cyber resilience strategy and framework. The steering committee should provide multiple views and perspectives to ensure that the cyber resilience strategy and framework is holistic and focuses on all elements related to people, processes and technology. Among other things, the steering committee should:
(a) evaluate and prioritise internal and external stakeholders’ needs and expectations, deciding on the overall requirements from cyber resilience;
(b) provide direction to senior management on what cyber resilience should achieve;
(c) define who makes cyber resilience decisions and how those decisions should be made;
(d) consider the FMI’s risk landscape and risk tolerance when defining how cyber risks should be addressed;
(e) evaluate how the different business units are impacted and can work together in an integrated manner to achieve enterprise-wide outcomes;
(f) consider how to monitor the performance and outcomes of cyber resilience and intervene if necessary to ensure that the specified direction is followed.",Evolving,Partial,"GV.RM-09.02: The resilience program ensures that the organization can continue operating critical business functions and deliver services to stakeholders, to include critical infrastructure partners, during adverse incidents and cyber attacks (e.g., propagation of malware or extended system outages).",GOVERN / Risk Management Strategy  / Business Continuity & Resilience Risk Management,GV.RM-09.02
2.1 Governance / 2.1.2.1 Cyber resilience strategy and framework / Cyber resilience strategy,2.1.2.1.1,"The FMI should establish an internal, cross-disciplinary steering committee comprised of senior management and appropriate staff (employees and/or contractors) from multiple business units (e.g. business, finance, risk management, internal audit, operations, cybersecurity, information technology (IT), communications, legal and human resources, some of which may be external), to collectively develop a cyber resilience strategy and framework. The steering committee should provide multiple views and perspectives to ensure that the cyber resilience strategy and framework is holistic and focuses on all elements related to people, processes and technology. Among other things, the steering committee should:
(a) evaluate and prioritise internal and external stakeholders’ needs and expectations, deciding on the overall requirements from cyber resilience;
(b) provide direction to senior management on what cyber resilience should achieve;
(c) define who makes cyber resilience decisions and how those decisions should be made;
(d) consider the FMI’s risk landscape and risk tolerance when defining how cyber risks should be addressed;
(e) evaluate how the different business units are impacted and can work together in an integrated manner to achieve enterprise-wide outcomes;
(f) consider how to monitor the performance and outcomes of cyber resilience and intervene if necessary to ensure that the specified direction is followed.",Evolving,Partial,"GV.RR-02.01: The roles, responsibilities, qualifications, and skill requirements for personnel (employees and third parties) that implement, manage, and oversee the technology, cybersecurity, and resilience programs are defined, aligned, coordinated, and holistically managed.","GOVERN / Roles, Responsibilities, and Authorities / Risk Management Roles & Responsibilities",GV.RR-02.01
2.1 Governance / 2.1.2.1 Cyber resilience strategy and framework / Cyber resilience strategy,2.1.2.1.1,"The FMI should establish an internal, cross-disciplinary steering committee comprised of senior management and appropriate staff (employees and/or contractors) from multiple business units (e.g. business, finance, risk management, internal audit, operations, cybersecurity, information technology (IT), communications, legal and human resources, some of which may be external), to collectively develop a cyber resilience strategy and framework. The steering committee should provide multiple views and perspectives to ensure that the cyber resilience strategy and framework is holistic and focuses on all elements related to people, processes and technology. Among other things, the steering committee should:
(a) evaluate and prioritise internal and external stakeholders’ needs and expectations, deciding on the overall requirements from cyber resilience;
(b) provide direction to senior management on what cyber resilience should achieve;
(c) define who makes cyber resilience decisions and how those decisions should be made;
(d) consider the FMI’s risk landscape and risk tolerance when defining how cyber risks should be addressed;
(e) evaluate how the different business units are impacted and can work together in an integrated manner to achieve enterprise-wide outcomes;
(f) consider how to monitor the performance and outcomes of cyber resilience and intervene if necessary to ensure that the specified direction is followed.",Evolving,Partial,"GV.RR-03.01: The organization's budgeting and resourcing processes identify, prioritize, and address resource needs to manage identified technology and cybersecurity risks (e.g., skill shortages, headcount, new tools, incident-related expenses, and unsupported systems).","GOVERN / Roles, Responsibilities, and Authorities / Resource Adequacy",GV.RR-03.01
2.1 Governance / 2.1.2.1 Cyber resilience strategy and framework / Cyber resilience strategy,2.1.2.1.1,"The FMI should establish an internal, cross-disciplinary steering committee comprised of senior management and appropriate staff (employees and/or contractors) from multiple business units (e.g. business, finance, risk management, internal audit, operations, cybersecurity, information technology (IT), communications, legal and human resources, some of which may be external), to collectively develop a cyber resilience strategy and framework. The steering committee should provide multiple views and perspectives to ensure that the cyber resilience strategy and framework is holistic and focuses on all elements related to people, processes and technology. Among other things, the steering committee should:
(a) evaluate and prioritise internal and external stakeholders’ needs and expectations, deciding on the overall requirements from cyber resilience;
(b) provide direction to senior management on what cyber resilience should achieve;
(c) define who makes cyber resilience decisions and how those decisions should be made;
(d) consider the FMI’s risk landscape and risk tolerance when defining how cyber risks should be addressed;
(e) evaluate how the different business units are impacted and can work together in an integrated manner to achieve enterprise-wide outcomes;
(f) consider how to monitor the performance and outcomes of cyber resilience and intervene if necessary to ensure that the specified direction is followed.",Evolving,Partial,"ID.RA-05.03: The organization's business units assess, on an ongoing basis, the technology, cybersecurity, and resilience risks associated with the activities of the business unit.",IDENTIFY / Risk Assessment / Risk Exposure Determination & Prioritization,ID.RA-05.03
2.1 Governance / 2.1.2.1 Cyber resilience strategy and framework / Cyber resilience strategy,2.1.2.1.1,"The FMI should establish an internal, cross-disciplinary steering committee comprised of senior management and appropriate staff (employees and/or contractors) from multiple business units (e.g. business, finance, risk management, internal audit, operations, cybersecurity, information technology (IT), communications, legal and human resources, some of which may be external), to collectively develop a cyber resilience strategy and framework. The steering committee should provide multiple views and perspectives to ensure that the cyber resilience strategy and framework is holistic and focuses on all elements related to people, processes and technology. Among other things, the steering committee should:
(a) evaluate and prioritise internal and external stakeholders’ needs and expectations, deciding on the overall requirements from cyber resilience;
(b) provide direction to senior management on what cyber resilience should achieve;
(c) define who makes cyber resilience decisions and how those decisions should be made;
(d) consider the FMI’s risk landscape and risk tolerance when defining how cyber risks should be addressed;
(e) evaluate how the different business units are impacted and can work together in an integrated manner to achieve enterprise-wide outcomes;
(f) consider how to monitor the performance and outcomes of cyber resilience and intervene if necessary to ensure that the specified direction is followed.",Evolving,Partial,"ID.IM-01.02: The organization implements a regular process to collect, store, report, benchmark, and assess trends in actionable performance indicators and risk metrics (e.g., threat KRIs, security incident metrics, vulnerability metrics, and operational measures).",IDENTIFY / Improvement / Continuous Improvements Evaluation,ID.IM-01.02
2.1 Governance / 2.1.2.1 Cyber resilience strategy and framework / Cyber resilience strategy,2.1.2.1.1,"The FMI should establish an internal, cross-disciplinary steering committee comprised of senior management and appropriate staff (employees and/or contractors) from multiple business units (e.g. business, finance, risk management, internal audit, operations, cybersecurity, information technology (IT), communications, legal and human resources, some of which may be external), to collectively develop a cyber resilience strategy and framework. The steering committee should provide multiple views and perspectives to ensure that the cyber resilience strategy and framework is holistic and focuses on all elements related to people, processes and technology. Among other things, the steering committee should:
(a) evaluate and prioritise internal and external stakeholders’ needs and expectations, deciding on the overall requirements from cyber resilience;
(b) provide direction to senior management on what cyber resilience should achieve;
(c) define who makes cyber resilience decisions and how those decisions should be made;
(d) consider the FMI’s risk landscape and risk tolerance when defining how cyber risks should be addressed;
(e) evaluate how the different business units are impacted and can work together in an integrated manner to achieve enterprise-wide outcomes;
(f) consider how to monitor the performance and outcomes of cyber resilience and intervene if necessary to ensure that the specified direction is followed.",Evolving,Partial,"ID.IM-01.03: The organization establishes specific objectives, performance criteria, benchmarks, and tolerance limits to identify areas that have improved or are in need of improvement over time.",IDENTIFY / Improvement / Continuous Improvements Evaluation,ID.IM-01.03
2.1 Governance / 2.1.2.1 Cyber resilience strategy and framework / Cyber resilience strategy,2.1.2.1.1,"The FMI should establish an internal, cross-disciplinary steering committee comprised of senior management and appropriate staff (employees and/or contractors) from multiple business units (e.g. business, finance, risk management, internal audit, operations, cybersecurity, information technology (IT), communications, legal and human resources, some of which may be external), to collectively develop a cyber resilience strategy and framework. The steering committee should provide multiple views and perspectives to ensure that the cyber resilience strategy and framework is holistic and focuses on all elements related to people, processes and technology. Among other things, the steering committee should:
(a) evaluate and prioritise internal and external stakeholders’ needs and expectations, deciding on the overall requirements from cyber resilience;
(b) provide direction to senior management on what cyber resilience should achieve;
(c) define who makes cyber resilience decisions and how those decisions should be made;
(d) consider the FMI’s risk landscape and risk tolerance when defining how cyber risks should be addressed;
(e) evaluate how the different business units are impacted and can work together in an integrated manner to achieve enterprise-wide outcomes;
(f) consider how to monitor the performance and outcomes of cyber resilience and intervene if necessary to ensure that the specified direction is followed.",Evolving,Partial,"ID.IM-01.04: Technology and cybersecurity programs include elements designed to assess, manage, and continually improve the quality of program delivery in addressing stakeholder requirements and risk reduction.",IDENTIFY / Improvement / Continuous Improvements Evaluation,ID.IM-01.04
2.1 Governance / 2.1.2.1 Cyber resilience strategy and framework / Cyber resilience strategy,2.1.2.1.2,"Based on the above reflections, the FMI should document its cyber resilience strategy. The FMI should ensure that the following aspects are considered and included in the strategy.
(a) The importance of cyber resilience to the FMI and its key stakeholders.
(b) Internal and external stakeholders’ high-level requirements, so that these can be taken into account when defining cyber resilience governance and goals for cyber resilience management. Some common categories of stakeholders that may be considered include: owners and investors, customers and clients, suppliers, employees, legal and regulatory authorities, and competitors and industry bodies.
(c) The FMI’s vision and mission in relation to cyber resilience.
(d) The cyber resilience objectives that the FMI will work towards, which should include ensuring the ongoing efficiency, effectiveness and economic viability of its services to its users and maintaining and promoting the FMI’s ability to anticipate, withstand, contain and recover from cyber attacks.
(e) The FMI’s cyber risk appetite, to ensure that it remains consistent with the FMI’s risk tolerance, as well as with the FMI’s overall business objectives and corporate strategy.
(f) Clear and credible cyber maturity targets and a roadmap or implementation plan with change delivery and planning of capabilities relating to people, processes and technology at pace with threats and proportionate to the FMI’s size and criticality. The strategy should clearly set out how this roadmap or implementation plan will be delivered and how the Board should track and monitor delivery.
(g) The high-level scope of technology and assets which will be used to manage cyber resilience.
(h) The interactions with other participants, FMIs and third parties, on areas such as information sharing.
(i) The governance necessary to enable cyber resilience to be designed, transitioned, operated and improved.
(j) How cyber resilience initiatives will be delivered, managed and funded, including the budgeting process and organisational capabilities.
(k) How cyber resilience will be integrated into all aspects of the FMI, which includes people, processes, technology and new business initiatives.",Evolving,Full Summarily,"GV.OC-01.01: Technology and cybersecurity strategies, architectures, and programs are formally governed to align with and support the organization's mission, objectives, priorities, tactical initiatives, and risk profile.",GOVERN / Organizational Context / Organizational Mission,GV.OC-01.01
2.1 Governance / 2.1.2.1 Cyber resilience strategy and framework / Cyber resilience strategy,2.1.2.1.2,"Based on the above reflections, the FMI should document its cyber resilience strategy. The FMI should ensure that the following aspects are considered and included in the strategy.
(a) The importance of cyber resilience to the FMI and its key stakeholders.
(b) Internal and external stakeholders’ high-level requirements, so that these can be taken into account when defining cyber resilience governance and goals for cyber resilience management. Some common categories of stakeholders that may be considered include: owners and investors, customers and clients, suppliers, employees, legal and regulatory authorities, and competitors and industry bodies.
(c) The FMI’s vision and mission in relation to cyber resilience.
(d) The cyber resilience objectives that the FMI will work towards, which should include ensuring the ongoing efficiency, effectiveness and economic viability of its services to its users and maintaining and promoting the FMI’s ability to anticipate, withstand, contain and recover from cyber attacks.
(e) The FMI’s cyber risk appetite, to ensure that it remains consistent with the FMI’s risk tolerance, as well as with the FMI’s overall business objectives and corporate strategy.
(f) Clear and credible cyber maturity targets and a roadmap or implementation plan with change delivery and planning of capabilities relating to people, processes and technology at pace with threats and proportionate to the FMI’s size and criticality. The strategy should clearly set out how this roadmap or implementation plan will be delivered and how the Board should track and monitor delivery.
(g) The high-level scope of technology and assets which will be used to manage cyber resilience.
(h) The interactions with other participants, FMIs and third parties, on areas such as information sharing.
(i) The governance necessary to enable cyber resilience to be designed, transitioned, operated and improved.
(j) How cyber resilience initiatives will be delivered, managed and funded, including the budgeting process and organisational capabilities.
(k) How cyber resilience will be integrated into all aspects of the FMI, which includes people, processes, technology and new business initiatives.",Evolving,Full Summarily,"GV.OC-02.01: The organization's obligation to its customers, employees, and stakeholders to maintain safety and soundness, while balancing size and complexity, is reflected in the organization's risk management strategy and framework,  its risk appetite and risk tolerance statements, and in a risk-aware culture.",GOVERN / Organizational Context / Stakeholder Risk Management Expectations,GV.OC-02.01
2.1 Governance / 2.1.2.1 Cyber resilience strategy and framework / Cyber resilience strategy,2.1.2.1.2,"Based on the above reflections, the FMI should document its cyber resilience strategy. The FMI should ensure that the following aspects are considered and included in the strategy.
(a) The importance of cyber resilience to the FMI and its key stakeholders.
(b) Internal and external stakeholders’ high-level requirements, so that these can be taken into account when defining cyber resilience governance and goals for cyber resilience management. Some common categories of stakeholders that may be considered include: owners and investors, customers and clients, suppliers, employees, legal and regulatory authorities, and competitors and industry bodies.
(c) The FMI’s vision and mission in relation to cyber resilience.
(d) The cyber resilience objectives that the FMI will work towards, which should include ensuring the ongoing efficiency, effectiveness and economic viability of its services to its users and maintaining and promoting the FMI’s ability to anticipate, withstand, contain and recover from cyber attacks.
(e) The FMI’s cyber risk appetite, to ensure that it remains consistent with the FMI’s risk tolerance, as well as with the FMI’s overall business objectives and corporate strategy.
(f) Clear and credible cyber maturity targets and a roadmap or implementation plan with change delivery and planning of capabilities relating to people, processes and technology at pace with threats and proportionate to the FMI’s size and criticality. The strategy should clearly set out how this roadmap or implementation plan will be delivered and how the Board should track and monitor delivery.
(g) The high-level scope of technology and assets which will be used to manage cyber resilience.
(h) The interactions with other participants, FMIs and third parties, on areas such as information sharing.
(i) The governance necessary to enable cyber resilience to be designed, transitioned, operated and improved.
(j) How cyber resilience initiatives will be delivered, managed and funded, including the budgeting process and organisational capabilities.
(k) How cyber resilience will be integrated into all aspects of the FMI, which includes people, processes, technology and new business initiatives.",Evolving,Full Summarily,GV.OC-02.02: Technology and cybersecurity risk management strategies identify and communicate the organization’s role within the financial services sector as a component of critical infrastructure.,GOVERN / Organizational Context / Stakeholder Risk Management Expectations,GV.OC-02.02
2.1 Governance / 2.1.2.1 Cyber resilience strategy and framework / Cyber resilience strategy,2.1.2.1.2,"Based on the above reflections, the FMI should document its cyber resilience strategy. The FMI should ensure that the following aspects are considered and included in the strategy.
(a) The importance of cyber resilience to the FMI and its key stakeholders.
(b) Internal and external stakeholders’ high-level requirements, so that these can be taken into account when defining cyber resilience governance and goals for cyber resilience management. Some common categories of stakeholders that may be considered include: owners and investors, customers and clients, suppliers, employees, legal and regulatory authorities, and competitors and industry bodies.
(c) The FMI’s vision and mission in relation to cyber resilience.
(d) The cyber resilience objectives that the FMI will work towards, which should include ensuring the ongoing efficiency, effectiveness and economic viability of its services to its users and maintaining and promoting the FMI’s ability to anticipate, withstand, contain and recover from cyber attacks.
(e) The FMI’s cyber risk appetite, to ensure that it remains consistent with the FMI’s risk tolerance, as well as with the FMI’s overall business objectives and corporate strategy.
(f) Clear and credible cyber maturity targets and a roadmap or implementation plan with change delivery and planning of capabilities relating to people, processes and technology at pace with threats and proportionate to the FMI’s size and criticality. The strategy should clearly set out how this roadmap or implementation plan will be delivered and how the Board should track and monitor delivery.
(g) The high-level scope of technology and assets which will be used to manage cyber resilience.
(h) The interactions with other participants, FMIs and third parties, on areas such as information sharing.
(i) The governance necessary to enable cyber resilience to be designed, transitioned, operated and improved.
(j) How cyber resilience initiatives will be delivered, managed and funded, including the budgeting process and organisational capabilities.
(k) How cyber resilience will be integrated into all aspects of the FMI, which includes people, processes, technology and new business initiatives.",Evolving,Full Summarily,"GV.OC-04.03: Resilience requirements to support the delivery of critical services are established for all operating states (e.g., under duress/attack, during recovery, and normal operations).",GOVERN / Organizational Context / Stakeholder Service Expectations,GV.OC-04.03
2.1 Governance / 2.1.2.1 Cyber resilience strategy and framework / Cyber resilience strategy,2.1.2.1.2,"Based on the above reflections, the FMI should document its cyber resilience strategy. The FMI should ensure that the following aspects are considered and included in the strategy.
(a) The importance of cyber resilience to the FMI and its key stakeholders.
(b) Internal and external stakeholders’ high-level requirements, so that these can be taken into account when defining cyber resilience governance and goals for cyber resilience management. Some common categories of stakeholders that may be considered include: owners and investors, customers and clients, suppliers, employees, legal and regulatory authorities, and competitors and industry bodies.
(c) The FMI’s vision and mission in relation to cyber resilience.
(d) The cyber resilience objectives that the FMI will work towards, which should include ensuring the ongoing efficiency, effectiveness and economic viability of its services to its users and maintaining and promoting the FMI’s ability to anticipate, withstand, contain and recover from cyber attacks.
(e) The FMI’s cyber risk appetite, to ensure that it remains consistent with the FMI’s risk tolerance, as well as with the FMI’s overall business objectives and corporate strategy.
(f) Clear and credible cyber maturity targets and a roadmap or implementation plan with change delivery and planning of capabilities relating to people, processes and technology at pace with threats and proportionate to the FMI’s size and criticality. The strategy should clearly set out how this roadmap or implementation plan will be delivered and how the Board should track and monitor delivery.
(g) The high-level scope of technology and assets which will be used to manage cyber resilience.
(h) The interactions with other participants, FMIs and third parties, on areas such as information sharing.
(i) The governance necessary to enable cyber resilience to be designed, transitioned, operated and improved.
(j) How cyber resilience initiatives will be delivered, managed and funded, including the budgeting process and organisational capabilities.
(k) How cyber resilience will be integrated into all aspects of the FMI, which includes people, processes, technology and new business initiatives.",Evolving,Full Summarily,"GV.RM-01.03: The organization has established, and maintains, technology and cybersecurity programs designed to protect the confidentiality, integrity and availability of its information and operational systems, commensurate with the organization's risk appetite and business needs.",GOVERN / Risk Management Strategy / Risk Management Objectives Agreement,GV.RM-01.03
2.1 Governance / 2.1.2.1 Cyber resilience strategy and framework / Cyber resilience strategy,2.1.2.1.2,"Based on the above reflections, the FMI should document its cyber resilience strategy. The FMI should ensure that the following aspects are considered and included in the strategy.
(a) The importance of cyber resilience to the FMI and its key stakeholders.
(b) Internal and external stakeholders’ high-level requirements, so that these can be taken into account when defining cyber resilience governance and goals for cyber resilience management. Some common categories of stakeholders that may be considered include: owners and investors, customers and clients, suppliers, employees, legal and regulatory authorities, and competitors and industry bodies.
(c) The FMI’s vision and mission in relation to cyber resilience.
(d) The cyber resilience objectives that the FMI will work towards, which should include ensuring the ongoing efficiency, effectiveness and economic viability of its services to its users and maintaining and promoting the FMI’s ability to anticipate, withstand, contain and recover from cyber attacks.
(e) The FMI’s cyber risk appetite, to ensure that it remains consistent with the FMI’s risk tolerance, as well as with the FMI’s overall business objectives and corporate strategy.
(f) Clear and credible cyber maturity targets and a roadmap or implementation plan with change delivery and planning of capabilities relating to people, processes and technology at pace with threats and proportionate to the FMI’s size and criticality. The strategy should clearly set out how this roadmap or implementation plan will be delivered and how the Board should track and monitor delivery.
(g) The high-level scope of technology and assets which will be used to manage cyber resilience.
(h) The interactions with other participants, FMIs and third parties, on areas such as information sharing.
(i) The governance necessary to enable cyber resilience to be designed, transitioned, operated and improved.
(j) How cyber resilience initiatives will be delivered, managed and funded, including the budgeting process and organisational capabilities.
(k) How cyber resilience will be integrated into all aspects of the FMI, which includes people, processes, technology and new business initiatives.",Evolving,Full Summarily,"GV.RM-02.03: Determination of the organization's risk appetite and tolerance includes consideration of the organization's stakeholder obligations, role in critical infrastructure, and sector-specific risk analysis.",GOVERN / Risk Management Strategy / Risk Appetite & Risk Tolerance Statements,GV.RM-02.03
2.1 Governance / 2.1.2.1 Cyber resilience strategy and framework / Cyber resilience strategy,2.1.2.1.2,"Based on the above reflections, the FMI should document its cyber resilience strategy. The FMI should ensure that the following aspects are considered and included in the strategy.
(a) The importance of cyber resilience to the FMI and its key stakeholders.
(b) Internal and external stakeholders’ high-level requirements, so that these can be taken into account when defining cyber resilience governance and goals for cyber resilience management. Some common categories of stakeholders that may be considered include: owners and investors, customers and clients, suppliers, employees, legal and regulatory authorities, and competitors and industry bodies.
(c) The FMI’s vision and mission in relation to cyber resilience.
(d) The cyber resilience objectives that the FMI will work towards, which should include ensuring the ongoing efficiency, effectiveness and economic viability of its services to its users and maintaining and promoting the FMI’s ability to anticipate, withstand, contain and recover from cyber attacks.
(e) The FMI’s cyber risk appetite, to ensure that it remains consistent with the FMI’s risk tolerance, as well as with the FMI’s overall business objectives and corporate strategy.
(f) Clear and credible cyber maturity targets and a roadmap or implementation plan with change delivery and planning of capabilities relating to people, processes and technology at pace with threats and proportionate to the FMI’s size and criticality. The strategy should clearly set out how this roadmap or implementation plan will be delivered and how the Board should track and monitor delivery.
(g) The high-level scope of technology and assets which will be used to manage cyber resilience.
(h) The interactions with other participants, FMIs and third parties, on areas such as information sharing.
(i) The governance necessary to enable cyber resilience to be designed, transitioned, operated and improved.
(j) How cyber resilience initiatives will be delivered, managed and funded, including the budgeting process and organisational capabilities.
(k) How cyber resilience will be integrated into all aspects of the FMI, which includes people, processes, technology and new business initiatives.",Evolving,Full Summarily,"GV.RM-03.04: Technology and cybersecurity risk management considerations are integrated into daily operations, cultural norms, management discussions, and management decision-making, and are tailored to address enterprise-specific risks (both internal and external).",GOVERN / Risk Management Strategy / Enterprise Risk Integration,GV.RM-03.04
2.1 Governance / 2.1.2.1 Cyber resilience strategy and framework / Cyber resilience strategy,2.1.2.1.2,"Based on the above reflections, the FMI should document its cyber resilience strategy. The FMI should ensure that the following aspects are considered and included in the strategy.
(a) The importance of cyber resilience to the FMI and its key stakeholders.
(b) Internal and external stakeholders’ high-level requirements, so that these can be taken into account when defining cyber resilience governance and goals for cyber resilience management. Some common categories of stakeholders that may be considered include: owners and investors, customers and clients, suppliers, employees, legal and regulatory authorities, and competitors and industry bodies.
(c) The FMI’s vision and mission in relation to cyber resilience.
(d) The cyber resilience objectives that the FMI will work towards, which should include ensuring the ongoing efficiency, effectiveness and economic viability of its services to its users and maintaining and promoting the FMI’s ability to anticipate, withstand, contain and recover from cyber attacks.
(e) The FMI’s cyber risk appetite, to ensure that it remains consistent with the FMI’s risk tolerance, as well as with the FMI’s overall business objectives and corporate strategy.
(f) Clear and credible cyber maturity targets and a roadmap or implementation plan with change delivery and planning of capabilities relating to people, processes and technology at pace with threats and proportionate to the FMI’s size and criticality. The strategy should clearly set out how this roadmap or implementation plan will be delivered and how the Board should track and monitor delivery.
(g) The high-level scope of technology and assets which will be used to manage cyber resilience.
(h) The interactions with other participants, FMIs and third parties, on areas such as information sharing.
(i) The governance necessary to enable cyber resilience to be designed, transitioned, operated and improved.
(j) How cyber resilience initiatives will be delivered, managed and funded, including the budgeting process and organisational capabilities.
(k) How cyber resilience will be integrated into all aspects of the FMI, which includes people, processes, technology and new business initiatives.",Evolving,Full Summarily,"GV.RM-06.01: Technology and cybersecurity risk management and risk assessment processes and methodologies are documented and regularly reviewed and updated to address changes in the risk profile and risk appetite, the evolving threat environment, and new technologies, products, services, and interdependencies.",GOVERN / Risk Management Strategy / Standardized Risk Management Method,GV.RM-06.01
2.1 Governance / 2.1.2.1 Cyber resilience strategy and framework / Cyber resilience strategy,2.1.2.1.2,"Based on the above reflections, the FMI should document its cyber resilience strategy. The FMI should ensure that the following aspects are considered and included in the strategy.
(a) The importance of cyber resilience to the FMI and its key stakeholders.
(b) Internal and external stakeholders’ high-level requirements, so that these can be taken into account when defining cyber resilience governance and goals for cyber resilience management. Some common categories of stakeholders that may be considered include: owners and investors, customers and clients, suppliers, employees, legal and regulatory authorities, and competitors and industry bodies.
(c) The FMI’s vision and mission in relation to cyber resilience.
(d) The cyber resilience objectives that the FMI will work towards, which should include ensuring the ongoing efficiency, effectiveness and economic viability of its services to its users and maintaining and promoting the FMI’s ability to anticipate, withstand, contain and recover from cyber attacks.
(e) The FMI’s cyber risk appetite, to ensure that it remains consistent with the FMI’s risk tolerance, as well as with the FMI’s overall business objectives and corporate strategy.
(f) Clear and credible cyber maturity targets and a roadmap or implementation plan with change delivery and planning of capabilities relating to people, processes and technology at pace with threats and proportionate to the FMI’s size and criticality. The strategy should clearly set out how this roadmap or implementation plan will be delivered and how the Board should track and monitor delivery.
(g) The high-level scope of technology and assets which will be used to manage cyber resilience.
(h) The interactions with other participants, FMIs and third parties, on areas such as information sharing.
(i) The governance necessary to enable cyber resilience to be designed, transitioned, operated and improved.
(j) How cyber resilience initiatives will be delivered, managed and funded, including the budgeting process and organisational capabilities.
(k) How cyber resilience will be integrated into all aspects of the FMI, which includes people, processes, technology and new business initiatives.",Evolving,Full Summarily,"GV.RM-08.01: Technology and cybersecurity risk management frameworks are applied to, and are adapted as needed by, the organization's innovations in technology use and adoption of emerging technologies.",GOVERN / Risk Management Strategy  / Technology Assimilation & Implementations,GV.RM-08.01
2.1 Governance / 2.1.2.1 Cyber resilience strategy and framework / Cyber resilience strategy,2.1.2.1.2,"Based on the above reflections, the FMI should document its cyber resilience strategy. The FMI should ensure that the following aspects are considered and included in the strategy.
(a) The importance of cyber resilience to the FMI and its key stakeholders.
(b) Internal and external stakeholders’ high-level requirements, so that these can be taken into account when defining cyber resilience governance and goals for cyber resilience management. Some common categories of stakeholders that may be considered include: owners and investors, customers and clients, suppliers, employees, legal and regulatory authorities, and competitors and industry bodies.
(c) The FMI’s vision and mission in relation to cyber resilience.
(d) The cyber resilience objectives that the FMI will work towards, which should include ensuring the ongoing efficiency, effectiveness and economic viability of its services to its users and maintaining and promoting the FMI’s ability to anticipate, withstand, contain and recover from cyber attacks.
(e) The FMI’s cyber risk appetite, to ensure that it remains consistent with the FMI’s risk tolerance, as well as with the FMI’s overall business objectives and corporate strategy.
(f) Clear and credible cyber maturity targets and a roadmap or implementation plan with change delivery and planning of capabilities relating to people, processes and technology at pace with threats and proportionate to the FMI’s size and criticality. The strategy should clearly set out how this roadmap or implementation plan will be delivered and how the Board should track and monitor delivery.
(g) The high-level scope of technology and assets which will be used to manage cyber resilience.
(h) The interactions with other participants, FMIs and third parties, on areas such as information sharing.
(i) The governance necessary to enable cyber resilience to be designed, transitioned, operated and improved.
(j) How cyber resilience initiatives will be delivered, managed and funded, including the budgeting process and organisational capabilities.
(k) How cyber resilience will be integrated into all aspects of the FMI, which includes people, processes, technology and new business initiatives.",Evolving,Full Summarily,"GV.RM-08.03: The organization defines, maintains, and uses technical security standards, architectures, processes or practices (including automated tools when practical) to ensure the security of its applications and infrastructure.",GOVERN / Risk Management Strategy  / Technology Assimilation & Implementations,GV.RM-08.03
2.1 Governance / 2.1.2.1 Cyber resilience strategy and framework / Cyber resilience strategy,2.1.2.1.2,"Based on the above reflections, the FMI should document its cyber resilience strategy. The FMI should ensure that the following aspects are considered and included in the strategy.
(a) The importance of cyber resilience to the FMI and its key stakeholders.
(b) Internal and external stakeholders’ high-level requirements, so that these can be taken into account when defining cyber resilience governance and goals for cyber resilience management. Some common categories of stakeholders that may be considered include: owners and investors, customers and clients, suppliers, employees, legal and regulatory authorities, and competitors and industry bodies.
(c) The FMI’s vision and mission in relation to cyber resilience.
(d) The cyber resilience objectives that the FMI will work towards, which should include ensuring the ongoing efficiency, effectiveness and economic viability of its services to its users and maintaining and promoting the FMI’s ability to anticipate, withstand, contain and recover from cyber attacks.
(e) The FMI’s cyber risk appetite, to ensure that it remains consistent with the FMI’s risk tolerance, as well as with the FMI’s overall business objectives and corporate strategy.
(f) Clear and credible cyber maturity targets and a roadmap or implementation plan with change delivery and planning of capabilities relating to people, processes and technology at pace with threats and proportionate to the FMI’s size and criticality. The strategy should clearly set out how this roadmap or implementation plan will be delivered and how the Board should track and monitor delivery.
(g) The high-level scope of technology and assets which will be used to manage cyber resilience.
(h) The interactions with other participants, FMIs and third parties, on areas such as information sharing.
(i) The governance necessary to enable cyber resilience to be designed, transitioned, operated and improved.
(j) How cyber resilience initiatives will be delivered, managed and funded, including the budgeting process and organisational capabilities.
(k) How cyber resilience will be integrated into all aspects of the FMI, which includes people, processes, technology and new business initiatives.",Evolving,Full Summarily,"GV.RM-08.04: The organization integrates the use of technology architecture in its governance processes to support consistent approaches to security and technology design, integration of third party services, consideration and adoption of new technologies, and investment and procurement decisioning.",GOVERN / Risk Management Strategy  / Technology Assimilation & Implementations,GV.RM-08.04
2.1 Governance / 2.1.2.1 Cyber resilience strategy and framework / Cyber resilience strategy,2.1.2.1.2,"Based on the above reflections, the FMI should document its cyber resilience strategy. The FMI should ensure that the following aspects are considered and included in the strategy.
(a) The importance of cyber resilience to the FMI and its key stakeholders.
(b) Internal and external stakeholders’ high-level requirements, so that these can be taken into account when defining cyber resilience governance and goals for cyber resilience management. Some common categories of stakeholders that may be considered include: owners and investors, customers and clients, suppliers, employees, legal and regulatory authorities, and competitors and industry bodies.
(c) The FMI’s vision and mission in relation to cyber resilience.
(d) The cyber resilience objectives that the FMI will work towards, which should include ensuring the ongoing efficiency, effectiveness and economic viability of its services to its users and maintaining and promoting the FMI’s ability to anticipate, withstand, contain and recover from cyber attacks.
(e) The FMI’s cyber risk appetite, to ensure that it remains consistent with the FMI’s risk tolerance, as well as with the FMI’s overall business objectives and corporate strategy.
(f) Clear and credible cyber maturity targets and a roadmap or implementation plan with change delivery and planning of capabilities relating to people, processes and technology at pace with threats and proportionate to the FMI’s size and criticality. The strategy should clearly set out how this roadmap or implementation plan will be delivered and how the Board should track and monitor delivery.
(g) The high-level scope of technology and assets which will be used to manage cyber resilience.
(h) The interactions with other participants, FMIs and third parties, on areas such as information sharing.
(i) The governance necessary to enable cyber resilience to be designed, transitioned, operated and improved.
(j) How cyber resilience initiatives will be delivered, managed and funded, including the budgeting process and organisational capabilities.
(k) How cyber resilience will be integrated into all aspects of the FMI, which includes people, processes, technology and new business initiatives.",Evolving,Full Summarily,"GV.RM-09.01: The organization has an enterprise-wide resilience strategy and program, including architecture, cyber resilience, business continuity, disaster recovery, and incident response, which support its mission, stakeholder obligations, critical infrastructure role, and risk appetite.",GOVERN / Risk Management Strategy  / Business Continuity & Resilience Risk Management,GV.RM-09.01
2.1 Governance / 2.1.2.1 Cyber resilience strategy and framework / Cyber resilience strategy,2.1.2.1.2,"Based on the above reflections, the FMI should document its cyber resilience strategy. The FMI should ensure that the following aspects are considered and included in the strategy.
(a) The importance of cyber resilience to the FMI and its key stakeholders.
(b) Internal and external stakeholders’ high-level requirements, so that these can be taken into account when defining cyber resilience governance and goals for cyber resilience management. Some common categories of stakeholders that may be considered include: owners and investors, customers and clients, suppliers, employees, legal and regulatory authorities, and competitors and industry bodies.
(c) The FMI’s vision and mission in relation to cyber resilience.
(d) The cyber resilience objectives that the FMI will work towards, which should include ensuring the ongoing efficiency, effectiveness and economic viability of its services to its users and maintaining and promoting the FMI’s ability to anticipate, withstand, contain and recover from cyber attacks.
(e) The FMI’s cyber risk appetite, to ensure that it remains consistent with the FMI’s risk tolerance, as well as with the FMI’s overall business objectives and corporate strategy.
(f) Clear and credible cyber maturity targets and a roadmap or implementation plan with change delivery and planning of capabilities relating to people, processes and technology at pace with threats and proportionate to the FMI’s size and criticality. The strategy should clearly set out how this roadmap or implementation plan will be delivered and how the Board should track and monitor delivery.
(g) The high-level scope of technology and assets which will be used to manage cyber resilience.
(h) The interactions with other participants, FMIs and third parties, on areas such as information sharing.
(i) The governance necessary to enable cyber resilience to be designed, transitioned, operated and improved.
(j) How cyber resilience initiatives will be delivered, managed and funded, including the budgeting process and organisational capabilities.
(k) How cyber resilience will be integrated into all aspects of the FMI, which includes people, processes, technology and new business initiatives.",Evolving,Full Summarily,"GV.RR-01.04: The organization has designated a qualified Cybersecurity Officer (e.g., CISO) who is responsible and accountable for developing a cybersecurity strategy, overseeing and implementing its cybersecurity program, and enforcing its cybersecurity policy.","GOVERN / Roles, Responsibilities, and Authorities / Organizational Leadership Responsibility",GV.RR-01.04
2.1 Governance / 2.1.2.1 Cyber resilience strategy and framework / Cyber resilience strategy,2.1.2.1.2,"Based on the above reflections, the FMI should document its cyber resilience strategy. The FMI should ensure that the following aspects are considered and included in the strategy.
(a) The importance of cyber resilience to the FMI and its key stakeholders.
(b) Internal and external stakeholders’ high-level requirements, so that these can be taken into account when defining cyber resilience governance and goals for cyber resilience management. Some common categories of stakeholders that may be considered include: owners and investors, customers and clients, suppliers, employees, legal and regulatory authorities, and competitors and industry bodies.
(c) The FMI’s vision and mission in relation to cyber resilience.
(d) The cyber resilience objectives that the FMI will work towards, which should include ensuring the ongoing efficiency, effectiveness and economic viability of its services to its users and maintaining and promoting the FMI’s ability to anticipate, withstand, contain and recover from cyber attacks.
(e) The FMI’s cyber risk appetite, to ensure that it remains consistent with the FMI’s risk tolerance, as well as with the FMI’s overall business objectives and corporate strategy.
(f) Clear and credible cyber maturity targets and a roadmap or implementation plan with change delivery and planning of capabilities relating to people, processes and technology at pace with threats and proportionate to the FMI’s size and criticality. The strategy should clearly set out how this roadmap or implementation plan will be delivered and how the Board should track and monitor delivery.
(g) The high-level scope of technology and assets which will be used to manage cyber resilience.
(h) The interactions with other participants, FMIs and third parties, on areas such as information sharing.
(i) The governance necessary to enable cyber resilience to be designed, transitioned, operated and improved.
(j) How cyber resilience initiatives will be delivered, managed and funded, including the budgeting process and organisational capabilities.
(k) How cyber resilience will be integrated into all aspects of the FMI, which includes people, processes, technology and new business initiatives.",Evolving,Full Summarily,"GV.RR-03.01: The organization's budgeting and resourcing processes identify, prioritize, and address resource needs to manage identified technology and cybersecurity risks (e.g., skill shortages, headcount, new tools, incident-related expenses, and unsupported systems).","GOVERN / Roles, Responsibilities, and Authorities / Resource Adequacy",GV.RR-03.01
2.1 Governance / 2.1.2.1 Cyber resilience strategy and framework / Cyber resilience strategy,2.1.2.1.2,"Based on the above reflections, the FMI should document its cyber resilience strategy. The FMI should ensure that the following aspects are considered and included in the strategy.
(a) The importance of cyber resilience to the FMI and its key stakeholders.
(b) Internal and external stakeholders’ high-level requirements, so that these can be taken into account when defining cyber resilience governance and goals for cyber resilience management. Some common categories of stakeholders that may be considered include: owners and investors, customers and clients, suppliers, employees, legal and regulatory authorities, and competitors and industry bodies.
(c) The FMI’s vision and mission in relation to cyber resilience.
(d) The cyber resilience objectives that the FMI will work towards, which should include ensuring the ongoing efficiency, effectiveness and economic viability of its services to its users and maintaining and promoting the FMI’s ability to anticipate, withstand, contain and recover from cyber attacks.
(e) The FMI’s cyber risk appetite, to ensure that it remains consistent with the FMI’s risk tolerance, as well as with the FMI’s overall business objectives and corporate strategy.
(f) Clear and credible cyber maturity targets and a roadmap or implementation plan with change delivery and planning of capabilities relating to people, processes and technology at pace with threats and proportionate to the FMI’s size and criticality. The strategy should clearly set out how this roadmap or implementation plan will be delivered and how the Board should track and monitor delivery.
(g) The high-level scope of technology and assets which will be used to manage cyber resilience.
(h) The interactions with other participants, FMIs and third parties, on areas such as information sharing.
(i) The governance necessary to enable cyber resilience to be designed, transitioned, operated and improved.
(j) How cyber resilience initiatives will be delivered, managed and funded, including the budgeting process and organisational capabilities.
(k) How cyber resilience will be integrated into all aspects of the FMI, which includes people, processes, technology and new business initiatives.",Evolving,Full Summarily,"GV.OV-03.01: The organization develops, implements, and reports to management and the governing body (e.g., the Board or one of its committees) key technology and cybersecurity risk and performance indicators and metrics to measure, monitor, and report actionable indicators.",GOVERN / Oversight / Risk Management Performance Measurement,GV.OV-03.01
2.1 Governance / 2.1.2.1 Cyber resilience strategy and framework / Cyber resilience strategy,2.1.2.1.2,"Based on the above reflections, the FMI should document its cyber resilience strategy. The FMI should ensure that the following aspects are considered and included in the strategy.
(a) The importance of cyber resilience to the FMI and its key stakeholders.
(b) Internal and external stakeholders’ high-level requirements, so that these can be taken into account when defining cyber resilience governance and goals for cyber resilience management. Some common categories of stakeholders that may be considered include: owners and investors, customers and clients, suppliers, employees, legal and regulatory authorities, and competitors and industry bodies.
(c) The FMI’s vision and mission in relation to cyber resilience.
(d) The cyber resilience objectives that the FMI will work towards, which should include ensuring the ongoing efficiency, effectiveness and economic viability of its services to its users and maintaining and promoting the FMI’s ability to anticipate, withstand, contain and recover from cyber attacks.
(e) The FMI’s cyber risk appetite, to ensure that it remains consistent with the FMI’s risk tolerance, as well as with the FMI’s overall business objectives and corporate strategy.
(f) Clear and credible cyber maturity targets and a roadmap or implementation plan with change delivery and planning of capabilities relating to people, processes and technology at pace with threats and proportionate to the FMI’s size and criticality. The strategy should clearly set out how this roadmap or implementation plan will be delivered and how the Board should track and monitor delivery.
(g) The high-level scope of technology and assets which will be used to manage cyber resilience.
(h) The interactions with other participants, FMIs and third parties, on areas such as information sharing.
(i) The governance necessary to enable cyber resilience to be designed, transitioned, operated and improved.
(j) How cyber resilience initiatives will be delivered, managed and funded, including the budgeting process and organisational capabilities.
(k) How cyber resilience will be integrated into all aspects of the FMI, which includes people, processes, technology and new business initiatives.",Evolving,Full Summarily,"ID.RA-02.01: The organization participates actively (in alignment with its business operations, inherent risk, and complexity) in information-sharing groups and collectives (e.g., cross-industry, cross-government and cross-border groups) to gather, distribute and analyze information about cyber practices, cyber threats, and early warning indicators relating to cyber threats.",IDENTIFY / Risk Assessment / Information Sharing Forums,ID.RA-02.01
2.1 Governance / 2.1.2.1 Cyber resilience strategy and framework / Cyber resilience strategy,2.1.2.1.2,"Based on the above reflections, the FMI should document its cyber resilience strategy. The FMI should ensure that the following aspects are considered and included in the strategy.
(a) The importance of cyber resilience to the FMI and its key stakeholders.
(b) Internal and external stakeholders’ high-level requirements, so that these can be taken into account when defining cyber resilience governance and goals for cyber resilience management. Some common categories of stakeholders that may be considered include: owners and investors, customers and clients, suppliers, employees, legal and regulatory authorities, and competitors and industry bodies.
(c) The FMI’s vision and mission in relation to cyber resilience.
(d) The cyber resilience objectives that the FMI will work towards, which should include ensuring the ongoing efficiency, effectiveness and economic viability of its services to its users and maintaining and promoting the FMI’s ability to anticipate, withstand, contain and recover from cyber attacks.
(e) The FMI’s cyber risk appetite, to ensure that it remains consistent with the FMI’s risk tolerance, as well as with the FMI’s overall business objectives and corporate strategy.
(f) Clear and credible cyber maturity targets and a roadmap or implementation plan with change delivery and planning of capabilities relating to people, processes and technology at pace with threats and proportionate to the FMI’s size and criticality. The strategy should clearly set out how this roadmap or implementation plan will be delivered and how the Board should track and monitor delivery.
(g) The high-level scope of technology and assets which will be used to manage cyber resilience.
(h) The interactions with other participants, FMIs and third parties, on areas such as information sharing.
(i) The governance necessary to enable cyber resilience to be designed, transitioned, operated and improved.
(j) How cyber resilience initiatives will be delivered, managed and funded, including the budgeting process and organisational capabilities.
(k) How cyber resilience will be integrated into all aspects of the FMI, which includes people, processes, technology and new business initiatives.",Evolving,Full Summarily,"ID.RA-06.03: Technology and cybersecurity programs identify and implement controls to manage applicable risks within the risk appetite set by the governing authority (e.g., the Board or one of its committees).",IDENTIFY / Risk Assessment / Risk Response Determination,ID.RA-06.03
2.1 Governance / 2.1.2.1 Cyber resilience strategy and framework / Cyber resilience strategy,2.1.2.1.2,"Based on the above reflections, the FMI should document its cyber resilience strategy. The FMI should ensure that the following aspects are considered and included in the strategy.
(a) The importance of cyber resilience to the FMI and its key stakeholders.
(b) Internal and external stakeholders’ high-level requirements, so that these can be taken into account when defining cyber resilience governance and goals for cyber resilience management. Some common categories of stakeholders that may be considered include: owners and investors, customers and clients, suppliers, employees, legal and regulatory authorities, and competitors and industry bodies.
(c) The FMI’s vision and mission in relation to cyber resilience.
(d) The cyber resilience objectives that the FMI will work towards, which should include ensuring the ongoing efficiency, effectiveness and economic viability of its services to its users and maintaining and promoting the FMI’s ability to anticipate, withstand, contain and recover from cyber attacks.
(e) The FMI’s cyber risk appetite, to ensure that it remains consistent with the FMI’s risk tolerance, as well as with the FMI’s overall business objectives and corporate strategy.
(f) Clear and credible cyber maturity targets and a roadmap or implementation plan with change delivery and planning of capabilities relating to people, processes and technology at pace with threats and proportionate to the FMI’s size and criticality. The strategy should clearly set out how this roadmap or implementation plan will be delivered and how the Board should track and monitor delivery.
(g) The high-level scope of technology and assets which will be used to manage cyber resilience.
(h) The interactions with other participants, FMIs and third parties, on areas such as information sharing.
(i) The governance necessary to enable cyber resilience to be designed, transitioned, operated and improved.
(j) How cyber resilience initiatives will be delivered, managed and funded, including the budgeting process and organisational capabilities.
(k) How cyber resilience will be integrated into all aspects of the FMI, which includes people, processes, technology and new business initiatives.",Evolving,Full Summarily,"ID.IM-01.02: The organization implements a regular process to collect, store, report, benchmark, and assess trends in actionable performance indicators and risk metrics (e.g., threat KRIs, security incident metrics, vulnerability metrics, and operational measures).",IDENTIFY / Improvement / Continuous Improvements Evaluation,ID.IM-01.02
2.1 Governance / 2.1.2.1 Cyber resilience strategy and framework / Cyber resilience strategy,2.1.2.1.2,"Based on the above reflections, the FMI should document its cyber resilience strategy. The FMI should ensure that the following aspects are considered and included in the strategy.
(a) The importance of cyber resilience to the FMI and its key stakeholders.
(b) Internal and external stakeholders’ high-level requirements, so that these can be taken into account when defining cyber resilience governance and goals for cyber resilience management. Some common categories of stakeholders that may be considered include: owners and investors, customers and clients, suppliers, employees, legal and regulatory authorities, and competitors and industry bodies.
(c) The FMI’s vision and mission in relation to cyber resilience.
(d) The cyber resilience objectives that the FMI will work towards, which should include ensuring the ongoing efficiency, effectiveness and economic viability of its services to its users and maintaining and promoting the FMI’s ability to anticipate, withstand, contain and recover from cyber attacks.
(e) The FMI’s cyber risk appetite, to ensure that it remains consistent with the FMI’s risk tolerance, as well as with the FMI’s overall business objectives and corporate strategy.
(f) Clear and credible cyber maturity targets and a roadmap or implementation plan with change delivery and planning of capabilities relating to people, processes and technology at pace with threats and proportionate to the FMI’s size and criticality. The strategy should clearly set out how this roadmap or implementation plan will be delivered and how the Board should track and monitor delivery.
(g) The high-level scope of technology and assets which will be used to manage cyber resilience.
(h) The interactions with other participants, FMIs and third parties, on areas such as information sharing.
(i) The governance necessary to enable cyber resilience to be designed, transitioned, operated and improved.
(j) How cyber resilience initiatives will be delivered, managed and funded, including the budgeting process and organisational capabilities.
(k) How cyber resilience will be integrated into all aspects of the FMI, which includes people, processes, technology and new business initiatives.",Evolving,Full Summarily,"ID.IM-01.03: The organization establishes specific objectives, performance criteria, benchmarks, and tolerance limits to identify areas that have improved or are in need of improvement over time.",IDENTIFY / Improvement / Continuous Improvements Evaluation,ID.IM-01.03
2.1 Governance / 2.1.2.1 Cyber resilience strategy and framework / Cyber resilience strategy,2.1.2.1.2,"Based on the above reflections, the FMI should document its cyber resilience strategy. The FMI should ensure that the following aspects are considered and included in the strategy.
(a) The importance of cyber resilience to the FMI and its key stakeholders.
(b) Internal and external stakeholders’ high-level requirements, so that these can be taken into account when defining cyber resilience governance and goals for cyber resilience management. Some common categories of stakeholders that may be considered include: owners and investors, customers and clients, suppliers, employees, legal and regulatory authorities, and competitors and industry bodies.
(c) The FMI’s vision and mission in relation to cyber resilience.
(d) The cyber resilience objectives that the FMI will work towards, which should include ensuring the ongoing efficiency, effectiveness and economic viability of its services to its users and maintaining and promoting the FMI’s ability to anticipate, withstand, contain and recover from cyber attacks.
(e) The FMI’s cyber risk appetite, to ensure that it remains consistent with the FMI’s risk tolerance, as well as with the FMI’s overall business objectives and corporate strategy.
(f) Clear and credible cyber maturity targets and a roadmap or implementation plan with change delivery and planning of capabilities relating to people, processes and technology at pace with threats and proportionate to the FMI’s size and criticality. The strategy should clearly set out how this roadmap or implementation plan will be delivered and how the Board should track and monitor delivery.
(g) The high-level scope of technology and assets which will be used to manage cyber resilience.
(h) The interactions with other participants, FMIs and third parties, on areas such as information sharing.
(i) The governance necessary to enable cyber resilience to be designed, transitioned, operated and improved.
(j) How cyber resilience initiatives will be delivered, managed and funded, including the budgeting process and organisational capabilities.
(k) How cyber resilience will be integrated into all aspects of the FMI, which includes people, processes, technology and new business initiatives.",Evolving,Full Summarily,"ID.IM-01.04: Technology and cybersecurity programs include elements designed to assess, manage, and continually improve the quality of program delivery in addressing stakeholder requirements and risk reduction.",IDENTIFY / Improvement / Continuous Improvements Evaluation,ID.IM-01.04
2.1 Governance / 2.1.2.1 Cyber resilience strategy and framework / Cyber resilience strategy,2.1.2.1.3,"The FMI should ensure that the cyber resilience strategy is aligned to its corporate strategy and other relevant strategies (e.g. enterprise risk management, operational risk and IT).",Evolving,Full Summarily,"GV.OC-02.01: The organization's obligation to its customers, employees, and stakeholders to maintain safety and soundness, while balancing size and complexity, is reflected in the organization's risk management strategy and framework,  its risk appetite and risk tolerance statements, and in a risk-aware culture.",GOVERN / Organizational Context / Stakeholder Risk Management Expectations,GV.OC-02.01
2.1 Governance / 2.1.2.1 Cyber resilience strategy and framework / Cyber resilience strategy,2.1.2.1.3,"The FMI should ensure that the cyber resilience strategy is aligned to its corporate strategy and other relevant strategies (e.g. enterprise risk management, operational risk and IT).",Evolving,Full Summarily,"GV.RM-01.01: Technology and cybersecurity risk management strategies and frameworks are approved by the governing authority (e.g., the Board or one of its committees) and incorporated into the overall business strategy and enterprise risk management framework.",GOVERN / Risk Management Strategy / Risk Management Objectives Agreement,GV.RM-01.01
2.1 Governance / 2.1.2.1 Cyber resilience strategy and framework / Cyber resilience strategy,2.1.2.1.4,"The FMI’s Board should approve the cyber resilience strategy, and should ensure that it is regularly reviewed and updated according to the FMI’s threat landscape.",Evolving,Full Summarily,"GV.RM-01.01: Technology and cybersecurity risk management strategies and frameworks are approved by the governing authority (e.g., the Board or one of its committees) and incorporated into the overall business strategy and enterprise risk management framework.",GOVERN / Risk Management Strategy / Risk Management Objectives Agreement,GV.RM-01.01
2.1 Governance / 2.1.2.1 Cyber resilience strategy and framework / Cyber resilience strategy,2.1.2.1.4,"The FMI’s Board should approve the cyber resilience strategy, and should ensure that it is regularly reviewed and updated according to the FMI’s threat landscape.",Evolving,Full Summarily,"GV.RM-02.01: The governing authority (e.g., the Board or one of its committees) endorses and regularly reviews technology and cybersecurity risk appetite and is regularly informed about the status of, and material changes to, the organization's inherent risk profile.",GOVERN / Risk Management Strategy / Risk Appetite & Risk Tolerance Statements,GV.RM-02.01
2.1 Governance / 2.1.2.1 Cyber resilience strategy and framework / Cyber resilience strategy,2.1.2.1.5,"The Board should be kept regularly informed of the FMI’s cyber risk and ensure consistency with the FMI’s risk tolerance and appetite, so that it can achieve the FMI’s overall business objectives and corporate strategy.",Evolving,Full Summarily,"GV.RM-02.01: The governing authority (e.g., the Board or one of its committees) endorses and regularly reviews technology and cybersecurity risk appetite and is regularly informed about the status of, and material changes to, the organization's inherent risk profile.",GOVERN / Risk Management Strategy / Risk Appetite & Risk Tolerance Statements,GV.RM-02.01
2.1 Governance / 2.1.2.1 Cyber resilience strategy and framework / Cyber resilience strategy,2.1.2.1.5,"The Board should be kept regularly informed of the FMI’s cyber risk and ensure consistency with the FMI’s risk tolerance and appetite, so that it can achieve the FMI’s overall business objectives and corporate strategy.",Evolving,Full Summarily,"GV.OV-01.01: The governing authority (e.g., the Board or one of its committees) regularly reviews and evaluates the organization's ability to manage its technology, cybersecurity, third-party, and resilience risks.",GOVERN / Oversight / Risk Management Strategy Outcomes Review,GV.OV-01.01
2.1 Governance / 2.1.2.1 Cyber resilience strategy and framework / Cyber resilience framework,2.1.2.1.6,"The FMI should have a cyber resilience framework that clearly sets out how it determines its cyber resilience objectives and risk tolerance, as well as how it effectively identifies, mitigates, and manages its cyber risks to support its objectives.",Evolving,Full Summarily,"GV.OC-03.01: The organization's technology and cybersecurity strategy, framework, and policies align and are consistent with the organization's legal, statutory, contractual, and regulatory obligations and ensure that compliance responsibilities are unambiguously assigned.","GOVERN / Organizational Context / Legal, Regulatory, & Contractual Requirements",GV.OC-03.01
2.1 Governance / 2.1.2.1 Cyber resilience strategy and framework / Cyber resilience framework,2.1.2.1.6,"The FMI should have a cyber resilience framework that clearly sets out how it determines its cyber resilience objectives and risk tolerance, as well as how it effectively identifies, mitigates, and manages its cyber risks to support its objectives.",Evolving,Full Summarily,"GV.RM-01.01: Technology and cybersecurity risk management strategies and frameworks are approved by the governing authority (e.g., the Board or one of its committees) and incorporated into the overall business strategy and enterprise risk management framework.",GOVERN / Risk Management Strategy / Risk Management Objectives Agreement,GV.RM-01.01
2.1 Governance / 2.1.2.1 Cyber resilience strategy and framework / Cyber resilience framework,2.1.2.1.6,"The FMI should have a cyber resilience framework that clearly sets out how it determines its cyber resilience objectives and risk tolerance, as well as how it effectively identifies, mitigates, and manages its cyber risks to support its objectives.",Evolving,Full Summarily,"GV.RM-01.02: Technology and cybersecurity risk management strategies and frameworks are informed by applicable international, national, and financial services industry standards and guidelines.",GOVERN / Risk Management Strategy / Risk Management Objectives Agreement,GV.RM-01.02
2.1 Governance / 2.1.2.1 Cyber resilience strategy and framework / Cyber resilience framework,2.1.2.1.6,"The FMI should have a cyber resilience framework that clearly sets out how it determines its cyber resilience objectives and risk tolerance, as well as how it effectively identifies, mitigates, and manages its cyber risks to support its objectives.",Evolving,Full Summarily,"GV.RM-01.04: Technology and cybersecurity risk management programs incorporate risk identification, measurement, monitoring, and reporting.",GOVERN / Risk Management Strategy / Risk Management Objectives Agreement,GV.RM-01.04
2.1 Governance / 2.1.2.1 Cyber resilience strategy and framework / Cyber resilience framework,2.1.2.1.6,"The FMI should have a cyber resilience framework that clearly sets out how it determines its cyber resilience objectives and risk tolerance, as well as how it effectively identifies, mitigates, and manages its cyber risks to support its objectives.",Evolving,Full Summarily,"GV.OV-02.01: The organization regularly assesses its inherent technology and cybersecurity risks and ensures that changes to the business and threat environment lead to updates to the organization's strategies, programs, risk appetite and risk tolerance.",GOVERN / Oversight / Risk Management Strategy Review & Adjustment,GV.OV-02.01
2.1 Governance / 2.1.2.1 Cyber resilience strategy and framework / Cyber resilience framework,2.1.2.1.6,"The FMI should have a cyber resilience framework that clearly sets out how it determines its cyber resilience objectives and risk tolerance, as well as how it effectively identifies, mitigates, and manages its cyber risks to support its objectives.",Evolving,Full Summarily,"GV.OV-02.02: The organization determines and articulates how it intends to maintain an acceptable level of residual technology and cybersecurity risk as set by the governing authority (e.g., the Board or one of its committees).",GOVERN / Oversight / Risk Management Strategy Review & Adjustment,GV.OV-02.02
2.1 Governance / 2.1.2.1 Cyber resilience strategy and framework / Cyber resilience framework,2.1.2.1.7,"The FMI’s cyber resilience framework should systematically incorporate the requirements (i.e. policies, procedures and controls) related to governance, identification, protection, detection, response and recovery, testing, situational awareness, and learning and evolving.",Evolving,Full Summarily,"GV.OC-03.01: The organization's technology and cybersecurity strategy, framework, and policies align and are consistent with the organization's legal, statutory, contractual, and regulatory obligations and ensure that compliance responsibilities are unambiguously assigned.","GOVERN / Organizational Context / Legal, Regulatory, & Contractual Requirements",GV.OC-03.01
2.1 Governance / 2.1.2.1 Cyber resilience strategy and framework / Cyber resilience framework,2.1.2.1.7,"The FMI’s cyber resilience framework should systematically incorporate the requirements (i.e. policies, procedures and controls) related to governance, identification, protection, detection, response and recovery, testing, situational awareness, and learning and evolving.",Evolving,Full Summarily,"GV.RM-01.01: Technology and cybersecurity risk management strategies and frameworks are approved by the governing authority (e.g., the Board or one of its committees) and incorporated into the overall business strategy and enterprise risk management framework.",GOVERN / Risk Management Strategy / Risk Management Objectives Agreement,GV.RM-01.01
2.1 Governance / 2.1.2.1 Cyber resilience strategy and framework / Cyber resilience framework,2.1.2.1.7,"The FMI’s cyber resilience framework should systematically incorporate the requirements (i.e. policies, procedures and controls) related to governance, identification, protection, detection, response and recovery, testing, situational awareness, and learning and evolving.",Evolving,Full Summarily,"GV.RM-01.03: The organization has established, and maintains, technology and cybersecurity programs designed to protect the confidentiality, integrity and availability of its information and operational systems, commensurate with the organization's risk appetite and business needs.",GOVERN / Risk Management Strategy / Risk Management Objectives Agreement,GV.RM-01.03
2.1 Governance / 2.1.2.1 Cyber resilience strategy and framework / Cyber resilience framework,2.1.2.1.7,"The FMI’s cyber resilience framework should systematically incorporate the requirements (i.e. policies, procedures and controls) related to governance, identification, protection, detection, response and recovery, testing, situational awareness, and learning and evolving.",Evolving,Full Summarily,"GV.RM-01.05: The organization's technology, cybersecurity, resilience, and third-party risk management programs, policies, resources, and priorities are aligned and mutually supporting.",GOVERN / Risk Management Strategy / Risk Management Objectives Agreement,GV.RM-01.05
2.1 Governance / 2.1.2.1 Cyber resilience strategy and framework / Cyber resilience framework,2.1.2.1.7,"The FMI’s cyber resilience framework should systematically incorporate the requirements (i.e. policies, procedures and controls) related to governance, identification, protection, detection, response and recovery, testing, situational awareness, and learning and evolving.",Evolving,Full Summarily,"GV.PO-01.01: Technology and cybersecurity policies are documented, maintained and approved by the governing authority (e.g., the Board or one of its committees) or a designated executive.","GOVERN / Policies, Processes, and Procedures / Establishment of Policies & Procedures",GV.PO-01.01
2.1 Governance / 2.1.2.1 Cyber resilience strategy and framework / Cyber resilience framework,2.1.2.1.8,"The FMI should use leading international, national and industry-level standards, guidelines or recommendations (e.g. NIST, COBIT 5 and ISO/IEC 27000, etc.), reflecting current industry best practices in managing cyber threats, as a benchmark for designing its cyber resilience framework and incorporating the most effective cyber resilience solutions.",Evolving,Full,"GV.RM-01.02: Technology and cybersecurity risk management strategies and frameworks are informed by applicable international, national, and financial services industry standards and guidelines.",GOVERN / Risk Management Strategy / Risk Management Objectives Agreement,GV.RM-01.02
2.1 Governance / 2.1.2.1 Cyber resilience strategy and framework / Cyber resilience framework,2.1.2.1.9,"At the broader level, the FMI’s cyber resilience framework should be consistent with its enterprise risk management framework.",Evolving,Full,GV.RM-03.01: Technology and cybersecurity risk management frameworks and programs are integrated into the enterprise risk management framework.,GOVERN / Risk Management Strategy / Enterprise Risk Integration,GV.RM-03.01
2.1 Governance / 2.1.2.1 Cyber resilience strategy and framework / Cyber resilience framework,2.1.2.1.10,"The FMI’s Board should endorse this cyber resilience framework, ensuring it is aligned with the FMI’s formulated cyber resilience strategy, review it at least annually and update it when needed to ensure that it remains relevant.",Evolving,Full Summarily,"GV.RM-01.01: Technology and cybersecurity risk management strategies and frameworks are approved by the governing authority (e.g., the Board or one of its committees) and incorporated into the overall business strategy and enterprise risk management framework.",GOVERN / Risk Management Strategy / Risk Management Objectives Agreement,GV.RM-01.01
2.1 Governance / 2.1.2.1 Cyber resilience strategy and framework / Cyber resilience framework,2.1.2.1.10,"The FMI’s Board should endorse this cyber resilience framework, ensuring it is aligned with the FMI’s formulated cyber resilience strategy, review it at least annually and update it when needed to ensure that it remains relevant.",Evolving,Full Summarily,"GV.RR-01.02: The governing authority (e.g., the Board or one of its committees) regularly reviews, oversees, and holds senior management accountable for implementing the organization’s third-party risk management strategy and program and for managing the organization's ongoing risks associated with the aggregate and specific use of third parties.","GOVERN / Roles, Responsibilities, and Authorities / Organizational Leadership Responsibility",GV.RR-01.02
2.1 Governance / 2.1.2.1 Cyber resilience strategy and framework / Cyber resilience framework,2.1.2.1.10,"The FMI’s Board should endorse this cyber resilience framework, ensuring it is aligned with the FMI’s formulated cyber resilience strategy, review it at least annually and update it when needed to ensure that it remains relevant.",Evolving,Full Summarily,"GV.RR-01.03: The governing authority (e.g., the Board or one of its committees) regularly reviews, oversees, and holds senior management accountable for implementing the organization’s resilience strategy and program and for managing the organization's ongoing resilience risks.","GOVERN / Roles, Responsibilities, and Authorities / Organizational Leadership Responsibility",GV.RR-01.03
2.1 Governance / 2.1.2.1 Cyber resilience strategy and framework / Cyber resilience framework,2.1.2.1.11,"The FMI’s cyber resilience framework should clearly define the roles and responsibilities, including accountability for decision-making within the organisation, for identifying, mitigating and managing cyber risk.",Evolving,Full,"GV.RR-02.01: The roles, responsibilities, qualifications, and skill requirements for personnel (employees and third parties) that implement, manage, and oversee the technology, cybersecurity, and resilience programs are defined, aligned, coordinated, and holistically managed.","GOVERN / Roles, Responsibilities, and Authorities / Risk Management Roles & Responsibilities",GV.RR-02.01
2.1 Governance / 2.1.2.1 Cyber resilience strategy and framework / Cyber resilience strategy and framework,2.1.2.1.12,The FMI should use maturity models and define relevant metrics to assess and measure the adequacy and effectiveness of and adherence to its cyber resilience framework through independent compliance programmes and audits carried out by qualified staff on a regular basis.,Advancing,Full Summarily,"ID.IM-01.02: The organization implements a regular process to collect, store, report, benchmark, and assess trends in actionable performance indicators and risk metrics (e.g., threat KRIs, security incident metrics, vulnerability metrics, and operational measures).",IDENTIFY / Improvement / Continuous Improvements Evaluation,ID.IM-01.02
2.1 Governance / 2.1.2.1 Cyber resilience strategy and framework / Cyber resilience strategy and framework,2.1.2.1.12,The FMI should use maturity models and define relevant metrics to assess and measure the adequacy and effectiveness of and adherence to its cyber resilience framework through independent compliance programmes and audits carried out by qualified staff on a regular basis.,Advancing,Full Summarily,"ID.IM-01.03: The organization establishes specific objectives, performance criteria, benchmarks, and tolerance limits to identify areas that have improved or are in need of improvement over time.",IDENTIFY / Improvement / Continuous Improvements Evaluation,ID.IM-01.03
2.1 Governance / 2.1.2.1 Cyber resilience strategy and framework / Cyber resilience strategy and framework,2.1.2.1.12,The FMI should use maturity models and define relevant metrics to assess and measure the adequacy and effectiveness of and adherence to its cyber resilience framework through independent compliance programmes and audits carried out by qualified staff on a regular basis.,Advancing,Full Summarily,"ID.IM-01.04: Technology and cybersecurity programs include elements designed to assess, manage, and continually improve the quality of program delivery in addressing stakeholder requirements and risk reduction.",IDENTIFY / Improvement / Continuous Improvements Evaluation,ID.IM-01.04
2.1 Governance / 2.1.2.1 Cyber resilience strategy and framework / Cyber resilience strategy and framework,2.1.2.1.13,"The FMI should ensure that, as part of its formal process to review and update its cyber resilience strategy and framework (including all policies, procedures and controls), a number of factors are considered, such as:
(a) the current and evolving cyber threats (e.g. those associated with the supply chain, use of cloud services, social networking, mobile applications and the internet of things, etc.);
(b) threat intelligence on threat actors and new tactics, techniques and procedures which may specifically impact the FMI;
(c) the results of risk assessments of the FMI’s critical functions, key roles, processes, information assets, third-party service providers and interconnections;
(d) actual cyber incidents that have impacted the FMI directly or external cyber incidents from the ecosystem;
(e) lessons learned from audits and tests on the cyber resilience framework;
(f) the FMI’s performance against the relevant metrics and maturity models;
(g) new business developments and future strategic objectives.",Advancing,Full Summarily,"GV.RM-01.01: Technology and cybersecurity risk management strategies and frameworks are approved by the governing authority (e.g., the Board or one of its committees) and incorporated into the overall business strategy and enterprise risk management framework.",GOVERN / Risk Management Strategy / Risk Management Objectives Agreement,GV.RM-01.01
2.1 Governance / 2.1.2.1 Cyber resilience strategy and framework / Cyber resilience strategy and framework,2.1.2.1.13,"The FMI should ensure that, as part of its formal process to review and update its cyber resilience strategy and framework (including all policies, procedures and controls), a number of factors are considered, such as:
(a) the current and evolving cyber threats (e.g. those associated with the supply chain, use of cloud services, social networking, mobile applications and the internet of things, etc.);
(b) threat intelligence on threat actors and new tactics, techniques and procedures which may specifically impact the FMI;
(c) the results of risk assessments of the FMI’s critical functions, key roles, processes, information assets, third-party service providers and interconnections;
(d) actual cyber incidents that have impacted the FMI directly or external cyber incidents from the ecosystem;
(e) lessons learned from audits and tests on the cyber resilience framework;
(f) the FMI’s performance against the relevant metrics and maturity models;
(g) new business developments and future strategic objectives.",Advancing,Full Summarily,"GV.PO-02.01: The cybersecurity policy is regularly reviewed, revised, and communicated under the leadership of a designated Cybersecurity Officer (e.g., CISO) to address changes in the risk profile and risk appetite, the evolving threat environment, and new technologies, products, services, and interdependencies.","GOVERN / Policies, Processes, and Procedures / Policy & Procedure Review & Update",GV.PO-02.01
2.1 Governance / 2.1.2.1 Cyber resilience strategy and framework / Cyber resilience strategy and framework,2.1.2.1.13,"The FMI should ensure that, as part of its formal process to review and update its cyber resilience strategy and framework (including all policies, procedures and controls), a number of factors are considered, such as:
(a) the current and evolving cyber threats (e.g. those associated with the supply chain, use of cloud services, social networking, mobile applications and the internet of things, etc.);
(b) threat intelligence on threat actors and new tactics, techniques and procedures which may specifically impact the FMI;
(c) the results of risk assessments of the FMI’s critical functions, key roles, processes, information assets, third-party service providers and interconnections;
(d) actual cyber incidents that have impacted the FMI directly or external cyber incidents from the ecosystem;
(e) lessons learned from audits and tests on the cyber resilience framework;
(f) the FMI’s performance against the relevant metrics and maturity models;
(g) new business developments and future strategic objectives.",Advancing,Full Summarily,"GV.OV-03.01: The organization develops, implements, and reports to management and the governing body (e.g., the Board or one of its committees) key technology and cybersecurity risk and performance indicators and metrics to measure, monitor, and report actionable indicators.",GOVERN / Oversight / Risk Management Performance Measurement,GV.OV-03.01
2.1 Governance / 2.1.2.1 Cyber resilience strategy and framework / Cyber resilience strategy and framework,2.1.2.1.13,"The FMI should ensure that, as part of its formal process to review and update its cyber resilience strategy and framework (including all policies, procedures and controls), a number of factors are considered, such as:
(a) the current and evolving cyber threats (e.g. those associated with the supply chain, use of cloud services, social networking, mobile applications and the internet of things, etc.);
(b) threat intelligence on threat actors and new tactics, techniques and procedures which may specifically impact the FMI;
(c) the results of risk assessments of the FMI’s critical functions, key roles, processes, information assets, third-party service providers and interconnections;
(d) actual cyber incidents that have impacted the FMI directly or external cyber incidents from the ecosystem;
(e) lessons learned from audits and tests on the cyber resilience framework;
(f) the FMI’s performance against the relevant metrics and maturity models;
(g) new business developments and future strategic objectives.",Advancing,Full Summarily,"GV.IR-02.02: The independent risk management function regularly assesses the organization's controls and cybersecurity risk exposure, identifies opportunities for improvement based on assessment results, and recommends program improvements",GOVERN / Independent Risk Management Function / Independent Risk Management Evaluation,GV.IR-02.02
2.1 Governance / 2.1.2.1 Cyber resilience strategy and framework / Cyber resilience strategy and framework,2.1.2.1.13,"The FMI should ensure that, as part of its formal process to review and update its cyber resilience strategy and framework (including all policies, procedures and controls), a number of factors are considered, such as:
(a) the current and evolving cyber threats (e.g. those associated with the supply chain, use of cloud services, social networking, mobile applications and the internet of things, etc.);
(b) threat intelligence on threat actors and new tactics, techniques and procedures which may specifically impact the FMI;
(c) the results of risk assessments of the FMI’s critical functions, key roles, processes, information assets, third-party service providers and interconnections;
(d) actual cyber incidents that have impacted the FMI directly or external cyber incidents from the ecosystem;
(e) lessons learned from audits and tests on the cyber resilience framework;
(f) the FMI’s performance against the relevant metrics and maturity models;
(g) new business developments and future strategic objectives.",Advancing,Full Summarily,"ID.RA-03.01: The organization, on an ongoing basis, identifies, analyzes, correlates, characterizes, and reports threats that are internal and external to the firm.",IDENTIFY / Risk Assessment / Threat Identification,ID.RA-03.01
2.1 Governance / 2.1.2.1 Cyber resilience strategy and framework / Cyber resilience strategy and framework,2.1.2.1.13,"The FMI should ensure that, as part of its formal process to review and update its cyber resilience strategy and framework (including all policies, procedures and controls), a number of factors are considered, such as:
(a) the current and evolving cyber threats (e.g. those associated with the supply chain, use of cloud services, social networking, mobile applications and the internet of things, etc.);
(b) threat intelligence on threat actors and new tactics, techniques and procedures which may specifically impact the FMI;
(c) the results of risk assessments of the FMI’s critical functions, key roles, processes, information assets, third-party service providers and interconnections;
(d) actual cyber incidents that have impacted the FMI directly or external cyber incidents from the ecosystem;
(e) lessons learned from audits and tests on the cyber resilience framework;
(f) the FMI’s performance against the relevant metrics and maturity models;
(g) new business developments and future strategic objectives.",Advancing,Full Summarily,"ID.RA-03.02: The organization solicits and considers threat intelligence received from the organization's stakeholders, service and utility providers, and other industry and security organizations.",IDENTIFY / Risk Assessment / Threat Identification,ID.RA-03.02
2.1 Governance / 2.1.2.1 Cyber resilience strategy and framework / Cyber resilience strategy and framework,2.1.2.1.13,"The FMI should ensure that, as part of its formal process to review and update its cyber resilience strategy and framework (including all policies, procedures and controls), a number of factors are considered, such as:
(a) the current and evolving cyber threats (e.g. those associated with the supply chain, use of cloud services, social networking, mobile applications and the internet of things, etc.);
(b) threat intelligence on threat actors and new tactics, techniques and procedures which may specifically impact the FMI;
(c) the results of risk assessments of the FMI’s critical functions, key roles, processes, information assets, third-party service providers and interconnections;
(d) actual cyber incidents that have impacted the FMI directly or external cyber incidents from the ecosystem;
(e) lessons learned from audits and tests on the cyber resilience framework;
(f) the FMI’s performance against the relevant metrics and maturity models;
(g) new business developments and future strategic objectives.",Advancing,Full Summarily,"ID.RA-05.03: The organization's business units assess, on an ongoing basis, the technology, cybersecurity, and resilience risks associated with the activities of the business unit.",IDENTIFY / Risk Assessment / Risk Exposure Determination & Prioritization,ID.RA-05.03
2.1 Governance / 2.1.2.1 Cyber resilience strategy and framework / Cyber resilience strategy and framework,2.1.2.1.13,"The FMI should ensure that, as part of its formal process to review and update its cyber resilience strategy and framework (including all policies, procedures and controls), a number of factors are considered, such as:
(a) the current and evolving cyber threats (e.g. those associated with the supply chain, use of cloud services, social networking, mobile applications and the internet of things, etc.);
(b) threat intelligence on threat actors and new tactics, techniques and procedures which may specifically impact the FMI;
(c) the results of risk assessments of the FMI’s critical functions, key roles, processes, information assets, third-party service providers and interconnections;
(d) actual cyber incidents that have impacted the FMI directly or external cyber incidents from the ecosystem;
(e) lessons learned from audits and tests on the cyber resilience framework;
(f) the FMI’s performance against the relevant metrics and maturity models;
(g) new business developments and future strategic objectives.",Advancing,Full Summarily,"ID.IM-01.02: The organization implements a regular process to collect, store, report, benchmark, and assess trends in actionable performance indicators and risk metrics (e.g., threat KRIs, security incident metrics, vulnerability metrics, and operational measures).",IDENTIFY / Improvement / Continuous Improvements Evaluation,ID.IM-01.02
2.1 Governance / 2.1.2.1 Cyber resilience strategy and framework / Cyber resilience strategy and framework,2.1.2.1.13,"The FMI should ensure that, as part of its formal process to review and update its cyber resilience strategy and framework (including all policies, procedures and controls), a number of factors are considered, such as:
(a) the current and evolving cyber threats (e.g. those associated with the supply chain, use of cloud services, social networking, mobile applications and the internet of things, etc.);
(b) threat intelligence on threat actors and new tactics, techniques and procedures which may specifically impact the FMI;
(c) the results of risk assessments of the FMI’s critical functions, key roles, processes, information assets, third-party service providers and interconnections;
(d) actual cyber incidents that have impacted the FMI directly or external cyber incidents from the ecosystem;
(e) lessons learned from audits and tests on the cyber resilience framework;
(f) the FMI’s performance against the relevant metrics and maturity models;
(g) new business developments and future strategic objectives.",Advancing,Full Summarily,"ID.IM-01.03: The organization establishes specific objectives, performance criteria, benchmarks, and tolerance limits to identify areas that have improved or are in need of improvement over time.",IDENTIFY / Improvement / Continuous Improvements Evaluation,ID.IM-01.03
2.1 Governance / 2.1.2.1 Cyber resilience strategy and framework / Cyber resilience strategy and framework,2.1.2.1.13,"The FMI should ensure that, as part of its formal process to review and update its cyber resilience strategy and framework (including all policies, procedures and controls), a number of factors are considered, such as:
(a) the current and evolving cyber threats (e.g. those associated with the supply chain, use of cloud services, social networking, mobile applications and the internet of things, etc.);
(b) threat intelligence on threat actors and new tactics, techniques and procedures which may specifically impact the FMI;
(c) the results of risk assessments of the FMI’s critical functions, key roles, processes, information assets, third-party service providers and interconnections;
(d) actual cyber incidents that have impacted the FMI directly or external cyber incidents from the ecosystem;
(e) lessons learned from audits and tests on the cyber resilience framework;
(f) the FMI’s performance against the relevant metrics and maturity models;
(g) new business developments and future strategic objectives.",Advancing,Full Summarily,"ID.IM-01.04: Technology and cybersecurity programs include elements designed to assess, manage, and continually improve the quality of program delivery in addressing stakeholder requirements and risk reduction.",IDENTIFY / Improvement / Continuous Improvements Evaluation,ID.IM-01.04
2.1 Governance / 2.1.2.1 Cyber resilience strategy and framework / Cyber resilience strategy and framework,2.1.2.1.13,"The FMI should ensure that, as part of its formal process to review and update its cyber resilience strategy and framework (including all policies, procedures and controls), a number of factors are considered, such as:
(a) the current and evolving cyber threats (e.g. those associated with the supply chain, use of cloud services, social networking, mobile applications and the internet of things, etc.);
(b) threat intelligence on threat actors and new tactics, techniques and procedures which may specifically impact the FMI;
(c) the results of risk assessments of the FMI’s critical functions, key roles, processes, information assets, third-party service providers and interconnections;
(d) actual cyber incidents that have impacted the FMI directly or external cyber incidents from the ecosystem;
(e) lessons learned from audits and tests on the cyber resilience framework;
(f) the FMI’s performance against the relevant metrics and maturity models;
(g) new business developments and future strategic objectives.",Advancing,Full Summarily,"ID.IM-02.01: The organization conducts regular, independent penetration testing and red team testing on the organization's network, internet-facing systems, critical applications, and associated controls to identify gaps in cybersecurity defenses.",IDENTIFY / Improvement / Tests & Exercises,ID.IM-02.01
2.1 Governance / 2.1.2.1 Cyber resilience strategy and framework / Cyber resilience strategy and framework,2.1.2.1.13,"The FMI should ensure that, as part of its formal process to review and update its cyber resilience strategy and framework (including all policies, procedures and controls), a number of factors are considered, such as:
(a) the current and evolving cyber threats (e.g. those associated with the supply chain, use of cloud services, social networking, mobile applications and the internet of things, etc.);
(b) threat intelligence on threat actors and new tactics, techniques and procedures which may specifically impact the FMI;
(c) the results of risk assessments of the FMI’s critical functions, key roles, processes, information assets, third-party service providers and interconnections;
(d) actual cyber incidents that have impacted the FMI directly or external cyber incidents from the ecosystem;
(e) lessons learned from audits and tests on the cyber resilience framework;
(f) the FMI’s performance against the relevant metrics and maturity models;
(g) new business developments and future strategic objectives.",Advancing,Full Summarily,"ID.IM-03.01: A formal process is in place to improve protection controls and processes by integrating recommendations, findings, and lessons learned from exercises, testing, audits, assessments, and incidents.",IDENTIFY / Improvement / Improvements from Lessons Learned,ID.IM-03.01
2.1 Governance / 2.1.2.1 Cyber resilience strategy and framework / Cyber resilience strategy and framework,2.1.2.1.13,"The FMI should ensure that, as part of its formal process to review and update its cyber resilience strategy and framework (including all policies, procedures and controls), a number of factors are considered, such as:
(a) the current and evolving cyber threats (e.g. those associated with the supply chain, use of cloud services, social networking, mobile applications and the internet of things, etc.);
(b) threat intelligence on threat actors and new tactics, techniques and procedures which may specifically impact the FMI;
(c) the results of risk assessments of the FMI’s critical functions, key roles, processes, information assets, third-party service providers and interconnections;
(d) actual cyber incidents that have impacted the FMI directly or external cyber incidents from the ecosystem;
(e) lessons learned from audits and tests on the cyber resilience framework;
(f) the FMI’s performance against the relevant metrics and maturity models;
(g) new business developments and future strategic objectives.",Advancing,Full Summarily,"ID.IM-04.08: The organization regularly reviews response strategy, incident management plans, recovery plans, and associated tests and exercises and updates them, as necessary, based on:
(1) Lessons learned from incidents that have occurred (both internal and external to the organization);
(2) Current cyber threat intelligence (both internal and external sources);
(3) Recent and wide-scale cyber attack scenarios;
(4) Operationally and technically plausible future cyber attacks;
(5) Organizational or technical environment changes; and,
(6) New technological developments.",<div>IDENTIFY / Improvement / Plans Affecting Operations</div>,ID.IM-04.08
2.1 Governance / 2.1.2.1 Cyber resilience strategy and framework / Cyber resilience strategy and framework,2.1.2.1.14,"The FMI’s cyber resilience strategy and framework should consider how the FMI would continuously review and proactively identify, mitigate and manage the cyber risks that it bears from and poses to its participants, other FMIs, vendors, vendor products and its service providers, which are collectively referred to as an FMI’s ecosystem.",Advancing,Full Summarily,GV.OC-02.02: Technology and cybersecurity risk management strategies identify and communicate the organization’s role within the financial services sector as a component of critical infrastructure.,GOVERN / Organizational Context / Stakeholder Risk Management Expectations,GV.OC-02.02
2.1 Governance / 2.1.2.1 Cyber resilience strategy and framework / Cyber resilience strategy and framework,2.1.2.1.14,"The FMI’s cyber resilience strategy and framework should consider how the FMI would continuously review and proactively identify, mitigate and manage the cyber risks that it bears from and poses to its participants, other FMIs, vendors, vendor products and its service providers, which are collectively referred to as an FMI’s ecosystem.",Advancing,Full Summarily,GV.OC-02.03: Technology and cybersecurity risk management strategies identify and communicate the organization's role as it relates to other critical infrastructure sectors outside of the financial services sector and the interdependency risks.,GOVERN / Organizational Context / Stakeholder Risk Management Expectations,GV.OC-02.03
2.1 Governance / 2.1.2.1 Cyber resilience strategy and framework / Cyber resilience strategy and framework,2.1.2.1.14,"The FMI’s cyber resilience strategy and framework should consider how the FMI would continuously review and proactively identify, mitigate and manage the cyber risks that it bears from and poses to its participants, other FMIs, vendors, vendor products and its service providers, which are collectively referred to as an FMI’s ecosystem.",Advancing,Full Summarily,"GV.OC-04.04: The organization prioritizes the resilience design, planning, testing, and monitoring of systems and other key internal and external dependencies according to their criticality to the supported business functions, enterprise mission, and to the financial services sector.",GOVERN / Organizational Context / Stakeholder Service Expectations,GV.OC-04.04
2.1 Governance / 2.1.2.1 Cyber resilience strategy and framework / Cyber resilience strategy and framework,2.1.2.1.14,"The FMI’s cyber resilience strategy and framework should consider how the FMI would continuously review and proactively identify, mitigate and manage the cyber risks that it bears from and poses to its participants, other FMIs, vendors, vendor products and its service providers, which are collectively referred to as an FMI’s ecosystem.",Advancing,Full Summarily,"GV.SC-01.02: The organization regularly assesses the risk of its ongoing use of third parties in aggregate, considering factors such as critical service dependencies, vendor concentration, geographical/geopolitical exposure, fourth-party impacts, and financial sector co-dependencies.",GOVERN / Supply Chain Risk Management / Supply Chain Risk Management Program,GV.SC-01.02
2.1 Governance / 2.1.2.1 Cyber resilience strategy and framework / Cyber resilience strategy and framework,2.1.2.1.15,"The cyber resilience strategy should outline the FMI’s future state of cyber resilience, in terms of maturity and/or risk, with short and long-term perspectives, and senior management should continuously improve and adapt the existing cyber resilience strategy and framework as the desired maturity level and/or risk landscape changes.",Innovating,Partial,"GV.RM-01.01: Technology and cybersecurity risk management strategies and frameworks are approved by the governing authority (e.g., the Board or one of its committees) and incorporated into the overall business strategy and enterprise risk management framework.",GOVERN / Risk Management Strategy / Risk Management Objectives Agreement,GV.RM-01.01
2.1 Governance / 2.1.2.1 Cyber resilience strategy and framework / Cyber resilience strategy and framework,2.1.2.1.15,"The cyber resilience strategy should outline the FMI’s future state of cyber resilience, in terms of maturity and/or risk, with short and long-term perspectives, and senior management should continuously improve and adapt the existing cyber resilience strategy and framework as the desired maturity level and/or risk landscape changes.",Innovating,Partial,"GV.RM-08.01: Technology and cybersecurity risk management frameworks are applied to, and are adapted as needed by, the organization's innovations in technology use and adoption of emerging technologies.",GOVERN / Risk Management Strategy  / Technology Assimilation & Implementations,GV.RM-08.01
2.1 Governance / 2.1.2.1 Cyber resilience strategy and framework / Cyber resilience strategy and framework,2.1.2.1.16,"The FMI should establish the appropriate structures, processes and relationships with the key stakeholders in the ecosystem to continuously and proactively enhance the ecosystem’s cyber resilience and promote financial stability objectives as a whole.",Innovating,Full Summarily,"GV.RM-05.02: The organization establishes minimum requirements for its third-parties that include how the organizations will communicate and coordinate in times of emergency, including:
1) Joint maintenance of contingency plans;
2) Responsibilities for responding to incidents, including forensic investigations;
3) Planning and testing strategies that address severe events in order to identify single points of failure that would cause wide-scale disruption; and
4) Incorporating the potential impact of an incident into their BCM process and ensure resilience capabilities are in place.",GOVERN / Risk Management Strategy / Lines of Communication,GV.RM-05.02
2.1 Governance / 2.1.2.1 Cyber resilience strategy and framework / Cyber resilience strategy and framework,2.1.2.1.16,"The FMI should establish the appropriate structures, processes and relationships with the key stakeholders in the ecosystem to continuously and proactively enhance the ecosystem’s cyber resilience and promote financial stability objectives as a whole.",Innovating,Full Summarily,"GV.SC-08.01: The organization's resilience strategy, plans, tests, and exercises incorporate its external dependencies and critical business partners.",<div>GOVERN / Supply Chain Risk Management / Third Party Incident Management Integration</div>,GV.SC-08.01
2.1 Governance / 2.1.2.1 Cyber resilience strategy and framework / Cyber resilience strategy and framework,2.1.2.1.16,"The FMI should establish the appropriate structures, processes and relationships with the key stakeholders in the ecosystem to continuously and proactively enhance the ecosystem’s cyber resilience and promote financial stability objectives as a whole.",Innovating,Full Summarily,"ID.RA-02.01: The organization participates actively (in alignment with its business operations, inherent risk, and complexity) in information-sharing groups and collectives (e.g., cross-industry, cross-government and cross-border groups) to gather, distribute and analyze information about cyber practices, cyber threats, and early warning indicators relating to cyber threats.",IDENTIFY / Risk Assessment / Information Sharing Forums,ID.RA-02.01
2.1 Governance / 2.1.2.1 Cyber resilience strategy and framework / Cyber resilience strategy and framework,2.1.2.1.16,"The FMI should establish the appropriate structures, processes and relationships with the key stakeholders in the ecosystem to continuously and proactively enhance the ecosystem’s cyber resilience and promote financial stability objectives as a whole.",Innovating,Full Summarily,"ID.IM-02.08: The organization tests and exercises, independently and in coordination with other critical sector partners, its ability to support sector-wide resilience in the event of extreme financial stress or the instability of external dependencies, such as connectivity to markets, payment systems, clearing entities, messaging services, etc.",IDENTIFY / Improvement / Tests & Exercises,ID.IM-02.08
2.1 Governance / 2.1.2.1 Cyber resilience strategy and framework / Cyber resilience strategy and framework,2.1.2.1.16,"The FMI should establish the appropriate structures, processes and relationships with the key stakeholders in the ecosystem to continuously and proactively enhance the ecosystem’s cyber resilience and promote financial stability objectives as a whole.",Innovating,Full Summarily,"EX.MM-02.03: The organization collaborates with suppliers to maintain and improve the secure use of products, services, and external connections.",EXTEND / Monitoring and Managing Suppliers / Ongoing Third-Party Management,EX.MM-02.03
2.1 Governance / 2.1.2.2 Role of the Board and senior management / Board and management responsibilities,2.1.2.2.17,"The FMI’s Board should be responsible for approving the cyber resilience strategy and framework, setting the FMI’s risk tolerance for cyber risks and closely overseeing the FMI's implementation of its cyber resilience framework and the policies, procedures and controls that support it.",Evolving,Full Summarily,"GV.RM-01.01: Technology and cybersecurity risk management strategies and frameworks are approved by the governing authority (e.g., the Board or one of its committees) and incorporated into the overall business strategy and enterprise risk management framework.",GOVERN / Risk Management Strategy / Risk Management Objectives Agreement,GV.RM-01.01
2.1 Governance / 2.1.2.2 Role of the Board and senior management / Board and management responsibilities,2.1.2.2.17,"The FMI’s Board should be responsible for approving the cyber resilience strategy and framework, setting the FMI’s risk tolerance for cyber risks and closely overseeing the FMI's implementation of its cyber resilience framework and the policies, procedures and controls that support it.",Evolving,Full Summarily,"GV.RM-02.01: The governing authority (e.g., the Board or one of its committees) endorses and regularly reviews technology and cybersecurity risk appetite and is regularly informed about the status of, and material changes to, the organization's inherent risk profile.",GOVERN / Risk Management Strategy / Risk Appetite & Risk Tolerance Statements,GV.RM-02.01
2.1 Governance / 2.1.2.2 Role of the Board and senior management / Board and management responsibilities,2.1.2.2.17,"The FMI’s Board should be responsible for approving the cyber resilience strategy and framework, setting the FMI’s risk tolerance for cyber risks and closely overseeing the FMI's implementation of its cyber resilience framework and the policies, procedures and controls that support it.",Evolving,Full Summarily,"GV.RM-02.02: The organization has established statements of technology and cybersecurity risk tolerance consistent with its risk appetite, and has integrated them into technology, cybersecurity, operational, and enterprise risk management practices.",GOVERN / Risk Management Strategy / Risk Appetite & Risk Tolerance Statements,GV.RM-02.02
2.1 Governance / 2.1.2.2 Role of the Board and senior management / Board and management responsibilities,2.1.2.2.17,"The FMI’s Board should be responsible for approving the cyber resilience strategy and framework, setting the FMI’s risk tolerance for cyber risks and closely overseeing the FMI's implementation of its cyber resilience framework and the policies, procedures and controls that support it.",Evolving,Full Summarily,"ID.RA-06.03: Technology and cybersecurity programs identify and implement controls to manage applicable risks within the risk appetite set by the governing authority (e.g., the Board or one of its committees).",IDENTIFY / Risk Assessment / Risk Response Determination,ID.RA-06.03
2.1 Governance / 2.1.2.2 Role of the Board and senior management / Board and management responsibilities,2.1.2.2.18,"In order to carry out the aforementioned responsibilities, the FMI’s Board should ensure that it collectively possesses the appropriate balance of skills, knowledge and experience to understand and assess the cyber risks facing the FMI. It should also be sufficiently informed and capable of credibly challenging the recommendations and decisions of designated senior management. Although the Board should collectively increase its skills and knowledge on cybersecurity, it can also access specific expertise through a Board member with adequate experience, or through experienced staff and/or external independent organisation(s) reporting to and advising the Board.",Evolving,Full Summarily,"PR.AT-02.07: The organization's governing body (e.g., the Board or one of its committees) and senior management receive cybersecurity situational awareness training to include appropriate skills and knowledge to: 
(1) Evaluate and manage cyber risks;
(2) Promote a culture that recognizes that staff at all levels have important responsibilities in ensuring the organization's cyber resilience; and
(3) Lead by example.",PROTECT / Awareness and Training / Specialized Role Awareness & Training,PR.AT-02.07
2.1 Governance / 2.1.2.2 Role of the Board and senior management / Board and management responsibilities,2.1.2.2.18,"In order to carry out the aforementioned responsibilities, the FMI’s Board should ensure that it collectively possesses the appropriate balance of skills, knowledge and experience to understand and assess the cyber risks facing the FMI. It should also be sufficiently informed and capable of credibly challenging the recommendations and decisions of designated senior management. Although the Board should collectively increase its skills and knowledge on cybersecurity, it can also access specific expertise through a Board member with adequate experience, or through experienced staff and/or external independent organisation(s) reporting to and advising the Board.",Evolving,Full Summarily,"PR.AT-02.08: Where the organization's governing authority (e.g., the Board or one of its committees) does not have adequate cybersecurity expertise, they should have direct access to the senior officer responsible for cybersecurity and independent sources of expertise to discuss cybersecurity related matters.",PROTECT / Awareness and Training / Specialized Role Awareness & Training,PR.AT-02.08
2.1 Governance / 2.1.2.2 Role of the Board and senior management / Board and management responsibilities,2.1.2.2.19,"The Board and senior management should ensure that a senior executive (e.g. the CISO) is responsible and accountable for implementing the cyber resilience strategy and framework at the enterprise level. The Senior Executive should be independent, possess the appropriate balance of skills, knowledge and experience, and have sufficient resources and direct access to the Board. For further clarification on the possible roles and responsibilities of such a senior executive, see Annex 3.",Evolving,Full,"GV.RR-01.04: The organization has designated a qualified Cybersecurity Officer (e.g., CISO) who is responsible and accountable for developing a cybersecurity strategy, overseeing and implementing its cybersecurity program, and enforcing its cybersecurity policy.","GOVERN / Roles, Responsibilities, and Authorities / Organizational Leadership Responsibility",GV.RR-01.04
2.1 Governance / 2.1.2.2 Role of the Board and senior management / Board and management responsibilities,2.1.2.2.20,"The Board and senior management should ensure that staff (including senior management) who are responsible for cyber activities have suitable skills, knowledge and experience, and are sufficiently informed and empowered to make timely decisions.",Evolving,Full Summarily,"GV.RR-01.04: The organization has designated a qualified Cybersecurity Officer (e.g., CISO) who is responsible and accountable for developing a cybersecurity strategy, overseeing and implementing its cybersecurity program, and enforcing its cybersecurity policy.","GOVERN / Roles, Responsibilities, and Authorities / Organizational Leadership Responsibility",GV.RR-01.04
2.1 Governance / 2.1.2.2 Role of the Board and senior management / Board and management responsibilities,2.1.2.2.20,"The Board and senior management should ensure that staff (including senior management) who are responsible for cyber activities have suitable skills, knowledge and experience, and are sufficiently informed and empowered to make timely decisions.",Evolving,Full Summarily,"GV.RR-01.05: The organization designates a qualified Technology Officer (e.g., CIO or CTO) who is responsible and accountable for developing technology strategy, overseeing and implementing its technology program, and enforcing its technology policy.","GOVERN / Roles, Responsibilities, and Authorities / Organizational Leadership Responsibility",GV.RR-01.05
2.1 Governance / 2.1.2.2 Role of the Board and senior management / Board and management responsibilities,2.1.2.2.20,"The Board and senior management should ensure that staff (including senior management) who are responsible for cyber activities have suitable skills, knowledge and experience, and are sufficiently informed and empowered to make timely decisions.",Evolving,Full Summarily,"GV.RR-02.01: The roles, responsibilities, qualifications, and skill requirements for personnel (employees and third parties) that implement, manage, and oversee the technology, cybersecurity, and resilience programs are defined, aligned, coordinated, and holistically managed.","GOVERN / Roles, Responsibilities, and Authorities / Risk Management Roles & Responsibilities",GV.RR-02.01
2.1 Governance / 2.1.2.2 Role of the Board and senior management / Board and management responsibilities,2.1.2.2.20,"The Board and senior management should ensure that staff (including senior management) who are responsible for cyber activities have suitable skills, knowledge and experience, and are sufficiently informed and empowered to make timely decisions.",Evolving,Full Summarily,GV.RR-02.05: Personnel (employees and third parties) who fulfill the organization’s physical security and cybersecurity objectives understand their roles and responsibilities.,"GOVERN / Roles, Responsibilities, and Authorities / Risk Management Roles & Responsibilities",GV.RR-02.05
2.1 Governance / 2.1.2.2 Role of the Board and senior management / Board and management responsibilities,2.1.2.2.20,"The Board and senior management should ensure that staff (including senior management) who are responsible for cyber activities have suitable skills, knowledge and experience, and are sufficiently informed and empowered to make timely decisions.",Evolving,Full Summarily,GV.RR-03.02: The organization regularly assesses its skill and resource level requirements against its current personnel complement to determine gaps in resource need.,"GOVERN / Roles, Responsibilities, and Authorities / Resource Adequacy",GV.RR-03.02
2.1 Governance / 2.1.2.2 Role of the Board and senior management / Board and management responsibilities,2.1.2.2.20,"The Board and senior management should ensure that staff (including senior management) who are responsible for cyber activities have suitable skills, knowledge and experience, and are sufficiently informed and empowered to make timely decisions.",Evolving,Full Summarily,"PR.AT-02.01: Mechanisms are in place to ensure that the personnel working with cybersecurity and technology (e.g., developers, DBAs, network admins, etc.) maintain current knowledge and skills related to changing threats, countermeasures, new tools, best practices, and their job responsibilities.",PROTECT / Awareness and Training / Specialized Role Awareness & Training,PR.AT-02.01
2.1 Governance / 2.1.2.2 Role of the Board and senior management / Board and management responsibilities,2.1.2.2.20,"The Board and senior management should ensure that staff (including senior management) who are responsible for cyber activities have suitable skills, knowledge and experience, and are sufficiently informed and empowered to make timely decisions.",Evolving,Full Summarily,"PR.AT-02.02: High-risk groups, such as those with elevated privileges or in sensitive business functions (including privileged users, senior executives, cybersecurity personnel and third-party stakeholders), receive cybersecurity situational awareness training for their roles and responsibilities.",PROTECT / Awareness and Training / Specialized Role Awareness & Training,PR.AT-02.02
2.1 Governance / 2.1.2.2 Role of the Board and senior management / Board and management responsibilities,2.1.2.2.21,"The Board and senior management should ensure that cyber risk, implementation of the cyber resilience framework and any associated issues appear regularly on the Board’s meeting agenda. Boards should have adequate access to cybersecurity expertise (whether internal or external), and discussions about cyber risk management should be given adequate time on the Board’s meeting agenda.",Evolving,Full Summarily,"GV.OV-01.02: The designated Cybersecurity Officer (e.g., CISO) periodically reports to the appropriate governing authority (e.g., the Board or one of its committees) or equivalent governing body on the status of cybersecurity within the organization.",GOVERN / Oversight / Risk Management Strategy Outcomes Review,GV.OV-01.02
2.1 Governance / 2.1.2.2 Role of the Board and senior management / Board and management responsibilities,2.1.2.2.21,"The Board and senior management should ensure that cyber risk, implementation of the cyber resilience framework and any associated issues appear regularly on the Board’s meeting agenda. Boards should have adequate access to cybersecurity expertise (whether internal or external), and discussions about cyber risk management should be given adequate time on the Board’s meeting agenda.",Evolving,Full Summarily,"GV.OV-01.03: The designated Technology Officer (e.g., CIO or CTO) regularly reports to the governing authority (e.g., the Board or one of its committees) on the status of technology use and risks within the organization.",GOVERN / Oversight / Risk Management Strategy Outcomes Review,GV.OV-01.03
2.1 Governance / 2.1.2.2 Role of the Board and senior management / Board and management responsibilities,2.1.2.2.21,"The Board and senior management should ensure that cyber risk, implementation of the cyber resilience framework and any associated issues appear regularly on the Board’s meeting agenda. Boards should have adequate access to cybersecurity expertise (whether internal or external), and discussions about cyber risk management should be given adequate time on the Board’s meeting agenda.",Evolving,Full Summarily,"GV.OV-03.01: The organization develops, implements, and reports to management and the governing body (e.g., the Board or one of its committees) key technology and cybersecurity risk and performance indicators and metrics to measure, monitor, and report actionable indicators.",GOVERN / Oversight / Risk Management Performance Measurement,GV.OV-03.01
2.1 Governance / 2.1.2.2 Role of the Board and senior management / Board and management responsibilities,2.1.2.2.21,"The Board and senior management should ensure that cyber risk, implementation of the cyber resilience framework and any associated issues appear regularly on the Board’s meeting agenda. Boards should have adequate access to cybersecurity expertise (whether internal or external), and discussions about cyber risk management should be given adequate time on the Board’s meeting agenda.",Evolving,Full Summarily,"GV.OV-03.02: Resilience program performance is measured and regularly reported to senior executives and the governing authority (e.g., the Board or one of its committees).",GOVERN / Oversight / Risk Management Performance Measurement,GV.OV-03.02
2.1 Governance / 2.1.2.2 Role of the Board and senior management / Board and management responsibilities,2.1.2.2.21,"The Board and senior management should ensure that cyber risk, implementation of the cyber resilience framework and any associated issues appear regularly on the Board’s meeting agenda. Boards should have adequate access to cybersecurity expertise (whether internal or external), and discussions about cyber risk management should be given adequate time on the Board’s meeting agenda.",Evolving,Full Summarily,"GV.IR-03.01: The independent risk management function reports to the governing authority (e.g., the Board or one of its committees) and to the designated risk management officer within the organization on the implementation of the technology and cybersecurity risk management frameworks throughout the organization and its independent assessment of risk posture.",GOVERN / Independent Risk Management Function / Independent Risk Management Reporting,GV.IR-03.01
2.1 Governance / 2.1.2.2 Role of the Board and senior management / Board and management responsibilities,2.1.2.2.22,Senior management should regularly provide a written report to the Board on the overall status of its cyber resilience programme and keys risks and issues.,Evolving,Full Summarily,"GV.OV-01.03: The designated Technology Officer (e.g., CIO or CTO) regularly reports to the governing authority (e.g., the Board or one of its committees) on the status of technology use and risks within the organization.",GOVERN / Oversight / Risk Management Strategy Outcomes Review,GV.OV-01.03
2.1 Governance / 2.1.2.2 Role of the Board and senior management / Board and management responsibilities,2.1.2.2.22,Senior management should regularly provide a written report to the Board on the overall status of its cyber resilience programme and keys risks and issues.,Evolving,Full Summarily,"GV.OV-03.01: The organization develops, implements, and reports to management and the governing body (e.g., the Board or one of its committees) key technology and cybersecurity risk and performance indicators and metrics to measure, monitor, and report actionable indicators.",GOVERN / Oversight / Risk Management Performance Measurement,GV.OV-03.01
2.1 Governance / 2.1.2.2 Role of the Board and senior management / Board and management responsibilities,2.1.2.2.23,"As part of the Board’s updates, senior management should provide their budgeting and forecasting activities plan for ongoing and future resource needs to ensure cyber resilience objectives are continually achieved.",Evolving,Full,"GV.RR-03.01: The organization's budgeting and resourcing processes identify, prioritize, and address resource needs to manage identified technology and cybersecurity risks (e.g., skill shortages, headcount, new tools, incident-related expenses, and unsupported systems).","GOVERN / Roles, Responsibilities, and Authorities / Resource Adequacy",GV.RR-03.01
2.1 Governance / 2.1.2.2 Role of the Board and senior management / Culture,2.1.2.2.24,"The Board and senior management should cultivate a strong level of awareness of and commitment to cyber resilience. To that end, an FMI’s Board and senior management should promote a culture that recognises that staff at all levels have important responsibilities for ensuring the FMI’s cyber resilience, and lead by example.",Evolving,Full Summarily,"GV.OC-02.01: The organization's obligation to its customers, employees, and stakeholders to maintain safety and soundness, while balancing size and complexity, is reflected in the organization's risk management strategy and framework,  its risk appetite and risk tolerance statements, and in a risk-aware culture.",GOVERN / Organizational Context / Stakeholder Risk Management Expectations,GV.OC-02.01
2.1 Governance / 2.1.2.2 Role of the Board and senior management / Culture,2.1.2.2.24,"The Board and senior management should cultivate a strong level of awareness of and commitment to cyber resilience. To that end, an FMI’s Board and senior management should promote a culture that recognises that staff at all levels have important responsibilities for ensuring the FMI’s cyber resilience, and lead by example.",Evolving,Full Summarily,"PR.AT-02.07: The organization's governing body (e.g., the Board or one of its committees) and senior management receive cybersecurity situational awareness training to include appropriate skills and knowledge to: 
(1) Evaluate and manage cyber risks;
(2) Promote a culture that recognizes that staff at all levels have important responsibilities in ensuring the organization's cyber resilience; and
(3) Lead by example.",PROTECT / Awareness and Training / Specialized Role Awareness & Training,PR.AT-02.07
2.1 Governance / 2.1.2.2 Role of the Board and senior management / Culture,2.1.2.2.25,"The Board and senior management should ensure that behavioural and cultural change is nurtured and conveyed through leadership and vision, with clear and effective messages such as cyber resilience is everyone’s duty. This could be executed throughout the FMI, possibly built into charters, vision statements and mandates from senior management, or through cyber awareness campaigns.",Evolving,Full Summarily,"GV.OC-02.01: The organization's obligation to its customers, employees, and stakeholders to maintain safety and soundness, while balancing size and complexity, is reflected in the organization's risk management strategy and framework,  its risk appetite and risk tolerance statements, and in a risk-aware culture.",GOVERN / Organizational Context / Stakeholder Risk Management Expectations,GV.OC-02.01
2.1 Governance / 2.1.2.2 Role of the Board and senior management / Culture,2.1.2.2.25,"The Board and senior management should ensure that behavioural and cultural change is nurtured and conveyed through leadership and vision, with clear and effective messages such as cyber resilience is everyone’s duty. This could be executed throughout the FMI, possibly built into charters, vision statements and mandates from senior management, or through cyber awareness campaigns.",Evolving,Full Summarily,"PR.AT-01.02: Cybersecurity awareness training includes, at a minimum, awareness of and competencies for data protection, personal data handling, compliance obligations, working with third parties, detecting cyber risks, and how to report any unusual activity or incidents.",PROTECT / Awareness and Training / User Awareness & Training,PR.AT-01.02
2.1 Governance / 2.1.2.2 Role of the Board and senior management / Culture,2.1.2.2.25,"The Board and senior management should ensure that behavioural and cultural change is nurtured and conveyed through leadership and vision, with clear and effective messages such as cyber resilience is everyone’s duty. This could be executed throughout the FMI, possibly built into charters, vision statements and mandates from senior management, or through cyber awareness campaigns.",Evolving,Full Summarily,"PR.AT-02.07: The organization's governing body (e.g., the Board or one of its committees) and senior management receive cybersecurity situational awareness training to include appropriate skills and knowledge to: 
(1) Evaluate and manage cyber risks;
(2) Promote a culture that recognizes that staff at all levels have important responsibilities in ensuring the organization's cyber resilience; and
(3) Lead by example.",PROTECT / Awareness and Training / Specialized Role Awareness & Training,PR.AT-02.07
2.1 Governance / 2.1.2.2 Role of the Board and senior management / Culture,2.1.2.2.26,"Senior management should ensure that situational awareness materials are made available to relevant employees when prompted by highly visible cyber incidents, changes to the threat landscape and the impacts of these threats to the FMI, or by regulatory alerts. For example, the FMI could send internal emails about cyber events or post articles on its intranet site.",Evolving,Full Summarily,"GV.RM-03.04: Technology and cybersecurity risk management considerations are integrated into daily operations, cultural norms, management discussions, and management decision-making, and are tailored to address enterprise-specific risks (both internal and external).",GOVERN / Risk Management Strategy / Enterprise Risk Integration,GV.RM-03.04
2.1 Governance / 2.1.2.2 Role of the Board and senior management / Culture,2.1.2.2.26,"Senior management should ensure that situational awareness materials are made available to relevant employees when prompted by highly visible cyber incidents, changes to the threat landscape and the impacts of these threats to the FMI, or by regulatory alerts. For example, the FMI could send internal emails about cyber events or post articles on its intranet site.",Evolving,Full Summarily,"PR.AT-02.02: High-risk groups, such as those with elevated privileges or in sensitive business functions (including privileged users, senior executives, cybersecurity personnel and third-party stakeholders), receive cybersecurity situational awareness training for their roles and responsibilities.",PROTECT / Awareness and Training / Specialized Role Awareness & Training,PR.AT-02.02
2.1 Governance / 2.1.2.2 Role of the Board and senior management / Culture,2.1.2.2.26,"Senior management should ensure that situational awareness materials are made available to relevant employees when prompted by highly visible cyber incidents, changes to the threat landscape and the impacts of these threats to the FMI, or by regulatory alerts. For example, the FMI could send internal emails about cyber events or post articles on its intranet site.",Evolving,Full Summarily,"RS.CO-03.01: The organization ensures that cyber threat intelligence is made available, in a secure manner, to authorized staff with responsibility for the mitigation of cyber risks at the strategic, tactical and operational levels within the organization.",RESPOND / Incident Response Reporting and Communication / Stakeholder Incident Information Sharing,RS.CO-03.01
2.1 Governance / 2.1.2.2 Role of the Board and senior management / Culture,2.1.2.2.26,"Senior management should ensure that situational awareness materials are made available to relevant employees when prompted by highly visible cyber incidents, changes to the threat landscape and the impacts of these threats to the FMI, or by regulatory alerts. For example, the FMI could send internal emails about cyber events or post articles on its intranet site.",Evolving,Full Summarily,"RS.CO-03.02: In the event of an incident, the organization shares authorized information, in a defined manner and through trusted channels, to facilitate the detection, response, resumption and recovery of its own systems and those of other partners and critical sector participants.",RESPOND / Incident Response Reporting and Communication / Stakeholder Incident Information Sharing,RS.CO-03.02
2.1 Governance / 2.1.2.2 Role of the Board and senior management / Skills and accountability,2.1.2.2.27,"Senior management should ensure that it has a programme for continuing cyber resilience training and skills development for all staff. This training programme should include the Board members and senior management and should be conducted at least annually. The annual cyber resilience training should include incident response, current cyber threats (e.g. threats, threat actors and vulnerabilities), tactics and techniques (e.g. phishing, spear phishing, social engineering and mobile security) and emerging issues, according to staff members’ levels of responsibility and the risks associated with their respective roles.",Evolving,Full Summarily,"PR.AT-01.03: Cybersecurity awareness training is updated on a regular basis to reflect risks and threats identified by the organization, the organization's security policies and standards, applicable laws and regulations, and changes in individual responsibilities.",PROTECT / Awareness and Training / User Awareness & Training,PR.AT-01.03
2.1 Governance / 2.1.2.2 Role of the Board and senior management / Skills and accountability,2.1.2.2.27,"Senior management should ensure that it has a programme for continuing cyber resilience training and skills development for all staff. This training programme should include the Board members and senior management and should be conducted at least annually. The annual cyber resilience training should include incident response, current cyber threats (e.g. threats, threat actors and vulnerabilities), tactics and techniques (e.g. phishing, spear phishing, social engineering and mobile security) and emerging issues, according to staff members’ levels of responsibility and the risks associated with their respective roles.",Evolving,Full Summarily,"PR.AT-01.04: As new technology is deployed or undergoes change that also requires changes in practices, all impacted personnel (e.g., end-users, developers, operators, etc.) are trained on the new system and any accompanying technology and cybersecurity risks.",PROTECT / Awareness and Training / User Awareness & Training,PR.AT-01.04
2.1 Governance / 2.1.2.2 Role of the Board and senior management / Skills and accountability,2.1.2.2.27,"Senior management should ensure that it has a programme for continuing cyber resilience training and skills development for all staff. This training programme should include the Board members and senior management and should be conducted at least annually. The annual cyber resilience training should include incident response, current cyber threats (e.g. threats, threat actors and vulnerabilities), tactics and techniques (e.g. phishing, spear phishing, social engineering and mobile security) and emerging issues, according to staff members’ levels of responsibility and the risks associated with their respective roles.",Evolving,Full Summarily,"PR.AT-02.01: Mechanisms are in place to ensure that the personnel working with cybersecurity and technology (e.g., developers, DBAs, network admins, etc.) maintain current knowledge and skills related to changing threats, countermeasures, new tools, best practices, and their job responsibilities.",PROTECT / Awareness and Training / Specialized Role Awareness & Training,PR.AT-02.01
2.1 Governance / 2.1.2.2 Role of the Board and senior management / Skills and accountability,2.1.2.2.27,"Senior management should ensure that it has a programme for continuing cyber resilience training and skills development for all staff. This training programme should include the Board members and senior management and should be conducted at least annually. The annual cyber resilience training should include incident response, current cyber threats (e.g. threats, threat actors and vulnerabilities), tactics and techniques (e.g. phishing, spear phishing, social engineering and mobile security) and emerging issues, according to staff members’ levels of responsibility and the risks associated with their respective roles.",Evolving,Full Summarily,"PR.AT-02.02: High-risk groups, such as those with elevated privileges or in sensitive business functions (including privileged users, senior executives, cybersecurity personnel and third-party stakeholders), receive cybersecurity situational awareness training for their roles and responsibilities.",PROTECT / Awareness and Training / Specialized Role Awareness & Training,PR.AT-02.02
2.1 Governance / 2.1.2.2 Role of the Board and senior management / Skills and accountability,2.1.2.2.27,"Senior management should ensure that it has a programme for continuing cyber resilience training and skills development for all staff. This training programme should include the Board members and senior management and should be conducted at least annually. The annual cyber resilience training should include incident response, current cyber threats (e.g. threats, threat actors and vulnerabilities), tactics and techniques (e.g. phishing, spear phishing, social engineering and mobile security) and emerging issues, according to staff members’ levels of responsibility and the risks associated with their respective roles.",Evolving,Full Summarily,PR.AT-02.03: All personnel (employee and third party) are made aware of and are trained for their role and operational steps in response and recovery plans.,PROTECT / Awareness and Training / Specialized Role Awareness & Training,PR.AT-02.03
2.1 Governance / 2.1.2.2 Role of the Board and senior management / Skills and accountability,2.1.2.2.27,"Senior management should ensure that it has a programme for continuing cyber resilience training and skills development for all staff. This training programme should include the Board members and senior management and should be conducted at least annually. The annual cyber resilience training should include incident response, current cyber threats (e.g. threats, threat actors and vulnerabilities), tactics and techniques (e.g. phishing, spear phishing, social engineering and mobile security) and emerging issues, according to staff members’ levels of responsibility and the risks associated with their respective roles.",Evolving,Full Summarily,PR.AT-02.04: The organization maintains and enhances the skills and knowledge of the in-house staff performing incident management and forensic investigation activities.,PROTECT / Awareness and Training / Specialized Role Awareness & Training,PR.AT-02.04
2.1 Governance / 2.1.2.2 Role of the Board and senior management / Skills and accountability,2.1.2.2.27,"Senior management should ensure that it has a programme for continuing cyber resilience training and skills development for all staff. This training programme should include the Board members and senior management and should be conducted at least annually. The annual cyber resilience training should include incident response, current cyber threats (e.g. threats, threat actors and vulnerabilities), tactics and techniques (e.g. phishing, spear phishing, social engineering and mobile security) and emerging issues, according to staff members’ levels of responsibility and the risks associated with their respective roles.",Evolving,Full Summarily,PR.AT-02.05: All third party staff receive cybersecurity awareness and job training sufficient for them to perform their duties and maintain organizational security.,PROTECT / Awareness and Training / Specialized Role Awareness & Training,PR.AT-02.05
2.1 Governance / 2.1.2.2 Role of the Board and senior management / Skills and accountability,2.1.2.2.28,"Senior management should ensure that employees and contractors with privileged account permissions and/or access to sensitive assets and information, receive additional cyber resilience training commensurate with their levels of responsibility, and that business units are provided with cyber resilience training relevant to their criticality to the business.",Evolving,Full Summarily,"PR.AT-02.01: Mechanisms are in place to ensure that the personnel working with cybersecurity and technology (e.g., developers, DBAs, network admins, etc.) maintain current knowledge and skills related to changing threats, countermeasures, new tools, best practices, and their job responsibilities.",PROTECT / Awareness and Training / Specialized Role Awareness & Training,PR.AT-02.01
2.1 Governance / 2.1.2.2 Role of the Board and senior management / Skills and accountability,2.1.2.2.28,"Senior management should ensure that employees and contractors with privileged account permissions and/or access to sensitive assets and information, receive additional cyber resilience training commensurate with their levels of responsibility, and that business units are provided with cyber resilience training relevant to their criticality to the business.",Evolving,Full Summarily,PR.AT-02.05: All third party staff receive cybersecurity awareness and job training sufficient for them to perform their duties and maintain organizational security.,PROTECT / Awareness and Training / Specialized Role Awareness & Training,PR.AT-02.05
2.1 Governance / 2.1.2.2 Role of the Board and senior management / Skills and accountability,2.1.2.2.29,"In order to implement the cyber resilience strategy and framework, senior management should ensure that it identifies the competencies, skills and resources required. Senior management could adopt well-known skills frameworks, such as the European e-Competence Framework (e-CF) or the Skills Framework for the Information Age (SFIA) to determine its organisational needs.",Evolving,Full Summarily,"GV.RM-01.02: Technology and cybersecurity risk management strategies and frameworks are informed by applicable international, national, and financial services industry standards and guidelines.",GOVERN / Risk Management Strategy / Risk Management Objectives Agreement,GV.RM-01.02
2.1 Governance / 2.1.2.2 Role of the Board and senior management / Skills and accountability,2.1.2.2.29,"In order to implement the cyber resilience strategy and framework, senior management should ensure that it identifies the competencies, skills and resources required. Senior management could adopt well-known skills frameworks, such as the European e-Competence Framework (e-CF) or the Skills Framework for the Information Age (SFIA) to determine its organisational needs.",Evolving,Full Summarily,"GV.RR-02.01: The roles, responsibilities, qualifications, and skill requirements for personnel (employees and third parties) that implement, manage, and oversee the technology, cybersecurity, and resilience programs are defined, aligned, coordinated, and holistically managed.","GOVERN / Roles, Responsibilities, and Authorities / Risk Management Roles & Responsibilities",GV.RR-02.01
2.1 Governance / 2.1.2.2 Role of the Board and senior management / Skills and accountability,2.1.2.2.29,"In order to implement the cyber resilience strategy and framework, senior management should ensure that it identifies the competencies, skills and resources required. Senior management could adopt well-known skills frameworks, such as the European e-Competence Framework (e-CF) or the Skills Framework for the Information Age (SFIA) to determine its organisational needs.",Evolving,Full Summarily,GV.RR-03.02: The organization regularly assesses its skill and resource level requirements against its current personnel complement to determine gaps in resource need.,"GOVERN / Roles, Responsibilities, and Authorities / Resource Adequacy",GV.RR-03.02
2.1 Governance / 2.1.2.2 Role of the Board and senior management / Skills and accountability,2.1.2.2.30,"Senior management should continuously review the skills, competencies and training requirements to ensure that it has the right set of skills as technologies and risks evolve.",Evolving,Full Summarily,"GV.RR-02.01: The roles, responsibilities, qualifications, and skill requirements for personnel (employees and third parties) that implement, manage, and oversee the technology, cybersecurity, and resilience programs are defined, aligned, coordinated, and holistically managed.","GOVERN / Roles, Responsibilities, and Authorities / Risk Management Roles & Responsibilities",GV.RR-02.01
2.1 Governance / 2.1.2.2 Role of the Board and senior management / Skills and accountability,2.1.2.2.30,"Senior management should continuously review the skills, competencies and training requirements to ensure that it has the right set of skills as technologies and risks evolve.",Evolving,Full Summarily,"GV.RR-03.01: The organization's budgeting and resourcing processes identify, prioritize, and address resource needs to manage identified technology and cybersecurity risks (e.g., skill shortages, headcount, new tools, incident-related expenses, and unsupported systems).","GOVERN / Roles, Responsibilities, and Authorities / Resource Adequacy",GV.RR-03.01
2.1 Governance / 2.1.2.2 Role of the Board and senior management / Skills and accountability,2.1.2.2.30,"Senior management should continuously review the skills, competencies and training requirements to ensure that it has the right set of skills as technologies and risks evolve.",Evolving,Full Summarily,GV.RR-03.02: The organization regularly assesses its skill and resource level requirements against its current personnel complement to determine gaps in resource need.,"GOVERN / Roles, Responsibilities, and Authorities / Resource Adequacy",GV.RR-03.02
2.1 Governance / 2.1.2.2 Role of the Board and senior management / Board and management responsibilities,2.1.2.2.31,"The FMI should ensure that the Board members’ and senior managements’ understanding of their roles and responsibilities with regard to cyber resilience is regularly assessed, including their knowledge of cyber risks.",Advancing,Full Summarily,"PR.AT-02.02: High-risk groups, such as those with elevated privileges or in sensitive business functions (including privileged users, senior executives, cybersecurity personnel and third-party stakeholders), receive cybersecurity situational awareness training for their roles and responsibilities.",PROTECT / Awareness and Training / Specialized Role Awareness & Training,PR.AT-02.02
2.1 Governance / 2.1.2.2 Role of the Board and senior management / Board and management responsibilities,2.1.2.2.31,"The FMI should ensure that the Board members’ and senior managements’ understanding of their roles and responsibilities with regard to cyber resilience is regularly assessed, including their knowledge of cyber risks.",Advancing,Full Summarily,"PR.AT-02.07: The organization's governing body (e.g., the Board or one of its committees) and senior management receive cybersecurity situational awareness training to include appropriate skills and knowledge to: 
(1) Evaluate and manage cyber risks;
(2) Promote a culture that recognizes that staff at all levels have important responsibilities in ensuring the organization's cyber resilience; and
(3) Lead by example.",PROTECT / Awareness and Training / Specialized Role Awareness & Training,PR.AT-02.07
2.1 Governance / 2.1.2.2 Role of the Board and senior management / Board and management responsibilities,2.1.2.2.32,"The Board should ensure that senior management regularly conducts a cyber resilience self-assessment5, which evaluates the FMI’s cyber maturity. The Board should review the self-assessment and take appropriate decisions to improve the effectiveness of cyber activities and integration with the corporate strategy across the FMI.",Advancing,Full Summarily,"GV.OC-05.01: The organization identifies, assesses, and documents the key dependencies, interdependencies, and potential points of failure to support the delivery of critical services (e.g., systems, business processes, workforce, third parties, facilities, etc.)",GOVERN / Organizational Context / Organizational Service Dependencies,GV.OC-05.01
2.1 Governance / 2.1.2.2 Role of the Board and senior management / Board and management responsibilities,2.1.2.2.32,"The Board should ensure that senior management regularly conducts a cyber resilience self-assessment5, which evaluates the FMI’s cyber maturity. The Board should review the self-assessment and take appropriate decisions to improve the effectiveness of cyber activities and integration with the corporate strategy across the FMI.",Advancing,Full Summarily,"GV.RM-03.03: Technology and cybersecurity risk management and risk assessment processes are consistent with the organization's enterprise risk management policies, procedures, and methodologies and include criteria for the evaluation and categorization of enterprise-specific risks and threats.",GOVERN / Risk Management Strategy / Enterprise Risk Integration,GV.RM-03.03
2.1 Governance / 2.1.2.2 Role of the Board and senior management / Board and management responsibilities,2.1.2.2.32,"The Board should ensure that senior management regularly conducts a cyber resilience self-assessment5, which evaluates the FMI’s cyber maturity. The Board should review the self-assessment and take appropriate decisions to improve the effectiveness of cyber activities and integration with the corporate strategy across the FMI.",Advancing,Full Summarily,"GV.RM-04.01: The governing authority (e.g., the Board or one of its committees) and senior management provide guidance, direction, and credible challenge in the design and implementation of risk management strategies, assessment of identified risks against risk appetite and risk tolerance, and in the selection of risk treatment approaches.",GOVERN / Risk Management Strategy / Risk Response Strategic Direction,GV.RM-04.01
2.1 Governance / 2.1.2.2 Role of the Board and senior management / Board and management responsibilities,2.1.2.2.33,"The Board should review and approve senior management's prioritisation and resource allocation decisions based on the results of the cyber (self-) assessments, performance against key performance indicators (KPIs) and their evolution against their target state of maturity, and the FMI's overall business objectives.",Advancing,Full Summarily,"GV.RM-04.01: The governing authority (e.g., the Board or one of its committees) and senior management provide guidance, direction, and credible challenge in the design and implementation of risk management strategies, assessment of identified risks against risk appetite and risk tolerance, and in the selection of risk treatment approaches.",GOVERN / Risk Management Strategy / Risk Response Strategic Direction,GV.RM-04.01
2.1 Governance / 2.1.2.2 Role of the Board and senior management / Board and management responsibilities,2.1.2.2.33,"The Board should review and approve senior management's prioritisation and resource allocation decisions based on the results of the cyber (self-) assessments, performance against key performance indicators (KPIs) and their evolution against their target state of maturity, and the FMI's overall business objectives.",Advancing,Full Summarily,"GV.RR-03.01: The organization's budgeting and resourcing processes identify, prioritize, and address resource needs to manage identified technology and cybersecurity risks (e.g., skill shortages, headcount, new tools, incident-related expenses, and unsupported systems).","GOVERN / Roles, Responsibilities, and Authorities / Resource Adequacy",GV.RR-03.01
2.1 Governance / 2.1.2.2 Role of the Board and senior management / Board and management responsibilities,2.1.2.2.33,"The Board should review and approve senior management's prioritisation and resource allocation decisions based on the results of the cyber (self-) assessments, performance against key performance indicators (KPIs) and their evolution against their target state of maturity, and the FMI's overall business objectives.",Advancing,Full Summarily,"GV.RR-03.03: The organization provides adequate resources, appropriate authority, and access to the governing authority for the designated Cybersecurity Officer (e.g., CISO).","GOVERN / Roles, Responsibilities, and Authorities / Resource Adequacy",GV.RR-03.03
2.1 Governance / 2.1.2.2 Role of the Board and senior management / Board and management responsibilities,2.1.2.2.33,"The Board should review and approve senior management's prioritisation and resource allocation decisions based on the results of the cyber (self-) assessments, performance against key performance indicators (KPIs) and their evolution against their target state of maturity, and the FMI's overall business objectives.",Advancing,Full Summarily,"GV.OV-01.01: The governing authority (e.g., the Board or one of its committees) regularly reviews and evaluates the organization's ability to manage its technology, cybersecurity, third-party, and resilience risks.",GOVERN / Oversight / Risk Management Strategy Outcomes Review,GV.OV-01.01
2.1 Governance / 2.1.2.2 Role of the Board and senior management / Board and management responsibilities,2.1.2.2.33,"The Board should review and approve senior management's prioritisation and resource allocation decisions based on the results of the cyber (self-) assessments, performance against key performance indicators (KPIs) and their evolution against their target state of maturity, and the FMI's overall business objectives.",Advancing,Full Summarily,"GV.OV-03.01: The organization develops, implements, and reports to management and the governing body (e.g., the Board or one of its committees) key technology and cybersecurity risk and performance indicators and metrics to measure, monitor, and report actionable indicators.",GOVERN / Oversight / Risk Management Performance Measurement,GV.OV-03.01
2.1 Governance / 2.1.2.2 Role of the Board and senior management / Culture,2.1.2.2.34,Senior management should establish and sustain incentives (e.g. staff recognition awards) to ensure behaviours are consistent with the intended cyber risk culture.,Advancing,Full,"GV.PO-01.03: The organization's incentive programs are consistent with cyber risk management objectives, and technology and cybersecurity policies integrate with an employee accountability policy to ensure that all personnel are held accountable for complying with policies.","GOVERN / Policies, Processes, and Procedures / Establishment of Policies & Procedures",GV.PO-01.03
2.1 Governance / 2.1.2.2 Role of the Board and senior management / Culture,2.1.2.2.35,"Senior management should produce a formal cyber Code of Conduct, which can be incorporated into the FMI’s enterprise Code of Conduct, and ensure that all employees comply with it.",Advancing,Full Summarily,"GV.RR-01.01: The governing authority (e.g., the Board or one of its committees) oversees and holds senior management accountable for implementing the organization’s technology and cybersecurity risk management strategies and frameworks.","GOVERN / Roles, Responsibilities, and Authorities / Organizational Leadership Responsibility",GV.RR-01.01
2.1 Governance / 2.1.2.2 Role of the Board and senior management / Culture,2.1.2.2.35,"Senior management should produce a formal cyber Code of Conduct, which can be incorporated into the FMI’s enterprise Code of Conduct, and ensure that all employees comply with it.",Advancing,Full Summarily,"GV.PO-01.03: The organization's incentive programs are consistent with cyber risk management objectives, and technology and cybersecurity policies integrate with an employee accountability policy to ensure that all personnel are held accountable for complying with policies.","GOVERN / Policies, Processes, and Procedures / Establishment of Policies & Procedures",GV.PO-01.03
2.1 Governance / 2.1.2.2 Role of the Board and senior management / Culture,2.1.2.2.35,"Senior management should produce a formal cyber Code of Conduct, which can be incorporated into the FMI’s enterprise Code of Conduct, and ensure that all employees comply with it.",Advancing,Full Summarily,"GV.PO-01.04: All personnel (employees and third party) consent to policies addressing acceptable technology use, social media use, personal device use (e.g., BYOD), confidentiality, and/or other security-related policies and agreements as warranted by their position.","GOVERN / Policies, Processes, and Procedures / Establishment of Policies & Procedures",GV.PO-01.04
2.1 Governance / 2.1.2.2 Role of the Board and senior management / Culture,2.1.2.2.36,"Senior management should validate the effectiveness of its cyber resilience training programme (e.g. social engineering or phishing tests) and assess whether training and awareness programmes positively influence behaviour. Based on the lessons learned from its training programme, the FMI should improve the employee awareness programmes.",Advancing,Full Summarily,"ID.IM-01.04: Technology and cybersecurity programs include elements designed to assess, manage, and continually improve the quality of program delivery in addressing stakeholder requirements and risk reduction.",IDENTIFY / Improvement / Continuous Improvements Evaluation,ID.IM-01.04
2.1 Governance / 2.1.2.2 Role of the Board and senior management / Culture,2.1.2.2.36,"Senior management should validate the effectiveness of its cyber resilience training programme (e.g. social engineering or phishing tests) and assess whether training and awareness programmes positively influence behaviour. Based on the lessons learned from its training programme, the FMI should improve the employee awareness programmes.",Advancing,Full Summarily,"PR.AT-01.03: Cybersecurity awareness training is updated on a regular basis to reflect risks and threats identified by the organization, the organization's security policies and standards, applicable laws and regulations, and changes in individual responsibilities.",PROTECT / Awareness and Training / User Awareness & Training,PR.AT-01.03
2.1 Governance / 2.1.2.2 Role of the Board and senior management / Culture,2.1.2.2.37,"Senior management should develop key performance metrics (e.g. KPIs) and key risk metrics (e.g. key risk indicators (KRIs)) and markers (both quantitative and qualitative) and ensure supporting data are routinely collected at the senior management level to monitor, measure and report on the implementation, effectiveness, consistency and persistence of cyber activities.",Advancing,Full Summarily,"GV.OV-03.01: The organization develops, implements, and reports to management and the governing body (e.g., the Board or one of its committees) key technology and cybersecurity risk and performance indicators and metrics to measure, monitor, and report actionable indicators.",GOVERN / Oversight / Risk Management Performance Measurement,GV.OV-03.01
2.1 Governance / 2.1.2.2 Role of the Board and senior management / Culture,2.1.2.2.37,"Senior management should develop key performance metrics (e.g. KPIs) and key risk metrics (e.g. key risk indicators (KRIs)) and markers (both quantitative and qualitative) and ensure supporting data are routinely collected at the senior management level to monitor, measure and report on the implementation, effectiveness, consistency and persistence of cyber activities.",Advancing,Full Summarily,"ID.IM-01.02: The organization implements a regular process to collect, store, report, benchmark, and assess trends in actionable performance indicators and risk metrics (e.g., threat KRIs, security incident metrics, vulnerability metrics, and operational measures).",IDENTIFY / Improvement / Continuous Improvements Evaluation,ID.IM-01.02
2.1 Governance / 2.1.2.2 Role of the Board and senior management / Culture,2.1.2.2.37,"Senior management should develop key performance metrics (e.g. KPIs) and key risk metrics (e.g. key risk indicators (KRIs)) and markers (both quantitative and qualitative) and ensure supporting data are routinely collected at the senior management level to monitor, measure and report on the implementation, effectiveness, consistency and persistence of cyber activities.",Advancing,Full Summarily,"ID.IM-01.03: The organization establishes specific objectives, performance criteria, benchmarks, and tolerance limits to identify areas that have improved or are in need of improvement over time.",IDENTIFY / Improvement / Continuous Improvements Evaluation,ID.IM-01.03
2.1 Governance / 2.1.2.2 Role of the Board and senior management / Skills and accountability,2.1.2.2.38,"Senior management should embed a programme for talent recruitment, retention and succession planning for the staff, and ensure such staff are aligned to cyber activities and deployed effectively across the FMI.",Advancing,Full Summarily,"GV.RR-02.01: The roles, responsibilities, qualifications, and skill requirements for personnel (employees and third parties) that implement, manage, and oversee the technology, cybersecurity, and resilience programs are defined, aligned, coordinated, and holistically managed.","GOVERN / Roles, Responsibilities, and Authorities / Risk Management Roles & Responsibilities",GV.RR-02.01
2.1 Governance / 2.1.2.2 Role of the Board and senior management / Skills and accountability,2.1.2.2.38,"Senior management should embed a programme for talent recruitment, retention and succession planning for the staff, and ensure such staff are aligned to cyber activities and deployed effectively across the FMI.",Advancing,Full Summarily,"GV.RR-03.01: The organization's budgeting and resourcing processes identify, prioritize, and address resource needs to manage identified technology and cybersecurity risks (e.g., skill shortages, headcount, new tools, incident-related expenses, and unsupported systems).","GOVERN / Roles, Responsibilities, and Authorities / Resource Adequacy",GV.RR-03.01
2.1 Governance / 2.1.2.2 Role of the Board and senior management / Skills and accountability,2.1.2.2.38,"Senior management should embed a programme for talent recruitment, retention and succession planning for the staff, and ensure such staff are aligned to cyber activities and deployed effectively across the FMI.",Advancing,Full Summarily,GV.RR-03.02: The organization regularly assesses its skill and resource level requirements against its current personnel complement to determine gaps in resource need.,"GOVERN / Roles, Responsibilities, and Authorities / Resource Adequacy",GV.RR-03.02
2.1 Governance / 2.1.2.2 Role of the Board and senior management / Skills and accountability,2.1.2.2.39,"Senior management should ensure that there are well-defined plans for the succession of high-risk staff (e.g. senior management, system administrators, software developers and critical system operators, etc.), and the recruitment requirements for key cyber roles include suitable cyber skills, knowledge and experience in alignment with defined succession plans.",Advancing,Partial,"GV.RR-02.01: The roles, responsibilities, qualifications, and skill requirements for personnel (employees and third parties) that implement, manage, and oversee the technology, cybersecurity, and resilience programs are defined, aligned, coordinated, and holistically managed.","GOVERN / Roles, Responsibilities, and Authorities / Risk Management Roles & Responsibilities",GV.RR-02.01
2.1 Governance / 2.1.2.2 Role of the Board and senior management / Skills and accountability,2.1.2.2.39,"Senior management should ensure that there are well-defined plans for the succession of high-risk staff (e.g. senior management, system administrators, software developers and critical system operators, etc.), and the recruitment requirements for key cyber roles include suitable cyber skills, knowledge and experience in alignment with defined succession plans.",Advancing,Partial,"GV.RR-03.01: The organization's budgeting and resourcing processes identify, prioritize, and address resource needs to manage identified technology and cybersecurity risks (e.g., skill shortages, headcount, new tools, incident-related expenses, and unsupported systems).","GOVERN / Roles, Responsibilities, and Authorities / Resource Adequacy",GV.RR-03.01
2.1 Governance / 2.1.2.2 Role of the Board and senior management / Skills and accountability,2.1.2.2.39,"Senior management should ensure that there are well-defined plans for the succession of high-risk staff (e.g. senior management, system administrators, software developers and critical system operators, etc.), and the recruitment requirements for key cyber roles include suitable cyber skills, knowledge and experience in alignment with defined succession plans.",Advancing,Partial,GV.RR-03.02: The organization regularly assesses its skill and resource level requirements against its current personnel complement to determine gaps in resource need.,"GOVERN / Roles, Responsibilities, and Authorities / Resource Adequacy",GV.RR-03.02
2.1 Governance / 2.1.2.2 Role of the Board and senior management / Skills and accountability,2.1.2.2.40,Senior management should ensure that staff performance plans are tied to compliance with cyber resilience policies and standards in order to hold employees accountable.,Advancing,Full,"GV.PO-01.03: The organization's incentive programs are consistent with cyber risk management objectives, and technology and cybersecurity policies integrate with an employee accountability policy to ensure that all personnel are held accountable for complying with policies.","GOVERN / Policies, Processes, and Procedures / Establishment of Policies & Procedures",GV.PO-01.03
2.1 Governance / 2.1.2.2 Role of the Board and senior management / Board and management responsibilities,2.1.2.2.41,The FMI should appoint a dedicated cyber expert to the Board.,Innovating,Partial,"PR.AT-02.08: Where the organization's governing authority (e.g., the Board or one of its committees) does not have adequate cybersecurity expertise, they should have direct access to the senior officer responsible for cybersecurity and independent sources of expertise to discuss cybersecurity related matters.",PROTECT / Awareness and Training / Specialized Role Awareness & Training,PR.AT-02.08
2.1 Governance / 2.1.2.2 Role of the Board and senior management / Board and management responsibilities,2.1.2.2.42,"The standard Board meeting package should include reports and metrics that cover areas such as suspicious cybersecurity events (e.g. increased network behaviour and unusual user activity), cyber incidents and threat intelligence trends for the ecosystem to facilitate discussions on how the FMI should respond accordingly.",Innovating,Full Summarily,"GV.RM-02.01: The governing authority (e.g., the Board or one of its committees) endorses and regularly reviews technology and cybersecurity risk appetite and is regularly informed about the status of, and material changes to, the organization's inherent risk profile.",GOVERN / Risk Management Strategy / Risk Appetite & Risk Tolerance Statements,GV.RM-02.01
2.1 Governance / 2.1.2.2 Role of the Board and senior management / Board and management responsibilities,2.1.2.2.42,"The standard Board meeting package should include reports and metrics that cover areas such as suspicious cybersecurity events (e.g. increased network behaviour and unusual user activity), cyber incidents and threat intelligence trends for the ecosystem to facilitate discussions on how the FMI should respond accordingly.",Innovating,Full Summarily,"GV.OV-01.02: The designated Cybersecurity Officer (e.g., CISO) periodically reports to the appropriate governing authority (e.g., the Board or one of its committees) or equivalent governing body on the status of cybersecurity within the organization.",GOVERN / Oversight / Risk Management Strategy Outcomes Review,GV.OV-01.02
2.1 Governance / 2.1.2.2 Role of the Board and senior management / Board and management responsibilities,2.1.2.2.42,"The standard Board meeting package should include reports and metrics that cover areas such as suspicious cybersecurity events (e.g. increased network behaviour and unusual user activity), cyber incidents and threat intelligence trends for the ecosystem to facilitate discussions on how the FMI should respond accordingly.",Innovating,Full Summarily,"GV.OV-03.01: The organization develops, implements, and reports to management and the governing body (e.g., the Board or one of its committees) key technology and cybersecurity risk and performance indicators and metrics to measure, monitor, and report actionable indicators.",GOVERN / Oversight / Risk Management Performance Measurement,GV.OV-03.01
2.1 Governance / 2.1.2.2 Role of the Board and senior management / Board and management responsibilities,2.1.2.2.42,"The standard Board meeting package should include reports and metrics that cover areas such as suspicious cybersecurity events (e.g. increased network behaviour and unusual user activity), cyber incidents and threat intelligence trends for the ecosystem to facilitate discussions on how the FMI should respond accordingly.",Innovating,Full Summarily,"RS.CO-02.01: The organization's incident response program includes defined and approved escalation protocols, linked to organizational decision levels and communication strategies, including which types of information will be shared, with whom (e.g., the organization's governing authority and senior management), and how information provided to the organization will be acted upon.",RESPOND / Incident Response Reporting and Communication / Stakeholder Incident Notification,RS.CO-02.01
2.1 Governance / 2.1.2.2 Role of the Board and senior management / Board and management responsibilities,2.1.2.2.43,"The Board and senior management should proactively enhance its strategic goals, objectives and tactical plans, as needed, to support cyber activities and improvements across the ecosystem, making use of any available sector-defined requirements and coordinated initiatives, and clearly communicate this to the relevant stakeholders.",Innovating,Full Summarily,GV.OC-02.02: Technology and cybersecurity risk management strategies identify and communicate the organization’s role within the financial services sector as a component of critical infrastructure.,GOVERN / Organizational Context / Stakeholder Risk Management Expectations,GV.OC-02.02
2.1 Governance / 2.1.2.2 Role of the Board and senior management / Board and management responsibilities,2.1.2.2.43,"The Board and senior management should proactively enhance its strategic goals, objectives and tactical plans, as needed, to support cyber activities and improvements across the ecosystem, making use of any available sector-defined requirements and coordinated initiatives, and clearly communicate this to the relevant stakeholders.",Innovating,Full Summarily,GV.OC-02.03: Technology and cybersecurity risk management strategies identify and communicate the organization's role as it relates to other critical infrastructure sectors outside of the financial services sector and the interdependency risks.,GOVERN / Organizational Context / Stakeholder Risk Management Expectations,GV.OC-02.03
2.1 Governance / 2.1.2.2 Role of the Board and senior management / Board and management responsibilities,2.1.2.2.43,"The Board and senior management should proactively enhance its strategic goals, objectives and tactical plans, as needed, to support cyber activities and improvements across the ecosystem, making use of any available sector-defined requirements and coordinated initiatives, and clearly communicate this to the relevant stakeholders.",Innovating,Full Summarily,"ID.RA-02.01: The organization participates actively (in alignment with its business operations, inherent risk, and complexity) in information-sharing groups and collectives (e.g., cross-industry, cross-government and cross-border groups) to gather, distribute and analyze information about cyber practices, cyber threats, and early warning indicators relating to cyber threats.",IDENTIFY / Risk Assessment / Information Sharing Forums,ID.RA-02.01
2.1 Governance / 2.1.2.2 Role of the Board and senior management / Board and management responsibilities,2.1.2.2.43,"The Board and senior management should proactively enhance its strategic goals, objectives and tactical plans, as needed, to support cyber activities and improvements across the ecosystem, making use of any available sector-defined requirements and coordinated initiatives, and clearly communicate this to the relevant stakeholders.",Innovating,Full Summarily,ID.RA-02.02: The organization shares authorized information on its cyber resilience framework and the effectiveness of protection technologies bilaterally with trusted external stakeholders to promote the understanding of each party’s approach to securing systems.,IDENTIFY / Risk Assessment / Information Sharing Forums,ID.RA-02.02
2.1 Governance / 2.1.2.2 Role of the Board and senior management / Board and management responsibilities,2.1.2.2.43,"The Board and senior management should proactively enhance its strategic goals, objectives and tactical plans, as needed, to support cyber activities and improvements across the ecosystem, making use of any available sector-defined requirements and coordinated initiatives, and clearly communicate this to the relevant stakeholders.",Innovating,Full Summarily,"EX.MM-02.03: The organization collaborates with suppliers to maintain and improve the secure use of products, services, and external connections.",EXTEND / Monitoring and Managing Suppliers / Ongoing Third-Party Management,EX.MM-02.03
2.1 Governance / 2.1.2.2 Role of the Board and senior management / Culture,2.1.2.2.44,Senior management should cooperate proactively with other stakeholders to promote a cyber resilience culture across the ecosystem.,Innovating,Full Summarily,"ID.RA-02.01: The organization participates actively (in alignment with its business operations, inherent risk, and complexity) in information-sharing groups and collectives (e.g., cross-industry, cross-government and cross-border groups) to gather, distribute and analyze information about cyber practices, cyber threats, and early warning indicators relating to cyber threats.",IDENTIFY / Risk Assessment / Information Sharing Forums,ID.RA-02.01
2.1 Governance / 2.1.2.2 Role of the Board and senior management / Culture,2.1.2.2.44,Senior management should cooperate proactively with other stakeholders to promote a cyber resilience culture across the ecosystem.,Innovating,Full Summarily,ID.RA-02.02: The organization shares authorized information on its cyber resilience framework and the effectiveness of protection technologies bilaterally with trusted external stakeholders to promote the understanding of each party’s approach to securing systems.,IDENTIFY / Risk Assessment / Information Sharing Forums,ID.RA-02.02
2.1 Governance / 2.1.2.2 Role of the Board and senior management / Culture,2.1.2.2.44,Senior management should cooperate proactively with other stakeholders to promote a cyber resilience culture across the ecosystem.,Innovating,Full Summarily,"EX.MM-02.03: The organization collaborates with suppliers to maintain and improve the secure use of products, services, and external connections.",EXTEND / Monitoring and Managing Suppliers / Ongoing Third-Party Management,EX.MM-02.03
2.1 Governance / 2.1.2.2 Role of the Board and senior management / Skills and accountability,2.1.2.2.45,"Senior management should regularly benchmark its cyber resilience capabilities against the market to identify its gaps in terms of governance, skills, resources and tools, treating these gaps as cyber risks and addressing them accordingly.",Innovating,Partial,"ID.IM-01.02: The organization implements a regular process to collect, store, report, benchmark, and assess trends in actionable performance indicators and risk metrics (e.g., threat KRIs, security incident metrics, vulnerability metrics, and operational measures).",IDENTIFY / Improvement / Continuous Improvements Evaluation,ID.IM-01.02
2.1 Governance / 2.1.2.2 Role of the Board and senior management / Skills and accountability,2.1.2.2.45,"Senior management should regularly benchmark its cyber resilience capabilities against the market to identify its gaps in terms of governance, skills, resources and tools, treating these gaps as cyber risks and addressing them accordingly.",Innovating,Partial,"ID.IM-01.03: The organization establishes specific objectives, performance criteria, benchmarks, and tolerance limits to identify areas that have improved or are in need of improvement over time.",IDENTIFY / Improvement / Continuous Improvements Evaluation,ID.IM-01.03
2.1 Governance / 2.1.2.2 Role of the Board and senior management / Skills and accountability,2.1.2.2.45,"Senior management should regularly benchmark its cyber resilience capabilities against the market to identify its gaps in terms of governance, skills, resources and tools, treating these gaps as cyber risks and addressing them accordingly.",Innovating,Partial,"ID.IM-01.04: Technology and cybersecurity programs include elements designed to assess, manage, and continually improve the quality of program delivery in addressing stakeholder requirements and risk reduction.",IDENTIFY / Improvement / Continuous Improvements Evaluation,ID.IM-01.04
2.1 Governance / 2.1.2.2 Role of the Board and senior management / Skills and accountability,2.1.2.2.46,"Senior management should actively foster partnerships with industry associations and cybersecurity practitioners to develop solutions for future cyber resilience needs, which will be useful to the FMI and the ecosystem as a whole.",Innovating,Full Summarily,"ID.RA-02.01: The organization participates actively (in alignment with its business operations, inherent risk, and complexity) in information-sharing groups and collectives (e.g., cross-industry, cross-government and cross-border groups) to gather, distribute and analyze information about cyber practices, cyber threats, and early warning indicators relating to cyber threats.",IDENTIFY / Risk Assessment / Information Sharing Forums,ID.RA-02.01
2.1 Governance / 2.1.2.2 Role of the Board and senior management / Skills and accountability,2.1.2.2.46,"Senior management should actively foster partnerships with industry associations and cybersecurity practitioners to develop solutions for future cyber resilience needs, which will be useful to the FMI and the ecosystem as a whole.",Innovating,Full Summarily,"EX.MM-02.03: The organization collaborates with suppliers to maintain and improve the secure use of products, services, and external connections.",EXTEND / Monitoring and Managing Suppliers / Ongoing Third-Party Management,EX.MM-02.03
2.2 Identification / 2.2.2 Expectations,2.2.2.1,"The FMI should identify and document all its critical functions, key roles, processes and information assets that support those functions, and update this information on a regular basis.",Evolving,Full Summarily,"GV.OC-04.01: The organization maintains an inventory of key internal assets, business functions, and external dependencies that includes mappings to other assets, business functions, and information flows.",GOVERN / Organizational Context / Stakeholder Service Expectations,GV.OC-04.01
2.2 Identification / 2.2.2 Expectations,2.2.2.1,"The FMI should identify and document all its critical functions, key roles, processes and information assets that support those functions, and update this information on a regular basis.",Evolving,Full Summarily,"GV.OC-04.02: The organization documents the business processes that are critical for the delivery of services and the functioning of the organization, and the impacts to the business if those processes are degraded or not functioning.",GOVERN / Organizational Context / Stakeholder Service Expectations,GV.OC-04.02
2.2 Identification / 2.2.2 Expectations,2.2.2.1,"The FMI should identify and document all its critical functions, key roles, processes and information assets that support those functions, and update this information on a regular basis.",Evolving,Full Summarily,"GV.OC-04.04: The organization prioritizes the resilience design, planning, testing, and monitoring of systems and other key internal and external dependencies according to their criticality to the supported business functions, enterprise mission, and to the financial services sector.",GOVERN / Organizational Context / Stakeholder Service Expectations,GV.OC-04.04
2.2 Identification / 2.2.2 Expectations,2.2.2.1,"The FMI should identify and document all its critical functions, key roles, processes and information assets that support those functions, and update this information on a regular basis.",Evolving,Full Summarily,"GV.OC-05.01: The organization identifies, assesses, and documents the key dependencies, interdependencies, and potential points of failure to support the delivery of critical services (e.g., systems, business processes, workforce, third parties, facilities, etc.)",GOVERN / Organizational Context / Organizational Service Dependencies,GV.OC-05.01
2.2 Identification / 2.2.2 Expectations,2.2.2.1,"The FMI should identify and document all its critical functions, key roles, processes and information assets that support those functions, and update this information on a regular basis.",Evolving,Full Summarily,"GV.OC-05.02: The organization has prioritized its external dependencies according to their criticality to the supported enterprise mission, business functions, and to the financial services sector.",GOVERN / Organizational Context / Organizational Service Dependencies,GV.OC-05.02
2.2 Identification / 2.2.2 Expectations,2.2.2.1,"The FMI should identify and document all its critical functions, key roles, processes and information assets that support those functions, and update this information on a regular basis.",Evolving,Full Summarily,"ID.AM-05.02: The organization's hardware, software, and data assets are prioritized for protection based on their sensitivity, criticality, vulnerability, business value, and dependency role in the delivery of critical services.",IDENTIFY / Asset Management / Asset Protection Prioritization,ID.AM-05.02
2.2 Identification / 2.2.2 Expectations,2.2.2.2,"The FMI should identify and document all processes that are dependent on third-party service providers and identify its interconnections, and update this information on a regular basis.",Evolving,Full Summarily,"GV.OC-05.01: The organization identifies, assesses, and documents the key dependencies, interdependencies, and potential points of failure to support the delivery of critical services (e.g., systems, business processes, workforce, third parties, facilities, etc.)",GOVERN / Organizational Context / Organizational Service Dependencies,GV.OC-05.01
2.2 Identification / 2.2.2 Expectations,2.2.2.2,"The FMI should identify and document all processes that are dependent on third-party service providers and identify its interconnections, and update this information on a regular basis.",Evolving,Full Summarily,"GV.OC-05.02: The organization has prioritized its external dependencies according to their criticality to the supported enterprise mission, business functions, and to the financial services sector.",GOVERN / Organizational Context / Organizational Service Dependencies,GV.OC-05.02
2.2 Identification / 2.2.2 Expectations,2.2.2.3,"The FMI should maintain an up-to-date inventory of all the critical functions, key roles, processes, information assets, third-party service providers and interconnections. It should integrate identification efforts with other relevant processes, such as acquisition and change management, in order to facilitate a regular review of its inventory.",Evolving,Full Summarily,"GV.OC-04.01: The organization maintains an inventory of key internal assets, business functions, and external dependencies that includes mappings to other assets, business functions, and information flows.",GOVERN / Organizational Context / Stakeholder Service Expectations,GV.OC-04.01
2.2 Identification / 2.2.2 Expectations,2.2.2.3,"The FMI should maintain an up-to-date inventory of all the critical functions, key roles, processes, information assets, third-party service providers and interconnections. It should integrate identification efforts with other relevant processes, such as acquisition and change management, in order to facilitate a regular review of its inventory.",Evolving,Full Summarily,"GV.OC-04.02: The organization documents the business processes that are critical for the delivery of services and the functioning of the organization, and the impacts to the business if those processes are degraded or not functioning.",GOVERN / Organizational Context / Stakeholder Service Expectations,GV.OC-04.02
2.2 Identification / 2.2.2 Expectations,2.2.2.3,"The FMI should maintain an up-to-date inventory of all the critical functions, key roles, processes, information assets, third-party service providers and interconnections. It should integrate identification efforts with other relevant processes, such as acquisition and change management, in order to facilitate a regular review of its inventory.",Evolving,Full Summarily,"GV.OC-04.04: The organization prioritizes the resilience design, planning, testing, and monitoring of systems and other key internal and external dependencies according to their criticality to the supported business functions, enterprise mission, and to the financial services sector.",GOVERN / Organizational Context / Stakeholder Service Expectations,GV.OC-04.04
2.2 Identification / 2.2.2 Expectations,2.2.2.3,"The FMI should maintain an up-to-date inventory of all the critical functions, key roles, processes, information assets, third-party service providers and interconnections. It should integrate identification efforts with other relevant processes, such as acquisition and change management, in order to facilitate a regular review of its inventory.",Evolving,Full Summarily,"GV.OC-05.01: The organization identifies, assesses, and documents the key dependencies, interdependencies, and potential points of failure to support the delivery of critical services (e.g., systems, business processes, workforce, third parties, facilities, etc.)",GOVERN / Organizational Context / Organizational Service Dependencies,GV.OC-05.01
2.2 Identification / 2.2.2 Expectations,2.2.2.3,"The FMI should maintain an up-to-date inventory of all the critical functions, key roles, processes, information assets, third-party service providers and interconnections. It should integrate identification efforts with other relevant processes, such as acquisition and change management, in order to facilitate a regular review of its inventory.",Evolving,Full Summarily,"GV.OC-05.02: The organization has prioritized its external dependencies according to their criticality to the supported enterprise mission, business functions, and to the financial services sector.",GOVERN / Organizational Context / Organizational Service Dependencies,GV.OC-05.02
2.2 Identification / 2.2.2 Expectations,2.2.2.3,"The FMI should maintain an up-to-date inventory of all the critical functions, key roles, processes, information assets, third-party service providers and interconnections. It should integrate identification efforts with other relevant processes, such as acquisition and change management, in order to facilitate a regular review of its inventory.",Evolving,Full Summarily,"ID.AM-03.01: The organization maintains current maps of network resources, mobile resources, external connections, network-connected third parties, and network data flows.",IDENTIFY / Asset Management / Network Communications & Data Flows,ID.AM-03.01
2.2 Identification / 2.2.2 Expectations,2.2.2.4,"The FMI should have an enterprise risk management framework to identify risks and conduct risk assessments on a regular basis and of all the critical functions, key roles, processes, information assets, third-party service providers and interconnections to determine, classify and document their level of criticality.",Evolving,Full Summarily,"GV.RM-01.01: Technology and cybersecurity risk management strategies and frameworks are approved by the governing authority (e.g., the Board or one of its committees) and incorporated into the overall business strategy and enterprise risk management framework.",GOVERN / Risk Management Strategy / Risk Management Objectives Agreement,GV.RM-01.01
2.2 Identification / 2.2.2 Expectations,2.2.2.4,"The FMI should have an enterprise risk management framework to identify risks and conduct risk assessments on a regular basis and of all the critical functions, key roles, processes, information assets, third-party service providers and interconnections to determine, classify and document their level of criticality.",Evolving,Full Summarily,"GV.RM-01.02: Technology and cybersecurity risk management strategies and frameworks are informed by applicable international, national, and financial services industry standards and guidelines.",GOVERN / Risk Management Strategy / Risk Management Objectives Agreement,GV.RM-01.02
2.2 Identification / 2.2.2 Expectations,2.2.2.4,"The FMI should have an enterprise risk management framework to identify risks and conduct risk assessments on a regular basis and of all the critical functions, key roles, processes, information assets, third-party service providers and interconnections to determine, classify and document their level of criticality.",Evolving,Full Summarily,"GV.RM-01.03: The organization has established, and maintains, technology and cybersecurity programs designed to protect the confidentiality, integrity and availability of its information and operational systems, commensurate with the organization's risk appetite and business needs.",GOVERN / Risk Management Strategy / Risk Management Objectives Agreement,GV.RM-01.03
2.2 Identification / 2.2.2 Expectations,2.2.2.4,"The FMI should have an enterprise risk management framework to identify risks and conduct risk assessments on a regular basis and of all the critical functions, key roles, processes, information assets, third-party service providers and interconnections to determine, classify and document their level of criticality.",Evolving,Full Summarily,"GV.RM-01.04: Technology and cybersecurity risk management programs incorporate risk identification, measurement, monitoring, and reporting.",GOVERN / Risk Management Strategy / Risk Management Objectives Agreement,GV.RM-01.04
2.2 Identification / 2.2.2 Expectations,2.2.2.4,"The FMI should have an enterprise risk management framework to identify risks and conduct risk assessments on a regular basis and of all the critical functions, key roles, processes, information assets, third-party service providers and interconnections to determine, classify and document their level of criticality.",Evolving,Full Summarily,"GV.RM-03.03: Technology and cybersecurity risk management and risk assessment processes are consistent with the organization's enterprise risk management policies, procedures, and methodologies and include criteria for the evaluation and categorization of enterprise-specific risks and threats.",GOVERN / Risk Management Strategy / Enterprise Risk Integration,GV.RM-03.03
2.2 Identification / 2.2.2 Expectations,2.2.2.4,"The FMI should have an enterprise risk management framework to identify risks and conduct risk assessments on a regular basis and of all the critical functions, key roles, processes, information assets, third-party service providers and interconnections to determine, classify and document their level of criticality.",Evolving,Full Summarily,"GV.RM-03.04: Technology and cybersecurity risk management considerations are integrated into daily operations, cultural norms, management discussions, and management decision-making, and are tailored to address enterprise-specific risks (both internal and external).",GOVERN / Risk Management Strategy / Enterprise Risk Integration,GV.RM-03.04
2.2 Identification / 2.2.2 Expectations,2.2.2.4,"The FMI should have an enterprise risk management framework to identify risks and conduct risk assessments on a regular basis and of all the critical functions, key roles, processes, information assets, third-party service providers and interconnections to determine, classify and document their level of criticality.",Evolving,Full Summarily,"ID.RA-01.01: The organization identifies, assesses, and documents risks and potential vulnerabilities associated with assets, to include workforce, data, technology, facilities, services, and connections.",IDENTIFY / Risk Assessment / Asset Vulnerability Identification,ID.RA-01.01
2.2 Identification / 2.2.2 Expectations,2.2.2.4,"The FMI should have an enterprise risk management framework to identify risks and conduct risk assessments on a regular basis and of all the critical functions, key roles, processes, information assets, third-party service providers and interconnections to determine, classify and document their level of criticality.",Evolving,Full Summarily,"ID.RA-03.01: The organization, on an ongoing basis, identifies, analyzes, correlates, characterizes, and reports threats that are internal and external to the firm.",IDENTIFY / Risk Assessment / Threat Identification,ID.RA-03.01
2.2 Identification / 2.2.2 Expectations,2.2.2.4,"The FMI should have an enterprise risk management framework to identify risks and conduct risk assessments on a regular basis and of all the critical functions, key roles, processes, information assets, third-party service providers and interconnections to determine, classify and document their level of criticality.",Evolving,Full Summarily,ID.RA-04.01: The organization's risk assessment approach includes the analysis and characterization of the likelihood and potential business impact of identified risks being realized.,IDENTIFY / Risk Assessment / Impact & Likelihood Analysis,ID.RA-04.01
2.2 Identification / 2.2.2 Expectations,2.2.2.4,"The FMI should have an enterprise risk management framework to identify risks and conduct risk assessments on a regular basis and of all the critical functions, key roles, processes, information assets, third-party service providers and interconnections to determine, classify and document their level of criticality.",Evolving,Full Summarily,"ID.RA-05.01: Threats, vulnerabilities, likelihoods, and impacts are used to determine overall technology, cybersecurity, and resilience risk to the organization.",IDENTIFY / Risk Assessment / Risk Exposure Determination & Prioritization,ID.RA-05.01
2.2 Identification / 2.2.2 Expectations,2.2.2.4,"The FMI should have an enterprise risk management framework to identify risks and conduct risk assessments on a regular basis and of all the critical functions, key roles, processes, information assets, third-party service providers and interconnections to determine, classify and document their level of criticality.",Evolving,Full Summarily,"ID.RA-06.01: Technology and cybersecurity risk management programs and risk assessment processes produce actionable recommendations that the organization uses to select, design, prioritize, implement, maintain, evaluate, and modify cybersecurity and technology controls.",IDENTIFY / Risk Assessment / Risk Response Determination,ID.RA-06.01
2.2 Identification / 2.2.2 Expectations,2.2.2.5,"The FMI should create and maintain a simplified network map of network resources with an associated plan addressing IPs which locate routing and security devices and servers supporting the FMI's critical functions, and which identify links with the outside world.",Evolving,Full,"ID.AM-03.01: The organization maintains current maps of network resources, mobile resources, external connections, network-connected third parties, and network data flows.",IDENTIFY / Asset Management / Network Communications & Data Flows,ID.AM-03.01
2.2 Identification / 2.2.2 Expectations,2.2.2.6,"The FMI should conduct risk assessments before deploying new and/or updated technologies, products, services and connections to identify potential threats and vulnerabilities. It should also update its risk assessment in case new information affecting cybersecurity risks is identified (e.g. a new threat, vulnerability, adverse test result, hardware change, software change or configuration change). The results of the risk assessments should feed into the cyber resilience strategy and framework.",Evolving,Full Summarily,"GV.RM-08.01: Technology and cybersecurity risk management frameworks are applied to, and are adapted as needed by, the organization's innovations in technology use and adoption of emerging technologies.",GOVERN / Risk Management Strategy  / Technology Assimilation & Implementations,GV.RM-08.01
2.2 Identification / 2.2.2 Expectations,2.2.2.6,"The FMI should conduct risk assessments before deploying new and/or updated technologies, products, services and connections to identify potential threats and vulnerabilities. It should also update its risk assessment in case new information affecting cybersecurity risks is identified (e.g. a new threat, vulnerability, adverse test result, hardware change, software change or configuration change). The results of the risk assessments should feed into the cyber resilience strategy and framework.",Evolving,Full Summarily,"GV.RM-08.02: Technology and cybersecurity risk management frameworks are applied to all technology projects and procurements to ensure that security requirements (e.g., data confidentiality, access control, event logging, etc.) are addressed consistently from project onset.",GOVERN / Risk Management Strategy  / Technology Assimilation & Implementations,GV.RM-08.02
2.2 Identification / 2.2.2 Expectations,2.2.2.6,"The FMI should conduct risk assessments before deploying new and/or updated technologies, products, services and connections to identify potential threats and vulnerabilities. It should also update its risk assessment in case new information affecting cybersecurity risks is identified (e.g. a new threat, vulnerability, adverse test result, hardware change, software change or configuration change). The results of the risk assessments should feed into the cyber resilience strategy and framework.",Evolving,Full Summarily,"GV.RM-08.04: The organization integrates the use of technology architecture in its governance processes to support consistent approaches to security and technology design, integration of third party services, consideration and adoption of new technologies, and investment and procurement decisioning.",GOVERN / Risk Management Strategy  / Technology Assimilation & Implementations,GV.RM-08.04
2.2 Identification / 2.2.2 Expectations,2.2.2.6,"The FMI should conduct risk assessments before deploying new and/or updated technologies, products, services and connections to identify potential threats and vulnerabilities. It should also update its risk assessment in case new information affecting cybersecurity risks is identified (e.g. a new threat, vulnerability, adverse test result, hardware change, software change or configuration change). The results of the risk assessments should feed into the cyber resilience strategy and framework.",Evolving,Full Summarily,"ID.RA-01.01: The organization identifies, assesses, and documents risks and potential vulnerabilities associated with assets, to include workforce, data, technology, facilities, services, and connections.",IDENTIFY / Risk Assessment / Asset Vulnerability Identification,ID.RA-01.01
2.2 Identification / 2.2.2 Expectations,2.2.2.6,"The FMI should conduct risk assessments before deploying new and/or updated technologies, products, services and connections to identify potential threats and vulnerabilities. It should also update its risk assessment in case new information affecting cybersecurity risks is identified (e.g. a new threat, vulnerability, adverse test result, hardware change, software change or configuration change). The results of the risk assessments should feed into the cyber resilience strategy and framework.",Evolving,Full Summarily,"ID.RA-06.01: Technology and cybersecurity risk management programs and risk assessment processes produce actionable recommendations that the organization uses to select, design, prioritize, implement, maintain, evaluate, and modify cybersecurity and technology controls.",IDENTIFY / Risk Assessment / Risk Response Determination,ID.RA-06.01
2.2 Identification / 2.2.2 Expectations,2.2.2.7,The FMI should have and maintain a fully comprehensive inventory of all individual and system accounts (especially including privileged and remote access accounts) so that they can be aware of the access rights to information assets and their supporting systems. The FMI should review and update this inventory on a regular basis.,Evolving,Full Summarily,"PR.AA-01.01: Identities and credentials are actively managed or automated for authorized devices and users (e.g., removal of default and factory passwords, password strength requirements, automatic revocation of credentials under defined conditions, regular asset owner access review, etc.).","PROTECT / Identity Management, Authentication, and Access Control / Identity & Credential Management",PR.AA-01.01
2.2 Identification / 2.2.2 Expectations,2.2.2.7,The FMI should have and maintain a fully comprehensive inventory of all individual and system accounts (especially including privileged and remote access accounts) so that they can be aware of the access rights to information assets and their supporting systems. The FMI should review and update this inventory on a regular basis.,Evolving,Full Summarily,"PR.AA-05.03: The organization institutes controls over service account (i.e., accounts used by systems to access other systems) lifecycles to ensure strict security over creation, use, and termination; access credentials (e.g., no embedded passwords in code); frequent reviews of account ownership; visibility for unauthorized use; and hardening against malicious insider use.","PROTECT / Identity Management, Authentication, and Access Control / Access Authorizations",PR.AA-05.03
2.2 Identification / 2.2.2 Expectations,2.2.2.8,"The FMI should use automated tools (e.g. a centralised asset inventory management (AIM) tool) that enable it to support the identification and classification of the critical functions, processes, information assets and interconnections. The FMI should ensure that the inventory is updated accurately and that these changes are shared with the relevant staff in in a timely manner.",Advancing,Full Summarily,"GV.RM-08.03: The organization defines, maintains, and uses technical security standards, architectures, processes or practices (including automated tools when practical) to ensure the security of its applications and infrastructure.",GOVERN / Risk Management Strategy  / Technology Assimilation & Implementations,GV.RM-08.03
2.2 Identification / 2.2.2 Expectations,2.2.2.8,"The FMI should use automated tools (e.g. a centralised asset inventory management (AIM) tool) that enable it to support the identification and classification of the critical functions, processes, information assets and interconnections. The FMI should ensure that the inventory is updated accurately and that these changes are shared with the relevant staff in in a timely manner.",Advancing,Full Summarily,"ID.AM-01.01: The organization maintains a current and complete asset inventory of physical devices, hardware, and information systems.",IDENTIFY / Asset Management / Hardware Inventory,ID.AM-01.01
2.2 Identification / 2.2.2 Expectations,2.2.2.8,"The FMI should use automated tools (e.g. a centralised asset inventory management (AIM) tool) that enable it to support the identification and classification of the critical functions, processes, information assets and interconnections. The FMI should ensure that the inventory is updated accurately and that these changes are shared with the relevant staff in in a timely manner.",Advancing,Full Summarily,"ID.AM-02.01: The organization maintains a current and complete inventory of software platforms, business applications, and other software assets (e.g., virtual machines and virtual network devices).","IDENTIFY / Asset Management / Software, Services, & Systems Inventory",ID.AM-02.01
2.2 Identification / 2.2.2 Expectations,2.2.2.9,"The FMI should use automated tools (e.g. a centralised identity and access management (IAM) tool) that enable it to support the identification and classification process of roles, user profiles and individual and system credentials, and ensure that these are updated accurately and that relevant staff are informed of the changes in a timely manner.",Advancing,Full,"PR.AA-01.01: Identities and credentials are actively managed or automated for authorized devices and users (e.g., removal of default and factory passwords, password strength requirements, automatic revocation of credentials under defined conditions, regular asset owner access review, etc.).","PROTECT / Identity Management, Authentication, and Access Control / Identity & Credential Management",PR.AA-01.01
2.2 Identification / 2.2.2 Expectations,2.2.2.10,"The FMI should also maintain up-to-date and complete maps of network resources, interconnections and dependencies, and data flows with other information assets, including the connections to business partners, internet-facing services, cloud services and any other third-party systems. It should use these maps to undertake risk assessments of key dependencies and apply appropriate risk controls, when necessary.",Advancing,Full,"ID.AM-03.01: The organization maintains current maps of network resources, mobile resources, external connections, network-connected third parties, and network data flows.",IDENTIFY / Asset Management / Network Communications & Data Flows,ID.AM-03.01
2.2 Identification / 2.2.2 Expectations,2.2.2.11,"The FMI should update its inventory to address new, relocated, repurposed and sunset information assets, on a regular basis or when these changes occur.",Advancing,Full Summarily,"ID.AM-01.01: The organization maintains a current and complete asset inventory of physical devices, hardware, and information systems.",IDENTIFY / Asset Management / Hardware Inventory,ID.AM-01.01
2.2 Identification / 2.2.2 Expectations,2.2.2.11,"The FMI should update its inventory to address new, relocated, repurposed and sunset information assets, on a regular basis or when these changes occur.",Advancing,Full Summarily,"ID.AM-02.01: The organization maintains a current and complete inventory of software platforms, business applications, and other software assets (e.g., virtual machines and virtual network devices).","IDENTIFY / Asset Management / Software, Services, & Systems Inventory",ID.AM-02.01
2.2 Identification / 2.2.2 Expectations,2.2.2.11,"The FMI should update its inventory to address new, relocated, repurposed and sunset information assets, on a regular basis or when these changes occur.",Advancing,Full Summarily,"ID.AM-08.01: The organization establishes and maintains asset lifecycle management policies and procedures to ensure that assets are acquired, tracked, implemented, used, decommissioned, and protected commensurate with their sensitivity, criticality, and business value.",IDENTIFY / Asset Management / Asset Life Cycle Management,ID.AM-08.01
2.2 Identification / 2.2.2 Expectations,2.2.2.11,"The FMI should update its inventory to address new, relocated, repurposed and sunset information assets, on a regular basis or when these changes occur.",Advancing,Full Summarily,"ID.AM-08.02: The organization establishes policies, and employs methods to identify, assess, and manage technology solutions that are acquired, managed, or used outside of established, governed technology and cybersecurity processes (i.e., ""Shadow IT"").",IDENTIFY / Asset Management / Asset Life Cycle Management,ID.AM-08.02
2.2 Identification / 2.2.2 Expectations,2.2.2.12,"The FMI should use automated feeds from above (e.g. from AIM and IAM tools), in order to identify emerging risks, update its risk assessments in a timely manner and take the necessary mitigating actions in line with the FMI’s risk tolerance.",Innovating,Full Summarily,"GV.RM-05.01: The organization has a process for monitoring its technology, cybersecurity, and third-party risks, including escalating those risks that exceed risk appetite to management and identifying risks with the potential to impact multiple operating units.",GOVERN / Risk Management Strategy / Lines of Communication,GV.RM-05.01
2.2 Identification / 2.2.2 Expectations,2.2.2.12,"The FMI should use automated feeds from above (e.g. from AIM and IAM tools), in order to identify emerging risks, update its risk assessments in a timely manner and take the necessary mitigating actions in line with the FMI’s risk tolerance.",Innovating,Full Summarily,"ID.IM-03.02: The organization establishes a systematic and comprehensive program to regularly evaluate and improve its monitoring and detection processes and controls as the threat environment changes, tools and techniques evolve, and lessons are learned.",IDENTIFY / Improvement / Improvements from Lessons Learned,ID.IM-03.02
2.2 Identification / 2.2.2 Expectations,2.2.2.12,"The FMI should use automated feeds from above (e.g. from AIM and IAM tools), in order to identify emerging risks, update its risk assessments in a timely manner and take the necessary mitigating actions in line with the FMI’s risk tolerance.",Innovating,Full Summarily,"DE.AE-02.01: The organization performs timely collection of event data, as well as advanced and automated analysis (including the use of security tools such as antivirus and IDS/IPS) on the detected events to:
(1) Assess and understand the nature, scope and method of the attack;
(2) Predict and block a similar future attack; and
(3) Report timely risk metrics.",DETECT / Adverse Event Analysis / Potentially Adverse Event Analysis,DE.AE-02.01
2.2 Identification / 2.2.2 Expectations,2.2.2.12,"The FMI should use automated feeds from above (e.g. from AIM and IAM tools), in order to identify emerging risks, update its risk assessments in a timely manner and take the necessary mitigating actions in line with the FMI’s risk tolerance.",Innovating,Full Summarily,"DE.AE-03.02: The organization performs real-time central analysis, aggregation, and correlation of anomalous activities, network and system alerts, and relevant event and cyber threat intelligence, including both internal and external (cloud and outsourced) environments, to better detect and prevent multifaceted cyber attacks.",DETECT / Adverse Event Analysis / Event Information Correlation,DE.AE-03.02
2.2 Identification / 2.2.2 Expectations,2.2.2.13,"The FMI should identify the cyber risks that it bears from or poses to entities in its ecosystem and coordinate with relevant entities, as appropriate. This may involve identifying common vulnerabilities and threats, and taking appropriate measures collectively to address such risks, with the objective of improving the ecosystem’s overall resilience.",Innovating,Full Summarily,GV.OC-02.02: Technology and cybersecurity risk management strategies identify and communicate the organization’s role within the financial services sector as a component of critical infrastructure.,GOVERN / Organizational Context / Stakeholder Risk Management Expectations,GV.OC-02.02
2.2 Identification / 2.2.2 Expectations,2.2.2.13,"The FMI should identify the cyber risks that it bears from or poses to entities in its ecosystem and coordinate with relevant entities, as appropriate. This may involve identifying common vulnerabilities and threats, and taking appropriate measures collectively to address such risks, with the objective of improving the ecosystem’s overall resilience.",Innovating,Full Summarily,GV.OC-02.03: Technology and cybersecurity risk management strategies identify and communicate the organization's role as it relates to other critical infrastructure sectors outside of the financial services sector and the interdependency risks.,GOVERN / Organizational Context / Stakeholder Risk Management Expectations,GV.OC-02.03
2.2 Identification / 2.2.2 Expectations,2.2.2.13,"The FMI should identify the cyber risks that it bears from or poses to entities in its ecosystem and coordinate with relevant entities, as appropriate. This may involve identifying common vulnerabilities and threats, and taking appropriate measures collectively to address such risks, with the objective of improving the ecosystem’s overall resilience.",Innovating,Full Summarily,"ID.IM-02.08: The organization tests and exercises, independently and in coordination with other critical sector partners, its ability to support sector-wide resilience in the event of extreme financial stress or the instability of external dependencies, such as connectivity to markets, payment systems, clearing entities, messaging services, etc.",IDENTIFY / Improvement / Tests & Exercises,ID.IM-02.08
2.3 Protection / 2.3.2.1 Protection of processes and assets / Control implementation and design,2.3.2.1.1,"The FMI should implement a comprehensive and appropriate set of security controls that will allow it to achieve the security objectives needed to meet its business requirements. The FMI should implement these controls based on the identification of its critical functions, key roles, processes, information assets, third-party service providers and interconnections, as per the risk assessment in the identification phase. The security objectives may include ensuring:
(a) the continuity and availability of its information systems;
(b) the integrity of the information stored in its information systems, while both in use and transit;
(c) the protection, integrity, confidentiality and availability of data while at rest, in use and in transit;
(d) conformity to applicable laws, regulation and standards.",Evolving,Full Summarily,"GV.OC-01.01: Technology and cybersecurity strategies, architectures, and programs are formally governed to align with and support the organization's mission, objectives, priorities, tactical initiatives, and risk profile.",GOVERN / Organizational Context / Organizational Mission,GV.OC-01.01
2.3 Protection / 2.3.2.1 Protection of processes and assets / Control implementation and design,2.3.2.1.1,"The FMI should implement a comprehensive and appropriate set of security controls that will allow it to achieve the security objectives needed to meet its business requirements. The FMI should implement these controls based on the identification of its critical functions, key roles, processes, information assets, third-party service providers and interconnections, as per the risk assessment in the identification phase. The security objectives may include ensuring:
(a) the continuity and availability of its information systems;
(b) the integrity of the information stored in its information systems, while both in use and transit;
(c) the protection, integrity, confidentiality and availability of data while at rest, in use and in transit;
(d) conformity to applicable laws, regulation and standards.",Evolving,Full Summarily,"GV.OC-03.01: The organization's technology and cybersecurity strategy, framework, and policies align and are consistent with the organization's legal, statutory, contractual, and regulatory obligations and ensure that compliance responsibilities are unambiguously assigned.","GOVERN / Organizational Context / Legal, Regulatory, & Contractual Requirements",GV.OC-03.01
2.3 Protection / 2.3.2.1 Protection of processes and assets / Control implementation and design,2.3.2.1.1,"The FMI should implement a comprehensive and appropriate set of security controls that will allow it to achieve the security objectives needed to meet its business requirements. The FMI should implement these controls based on the identification of its critical functions, key roles, processes, information assets, third-party service providers and interconnections, as per the risk assessment in the identification phase. The security objectives may include ensuring:
(a) the continuity and availability of its information systems;
(b) the integrity of the information stored in its information systems, while both in use and transit;
(c) the protection, integrity, confidentiality and availability of data while at rest, in use and in transit;
(d) conformity to applicable laws, regulation and standards.",Evolving,Full Summarily,"GV.RM-01.03: The organization has established, and maintains, technology and cybersecurity programs designed to protect the confidentiality, integrity and availability of its information and operational systems, commensurate with the organization's risk appetite and business needs.",GOVERN / Risk Management Strategy / Risk Management Objectives Agreement,GV.RM-01.03
2.3 Protection / 2.3.2.1 Protection of processes and assets / Control implementation and design,2.3.2.1.1,"The FMI should implement a comprehensive and appropriate set of security controls that will allow it to achieve the security objectives needed to meet its business requirements. The FMI should implement these controls based on the identification of its critical functions, key roles, processes, information assets, third-party service providers and interconnections, as per the risk assessment in the identification phase. The security objectives may include ensuring:
(a) the continuity and availability of its information systems;
(b) the integrity of the information stored in its information systems, while both in use and transit;
(c) the protection, integrity, confidentiality and availability of data while at rest, in use and in transit;
(d) conformity to applicable laws, regulation and standards.",Evolving,Full Summarily,GV.RM-03.01: Technology and cybersecurity risk management frameworks and programs are integrated into the enterprise risk management framework.,GOVERN / Risk Management Strategy / Enterprise Risk Integration,GV.RM-03.01
2.3 Protection / 2.3.2.1 Protection of processes and assets / Control implementation and design,2.3.2.1.1,"The FMI should implement a comprehensive and appropriate set of security controls that will allow it to achieve the security objectives needed to meet its business requirements. The FMI should implement these controls based on the identification of its critical functions, key roles, processes, information assets, third-party service providers and interconnections, as per the risk assessment in the identification phase. The security objectives may include ensuring:
(a) the continuity and availability of its information systems;
(b) the integrity of the information stored in its information systems, while both in use and transit;
(c) the protection, integrity, confidentiality and availability of data while at rest, in use and in transit;
(d) conformity to applicable laws, regulation and standards.",Evolving,Full Summarily,"GV.RM-09.01: The organization has an enterprise-wide resilience strategy and program, including architecture, cyber resilience, business continuity, disaster recovery, and incident response, which support its mission, stakeholder obligations, critical infrastructure role, and risk appetite.",GOVERN / Risk Management Strategy  / Business Continuity & Resilience Risk Management,GV.RM-09.01
2.3 Protection / 2.3.2.1 Protection of processes and assets / Control implementation and design,2.3.2.1.1,"The FMI should implement a comprehensive and appropriate set of security controls that will allow it to achieve the security objectives needed to meet its business requirements. The FMI should implement these controls based on the identification of its critical functions, key roles, processes, information assets, third-party service providers and interconnections, as per the risk assessment in the identification phase. The security objectives may include ensuring:
(a) the continuity and availability of its information systems;
(b) the integrity of the information stored in its information systems, while both in use and transit;
(c) the protection, integrity, confidentiality and availability of data while at rest, in use and in transit;
(d) conformity to applicable laws, regulation and standards.",Evolving,Full Summarily,"GV.SC-01.01: The organization maintains a third-party risk management strategy and program to identify and manage the risks associated with third parties throughout their lifecycles in a timely manner, including in support of sector-critical systems and operations, to ensure alignment within risk appetite.",GOVERN / Supply Chain Risk Management / Supply Chain Risk Management Program,GV.SC-01.01
2.3 Protection / 2.3.2.1 Protection of processes and assets / Control implementation and design,2.3.2.1.1,"The FMI should implement a comprehensive and appropriate set of security controls that will allow it to achieve the security objectives needed to meet its business requirements. The FMI should implement these controls based on the identification of its critical functions, key roles, processes, information assets, third-party service providers and interconnections, as per the risk assessment in the identification phase. The security objectives may include ensuring:
(a) the continuity and availability of its information systems;
(b) the integrity of the information stored in its information systems, while both in use and transit;
(c) the protection, integrity, confidentiality and availability of data while at rest, in use and in transit;
(d) conformity to applicable laws, regulation and standards.",Evolving,Full Summarily,"GV.PO-01.01: Technology and cybersecurity policies are documented, maintained and approved by the governing authority (e.g., the Board or one of its committees) or a designated executive.","GOVERN / Policies, Processes, and Procedures / Establishment of Policies & Procedures",GV.PO-01.01
2.3 Protection / 2.3.2.1 Protection of processes and assets / Control implementation and design,2.3.2.1.1,"The FMI should implement a comprehensive and appropriate set of security controls that will allow it to achieve the security objectives needed to meet its business requirements. The FMI should implement these controls based on the identification of its critical functions, key roles, processes, information assets, third-party service providers and interconnections, as per the risk assessment in the identification phase. The security objectives may include ensuring:
(a) the continuity and availability of its information systems;
(b) the integrity of the information stored in its information systems, while both in use and transit;
(c) the protection, integrity, confidentiality and availability of data while at rest, in use and in transit;
(d) conformity to applicable laws, regulation and standards.",Evolving,Full Summarily,"GV.PO-01.07: The organization maintains documented business continuity and resilience program policies and procedures approved by the governing authority (e.g., the Board or one of its committees).","GOVERN / Policies, Processes, and Procedures / Establishment of Policies & Procedures",GV.PO-01.07
2.3 Protection / 2.3.2.1 Protection of processes and assets / Control implementation and design,2.3.2.1.1,"The FMI should implement a comprehensive and appropriate set of security controls that will allow it to achieve the security objectives needed to meet its business requirements. The FMI should implement these controls based on the identification of its critical functions, key roles, processes, information assets, third-party service providers and interconnections, as per the risk assessment in the identification phase. The security objectives may include ensuring:
(a) the continuity and availability of its information systems;
(b) the integrity of the information stored in its information systems, while both in use and transit;
(c) the protection, integrity, confidentiality and availability of data while at rest, in use and in transit;
(d) conformity to applicable laws, regulation and standards.",Evolving,Full Summarily,"GV.PO-01.08: The organization maintains documented third-party risk management program policies and procedures approved by the governing authority (e.g., the Board or one of its committees).","GOVERN / Policies, Processes, and Procedures / Establishment of Policies & Procedures",GV.PO-01.08
2.3 Protection / 2.3.2.1 Protection of processes and assets / Control implementation and design,2.3.2.1.2,"The FMI should develop its security controls in order to address cybersecurity and related physical security and people security. The controls should be designed according to the threat landscape, prioritised in accordance with the risks facing the FMI (risk-based security controls) and aligned to its business objectives.",Evolving,Full Summarily,GV.PO-01.06: Physical and environmental security policies are implemented and managed.,"GOVERN / Policies, Processes, and Procedures / Establishment of Policies & Procedures",GV.PO-01.06
2.3 Protection / 2.3.2.1 Protection of processes and assets / Control implementation and design,2.3.2.1.2,"The FMI should develop its security controls in order to address cybersecurity and related physical security and people security. The controls should be designed according to the threat landscape, prioritised in accordance with the risks facing the FMI (risk-based security controls) and aligned to its business objectives.",Evolving,Full Summarily,"PR.AA-01.02: Physical and logical access to systems is permitted only for individuals who have a legitimate business requirement, have been authorized, and who are adequately trained and monitored.","PROTECT / Identity Management, Authentication, and Access Control / Identity & Credential Management",PR.AA-01.02
2.3 Protection / 2.3.2.1 Protection of processes and assets / Control implementation and design,2.3.2.1.2,"The FMI should develop its security controls in order to address cybersecurity and related physical security and people security. The controls should be designed according to the threat landscape, prioritised in accordance with the risks facing the FMI (risk-based security controls) and aligned to its business objectives.",Evolving,Full Summarily,"PR.AA-06.01: The organization manages, protects, and logs physical access to sensitive areas, devices, consoles, equipment, and network cabling and infrastructure.","PROTECT / Identity Management, Authentication, and Access Control / Physical Access",PR.AA-06.01
2.3 Protection / 2.3.2.1 Protection of processes and assets / Control implementation and design,2.3.2.1.2,"The FMI should develop its security controls in order to address cybersecurity and related physical security and people security. The controls should be designed according to the threat landscape, prioritised in accordance with the risks facing the FMI (risk-based security controls) and aligned to its business objectives.",Evolving,Full Summarily,"PR.AA-06.02: The organization manages and protects physical and visual access to sensitive information assets and physical records (e.g., session lockout, clean desk policies, printer/facsimile output trays, file cabinet/room security, document labelling, etc.)","PROTECT / Identity Management, Authentication, and Access Control / Physical Access",PR.AA-06.02
2.3 Protection / 2.3.2.1 Protection of processes and assets / Control implementation and design,2.3.2.1.2,"The FMI should develop its security controls in order to address cybersecurity and related physical security and people security. The controls should be designed according to the threat landscape, prioritised in accordance with the risks facing the FMI (risk-based security controls) and aligned to its business objectives.",Evolving,Full Summarily,"PR.IR-02.01: The organization designs, documents, implements, tests, and maintains environmental and physical controls to meet defined business resilience requirements (e.g., environmental monitoring, dual power and communication sources, regionally separated backup processing facilities, etc.)",PROTECT / Technology Infrastructure Resilience / Environmental Threat Protections,PR.IR-02.01
2.3 Protection / 2.3.2.1 Protection of processes and assets / Control implementation and design,2.3.2.1.2,"The FMI should develop its security controls in order to address cybersecurity and related physical security and people security. The controls should be designed according to the threat landscape, prioritised in accordance with the risks facing the FMI (risk-based security controls) and aligned to its business objectives.",Evolving,Full Summarily,"DE.CM-02.01: The organization's controls include monitoring and detection of anomalous activities and potential intrusion events across the organization's physical environment and infrastructure, including the detection of environmental threats (fire, water, service outages, etc.) and unauthorized physical access to high-risk system components and locations.",DETECT / Continuous Monitoring / Physical Environment Monitoring,DE.CM-02.01
2.3 Protection / 2.3.2.1 Protection of processes and assets / Control implementation and design,2.3.2.1.2,"The FMI should develop its security controls in order to address cybersecurity and related physical security and people security. The controls should be designed according to the threat landscape, prioritised in accordance with the risks facing the FMI (risk-based security controls) and aligned to its business objectives.",Evolving,Full Summarily,"DE.AE-03.01: The organization implements systematic and real-time logging, collection, monitoring, detection, and alerting measures across multiple layers of the organization's infrastructure, including physical perimeters, network, operating systems, applications, data, and external (cloud and outsourced) environments, sufficient to protect the organization's information assets.",DETECT / Adverse Event Analysis / Event Information Correlation,DE.AE-03.01
2.3 Protection / 2.3.2.1 Protection of processes and assets / Control implementation and design,2.3.2.1.3,The FMI should assess the effectiveness of its security controls regularly in order to adapt them to its evolving threat landscape. They should be monitored and audited regularly to ensure that they remain effective and have been applied to all assets where they might be needed.,Evolving,Full Summarily,"GV.RM-06.01: Technology and cybersecurity risk management and risk assessment processes and methodologies are documented and regularly reviewed and updated to address changes in the risk profile and risk appetite, the evolving threat environment, and new technologies, products, services, and interdependencies.",GOVERN / Risk Management Strategy / Standardized Risk Management Method,GV.RM-06.01
2.3 Protection / 2.3.2.1 Protection of processes and assets / Control implementation and design,2.3.2.1.3,The FMI should assess the effectiveness of its security controls regularly in order to adapt them to its evolving threat landscape. They should be monitored and audited regularly to ensure that they remain effective and have been applied to all assets where they might be needed.,Evolving,Full Summarily,"GV.PO-02.01: The cybersecurity policy is regularly reviewed, revised, and communicated under the leadership of a designated Cybersecurity Officer (e.g., CISO) to address changes in the risk profile and risk appetite, the evolving threat environment, and new technologies, products, services, and interdependencies.","GOVERN / Policies, Processes, and Procedures / Policy & Procedure Review & Update",GV.PO-02.01
2.3 Protection / 2.3.2.1 Protection of processes and assets / Control implementation and design,2.3.2.1.3,The FMI should assess the effectiveness of its security controls regularly in order to adapt them to its evolving threat landscape. They should be monitored and audited regularly to ensure that they remain effective and have been applied to all assets where they might be needed.,Evolving,Full Summarily,"GV.IR-02.02: The independent risk management function regularly assesses the organization's controls and cybersecurity risk exposure, identifies opportunities for improvement based on assessment results, and recommends program improvements",GOVERN / Independent Risk Management Function / Independent Risk Management Evaluation,GV.IR-02.02
2.3 Protection / 2.3.2.1 Protection of processes and assets / Control implementation and design,2.3.2.1.3,The FMI should assess the effectiveness of its security controls regularly in order to adapt them to its evolving threat landscape. They should be monitored and audited regularly to ensure that they remain effective and have been applied to all assets where they might be needed.,Evolving,Full Summarily,"GV.AU-01.03: The independent audit function tests technology management, cybersecurity, incident response, and resilience policies and controls.",GOVERN / Independent Audit Function / Independent Audit Compliance Assessment,GV.AU-01.03
2.3 Protection / 2.3.2.1 Protection of processes and assets / Control implementation and design,2.3.2.1.3,The FMI should assess the effectiveness of its security controls regularly in order to adapt them to its evolving threat landscape. They should be monitored and audited regularly to ensure that they remain effective and have been applied to all assets where they might be needed.,Evolving,Full Summarily,"ID.RA-06.03: Technology and cybersecurity programs identify and implement controls to manage applicable risks within the risk appetite set by the governing authority (e.g., the Board or one of its committees).",IDENTIFY / Risk Assessment / Risk Response Determination,ID.RA-06.03
2.3 Protection / 2.3.2.1 Protection of processes and assets / Control implementation and design,2.3.2.1.3,The FMI should assess the effectiveness of its security controls regularly in order to adapt them to its evolving threat landscape. They should be monitored and audited regularly to ensure that they remain effective and have been applied to all assets where they might be needed.,Evolving,Full Summarily,"ID.IM-01.01: Technology, cybersecurity, and resilience controls are regularly assessed and/or tested for design and operating effectiveness.",IDENTIFY / Improvement / Continuous Improvements Evaluation,ID.IM-01.01
2.3 Protection / 2.3.2.1 Protection of processes and assets / Control implementation and design,2.3.2.1.3,The FMI should assess the effectiveness of its security controls regularly in order to adapt them to its evolving threat landscape. They should be monitored and audited regularly to ensure that they remain effective and have been applied to all assets where they might be needed.,Evolving,Full Summarily,"ID.IM-01.02: The organization implements a regular process to collect, store, report, benchmark, and assess trends in actionable performance indicators and risk metrics (e.g., threat KRIs, security incident metrics, vulnerability metrics, and operational measures).",IDENTIFY / Improvement / Continuous Improvements Evaluation,ID.IM-01.02
2.3 Protection / 2.3.2.1 Protection of processes and assets / Control implementation and design,2.3.2.1.3,The FMI should assess the effectiveness of its security controls regularly in order to adapt them to its evolving threat landscape. They should be monitored and audited regularly to ensure that they remain effective and have been applied to all assets where they might be needed.,Evolving,Full Summarily,"ID.IM-01.03: The organization establishes specific objectives, performance criteria, benchmarks, and tolerance limits to identify areas that have improved or are in need of improvement over time.",IDENTIFY / Improvement / Continuous Improvements Evaluation,ID.IM-01.03
2.3 Protection / 2.3.2.1 Protection of processes and assets / Control implementation and design,2.3.2.1.4,"When designing, developing and acquiring its systems and processes, the FMI should capture security requirements alongside system and process requirements in order to identify the security controls necessary for protecting its systems, processes and data, at the earliest possible stage.",Evolving,Full Summarily,"GV.RM-08.01: Technology and cybersecurity risk management frameworks are applied to, and are adapted as needed by, the organization's innovations in technology use and adoption of emerging technologies.",GOVERN / Risk Management Strategy  / Technology Assimilation & Implementations,GV.RM-08.01
2.3 Protection / 2.3.2.1 Protection of processes and assets / Control implementation and design,2.3.2.1.4,"When designing, developing and acquiring its systems and processes, the FMI should capture security requirements alongside system and process requirements in order to identify the security controls necessary for protecting its systems, processes and data, at the earliest possible stage.",Evolving,Full Summarily,"GV.RM-08.02: Technology and cybersecurity risk management frameworks are applied to all technology projects and procurements to ensure that security requirements (e.g., data confidentiality, access control, event logging, etc.) are addressed consistently from project onset.",GOVERN / Risk Management Strategy  / Technology Assimilation & Implementations,GV.RM-08.02
2.3 Protection / 2.3.2.1 Protection of processes and assets / Control implementation and design,2.3.2.1.4,"When designing, developing and acquiring its systems and processes, the FMI should capture security requirements alongside system and process requirements in order to identify the security controls necessary for protecting its systems, processes and data, at the earliest possible stage.",Evolving,Full Summarily,"GV.RM-08.03: The organization defines, maintains, and uses technical security standards, architectures, processes or practices (including automated tools when practical) to ensure the security of its applications and infrastructure.",GOVERN / Risk Management Strategy  / Technology Assimilation & Implementations,GV.RM-08.03
2.3 Protection / 2.3.2.1 Protection of processes and assets / Control implementation and design,2.3.2.1.4,"When designing, developing and acquiring its systems and processes, the FMI should capture security requirements alongside system and process requirements in order to identify the security controls necessary for protecting its systems, processes and data, at the earliest possible stage.",Evolving,Full Summarily,"PR.PS-06.01: The organization implements Secure Systems Development Lifecycle processes for in-house software design, configuration, and development, employing best practices from secure-by-design methodologies (e.g., secure coding, code review, application security testing, etc.) during all phases of both traditional and agile projects.",PROTECT / Platform Security / Secure Systems Development Practices,PR.PS-06.01
2.3 Protection / 2.3.2.1 Protection of processes and assets / Control implementation and design,2.3.2.1.4,"When designing, developing and acquiring its systems and processes, the FMI should capture security requirements alongside system and process requirements in order to identify the security controls necessary for protecting its systems, processes and data, at the earliest possible stage.",Evolving,Full Summarily,"EX.DD-04.01: The organization defines and implements procedures for assessing the compatibility, security, integrity, and authenticity of externally-developed or externally-sourced applications, software, software components, and firmware before deployment and upon any major change.",<div>EXTEND / Procurement Planning and Due Diligence / Product &amp; Service Due Diligence</div>,EX.DD-04.01
2.3 Protection / 2.3.2.1 Protection of processes and assets / Control implementation and design,2.3.2.1.5,"The FMI should apply a defence-in-depth strategy in line with a risk-based approach, i.e. it should implement multiple independent security controls so that if one control fails or a vulnerability is exploited, alternative controls will be able to protect targeted assets and/or processes.",Evolving,Full,"PR.IR-01.01: Networks, systems, and external connections are segmented (e.g., using firewalls, software-defined networks, guest wireless networks, etc.) to implement defense-in-depth and access isolation principles.",PROTECT / Technology Infrastructure Resilience / Logical Access Protections,PR.IR-01.01
2.3 Protection / 2.3.2.1 Protection of processes and assets / Control implementation and design,2.3.2.1.6,"The FMI should develop and implement a bespoke information security management system (ISMS), which could be based on a combination of well-recognised international standards (e.g. ISO 27001, ISO 20000-1 and ISO 27103, etc.), in order to establish, implement, operate, continuously monitor, review, maintain and improve a comprehensive cybersecurity control framework.",Advancing,Full,"GV.RM-01.02: Technology and cybersecurity risk management strategies and frameworks are informed by applicable international, national, and financial services industry standards and guidelines.",GOVERN / Risk Management Strategy / Risk Management Objectives Agreement,GV.RM-01.02
2.3 Protection / 2.3.2.1 Protection of processes and assets / Control implementation and design,2.3.2.1.7,"The FMI should consider cyber resilience at the earliest stage of system design, development and acquisition, as well as throughout the system development life cycle, so that vulnerabilities in software and hardware are minimised and security controls are incorporated into systems and processes from their inception. It should adopt a bespoke system development life cycle (SDLC) methodology that embeds the resilience-by-design approach when designing, building, acquiring or modifying its systems, processes and products. At each stage of the SDLC, the FMI should manage its cyber risk and integrate resilience based on risk analysis results.",Advancing,Full Summarily,"GV.RM-08.02: Technology and cybersecurity risk management frameworks are applied to all technology projects and procurements to ensure that security requirements (e.g., data confidentiality, access control, event logging, etc.) are addressed consistently from project onset.",GOVERN / Risk Management Strategy  / Technology Assimilation & Implementations,GV.RM-08.02
2.3 Protection / 2.3.2.1 Protection of processes and assets / Control implementation and design,2.3.2.1.7,"The FMI should consider cyber resilience at the earliest stage of system design, development and acquisition, as well as throughout the system development life cycle, so that vulnerabilities in software and hardware are minimised and security controls are incorporated into systems and processes from their inception. It should adopt a bespoke system development life cycle (SDLC) methodology that embeds the resilience-by-design approach when designing, building, acquiring or modifying its systems, processes and products. At each stage of the SDLC, the FMI should manage its cyber risk and integrate resilience based on risk analysis results.",Advancing,Full Summarily,"GV.RM-08.03: The organization defines, maintains, and uses technical security standards, architectures, processes or practices (including automated tools when practical) to ensure the security of its applications and infrastructure.",GOVERN / Risk Management Strategy  / Technology Assimilation & Implementations,GV.RM-08.03
2.3 Protection / 2.3.2.1 Protection of processes and assets / Control implementation and design,2.3.2.1.7,"The FMI should consider cyber resilience at the earliest stage of system design, development and acquisition, as well as throughout the system development life cycle, so that vulnerabilities in software and hardware are minimised and security controls are incorporated into systems and processes from their inception. It should adopt a bespoke system development life cycle (SDLC) methodology that embeds the resilience-by-design approach when designing, building, acquiring or modifying its systems, processes and products. At each stage of the SDLC, the FMI should manage its cyber risk and integrate resilience based on risk analysis results.",Advancing,Full Summarily,"GV.RM-08.04: The organization integrates the use of technology architecture in its governance processes to support consistent approaches to security and technology design, integration of third party services, consideration and adoption of new technologies, and investment and procurement decisioning.",GOVERN / Risk Management Strategy  / Technology Assimilation & Implementations,GV.RM-08.04
2.3 Protection / 2.3.2.1 Protection of processes and assets / Control implementation and design,2.3.2.1.7,"The FMI should consider cyber resilience at the earliest stage of system design, development and acquisition, as well as throughout the system development life cycle, so that vulnerabilities in software and hardware are minimised and security controls are incorporated into systems and processes from their inception. It should adopt a bespoke system development life cycle (SDLC) methodology that embeds the resilience-by-design approach when designing, building, acquiring or modifying its systems, processes and products. At each stage of the SDLC, the FMI should manage its cyber risk and integrate resilience based on risk analysis results.",Advancing,Full Summarily,"GV.RM-08.05: The technology architecture and associated management processes should be comprehensive (e.g., consider the full life cycle of infrastructure, applications, emerging technologies, and relevant data) and designed to achieve security and resilience commensurate with business needs.",GOVERN / Risk Management Strategy  / Technology Assimilation & Implementations,GV.RM-08.05
2.3 Protection / 2.3.2.1 Protection of processes and assets / Control implementation and design,2.3.2.1.7,"The FMI should consider cyber resilience at the earliest stage of system design, development and acquisition, as well as throughout the system development life cycle, so that vulnerabilities in software and hardware are minimised and security controls are incorporated into systems and processes from their inception. It should adopt a bespoke system development life cycle (SDLC) methodology that embeds the resilience-by-design approach when designing, building, acquiring or modifying its systems, processes and products. At each stage of the SDLC, the FMI should manage its cyber risk and integrate resilience based on risk analysis results.",Advancing,Full Summarily,"PR.PS-06.01: The organization implements Secure Systems Development Lifecycle processes for in-house software design, configuration, and development, employing best practices from secure-by-design methodologies (e.g., secure coding, code review, application security testing, etc.) during all phases of both traditional and agile projects.",PROTECT / Platform Security / Secure Systems Development Practices,PR.PS-06.01
2.3 Protection / 2.3.2.1 Protection of processes and assets / Control implementation and design,2.3.2.1.7,"The FMI should consider cyber resilience at the earliest stage of system design, development and acquisition, as well as throughout the system development life cycle, so that vulnerabilities in software and hardware are minimised and security controls are incorporated into systems and processes from their inception. It should adopt a bespoke system development life cycle (SDLC) methodology that embeds the resilience-by-design approach when designing, building, acquiring or modifying its systems, processes and products. At each stage of the SDLC, the FMI should manage its cyber risk and integrate resilience based on risk analysis results.",Advancing,Full Summarily,"PR.PS-06.03: Functional, operational, resilience, and security requirements for system development and implementation projects are documented, agreed to by relevant stakeholders, and tracked and managed through development, testing, assurance, acceptance, and delivery.",PROTECT / Platform Security / Secure Systems Development Practices,PR.PS-06.03
2.3 Protection / 2.3.2.1 Protection of processes and assets / Control implementation and design,2.3.2.1.7,"The FMI should consider cyber resilience at the earliest stage of system design, development and acquisition, as well as throughout the system development life cycle, so that vulnerabilities in software and hardware are minimised and security controls are incorporated into systems and processes from their inception. It should adopt a bespoke system development life cycle (SDLC) methodology that embeds the resilience-by-design approach when designing, building, acquiring or modifying its systems, processes and products. At each stage of the SDLC, the FMI should manage its cyber risk and integrate resilience based on risk analysis results.",Advancing,Full Summarily,"PR.PS-06.05: A software security testing and validation strategy is developed and implemented in the development lifecycle of all software projects, defining testing requirements and plans; performing/automating testing, vulnerability scanning, and migration activities; and supporting code integrity verification (e.g., using digital signatures).",PROTECT / Platform Security / Secure Systems Development Practices,PR.PS-06.05
2.3 Protection / 2.3.2.1 Protection of processes and assets / Control implementation and design,2.3.2.1.7,"The FMI should consider cyber resilience at the earliest stage of system design, development and acquisition, as well as throughout the system development life cycle, so that vulnerabilities in software and hardware are minimised and security controls are incorporated into systems and processes from their inception. It should adopt a bespoke system development life cycle (SDLC) methodology that embeds the resilience-by-design approach when designing, building, acquiring or modifying its systems, processes and products. At each stage of the SDLC, the FMI should manage its cyber risk and integrate resilience based on risk analysis results.",Advancing,Full Summarily,"EX.DD-01.02: Procurement plans address the inherent risks of the planned activity, to include the complexity of the endeavor in terms of technology, scope, and novelty, and demonstrate that the potential business and financial benefits outweigh the costs to control the anticipated risks.",EXTEND / Procurement Planning and Due Diligence / Procurement Planning,EX.DD-01.02
2.3 Protection / 2.3.2.1 Protection of processes and assets / Control implementation and design,2.3.2.1.7,"The FMI should consider cyber resilience at the earliest stage of system design, development and acquisition, as well as throughout the system development life cycle, so that vulnerabilities in software and hardware are minimised and security controls are incorporated into systems and processes from their inception. It should adopt a bespoke system development life cycle (SDLC) methodology that embeds the resilience-by-design approach when designing, building, acquiring or modifying its systems, processes and products. At each stage of the SDLC, the FMI should manage its cyber risk and integrate resilience based on risk analysis results.",Advancing,Full Summarily,"EX.DD-04.01: The organization defines and implements procedures for assessing the compatibility, security, integrity, and authenticity of externally-developed or externally-sourced applications, software, software components, and firmware before deployment and upon any major change.",<div>EXTEND / Procurement Planning and Due Diligence / Product &amp; Service Due Diligence</div>,EX.DD-04.01
2.3 Protection / 2.3.2.1 Protection of processes and assets / Control implementation and design,2.3.2.1.8,"The FMI should frequently review its ISMS, using certification, audits or other relevant forms of assurance.",Innovating,Full Summarily,GV.IR-02.01: The independent risk management function regularly evaluates the appropriateness of the technology and cybersecurity risk management programs to the organization's risk appetite and inherent risk environment,GOVERN / Independent Risk Management Function / Independent Risk Management Evaluation,GV.IR-02.01
2.3 Protection / 2.3.2.1 Protection of processes and assets / Control implementation and design,2.3.2.1.8,"The FMI should frequently review its ISMS, using certification, audits or other relevant forms of assurance.",Innovating,Full Summarily,"GV.AU-01.03: The independent audit function tests technology management, cybersecurity, incident response, and resilience policies and controls.",GOVERN / Independent Audit Function / Independent Audit Compliance Assessment,GV.AU-01.03
2.3 Protection / 2.3.2.1 Protection of processes and assets / Control implementation and design,2.3.2.1.8,"The FMI should frequently review its ISMS, using certification, audits or other relevant forms of assurance.",Innovating,Full Summarily,"ID.IM-01.01: Technology, cybersecurity, and resilience controls are regularly assessed and/or tested for design and operating effectiveness.",IDENTIFY / Improvement / Continuous Improvements Evaluation,ID.IM-01.01
2.3 Protection / 2.3.2.1 Protection of processes and assets / Control implementation and design,2.3.2.1.8,"The FMI should frequently review its ISMS, using certification, audits or other relevant forms of assurance.",Innovating,Full Summarily,"ID.IM-01.02: The organization implements a regular process to collect, store, report, benchmark, and assess trends in actionable performance indicators and risk metrics (e.g., threat KRIs, security incident metrics, vulnerability metrics, and operational measures).",IDENTIFY / Improvement / Continuous Improvements Evaluation,ID.IM-01.02
2.3 Protection / 2.3.2.1 Protection of processes and assets / Control implementation and design,2.3.2.1.8,"The FMI should frequently review its ISMS, using certification, audits or other relevant forms of assurance.",Innovating,Full Summarily,"ID.IM-01.03: The organization establishes specific objectives, performance criteria, benchmarks, and tolerance limits to identify areas that have improved or are in need of improvement over time.",IDENTIFY / Improvement / Continuous Improvements Evaluation,ID.IM-01.03
2.3 Protection / 2.3.2.1 Protection of processes and assets / Control implementation and design,2.3.2.1.8,"The FMI should frequently review its ISMS, using certification, audits or other relevant forms of assurance.",Innovating,Full Summarily,"ID.IM-01.04: Technology and cybersecurity programs include elements designed to assess, manage, and continually improve the quality of program delivery in addressing stakeholder requirements and risk reduction.",IDENTIFY / Improvement / Continuous Improvements Evaluation,ID.IM-01.04
2.3 Protection / 2.3.2.1 Protection of processes and assets / Control implementation and design,2.3.2.1.9,"The FMI should develop processes and procedures and explore potential technologies to constantly adjust and refine its security countermeasures (controls). This will help it to ensure it is protected against known and emerging threats, based on knowledge and best practices obtained from other FMIs across the ecosystem and through the use of threat intelligence.",Innovating,Full Summarily,"GV.RM-08.01: Technology and cybersecurity risk management frameworks are applied to, and are adapted as needed by, the organization's innovations in technology use and adoption of emerging technologies.",GOVERN / Risk Management Strategy  / Technology Assimilation & Implementations,GV.RM-08.01
2.3 Protection / 2.3.2.1 Protection of processes and assets / Control implementation and design,2.3.2.1.9,"The FMI should develop processes and procedures and explore potential technologies to constantly adjust and refine its security countermeasures (controls). This will help it to ensure it is protected against known and emerging threats, based on knowledge and best practices obtained from other FMIs across the ecosystem and through the use of threat intelligence.",Innovating,Full Summarily,"GV.RM-08.02: Technology and cybersecurity risk management frameworks are applied to all technology projects and procurements to ensure that security requirements (e.g., data confidentiality, access control, event logging, etc.) are addressed consistently from project onset.",GOVERN / Risk Management Strategy  / Technology Assimilation & Implementations,GV.RM-08.02
2.3 Protection / 2.3.2.1 Protection of processes and assets / Control implementation and design,2.3.2.1.9,"The FMI should develop processes and procedures and explore potential technologies to constantly adjust and refine its security countermeasures (controls). This will help it to ensure it is protected against known and emerging threats, based on knowledge and best practices obtained from other FMIs across the ecosystem and through the use of threat intelligence.",Innovating,Full Summarily,"GV.RM-08.03: The organization defines, maintains, and uses technical security standards, architectures, processes or practices (including automated tools when practical) to ensure the security of its applications and infrastructure.",GOVERN / Risk Management Strategy  / Technology Assimilation & Implementations,GV.RM-08.03
2.3 Protection / 2.3.2.1 Protection of processes and assets / Control implementation and design,2.3.2.1.9,"The FMI should develop processes and procedures and explore potential technologies to constantly adjust and refine its security countermeasures (controls). This will help it to ensure it is protected against known and emerging threats, based on knowledge and best practices obtained from other FMIs across the ecosystem and through the use of threat intelligence.",Innovating,Full Summarily,ID.RA-02.02: The organization shares authorized information on its cyber resilience framework and the effectiveness of protection technologies bilaterally with trusted external stakeholders to promote the understanding of each party’s approach to securing systems.,IDENTIFY / Risk Assessment / Information Sharing Forums,ID.RA-02.02
2.3 Protection / 2.3.2.1 Protection of processes and assets / Control implementation and design,2.3.2.1.9,"The FMI should develop processes and procedures and explore potential technologies to constantly adjust and refine its security countermeasures (controls). This will help it to ensure it is protected against known and emerging threats, based on knowledge and best practices obtained from other FMIs across the ecosystem and through the use of threat intelligence.",Innovating,Full Summarily,"EX.MM-02.03: The organization collaborates with suppliers to maintain and improve the secure use of products, services, and external connections.",EXTEND / Monitoring and Managing Suppliers / Ongoing Third-Party Management,EX.MM-02.03
2.3 Protection / 2.3.2.1 Protection of processes and assets / Network and infrastructure management,2.3.2.1.10,"The FMI should establish a secure boundary that protects its network infrastructure (using tools such as a router, firewall, intrusion prevention system (IPS) or intrusion detection system (IDS), virtual private network (VPN), demilitarised zone (DMZ) or proxies etc.). The boundary should identify trusted and untrusted zones according to the risk profile and criticality of information assets contained within each zone, and appropriate access requirements should be implemented within and between each security zone according to the principle of least privilege.",Evolving,Full Summarily,"PR.IR-01.01: Networks, systems, and external connections are segmented (e.g., using firewalls, software-defined networks, guest wireless networks, etc.) to implement defense-in-depth and access isolation principles.",PROTECT / Technology Infrastructure Resilience / Logical Access Protections,PR.IR-01.01
2.3 Protection / 2.3.2.1 Protection of processes and assets / Network and infrastructure management,2.3.2.1.10,"The FMI should establish a secure boundary that protects its network infrastructure (using tools such as a router, firewall, intrusion prevention system (IPS) or intrusion detection system (IDS), virtual private network (VPN), demilitarised zone (DMZ) or proxies etc.). The boundary should identify trusted and untrusted zones according to the risk profile and criticality of information assets contained within each zone, and appropriate access requirements should be implemented within and between each security zone according to the principle of least privilege.",Evolving,Full Summarily,"PR.IR-01.02: Network device configurations (e.g., firewall rules, ports, and protocols) are documented, reviewed and updated regularly and upon change to ensure alignment with network access, segmentation, traversal, and deny-all default requirements.",PROTECT / Technology Infrastructure Resilience / Logical Access Protections,PR.IR-01.02
2.3 Protection / 2.3.2.1 Protection of processes and assets / Network and infrastructure management,2.3.2.1.10,"The FMI should establish a secure boundary that protects its network infrastructure (using tools such as a router, firewall, intrusion prevention system (IPS) or intrusion detection system (IDS), virtual private network (VPN), demilitarised zone (DMZ) or proxies etc.). The boundary should identify trusted and untrusted zones according to the risk profile and criticality of information assets contained within each zone, and appropriate access requirements should be implemented within and between each security zone according to the principle of least privilege.",Evolving,Full Summarily,"PR.IR-01.03: The integrity and resilience of the organization's communications and control network services are enhanced through controls such as denial of service protections, secure name/address resolution, and/or alternate communications paths.",PROTECT / Technology Infrastructure Resilience / Logical Access Protections,PR.IR-01.03
2.3 Protection / 2.3.2.1 Protection of processes and assets / Network and infrastructure management,2.3.2.1.10,"The FMI should establish a secure boundary that protects its network infrastructure (using tools such as a router, firewall, intrusion prevention system (IPS) or intrusion detection system (IDS), virtual private network (VPN), demilitarised zone (DMZ) or proxies etc.). The boundary should identify trusted and untrusted zones according to the risk profile and criticality of information assets contained within each zone, and appropriate access requirements should be implemented within and between each security zone according to the principle of least privilege.",Evolving,Full Summarily,"PR.IR-01.05: Remote access is carefully controlled (e.g., restricted to defined systems, access is actively managed (e.g., session timeouts, logging, forced disconnect, etc.), and encrypted connections with multi-factor authentication are used).",PROTECT / Technology Infrastructure Resilience / Logical Access Protections,PR.IR-01.05
2.3 Protection / 2.3.2.1 Protection of processes and assets / Network and infrastructure management,2.3.2.1.10,"The FMI should establish a secure boundary that protects its network infrastructure (using tools such as a router, firewall, intrusion prevention system (IPS) or intrusion detection system (IDS), virtual private network (VPN), demilitarised zone (DMZ) or proxies etc.). The boundary should identify trusted and untrusted zones according to the risk profile and criticality of information assets contained within each zone, and appropriate access requirements should be implemented within and between each security zone according to the principle of least privilege.",Evolving,Full Summarily,"DE.CM-06.01: The organization reviews, documents, authorizes, and monitors all third-party connections, data transfer mechanisms, and Application Programming Interfaces (APIs).",DETECT / Continuous Monitoring / Service Provider Monitoring,DE.CM-06.01
2.3 Protection / 2.3.2.1 Protection of processes and assets / Network and infrastructure management,2.3.2.1.10,"The FMI should establish a secure boundary that protects its network infrastructure (using tools such as a router, firewall, intrusion prevention system (IPS) or intrusion detection system (IDS), virtual private network (VPN), demilitarised zone (DMZ) or proxies etc.). The boundary should identify trusted and untrusted zones according to the risk profile and criticality of information assets contained within each zone, and appropriate access requirements should be implemented within and between each security zone according to the principle of least privilege.",Evolving,Full Summarily,"DE.AE-02.01: The organization performs timely collection of event data, as well as advanced and automated analysis (including the use of security tools such as antivirus and IDS/IPS) on the detected events to:
(1) Assess and understand the nature, scope and method of the attack;
(2) Predict and block a similar future attack; and
(3) Report timely risk metrics.",DETECT / Adverse Event Analysis / Potentially Adverse Event Analysis,DE.AE-02.01
2.3 Protection / 2.3.2.1 Protection of processes and assets / Network and infrastructure management,2.3.2.1.11,"The FMI should seek to use a separate and dedicated network for information system administration. At a minimum, the FMI should prohibit direct internet access from devices or servers used for information system administration whenever possible.",Evolving,Partial,"PR.IR-01.01: Networks, systems, and external connections are segmented (e.g., using firewalls, software-defined networks, guest wireless networks, etc.) to implement defense-in-depth and access isolation principles.",PROTECT / Technology Infrastructure Resilience / Logical Access Protections,PR.IR-01.01
2.3 Protection / 2.3.2.1 Protection of processes and assets / Network and infrastructure management,2.3.2.1.12,"The FMI should establish a baseline system and security configurations for information systems and system components, including devices used for accessing the FMI network remotely, to help the configuration to and security reinforcement of those systems and components to be applied consistently. These baselines should be documented, formally reviewed and regularly updated to adapt them to the FMI’s evolving threat landscape.",Evolving,Full,"PR.PS-01.01: The organization establishes and maintains standard system security configuration baselines, informed by industry standards and hardening guidelines, to facilitate the consistent application of security settings, configurations, and versions.",PROTECT / Platform Security / Configuration Management,PR.PS-01.01
2.3 Protection / 2.3.2.1 Protection of processes and assets / Network and infrastructure management,2.3.2.1.13,The FMI should reinforce its network infrastructure and information systems using recognised industry security standards. Changes to system configurations should be strictly controlled and monitored and programmes that can alter or override system configuration should be restricted. This should also be applicable to devices and environments used for accessing the FMI network remotely.,Evolving,Full Summarily,"GV.RM-08.03: The organization defines, maintains, and uses technical security standards, architectures, processes or practices (including automated tools when practical) to ensure the security of its applications and infrastructure.",GOVERN / Risk Management Strategy  / Technology Assimilation & Implementations,GV.RM-08.03
2.3 Protection / 2.3.2.1 Protection of processes and assets / Network and infrastructure management,2.3.2.1.13,The FMI should reinforce its network infrastructure and information systems using recognised industry security standards. Changes to system configurations should be strictly controlled and monitored and programmes that can alter or override system configuration should be restricted. This should also be applicable to devices and environments used for accessing the FMI network remotely.,Evolving,Full Summarily,"PR.PS-01.01: The organization establishes and maintains standard system security configuration baselines, informed by industry standards and hardening guidelines, to facilitate the consistent application of security settings, configurations, and versions.",PROTECT / Platform Security / Configuration Management,PR.PS-01.01
2.3 Protection / 2.3.2.1 Protection of processes and assets / Network and infrastructure management,2.3.2.1.13,The FMI should reinforce its network infrastructure and information systems using recognised industry security standards. Changes to system configurations should be strictly controlled and monitored and programmes that can alter or override system configuration should be restricted. This should also be applicable to devices and environments used for accessing the FMI network remotely.,Evolving,Full Summarily,PR.PS-01.03: The organization employs detection measures and performs regular enforcement checks to ensure that non-compliance with baseline security standards is promptly identified and rectified.,PROTECT / Platform Security / Configuration Management,PR.PS-01.03
2.3 Protection / 2.3.2.1 Protection of processes and assets / Network and infrastructure management,2.3.2.1.13,The FMI should reinforce its network infrastructure and information systems using recognised industry security standards. Changes to system configurations should be strictly controlled and monitored and programmes that can alter or override system configuration should be restricted. This should also be applicable to devices and environments used for accessing the FMI network remotely.,Evolving,Full Summarily,"PR.IR-01.02: Network device configurations (e.g., firewall rules, ports, and protocols) are documented, reviewed and updated regularly and upon change to ensure alignment with network access, segmentation, traversal, and deny-all default requirements.",PROTECT / Technology Infrastructure Resilience / Logical Access Protections,PR.IR-01.02
2.3 Protection / 2.3.2.1 Protection of processes and assets / Network and infrastructure management,2.3.2.1.13,The FMI should reinforce its network infrastructure and information systems using recognised industry security standards. Changes to system configurations should be strictly controlled and monitored and programmes that can alter or override system configuration should be restricted. This should also be applicable to devices and environments used for accessing the FMI network remotely.,Evolving,Full Summarily,"PR.IR-01.08: The organization implements policies, procedures, end-user agreements, and technical controls to address the risks of end-user mobile or personal computing devices accessing the organization's network and resources.",PROTECT / Technology Infrastructure Resilience / Logical Access Protections,PR.IR-01.08
2.3 Protection / 2.3.2.1 Protection of processes and assets / Network and infrastructure management,2.3.2.1.13,The FMI should reinforce its network infrastructure and information systems using recognised industry security standards. Changes to system configurations should be strictly controlled and monitored and programmes that can alter or override system configuration should be restricted. This should also be applicable to devices and environments used for accessing the FMI network remotely.,Evolving,Full Summarily,"DE.CM-09.03: The organization has policies, procedures, and tools in place to monitor for, detect, and block the use of unsupported or unauthorized software, hardware, or configuration changes.","DETECT / Continuous Monitoring / Hardware, Software, & Data Monitoring",DE.CM-09.03
2.3 Protection / 2.3.2.1 Protection of processes and assets / Network and infrastructure management,2.3.2.1.14,"The FMI should seek to use secure network protocols (e.g. Secure Shell and protocols relying on transport layer security (TLS) or equivalent), when appropriate, in order to guarantee the confidentiality and integrity of information exchanged within its network and beyond, including remote connections.",Evolving,Full Summarily,"PR.DS-02.01: Data-in-transit is protected commensurate with the criticality and sensitivity of the information and in alignment with the data classification and protection policy (e.g., through the use of encryption, authentication, access control, masking, tokenization, and alternate transit paths).",PROTECT / Data Security / Protection of Data in Transit,PR.DS-02.01
2.3 Protection / 2.3.2.1 Protection of processes and assets / Network and infrastructure management,2.3.2.1.14,"The FMI should seek to use secure network protocols (e.g. Secure Shell and protocols relying on transport layer security (TLS) or equivalent), when appropriate, in order to guarantee the confidentiality and integrity of information exchanged within its network and beyond, including remote connections.",Evolving,Full Summarily,"PR.PS-01.05: Acceptable encryption standards, methods, and management practices are established in accordance with defined industry standards.",PROTECT / Platform Security / Configuration Management,PR.PS-01.05
2.3 Protection / 2.3.2.1 Protection of processes and assets / Network and infrastructure management,2.3.2.1.14,"The FMI should seek to use secure network protocols (e.g. Secure Shell and protocols relying on transport layer security (TLS) or equivalent), when appropriate, in order to guarantee the confidentiality and integrity of information exchanged within its network and beyond, including remote connections.",Evolving,Full Summarily,PR.PS-01.06: The organization employs defined encryption methods and management practices commensurate with the criticality of the information being protected and the inherent risk of the technical environment where used.,PROTECT / Platform Security / Configuration Management,PR.PS-01.06
2.3 Protection / 2.3.2.1 Protection of processes and assets / Network and infrastructure management,2.3.2.1.15,"The FMI should define and implement procedures that limit, lock and terminate system and remote sessions after a predefined period of inactivity and predefined conditions are met.",Evolving,Full,"PR.IR-01.05: Remote access is carefully controlled (e.g., restricted to defined systems, access is actively managed (e.g., session timeouts, logging, forced disconnect, etc.), and encrypted connections with multi-factor authentication are used).",PROTECT / Technology Infrastructure Resilience / Logical Access Protections,PR.IR-01.05
2.3 Protection / 2.3.2.1 Protection of processes and assets / Network and infrastructure management,2.3.2.1.16,"The FMI should deploy a broad range of technologies and tools to detect and block actual and attempted attacks or intrusions. The FMI may use intrusion detection or prevention systems, end point security solutions (e.g. antivirus, a firewall, or a host intrusion detection system (HIDS) or host intrusion prevention system (HIPS)) or any other relevant solutions (e.g. an access gateway or a jump box), in particular on devices and in environments used for accessing the FMI network remotely.",Evolving,Full,"DE.AE-02.01: The organization performs timely collection of event data, as well as advanced and automated analysis (including the use of security tools such as antivirus and IDS/IPS) on the detected events to:
(1) Assess and understand the nature, scope and method of the attack;
(2) Predict and block a similar future attack; and
(3) Report timely risk metrics.",DETECT / Adverse Event Analysis / Potentially Adverse Event Analysis,DE.AE-02.01
2.3 Protection / 2.3.2.1 Protection of processes and assets / Network and infrastructure management,2.3.2.1.17,The FMI should implement controls that manage or prevent non-controlled devices to connect to its internal network from inside or outside the premises to ensure that activities in these zones are logged and monitored for inappropriate use or attempts to access business systems. The FMI’s infrastructure should be scanned regularly to detect rogue devices and access points.,Evolving,Full Summarily,"PR.IR-01.04: The organization controls access to its wireless networks and the information that these networks process by implementing appropriate mechanisms (e.g., strong authentication for authentication and transmission, preventing unauthorized devices from connecting to the internal networks, restricting unauthorized traffic, and segregating guest wireless networks).",PROTECT / Technology Infrastructure Resilience / Logical Access Protections,PR.IR-01.04
2.3 Protection / 2.3.2.1 Protection of processes and assets / Network and infrastructure management,2.3.2.1.17,The FMI should implement controls that manage or prevent non-controlled devices to connect to its internal network from inside or outside the premises to ensure that activities in these zones are logged and monitored for inappropriate use or attempts to access business systems. The FMI’s infrastructure should be scanned regularly to detect rogue devices and access points.,Evolving,Full Summarily,DE.CM-01.01:  The organization deploys intrusion detection and intrusion prevention capabilities to detect and prevent a potential network intrusion in its early stages for timely containment and recovery.,DETECT / Continuous Monitoring / Network Monitoring,DE.CM-01.01
2.3 Protection / 2.3.2.1 Protection of processes and assets / Network and infrastructure management,2.3.2.1.17,The FMI should implement controls that manage or prevent non-controlled devices to connect to its internal network from inside or outside the premises to ensure that activities in these zones are logged and monitored for inappropriate use or attempts to access business systems. The FMI’s infrastructure should be scanned regularly to detect rogue devices and access points.,Evolving,Full Summarily,"DE.CM-01.03: The organization has policies, procedures, and tools in place to monitor for, detect, and block unauthorized network connections and data transfers.",DETECT / Continuous Monitoring / Network Monitoring,DE.CM-01.03
2.3 Protection / 2.3.2.1 Protection of processes and assets / Network and infrastructure management,2.3.2.1.17,The FMI should implement controls that manage or prevent non-controlled devices to connect to its internal network from inside or outside the premises to ensure that activities in these zones are logged and monitored for inappropriate use or attempts to access business systems. The FMI’s infrastructure should be scanned regularly to detect rogue devices and access points.,Evolving,Full Summarily,"DE.CM-03.01: Account access, authentication, and authorization activities are logged and monitored, for both users and devices, to enforce authorized access.",DETECT / Continuous Monitoring / Personnel Activity Monitoring,DE.CM-03.01
2.3 Protection / 2.3.2.1 Protection of processes and assets / Network and infrastructure management,2.3.2.1.18,The FMI should scan its legacy technologies regularly to identify potential vulnerabilities and seek upgrade opportunities. Controls and additional defence layers should be implemented and tested in order to protect unsupported or vulnerable systems.,Evolving,Full Summarily,"ID.RA-01.03: The organization establishes and maintains standards and capabilities for ongoing vulnerability management, including systematic scans, or reviews reasonably designed to identify known cyber vulnerabilities and upgrade opportunities, across the organization's environments and assets.",IDENTIFY / Risk Assessment / Asset Vulnerability Identification,ID.RA-01.03
2.3 Protection / 2.3.2.1 Protection of processes and assets / Network and infrastructure management,2.3.2.1.18,The FMI should scan its legacy technologies regularly to identify potential vulnerabilities and seek upgrade opportunities. Controls and additional defence layers should be implemented and tested in order to protect unsupported or vulnerable systems.,Evolving,Full Summarily,"ID.IM-02.01: The organization conducts regular, independent penetration testing and red team testing on the organization's network, internet-facing systems, critical applications, and associated controls to identify gaps in cybersecurity defenses.",IDENTIFY / Improvement / Tests & Exercises,ID.IM-02.01
2.3 Protection / 2.3.2.1 Protection of processes and assets / Network and infrastructure management,2.3.2.1.18,The FMI should scan its legacy technologies regularly to identify potential vulnerabilities and seek upgrade opportunities. Controls and additional defence layers should be implemented and tested in order to protect unsupported or vulnerable systems.,Evolving,Full Summarily,"PR.PS-02.03: Technology obsolescence, unsupported systems, and end-of-life decommissioning/replacements are addressed in a risk-based manner and actively planned for, funded, managed, and securely executed.",PROTECT / Platform Security / Software Maintenance & Replacement,PR.PS-02.03
2.3 Protection / 2.3.2.1 Protection of processes and assets / Network and infrastructure management,2.3.2.1.19,The FMI should have policies and controls that prevent users from installing unauthorised applications. Procedures should be in place to manage the installation of applications.,Evolving,Full Summarily,"ID.AM-08.02: The organization establishes policies, and employs methods to identify, assess, and manage technology solutions that are acquired, managed, or used outside of established, governed technology and cybersecurity processes (i.e., ""Shadow IT"").",IDENTIFY / Asset Management / Asset Life Cycle Management,ID.AM-08.02
2.3 Protection / 2.3.2.1 Protection of processes and assets / Network and infrastructure management,2.3.2.1.19,The FMI should have policies and controls that prevent users from installing unauthorised applications. Procedures should be in place to manage the installation of applications.,Evolving,Full Summarily,"DE.CM-09.03: The organization has policies, procedures, and tools in place to monitor for, detect, and block the use of unsupported or unauthorized software, hardware, or configuration changes.","DETECT / Continuous Monitoring / Hardware, Software, & Data Monitoring",DE.CM-09.03
2.3 Protection / 2.3.2.1 Protection of processes and assets / Network and infrastructure management,2.3.2.1.20,"The FMI should implement a defence-in-depth security architecture, based on the network and data flow diagrams that identify hardware, software and network components, internal and external connections, and type of information exchanged between systems. As required in the identification phase, the FMI should maintain current and complete network and data flow diagrams.",Advancing,Full Summarily,"GV.RM-08.04: The organization integrates the use of technology architecture in its governance processes to support consistent approaches to security and technology design, integration of third party services, consideration and adoption of new technologies, and investment and procurement decisioning.",GOVERN / Risk Management Strategy  / Technology Assimilation & Implementations,GV.RM-08.04
2.3 Protection / 2.3.2.1 Protection of processes and assets / Network and infrastructure management,2.3.2.1.20,"The FMI should implement a defence-in-depth security architecture, based on the network and data flow diagrams that identify hardware, software and network components, internal and external connections, and type of information exchanged between systems. As required in the identification phase, the FMI should maintain current and complete network and data flow diagrams.",Advancing,Full Summarily,"ID.AM-03.01: The organization maintains current maps of network resources, mobile resources, external connections, network-connected third parties, and network data flows.",IDENTIFY / Asset Management / Network Communications & Data Flows,ID.AM-03.01
2.3 Protection / 2.3.2.1 Protection of processes and assets / Network and infrastructure management,2.3.2.1.20,"The FMI should implement a defence-in-depth security architecture, based on the network and data flow diagrams that identify hardware, software and network components, internal and external connections, and type of information exchanged between systems. As required in the identification phase, the FMI should maintain current and complete network and data flow diagrams.",Advancing,Full Summarily,"PR.IR-01.01: Networks, systems, and external connections are segmented (e.g., using firewalls, software-defined networks, guest wireless networks, etc.) to implement defense-in-depth and access isolation principles.",PROTECT / Technology Infrastructure Resilience / Logical Access Protections,PR.IR-01.01
2.3 Protection / 2.3.2.1 Protection of processes and assets / Network and infrastructure management,2.3.2.1.20,"The FMI should implement a defence-in-depth security architecture, based on the network and data flow diagrams that identify hardware, software and network components, internal and external connections, and type of information exchanged between systems. As required in the identification phase, the FMI should maintain current and complete network and data flow diagrams.",Advancing,Full Summarily,"PR.IR-01.05: Remote access is carefully controlled (e.g., restricted to defined systems, access is actively managed (e.g., session timeouts, logging, forced disconnect, etc.), and encrypted connections with multi-factor authentication are used).",PROTECT / Technology Infrastructure Resilience / Logical Access Protections,PR.IR-01.05
2.3 Protection / 2.3.2.1 Protection of processes and assets / Network and infrastructure management,2.3.2.1.20,"The FMI should implement a defence-in-depth security architecture, based on the network and data flow diagrams that identify hardware, software and network components, internal and external connections, and type of information exchanged between systems. As required in the identification phase, the FMI should maintain current and complete network and data flow diagrams.",Advancing,Full Summarily,"DE.CM-06.01: The organization reviews, documents, authorizes, and monitors all third-party connections, data transfer mechanisms, and Application Programming Interfaces (APIs).",DETECT / Continuous Monitoring / Service Provider Monitoring,DE.CM-06.01
2.3 Protection / 2.3.2.1 Protection of processes and assets / Network and infrastructure management,2.3.2.1.21,"The FMI should segment its network infrastructure with security policies appropriate to its use and commensurate to its risk score, which define proper access policy to systems and applications. Sensitive traffic between systems and zones should be segregated using network management.",Advancing,Full Summarily,"PR.DS-02.01: Data-in-transit is protected commensurate with the criticality and sensitivity of the information and in alignment with the data classification and protection policy (e.g., through the use of encryption, authentication, access control, masking, tokenization, and alternate transit paths).",PROTECT / Data Security / Protection of Data in Transit,PR.DS-02.01
2.3 Protection / 2.3.2.1 Protection of processes and assets / Network and infrastructure management,2.3.2.1.21,"The FMI should segment its network infrastructure with security policies appropriate to its use and commensurate to its risk score, which define proper access policy to systems and applications. Sensitive traffic between systems and zones should be segregated using network management.",Advancing,Full Summarily,"PR.IR-01.01: Networks, systems, and external connections are segmented (e.g., using firewalls, software-defined networks, guest wireless networks, etc.) to implement defense-in-depth and access isolation principles.",PROTECT / Technology Infrastructure Resilience / Logical Access Protections,PR.IR-01.01
2.3 Protection / 2.3.2.1 Protection of processes and assets / Network and infrastructure management,2.3.2.1.21,"The FMI should segment its network infrastructure with security policies appropriate to its use and commensurate to its risk score, which define proper access policy to systems and applications. Sensitive traffic between systems and zones should be segregated using network management.",Advancing,Full Summarily,"PR.IR-01.02: Network device configurations (e.g., firewall rules, ports, and protocols) are documented, reviewed and updated regularly and upon change to ensure alignment with network access, segmentation, traversal, and deny-all default requirements.",PROTECT / Technology Infrastructure Resilience / Logical Access Protections,PR.IR-01.02
2.3 Protection / 2.3.2.1 Protection of processes and assets / Network and infrastructure management,2.3.2.1.22,The FMI’s IT environments and functions should be adequately separated with different security levels and controls implemented.,Advancing,Partial,"PR.IR-01.01: Networks, systems, and external connections are segmented (e.g., using firewalls, software-defined networks, guest wireless networks, etc.) to implement defense-in-depth and access isolation principles.",PROTECT / Technology Infrastructure Resilience / Logical Access Protections,PR.IR-01.01
2.3 Protection / 2.3.2.1 Protection of processes and assets / Network and infrastructure management,2.3.2.1.22,The FMI’s IT environments and functions should be adequately separated with different security levels and controls implemented.,Advancing,Partial,PR.IR-01.06: The organization's production and non-production environments and data are segregated and managed to prevent unauthorized access or changes to the information assets.,PROTECT / Technology Infrastructure Resilience / Logical Access Protections,PR.IR-01.06
2.3 Protection / 2.3.2.1 Protection of processes and assets / Network and infrastructure management,2.3.2.1.23,"The FMI should implement technical measures to prevent the execution of unauthorised code on institution-owned or managed devices, network infrastructure and system components.",Advancing,Full Summarily,"PR.PS-05.01: The organization has policies, procedures, and tools in place to detect and block malware from infecting networks and systems, including automatically updating malware signatures and behavior profiles on all endpoints.",PROTECT / Platform Security / Unauthorized Software Installation & Execution,PR.PS-05.01
2.3 Protection / 2.3.2.1 Protection of processes and assets / Network and infrastructure management,2.3.2.1.23,"The FMI should implement technical measures to prevent the execution of unauthorised code on institution-owned or managed devices, network infrastructure and system components.",Advancing,Full Summarily,"PR.PS-05.02: The organization implements safeguards against unauthorized mobile code (e.g., JavaScript, ActiveX, VBScript, PowerShell, etc.) on mobile, end point, and server systems.",PROTECT / Platform Security / Unauthorized Software Installation & Execution,PR.PS-05.02
2.3 Protection / 2.3.2.1 Protection of processes and assets / Network and infrastructure management,2.3.2.1.23,"The FMI should implement technical measures to prevent the execution of unauthorised code on institution-owned or managed devices, network infrastructure and system components.",Advancing,Full Summarily,"PR.PS-05.03: The organization has policies, procedures, and tools in place to detect, isolate, and block the use of attached malware or malicious links present in email or message services.",PROTECT / Platform Security / Unauthorized Software Installation & Execution,PR.PS-05.03
2.3 Protection / 2.3.2.1 Protection of processes and assets / Network and infrastructure management,2.3.2.1.23,"The FMI should implement technical measures to prevent the execution of unauthorised code on institution-owned or managed devices, network infrastructure and system components.",Advancing,Full Summarily,"DE.CM-09.03: The organization has policies, procedures, and tools in place to monitor for, detect, and block the use of unsupported or unauthorized software, hardware, or configuration changes.","DETECT / Continuous Monitoring / Hardware, Software, & Data Monitoring",DE.CM-09.03
2.3 Protection / 2.3.2.1 Protection of processes and assets / Network and infrastructure management,2.3.2.1.24,The FMI should consider implementing technical measures (e.g. network access control (NAC) solutions) in order to prevent unauthorised devices from being connecting successfully.,Advancing,Full,"DE.CM-01.03: The organization has policies, procedures, and tools in place to monitor for, detect, and block unauthorized network connections and data transfers.",DETECT / Continuous Monitoring / Network Monitoring,DE.CM-01.03
2.3 Protection / 2.3.2.1 Protection of processes and assets / Network and infrastructure management,2.3.2.1.25,"The FMI should employ automated mechanisms to help maintain an up-to-date, complete, accurate and readily available baseline of system and security configurations for the information system and system components. These mechanisms might include hardware and software inventory tools, configuration management tools and network management tools.",Advancing,Full Summarily,"PR.PS-01.01: The organization establishes and maintains standard system security configuration baselines, informed by industry standards and hardening guidelines, to facilitate the consistent application of security settings, configurations, and versions.",PROTECT / Platform Security / Configuration Management,PR.PS-01.01
2.3 Protection / 2.3.2.1 Protection of processes and assets / Network and infrastructure management,2.3.2.1.25,"The FMI should employ automated mechanisms to help maintain an up-to-date, complete, accurate and readily available baseline of system and security configurations for the information system and system components. These mechanisms might include hardware and software inventory tools, configuration management tools and network management tools.",Advancing,Full Summarily,"PR.IR-01.02: Network device configurations (e.g., firewall rules, ports, and protocols) are documented, reviewed and updated regularly and upon change to ensure alignment with network access, segmentation, traversal, and deny-all default requirements.",PROTECT / Technology Infrastructure Resilience / Logical Access Protections,PR.IR-01.02
2.3 Protection / 2.3.2.1 Protection of processes and assets / Network and infrastructure management,2.3.2.1.25,"The FMI should employ automated mechanisms to help maintain an up-to-date, complete, accurate and readily available baseline of system and security configurations for the information system and system components. These mechanisms might include hardware and software inventory tools, configuration management tools and network management tools.",Advancing,Full Summarily,"DE.CM-09.03: The organization has policies, procedures, and tools in place to monitor for, detect, and block the use of unsupported or unauthorized software, hardware, or configuration changes.","DETECT / Continuous Monitoring / Hardware, Software, & Data Monitoring",DE.CM-09.03
2.3 Protection / 2.3.2.1 Protection of processes and assets / Network and infrastructure management,2.3.2.1.26,The FMI should implement automated mechanisms that can isolate affected information assets in the case of an adverse event.,Innovating,Partial,"PR.IR-01.01: Networks, systems, and external connections are segmented (e.g., using firewalls, software-defined networks, guest wireless networks, etc.) to implement defense-in-depth and access isolation principles.",PROTECT / Technology Infrastructure Resilience / Logical Access Protections,PR.IR-01.01
2.3 Protection / 2.3.2.1 Protection of processes and assets / Network and infrastructure management,2.3.2.1.27,"In the context of a defence-in-depth strategy, the FMI should seek to implement cyber deception capabilities and techniques that enable it to lure the attacker and trap it in a controlled environment where all activities can be contained and analysed, allowing the FMI to gain vital threat intelligence that will help to improve its protection controls.",Innovating,Full,"DE.CM-01.06: The organization employs deception techniques and technologies (e.g., honeypots) to detect and prevent a potential intrusion in its early stages to support timely containment and recovery.",DETECT / Continuous Monitoring / Network Monitoring,DE.CM-01.06
2.3 Protection / 2.3.2.1 Protection of processes and assets / Logical and physical security management,2.3.2.1.28,"The FMI should identify and restrict physical and logical access to its system resources to the minimum required for legitimate and approved work activities, according to the principle of least privilege.",Evolving,Full,"PR.AA-05.01: The organization limits access privileges to the minimum necessary and with consideration of separation of duties (e.g., through role-based access control, asset owner access recertifications, etc.).","PROTECT / Identity Management, Authentication, and Access Control / Access Authorizations",PR.AA-05.01
2.3 Protection / 2.3.2.1 Protection of processes and assets / Logical and physical security management,2.3.2.1.29,"The FMI should establish policies, procedures and controls that address access privileges and how that access should be administered. The information system access should be evaluated regularly to identify unneeded access or privileges. Physical, logical and/or remote access to critical systems should be restricted and logged and unauthorised access should be blocked. Administration rights on systems should be strictly limited to operational needs. Procedures should be in place for a periodic review of all access rights.",Evolving,Full Summarily,"PR.AA-01.01: Identities and credentials are actively managed or automated for authorized devices and users (e.g., removal of default and factory passwords, password strength requirements, automatic revocation of credentials under defined conditions, regular asset owner access review, etc.).","PROTECT / Identity Management, Authentication, and Access Control / Identity & Credential Management",PR.AA-01.01
2.3 Protection / 2.3.2.1 Protection of processes and assets / Logical and physical security management,2.3.2.1.29,"The FMI should establish policies, procedures and controls that address access privileges and how that access should be administered. The information system access should be evaluated regularly to identify unneeded access or privileges. Physical, logical and/or remote access to critical systems should be restricted and logged and unauthorised access should be blocked. Administration rights on systems should be strictly limited to operational needs. Procedures should be in place for a periodic review of all access rights.",Evolving,Full Summarily,"PR.AA-01.02: Physical and logical access to systems is permitted only for individuals who have a legitimate business requirement, have been authorized, and who are adequately trained and monitored.","PROTECT / Identity Management, Authentication, and Access Control / Identity & Credential Management",PR.AA-01.02
2.3 Protection / 2.3.2.1 Protection of processes and assets / Logical and physical security management,2.3.2.1.29,"The FMI should establish policies, procedures and controls that address access privileges and how that access should be administered. The information system access should be evaluated regularly to identify unneeded access or privileges. Physical, logical and/or remote access to critical systems should be restricted and logged and unauthorised access should be blocked. Administration rights on systems should be strictly limited to operational needs. Procedures should be in place for a periodic review of all access rights.",Evolving,Full Summarily,"PR.AA-03.02: Decisions to authorize user access to devices and other assets are made with consideration of: 
(1) Business need for the access;
(2) The type of data being accessed (e.g., customer PII, public data);
(3) The risk of the transaction (e.g., internal-to-internal, external-to-internal);
(4) The organization's level of trust for the accessing agent (e.g., external application, internal user); and
(5) The potential for harm.","PROTECT / Identity Management, Authentication, and Access Control / Authentication",PR.AA-03.02
2.3 Protection / 2.3.2.1 Protection of processes and assets / Logical and physical security management,2.3.2.1.29,"The FMI should establish policies, procedures and controls that address access privileges and how that access should be administered. The information system access should be evaluated regularly to identify unneeded access or privileges. Physical, logical and/or remote access to critical systems should be restricted and logged and unauthorised access should be blocked. Administration rights on systems should be strictly limited to operational needs. Procedures should be in place for a periodic review of all access rights.",Evolving,Full Summarily,"PR.AA-06.01: The organization manages, protects, and logs physical access to sensitive areas, devices, consoles, equipment, and network cabling and infrastructure.","PROTECT / Identity Management, Authentication, and Access Control / Physical Access",PR.AA-06.01
2.3 Protection / 2.3.2.1 Protection of processes and assets / Logical and physical security management,2.3.2.1.29,"The FMI should establish policies, procedures and controls that address access privileges and how that access should be administered. The information system access should be evaluated regularly to identify unneeded access or privileges. Physical, logical and/or remote access to critical systems should be restricted and logged and unauthorised access should be blocked. Administration rights on systems should be strictly limited to operational needs. Procedures should be in place for a periodic review of all access rights.",Evolving,Full Summarily,"PR.IR-01.05: Remote access is carefully controlled (e.g., restricted to defined systems, access is actively managed (e.g., session timeouts, logging, forced disconnect, etc.), and encrypted connections with multi-factor authentication are used).",PROTECT / Technology Infrastructure Resilience / Logical Access Protections,PR.IR-01.05
2.3 Protection / 2.3.2.1 Protection of processes and assets / Logical and physical security management,2.3.2.1.29,"The FMI should establish policies, procedures and controls that address access privileges and how that access should be administered. The information system access should be evaluated regularly to identify unneeded access or privileges. Physical, logical and/or remote access to critical systems should be restricted and logged and unauthorised access should be blocked. Administration rights on systems should be strictly limited to operational needs. Procedures should be in place for a periodic review of all access rights.",Evolving,Full Summarily,"DE.CM-03.01: Account access, authentication, and authorization activities are logged and monitored, for both users and devices, to enforce authorized access.",DETECT / Continuous Monitoring / Personnel Activity Monitoring,DE.CM-03.01
2.3 Protection / 2.3.2.1 Protection of processes and assets / Logical and physical security management,2.3.2.1.29,"The FMI should establish policies, procedures and controls that address access privileges and how that access should be administered. The information system access should be evaluated regularly to identify unneeded access or privileges. Physical, logical and/or remote access to critical systems should be restricted and logged and unauthorised access should be blocked. Administration rights on systems should be strictly limited to operational needs. Procedures should be in place for a periodic review of all access rights.",Evolving,Full Summarily,"DE.CM-03.02: The organization's controls actively monitor personnel (both authorized and unauthorized) for access, authentication, usage, connections, devices, and anomalous behavior to rapidly detect potential cybersecurity events.",DETECT / Continuous Monitoring / Personnel Activity Monitoring,DE.CM-03.02
2.3 Protection / 2.3.2.1 Protection of processes and assets / Logical and physical security management,2.3.2.1.30,"The FMI should establish and administer user accounts in accordance with a role-based access control (RBAC) scheme that organises allowed information system access rights and privileges into roles. Role assignments should be reviewed regularly by appropriate staff (e.g. management and system owners, etc.) in order to take appropriate action when privileged role assignments are no longer appropriate.",Evolving,Full Summarily,"PR.AA-01.01: Identities and credentials are actively managed or automated for authorized devices and users (e.g., removal of default and factory passwords, password strength requirements, automatic revocation of credentials under defined conditions, regular asset owner access review, etc.).","PROTECT / Identity Management, Authentication, and Access Control / Identity & Credential Management",PR.AA-01.01
2.3 Protection / 2.3.2.1 Protection of processes and assets / Logical and physical security management,2.3.2.1.30,"The FMI should establish and administer user accounts in accordance with a role-based access control (RBAC) scheme that organises allowed information system access rights and privileges into roles. Role assignments should be reviewed regularly by appropriate staff (e.g. management and system owners, etc.) in order to take appropriate action when privileged role assignments are no longer appropriate.",Evolving,Full Summarily,"PR.AA-05.01: The organization limits access privileges to the minimum necessary and with consideration of separation of duties (e.g., through role-based access control, asset owner access recertifications, etc.).","PROTECT / Identity Management, Authentication, and Access Control / Access Authorizations",PR.AA-05.01
2.3 Protection / 2.3.2.1 Protection of processes and assets / Logical and physical security management,2.3.2.1.31,"The FMI should establish processes to manage the creation, modification or deletion of user access rights. Such actions should be submitted to and approved by appropriate staff, and should be recorded for review if necessary.",Evolving,Full,"PR.AA-01.01: Identities and credentials are actively managed or automated for authorized devices and users (e.g., removal of default and factory passwords, password strength requirements, automatic revocation of credentials under defined conditions, regular asset owner access review, etc.).","PROTECT / Identity Management, Authentication, and Access Control / Identity & Credential Management",PR.AA-01.01
2.3 Protection / 2.3.2.1 Protection of processes and assets / Logical and physical security management,2.3.2.1.32,"The FMI should implement specific procedures to allocate privileged access on a need-to-use or an event-by-event basis. Administrators should have two types of accounts: one for general purpose and one to carry out their administrative tasks. The use of privileged accounts should be tightly monitored and controlled. The use of generic accounts for administration purpose should be strictly limited and traced. Whenever possible, user and administrator accounts should be nominative and clearly identifiable (e.g. using dedicated taxonomy for usernames, which ensures that the positions and roles are not apparent).",Evolving,Full Summarily,"PR.AA-05.02: The organization institutes controls over privileged system access by strictly limiting and closely managing staff and services with elevated system entitlements (e.g., multi-factor authentication, dual accounts, privilege and time constraints, etc.)","PROTECT / Identity Management, Authentication, and Access Control / Access Authorizations",PR.AA-05.02
2.3 Protection / 2.3.2.1 Protection of processes and assets / Logical and physical security management,2.3.2.1.32,"The FMI should implement specific procedures to allocate privileged access on a need-to-use or an event-by-event basis. Administrators should have two types of accounts: one for general purpose and one to carry out their administrative tasks. The use of privileged accounts should be tightly monitored and controlled. The use of generic accounts for administration purpose should be strictly limited and traced. Whenever possible, user and administrator accounts should be nominative and clearly identifiable (e.g. using dedicated taxonomy for usernames, which ensures that the positions and roles are not apparent).",Evolving,Full Summarily,"DE.CM-03.03: The organization logs and reviews the activities of privileged users and accounts, and monitoring for anomalous behaviors is implemented.",DETECT / Continuous Monitoring / Personnel Activity Monitoring,DE.CM-03.03
2.3 Protection / 2.3.2.1 Protection of processes and assets / Logical and physical security management,2.3.2.1.33,"The FMI should have a dedicated policy that covers all the characteristics of its authentication mechanisms (e.g. password, smart cards and biometrics, etc.) and is in line with relevant standards (e.g. NIST-800-63). Default authentication settings (e.g. passwords and unnecessary default accounts) should be deactivated, changed or removed before systems, software and/or services go live.",Evolving,Full Summarily,"PR.AA-01.01: Identities and credentials are actively managed or automated for authorized devices and users (e.g., removal of default and factory passwords, password strength requirements, automatic revocation of credentials under defined conditions, regular asset owner access review, etc.).","PROTECT / Identity Management, Authentication, and Access Control / Identity & Credential Management",PR.AA-01.01
2.3 Protection / 2.3.2.1 Protection of processes and assets / Logical and physical security management,2.3.2.1.33,"The FMI should have a dedicated policy that covers all the characteristics of its authentication mechanisms (e.g. password, smart cards and biometrics, etc.) and is in line with relevant standards (e.g. NIST-800-63). Default authentication settings (e.g. passwords and unnecessary default accounts) should be deactivated, changed or removed before systems, software and/or services go live.",Evolving,Full Summarily,"PR.AA-03.01: Based on the risk level of a user access or a specific transaction, the organization defines and implements authentication requirements, which may include multi-factor or out-of-band authentication, and may adopt other real-time risk prevention or mitigation tactics.","PROTECT / Identity Management, Authentication, and Access Control / Authentication",PR.AA-03.01
2.3 Protection / 2.3.2.1 Protection of processes and assets / Logical and physical security management,2.3.2.1.33,"The FMI should have a dedicated policy that covers all the characteristics of its authentication mechanisms (e.g. password, smart cards and biometrics, etc.) and is in line with relevant standards (e.g. NIST-800-63). Default authentication settings (e.g. passwords and unnecessary default accounts) should be deactivated, changed or removed before systems, software and/or services go live.",Evolving,Full Summarily,"PR.PS-01.05: Acceptable encryption standards, methods, and management practices are established in accordance with defined industry standards.",PROTECT / Platform Security / Configuration Management,PR.PS-01.05
2.3 Protection / 2.3.2.1 Protection of processes and assets / Logical and physical security management,2.3.2.1.34,"The FMI should develop appropriate controls (e.g. encryption, authentication and access control) to protect data at rest, in use and in transit. The controls should be commensurate to the criticality and the sensitivity of the data held, used or being transmitted, as per the risk assessment conducted in the identification phase.",Evolving,Full Summarily,"PR.DS-01.01: Data-at-rest is protected commensurate with the criticality and sensitivity of the information and in alignment with the data classification and protection policy (e.g., through the use of encryption, authentication, access control, segregation, masking, tokenization, and file integrity monitoring).",PROTECT / Data Security / Protection of Data at Rest,PR.DS-01.01
2.3 Protection / 2.3.2.1 Protection of processes and assets / Logical and physical security management,2.3.2.1.34,"The FMI should develop appropriate controls (e.g. encryption, authentication and access control) to protect data at rest, in use and in transit. The controls should be commensurate to the criticality and the sensitivity of the data held, used or being transmitted, as per the risk assessment conducted in the identification phase.",Evolving,Full Summarily,"PR.DS-02.01: Data-in-transit is protected commensurate with the criticality and sensitivity of the information and in alignment with the data classification and protection policy (e.g., through the use of encryption, authentication, access control, masking, tokenization, and alternate transit paths).",PROTECT / Data Security / Protection of Data in Transit,PR.DS-02.01
2.3 Protection / 2.3.2.1 Protection of processes and assets / Logical and physical security management,2.3.2.1.34,"The FMI should develop appropriate controls (e.g. encryption, authentication and access control) to protect data at rest, in use and in transit. The controls should be commensurate to the criticality and the sensitivity of the data held, used or being transmitted, as per the risk assessment conducted in the identification phase.",Evolving,Full Summarily,"PR.DS-10.01: Data-in-use is protected commensurate with the criticality and sensitivity of the information and in alignment with the data classification and protection policy (e.g., through the use of encryption, authentication, access control, masking, tokenization, visual shielding, memory integrity monitoring, etc.)",PROTECT / Data Security / Protection of Data in Use,PR.DS-10.01
2.3 Protection / 2.3.2.1 Protection of processes and assets / Logical and physical security management,2.3.2.1.35,The FMI should have dedicated controls to prevent unauthorised access to cryptographic keys. Dedicated policy and procedures should be defined for the management of and access to cryptographic materials.,Evolving,Full,"PR.PS-01.07: Cryptographic keys and certificates are tracked, managed, and protected throughout their lifecycles, to include for compromise and revocation.",PROTECT / Platform Security / Configuration Management,PR.PS-01.07
2.3 Protection / 2.3.2.1 Protection of processes and assets / Logical and physical security management,2.3.2.1.36,The FMI should implement controls to prevent unauthorised privileged escalation (e.g. technical controls that trigger automated notification to appropriate staff in the case of changes to user access profiles).,Advancing,Full Summarily,"PR.AA-05.02: The organization institutes controls over privileged system access by strictly limiting and closely managing staff and services with elevated system entitlements (e.g., multi-factor authentication, dual accounts, privilege and time constraints, etc.)","PROTECT / Identity Management, Authentication, and Access Control / Access Authorizations",PR.AA-05.02
2.3 Protection / 2.3.2.1 Protection of processes and assets / Logical and physical security management,2.3.2.1.36,The FMI should implement controls to prevent unauthorised privileged escalation (e.g. technical controls that trigger automated notification to appropriate staff in the case of changes to user access profiles).,Advancing,Full Summarily,"PR.AA-05.03: The organization institutes controls over service account (i.e., accounts used by systems to access other systems) lifecycles to ensure strict security over creation, use, and termination; access credentials (e.g., no embedded passwords in code); frequent reviews of account ownership; visibility for unauthorized use; and hardening against malicious insider use.","PROTECT / Identity Management, Authentication, and Access Control / Access Authorizations",PR.AA-05.03
2.3 Protection / 2.3.2.1 Protection of processes and assets / Logical and physical security management,2.3.2.1.36,The FMI should implement controls to prevent unauthorised privileged escalation (e.g. technical controls that trigger automated notification to appropriate staff in the case of changes to user access profiles).,Advancing,Full Summarily,"DE.CM-03.02: The organization's controls actively monitor personnel (both authorized and unauthorized) for access, authentication, usage, connections, devices, and anomalous behavior to rapidly detect potential cybersecurity events.",DETECT / Continuous Monitoring / Personnel Activity Monitoring,DE.CM-03.02
2.3 Protection / 2.3.2.1 Protection of processes and assets / Logical and physical security management,2.3.2.1.37,"The FMI should encrypt data as a result of its data classification and risk assessment processes. The FMI should also use encryption and general cryptographic controls in line with recognised standards and processes, which cover aspects such as algorithm, key length and key generation, etc.",Advancing,Full Summarily,"PR.DS-01.01: Data-at-rest is protected commensurate with the criticality and sensitivity of the information and in alignment with the data classification and protection policy (e.g., through the use of encryption, authentication, access control, segregation, masking, tokenization, and file integrity monitoring).",PROTECT / Data Security / Protection of Data at Rest,PR.DS-01.01
2.3 Protection / 2.3.2.1 Protection of processes and assets / Logical and physical security management,2.3.2.1.37,"The FMI should encrypt data as a result of its data classification and risk assessment processes. The FMI should also use encryption and general cryptographic controls in line with recognised standards and processes, which cover aspects such as algorithm, key length and key generation, etc.",Advancing,Full Summarily,"PR.DS-02.01: Data-in-transit is protected commensurate with the criticality and sensitivity of the information and in alignment with the data classification and protection policy (e.g., through the use of encryption, authentication, access control, masking, tokenization, and alternate transit paths).",PROTECT / Data Security / Protection of Data in Transit,PR.DS-02.01
2.3 Protection / 2.3.2.1 Protection of processes and assets / Logical and physical security management,2.3.2.1.37,"The FMI should encrypt data as a result of its data classification and risk assessment processes. The FMI should also use encryption and general cryptographic controls in line with recognised standards and processes, which cover aspects such as algorithm, key length and key generation, etc.",Advancing,Full Summarily,"PR.DS-10.01: Data-in-use is protected commensurate with the criticality and sensitivity of the information and in alignment with the data classification and protection policy (e.g., through the use of encryption, authentication, access control, masking, tokenization, visual shielding, memory integrity monitoring, etc.)",PROTECT / Data Security / Protection of Data in Use,PR.DS-10.01
2.3 Protection / 2.3.2.1 Protection of processes and assets / Logical and physical security management,2.3.2.1.37,"The FMI should encrypt data as a result of its data classification and risk assessment processes. The FMI should also use encryption and general cryptographic controls in line with recognised standards and processes, which cover aspects such as algorithm, key length and key generation, etc.",Advancing,Full Summarily,"PR.PS-01.05: Acceptable encryption standards, methods, and management practices are established in accordance with defined industry standards.",PROTECT / Platform Security / Configuration Management,PR.PS-01.05
2.3 Protection / 2.3.2.1 Protection of processes and assets / Logical and physical security management,2.3.2.1.37,"The FMI should encrypt data as a result of its data classification and risk assessment processes. The FMI should also use encryption and general cryptographic controls in line with recognised standards and processes, which cover aspects such as algorithm, key length and key generation, etc.",Advancing,Full Summarily,PR.PS-01.06: The organization employs defined encryption methods and management practices commensurate with the criticality of the information being protected and the inherent risk of the technical environment where used.,PROTECT / Platform Security / Configuration Management,PR.PS-01.06
2.3 Protection / 2.3.2.1 Protection of processes and assets / Logical and physical security management,2.3.2.1.38,"The FMI should implement automated mechanisms to support the management of information system access accounts. This might include implementing security controls embedded in the information system, allowing it to automatically disable and/or remove inactive, temporary and emergency accounts after a predefined period of time.",Advancing,Full,"PR.AA-05.03: The organization institutes controls over service account (i.e., accounts used by systems to access other systems) lifecycles to ensure strict security over creation, use, and termination; access credentials (e.g., no embedded passwords in code); frequent reviews of account ownership; visibility for unauthorized use; and hardening against malicious insider use.","PROTECT / Identity Management, Authentication, and Access Control / Access Authorizations",PR.AA-05.03
2.3 Protection / 2.3.2.1 Protection of processes and assets / Logical and physical security management,2.3.2.1.39,"The FMI should establish strong governance on identity and access management enforced by the use of dedicated tools such as Identity and Access Management (IAM), in an integrated way, ensuring all systems update each other consistently.",Innovating,Full,"PR.AA-01.01: Identities and credentials are actively managed or automated for authorized devices and users (e.g., removal of default and factory passwords, password strength requirements, automatic revocation of credentials under defined conditions, regular asset owner access review, etc.).","PROTECT / Identity Management, Authentication, and Access Control / Identity & Credential Management",PR.AA-01.01
2.3 Protection / 2.3.2.1 Protection of processes and assets / Logical and physical security management,2.3.2.1.40,The FMI should seek to use an attribute-based access control (ABAC) paradigm that allows it to manage access to its IT environment contextually and dynamically.,Innovating,Partial,"PR.AA-01.01: Identities and credentials are actively managed or automated for authorized devices and users (e.g., removal of default and factory passwords, password strength requirements, automatic revocation of credentials under defined conditions, regular asset owner access review, etc.).","PROTECT / Identity Management, Authentication, and Access Control / Identity & Credential Management",PR.AA-01.01
2.3 Protection / 2.3.2.1 Protection of processes and assets / Logical and physical security management,2.3.2.1.40,The FMI should seek to use an attribute-based access control (ABAC) paradigm that allows it to manage access to its IT environment contextually and dynamically.,Innovating,Partial,"PR.AA-02.01: The organization authenticates identity, validates the authorization level of a user before granting access to its systems, limits the use of an account to a single individual, and attributes activities to the user in logs and transactions.","PROTECT / Identity Management, Authentication, and Access Control / Identity Binding to Credentials",PR.AA-02.01
2.3 Protection / 2.3.2.1 Protection of processes and assets / Logical and physical security management,2.3.2.1.41,"The FMI should employ automated mechanisms that allow account creation, modification, enabling, disabling and removal actions to be monitored and audited continuously, in order to notify appropriate staff when potential malicious behaviour or damage is detected. The FMI should implement adaptive access controls to prevent potential malicious behaviour or damage.",Innovating,Full Summarily,"DE.CM-03.01: Account access, authentication, and authorization activities are logged and monitored, for both users and devices, to enforce authorized access.",DETECT / Continuous Monitoring / Personnel Activity Monitoring,DE.CM-03.01
2.3 Protection / 2.3.2.1 Protection of processes and assets / Logical and physical security management,2.3.2.1.41,"The FMI should employ automated mechanisms that allow account creation, modification, enabling, disabling and removal actions to be monitored and audited continuously, in order to notify appropriate staff when potential malicious behaviour or damage is detected. The FMI should implement adaptive access controls to prevent potential malicious behaviour or damage.",Innovating,Full Summarily,"DE.CM-03.02: The organization's controls actively monitor personnel (both authorized and unauthorized) for access, authentication, usage, connections, devices, and anomalous behavior to rapidly detect potential cybersecurity events.",DETECT / Continuous Monitoring / Personnel Activity Monitoring,DE.CM-03.02
2.3 Protection / 2.3.2.1 Protection of processes and assets / Logical and physical security management,2.3.2.1.41,"The FMI should employ automated mechanisms that allow account creation, modification, enabling, disabling and removal actions to be monitored and audited continuously, in order to notify appropriate staff when potential malicious behaviour or damage is detected. The FMI should implement adaptive access controls to prevent potential malicious behaviour or damage.",Innovating,Full Summarily,"DE.CM-03.03: The organization logs and reviews the activities of privileged users and accounts, and monitoring for anomalous behaviors is implemented.",DETECT / Continuous Monitoring / Personnel Activity Monitoring,DE.CM-03.03
2.3 Protection / 2.3.2.1 Protection of processes and assets / Change and patch management,2.3.2.1.42,"The FMI should have policies, procedures and controls in place for change management, which should include criteria for prioritising and classifying the changes (e.g. normal vs. emergency change). Prior to any change, the FMI should ensure that the change request is:
(a) reviewed to ensure that it meets FMI business needs;
(b) categorised and assessed for identifying potential risks and to ensure that it will not negatively impact confidentiality, integrity and availability, as well as the FMI’s systems and data;
(c) approved before it is implemented by the appropriate level of management.",Evolving,Full Summarily,"ID.RA-07.01: The organization defines and implements change management standards and procedures, to include emergency change procedures, that explicitly address risk identified both prior to and during a change, any new risk created post-change, as well as the reviewing and approving authorities (e.g., change advisory boards).",IDENTIFY / Risk Assessment / Change & Exception Management,ID.RA-07.01
2.3 Protection / 2.3.2.1 Protection of processes and assets / Change and patch management,2.3.2.1.42,"The FMI should have policies, procedures and controls in place for change management, which should include criteria for prioritising and classifying the changes (e.g. normal vs. emergency change). Prior to any change, the FMI should ensure that the change request is:
(a) reviewed to ensure that it meets FMI business needs;
(b) categorised and assessed for identifying potential risks and to ensure that it will not negatively impact confidentiality, integrity and availability, as well as the FMI’s systems and data;
(c) approved before it is implemented by the appropriate level of management.",Evolving,Full Summarily,"ID.RA-07.03: Technology projects and system change processes ensure that requisite changes in security posture, data classification and flows, architecture, support documentation, business processes, and business resilience plans are addressed.",IDENTIFY / Risk Assessment / Change & Exception Management,ID.RA-07.03
2.3 Protection / 2.3.2.1 Protection of processes and assets / Change and patch management,2.3.2.1.43,"The FMI should ensure that the cybersecurity team is involved throughout the life cycle of the change management process, as appropriate.",Evolving,Partial,"ID.RA-07.01: The organization defines and implements change management standards and procedures, to include emergency change procedures, that explicitly address risk identified both prior to and during a change, any new risk created post-change, as well as the reviewing and approving authorities (e.g., change advisory boards).",IDENTIFY / Risk Assessment / Change & Exception Management,ID.RA-07.01
2.3 Protection / 2.3.2.1 Protection of processes and assets / Change and patch management,2.3.2.1.44,"The FMI should put necessary procedures in place (e.g. code review and unit testing, etc.), guaranteeing that changes are implemented correctly and efficiently. The FMI should employ best practices when implementing changes.",Evolving,Full Summarily,"PR.PS-06.01: The organization implements Secure Systems Development Lifecycle processes for in-house software design, configuration, and development, employing best practices from secure-by-design methodologies (e.g., secure coding, code review, application security testing, etc.) during all phases of both traditional and agile projects.",PROTECT / Platform Security / Secure Systems Development Practices,PR.PS-06.01
2.3 Protection / 2.3.2.1 Protection of processes and assets / Change and patch management,2.3.2.1.44,"The FMI should put necessary procedures in place (e.g. code review and unit testing, etc.), guaranteeing that changes are implemented correctly and efficiently. The FMI should employ best practices when implementing changes.",Evolving,Full Summarily,"PR.PS-06.03: Functional, operational, resilience, and security requirements for system development and implementation projects are documented, agreed to by relevant stakeholders, and tracked and managed through development, testing, assurance, acceptance, and delivery.",PROTECT / Platform Security / Secure Systems Development Practices,PR.PS-06.03
2.3 Protection / 2.3.2.1 Protection of processes and assets / Change and patch management,2.3.2.1.44,"The FMI should put necessary procedures in place (e.g. code review and unit testing, etc.), guaranteeing that changes are implemented correctly and efficiently. The FMI should employ best practices when implementing changes.",Evolving,Full Summarily,"PR.PS-06.04: Systems development and testing tools, processes, and environments employ security mechanisms to protect and improve the integrity and confidentiality of both the SDLC process and the resulting product (e.g., secured code repositories, segmented environments, automated builds, etc.)",PROTECT / Platform Security / Secure Systems Development Practices,PR.PS-06.04
2.3 Protection / 2.3.2.1 Protection of processes and assets / Change and patch management,2.3.2.1.44,"The FMI should put necessary procedures in place (e.g. code review and unit testing, etc.), guaranteeing that changes are implemented correctly and efficiently. The FMI should employ best practices when implementing changes.",Evolving,Full Summarily,"PR.PS-06.05: A software security testing and validation strategy is developed and implemented in the development lifecycle of all software projects, defining testing requirements and plans; performing/automating testing, vulnerability scanning, and migration activities; and supporting code integrity verification (e.g., using digital signatures).",PROTECT / Platform Security / Secure Systems Development Practices,PR.PS-06.05
2.3 Protection / 2.3.2.1 Protection of processes and assets / Change and patch management,2.3.2.1.44,"The FMI should put necessary procedures in place (e.g. code review and unit testing, etc.), guaranteeing that changes are implemented correctly and efficiently. The FMI should employ best practices when implementing changes.",Evolving,Full Summarily,"PR.PS-06.06: The system development lifecycle remediates known critical vulnerabilities, and critical vulnerabilities discovered during testing, prior to production deployment.",PROTECT / Platform Security / Secure Systems Development Practices,PR.PS-06.06
2.3 Protection / 2.3.2.1 Protection of processes and assets / Change and patch management,2.3.2.1.45,"The FMI should test, validate and document changes to the information system before implementing them into production (this might include integration tests, non-regression tests and user acceptance tests, etc.). The changes to information systems include, but are not limited to, modifying hardware, software or firmware components and system and security configuration settings. The FMI should ensure that processes are in place to schedule change implementation and communicate to those impacted prior to implementation, including consulting them when necessary.",Evolving,Full,"ID.RA-07.03: Technology projects and system change processes ensure that requisite changes in security posture, data classification and flows, architecture, support documentation, business processes, and business resilience plans are addressed.",IDENTIFY / Risk Assessment / Change & Exception Management,ID.RA-07.03
2.3 Protection / 2.3.2.1 Protection of processes and assets / Change and patch management,2.3.2.1.46,"The FMI should have processes to identify, assess and approve genuine emergency changes. Post-implementation reviews should be conducted to validate that emergency procedures were appropriately followed and to determine the impact of the emergency change.",Evolving,Full,"ID.RA-07.01: The organization defines and implements change management standards and procedures, to include emergency change procedures, that explicitly address risk identified both prior to and during a change, any new risk created post-change, as well as the reviewing and approving authorities (e.g., change advisory boards).",IDENTIFY / Risk Assessment / Change & Exception Management,ID.RA-07.01
2.3 Protection / 2.3.2.1 Protection of processes and assets / Change and patch management,2.3.2.1.47,"The FMI should have a comprehensive patch management policy and processes that include: maintaining current knowledge of available patches; identifying appropriate patches for particular systems and analysing impacts if installed; assuring that patches are installed properly (e.g. by applying the four-eyes principle) and tested prior to and monitored after installation; and documenting all associated procedures, such as specific configurations required. The policies, procedures and controls must make use of the information AIM process described in the identification phase that provides information on the installed programs and binaries.",Evolving,Full Summarily,"PR.PS-01.08: End-user mobile or personal computing devices accessing the organization's network employ mechanisms to protect network, application, and data integrity, such as ""Mobile Device Management (MDM)"" and ""Mobile Application Management (MAM)"" technologies, device fingerprinting, storage containerization and encryption, integrity scanning, automated patch application, remote wipe, and data leakage protections.",PROTECT / Platform Security / Configuration Management,PR.PS-01.08
2.3 Protection / 2.3.2.1 Protection of processes and assets / Change and patch management,2.3.2.1.47,"The FMI should have a comprehensive patch management policy and processes that include: maintaining current knowledge of available patches; identifying appropriate patches for particular systems and analysing impacts if installed; assuring that patches are installed properly (e.g. by applying the four-eyes principle) and tested prior to and monitored after installation; and documenting all associated procedures, such as specific configurations required. The policies, procedures and controls must make use of the information AIM process described in the identification phase that provides information on the installed programs and binaries.",Evolving,Full Summarily,"PR.PS-02.01: The organization defines and implements controls to identify patches to technology assets, assess patch criticality and risk, test patches, and apply patches within risk/criticality-based target time frames.",PROTECT / Platform Security / Software Maintenance & Replacement,PR.PS-02.01
2.3 Protection / 2.3.2.1 Protection of processes and assets / Change and patch management,2.3.2.1.47,"The FMI should have a comprehensive patch management policy and processes that include: maintaining current knowledge of available patches; identifying appropriate patches for particular systems and analysing impacts if installed; assuring that patches are installed properly (e.g. by applying the four-eyes principle) and tested prior to and monitored after installation; and documenting all associated procedures, such as specific configurations required. The policies, procedures and controls must make use of the information AIM process described in the identification phase that provides information on the installed programs and binaries.",Evolving,Full Summarily,PR.PS-02.02: The organization establishes standards and practices for ongoing application management to ensure that applications remain secure and continue to meet organizational needs.,PROTECT / Platform Security / Software Maintenance & Replacement,PR.PS-02.02
2.3 Protection / 2.3.2.1 Protection of processes and assets / Change and patch management,2.3.2.1.47,"The FMI should have a comprehensive patch management policy and processes that include: maintaining current knowledge of available patches; identifying appropriate patches for particular systems and analysing impacts if installed; assuring that patches are installed properly (e.g. by applying the four-eyes principle) and tested prior to and monitored after installation; and documenting all associated procedures, such as specific configurations required. The policies, procedures and controls must make use of the information AIM process described in the identification phase that provides information on the installed programs and binaries.",Evolving,Full Summarily,"PR.PS-06.05: A software security testing and validation strategy is developed and implemented in the development lifecycle of all software projects, defining testing requirements and plans; performing/automating testing, vulnerability scanning, and migration activities; and supporting code integrity verification (e.g., using digital signatures).",PROTECT / Platform Security / Secure Systems Development Practices,PR.PS-06.05
2.3 Protection / 2.3.2.1 Protection of processes and assets / Change and patch management,2.3.2.1.48,The FMI should consider using standardised configuration of IT resources to facilitate its patch management process.,Evolving,Full,"PR.PS-01.01: The organization establishes and maintains standard system security configuration baselines, informed by industry standards and hardening guidelines, to facilitate the consistent application of security settings, configurations, and versions.",PROTECT / Platform Security / Configuration Management,PR.PS-01.01
2.3 Protection / 2.3.2.1 Protection of processes and assets / Change and patch management,2.3.2.1.49,The FMI should ensure that the installations of new patches have prior approval from the appropriate level of management.,Evolving,Full Summarily,"ID.RA-07.01: The organization defines and implements change management standards and procedures, to include emergency change procedures, that explicitly address risk identified both prior to and during a change, any new risk created post-change, as well as the reviewing and approving authorities (e.g., change advisory boards).",IDENTIFY / Risk Assessment / Change & Exception Management,ID.RA-07.01
2.3 Protection / 2.3.2.1 Protection of processes and assets / Change and patch management,2.3.2.1.49,The FMI should ensure that the installations of new patches have prior approval from the appropriate level of management.,Evolving,Full Summarily,"PR.PS-02.01: The organization defines and implements controls to identify patches to technology assets, assess patch criticality and risk, test patches, and apply patches within risk/criticality-based target time frames.",PROTECT / Platform Security / Software Maintenance & Replacement,PR.PS-02.01
2.3 Protection / 2.3.2.1 Protection of processes and assets / Change and patch management,2.3.2.1.50,"The FMI should have in place necessary procedures for recovering quickly when changes or patches fail. Any changes to the production environment must have an associated fall-back plan, when applicable.",Evolving,Full,"ID.RA-07.01: The organization defines and implements change management standards and procedures, to include emergency change procedures, that explicitly address risk identified both prior to and during a change, any new risk created post-change, as well as the reviewing and approving authorities (e.g., change advisory boards).",IDENTIFY / Risk Assessment / Change & Exception Management,ID.RA-07.01
2.3 Protection / 2.3.2.1 Protection of processes and assets / Change and patch management,2.3.2.1.51,The FMI should have policies and procedures to prohibit changes and patch installation to the information system that have not been pre-approved.,Evolving,Full,"DE.CM-09.03: The organization has policies, procedures, and tools in place to monitor for, detect, and block the use of unsupported or unauthorized software, hardware, or configuration changes.","DETECT / Continuous Monitoring / Hardware, Software, & Data Monitoring",DE.CM-09.03
2.3 Protection / 2.3.2.1 Protection of processes and assets / Change and patch management,2.3.2.1.52,The FMI should establish its change management process based on well-established and industry-recognised standards and best practices (e.g. the information technology infrastructure library).,Advancing,Full Summarily,"GV.RM-01.02: Technology and cybersecurity risk management strategies and frameworks are informed by applicable international, national, and financial services industry standards and guidelines.",GOVERN / Risk Management Strategy / Risk Management Objectives Agreement,GV.RM-01.02
2.3 Protection / 2.3.2.1 Protection of processes and assets / Change and patch management,2.3.2.1.52,The FMI should establish its change management process based on well-established and industry-recognised standards and best practices (e.g. the information technology infrastructure library).,Advancing,Full Summarily,"ID.RA-07.01: The organization defines and implements change management standards and procedures, to include emergency change procedures, that explicitly address risk identified both prior to and during a change, any new risk created post-change, as well as the reviewing and approving authorities (e.g., change advisory boards).",IDENTIFY / Risk Assessment / Change & Exception Management,ID.RA-07.01
2.3 Protection / 2.3.2.1 Protection of processes and assets / Change and patch management,2.3.2.1.53,The FMI should consider automating its patch management process when possible to guarantee that all its systems remain consistently up to date.,Advancing,Full Summarily,"PR.PS-01.08: End-user mobile or personal computing devices accessing the organization's network employ mechanisms to protect network, application, and data integrity, such as ""Mobile Device Management (MDM)"" and ""Mobile Application Management (MAM)"" technologies, device fingerprinting, storage containerization and encryption, integrity scanning, automated patch application, remote wipe, and data leakage protections.",PROTECT / Platform Security / Configuration Management,PR.PS-01.08
2.3 Protection / 2.3.2.1 Protection of processes and assets / Change and patch management,2.3.2.1.53,The FMI should consider automating its patch management process when possible to guarantee that all its systems remain consistently up to date.,Advancing,Full Summarily,"PR.PS-02.01: The organization defines and implements controls to identify patches to technology assets, assess patch criticality and risk, test patches, and apply patches within risk/criticality-based target time frames.",PROTECT / Platform Security / Software Maintenance & Replacement,PR.PS-02.01
2.3 Protection / 2.3.2.1 Protection of processes and assets / Change and patch management,2.3.2.1.54,"The FMI should consider building a segregated or separate environment that mirrors the production environment, allowing rapid testing and changes and patches to be implemented, and providing for rapid fall-back when needed.",Advancing,Full Summarily,"PR.PS-06.04: Systems development and testing tools, processes, and environments employ security mechanisms to protect and improve the integrity and confidentiality of both the SDLC process and the resulting product (e.g., secured code repositories, segmented environments, automated builds, etc.)",PROTECT / Platform Security / Secure Systems Development Practices,PR.PS-06.04
2.3 Protection / 2.3.2.1 Protection of processes and assets / Change and patch management,2.3.2.1.54,"The FMI should consider building a segregated or separate environment that mirrors the production environment, allowing rapid testing and changes and patches to be implemented, and providing for rapid fall-back when needed.",Advancing,Full Summarily,PR.IR-01.06: The organization's production and non-production environments and data are segregated and managed to prevent unauthorized access or changes to the information assets.,PROTECT / Technology Infrastructure Resilience / Logical Access Protections,PR.IR-01.06
2.3 Protection / 2.3.2.1 Protection of processes and assets / Change and patch management,2.3.2.1.55,The FMI should implement automated mechanisms to prohibit changes and patches from being installed on the information system that have not been pre-approved.,Innovating,Full,"DE.CM-09.03: The organization has policies, procedures, and tools in place to monitor for, detect, and block the use of unsupported or unauthorized software, hardware, or configuration changes.","DETECT / Continuous Monitoring / Hardware, Software, & Data Monitoring",DE.CM-09.03
2.3 Protection / 2.3.2.2 People management / Human resources security,2.3.2.2.56,"The FMI should embed cybersecurity at each stage of the employment life cycle, specifying security-related actions required during the induction of each employee and their ongoing management, and upon the termination of their employment.
(a) Prior to employment, the FMI should carry out background security checks on all candidates (employees and/or contractors) commensurate to their future role and depending on the criticality of the assets and information they might have access to in order to fulfil their duty. Responsibilities for cybersecurity should be clearly stated in the contractual agreement.
(b) During employment, the FMI should ensure that employees and contractors comply with established policies, procedures and controls. When an employee is changing responsibilities, the FMI should ensure that all access rights that are related to his/her previous position and are not necessary for his/her new responsibilities are revoked in due time. Employees in sensitive positions (e.g. those who change to roles requiring privileged access to critical systems or who become high-risk staff) should be pre-screened.
(c) The FMI should establish procedures to revoke all departing employees’ access rights from the information assets in a timely manner. Upon termination of employment, staff should be required to return all assets that belong to the FMI, including important documentation (e.g. related to business processes, technical procedures and contact details), equipment, software and authentication hardware, etc.",Evolving,Full Summarily,GV.RR-02.05: Personnel (employees and third parties) who fulfill the organization’s physical security and cybersecurity objectives understand their roles and responsibilities.,"GOVERN / Roles, Responsibilities, and Authorities / Risk Management Roles & Responsibilities",GV.RR-02.05
2.3 Protection / 2.3.2.2 People management / Human resources security,2.3.2.2.56,"The FMI should embed cybersecurity at each stage of the employment life cycle, specifying security-related actions required during the induction of each employee and their ongoing management, and upon the termination of their employment.
(a) Prior to employment, the FMI should carry out background security checks on all candidates (employees and/or contractors) commensurate to their future role and depending on the criticality of the assets and information they might have access to in order to fulfil their duty. Responsibilities for cybersecurity should be clearly stated in the contractual agreement.
(b) During employment, the FMI should ensure that employees and contractors comply with established policies, procedures and controls. When an employee is changing responsibilities, the FMI should ensure that all access rights that are related to his/her previous position and are not necessary for his/her new responsibilities are revoked in due time. Employees in sensitive positions (e.g. those who change to roles requiring privileged access to critical systems or who become high-risk staff) should be pre-screened.
(c) The FMI should establish procedures to revoke all departing employees’ access rights from the information assets in a timely manner. Upon termination of employment, staff should be required to return all assets that belong to the FMI, including important documentation (e.g. related to business processes, technical procedures and contact details), equipment, software and authentication hardware, etc.",Evolving,Full Summarily,"GV.RR-04.01: The organization conducts (or causes the conduct of) background/screening checks on all personnel (employees and third party) upon hire/retention, at regular intervals throughout employment, and upon a change in role commensurate with their access to critical data and systems.","GOVERN / Roles, Responsibilities, and Authorities / Human Resource Practices",GV.RR-04.01
2.3 Protection / 2.3.2.2 People management / Human resources security,2.3.2.2.56,"The FMI should embed cybersecurity at each stage of the employment life cycle, specifying security-related actions required during the induction of each employee and their ongoing management, and upon the termination of their employment.
(a) Prior to employment, the FMI should carry out background security checks on all candidates (employees and/or contractors) commensurate to their future role and depending on the criticality of the assets and information they might have access to in order to fulfil their duty. Responsibilities for cybersecurity should be clearly stated in the contractual agreement.
(b) During employment, the FMI should ensure that employees and contractors comply with established policies, procedures and controls. When an employee is changing responsibilities, the FMI should ensure that all access rights that are related to his/her previous position and are not necessary for his/her new responsibilities are revoked in due time. Employees in sensitive positions (e.g. those who change to roles requiring privileged access to critical systems or who become high-risk staff) should be pre-screened.
(c) The FMI should establish procedures to revoke all departing employees’ access rights from the information assets in a timely manner. Upon termination of employment, staff should be required to return all assets that belong to the FMI, including important documentation (e.g. related to business processes, technical procedures and contact details), equipment, software and authentication hardware, etc.",Evolving,Full Summarily,"GV.RR-04.02: The organization establishes processes and controls to mitigate cyber risks related to employment termination, as permitted by law, to include the return or disposition of all organizational assets.","GOVERN / Roles, Responsibilities, and Authorities / Human Resource Practices",GV.RR-04.02
2.3 Protection / 2.3.2.2 People management / Human resources security,2.3.2.2.56,"The FMI should embed cybersecurity at each stage of the employment life cycle, specifying security-related actions required during the induction of each employee and their ongoing management, and upon the termination of their employment.
(a) Prior to employment, the FMI should carry out background security checks on all candidates (employees and/or contractors) commensurate to their future role and depending on the criticality of the assets and information they might have access to in order to fulfil their duty. Responsibilities for cybersecurity should be clearly stated in the contractual agreement.
(b) During employment, the FMI should ensure that employees and contractors comply with established policies, procedures and controls. When an employee is changing responsibilities, the FMI should ensure that all access rights that are related to his/her previous position and are not necessary for his/her new responsibilities are revoked in due time. Employees in sensitive positions (e.g. those who change to roles requiring privileged access to critical systems or who become high-risk staff) should be pre-screened.
(c) The FMI should establish procedures to revoke all departing employees’ access rights from the information assets in a timely manner. Upon termination of employment, staff should be required to return all assets that belong to the FMI, including important documentation (e.g. related to business processes, technical procedures and contact details), equipment, software and authentication hardware, etc.",Evolving,Full Summarily,"GV.RR-04.03: The organization integrates insider threat considerations into its human resource, risk management, and control programs to address the potential for malicious or unintentional harm by trusted employees or third parties.","GOVERN / Roles, Responsibilities, and Authorities / Human Resource Practices",GV.RR-04.03
2.3 Protection / 2.3.2.2 People management / Human resources security,2.3.2.2.56,"The FMI should embed cybersecurity at each stage of the employment life cycle, specifying security-related actions required during the induction of each employee and their ongoing management, and upon the termination of their employment.
(a) Prior to employment, the FMI should carry out background security checks on all candidates (employees and/or contractors) commensurate to their future role and depending on the criticality of the assets and information they might have access to in order to fulfil their duty. Responsibilities for cybersecurity should be clearly stated in the contractual agreement.
(b) During employment, the FMI should ensure that employees and contractors comply with established policies, procedures and controls. When an employee is changing responsibilities, the FMI should ensure that all access rights that are related to his/her previous position and are not necessary for his/her new responsibilities are revoked in due time. Employees in sensitive positions (e.g. those who change to roles requiring privileged access to critical systems or who become high-risk staff) should be pre-screened.
(c) The FMI should establish procedures to revoke all departing employees’ access rights from the information assets in a timely manner. Upon termination of employment, staff should be required to return all assets that belong to the FMI, including important documentation (e.g. related to business processes, technical procedures and contact details), equipment, software and authentication hardware, etc.",Evolving,Full Summarily,"GV.PO-01.03: The organization's incentive programs are consistent with cyber risk management objectives, and technology and cybersecurity policies integrate with an employee accountability policy to ensure that all personnel are held accountable for complying with policies.","GOVERN / Policies, Processes, and Procedures / Establishment of Policies & Procedures",GV.PO-01.03
2.3 Protection / 2.3.2.2 People management / Human resources security,2.3.2.2.56,"The FMI should embed cybersecurity at each stage of the employment life cycle, specifying security-related actions required during the induction of each employee and their ongoing management, and upon the termination of their employment.
(a) Prior to employment, the FMI should carry out background security checks on all candidates (employees and/or contractors) commensurate to their future role and depending on the criticality of the assets and information they might have access to in order to fulfil their duty. Responsibilities for cybersecurity should be clearly stated in the contractual agreement.
(b) During employment, the FMI should ensure that employees and contractors comply with established policies, procedures and controls. When an employee is changing responsibilities, the FMI should ensure that all access rights that are related to his/her previous position and are not necessary for his/her new responsibilities are revoked in due time. Employees in sensitive positions (e.g. those who change to roles requiring privileged access to critical systems or who become high-risk staff) should be pre-screened.
(c) The FMI should establish procedures to revoke all departing employees’ access rights from the information assets in a timely manner. Upon termination of employment, staff should be required to return all assets that belong to the FMI, including important documentation (e.g. related to business processes, technical procedures and contact details), equipment, software and authentication hardware, etc.",Evolving,Full Summarily,"GV.PO-01.04: All personnel (employees and third party) consent to policies addressing acceptable technology use, social media use, personal device use (e.g., BYOD), confidentiality, and/or other security-related policies and agreements as warranted by their position.","GOVERN / Policies, Processes, and Procedures / Establishment of Policies & Procedures",GV.PO-01.04
2.3 Protection / 2.3.2.2 People management / Human resources security,2.3.2.2.56,"The FMI should embed cybersecurity at each stage of the employment life cycle, specifying security-related actions required during the induction of each employee and their ongoing management, and upon the termination of their employment.
(a) Prior to employment, the FMI should carry out background security checks on all candidates (employees and/or contractors) commensurate to their future role and depending on the criticality of the assets and information they might have access to in order to fulfil their duty. Responsibilities for cybersecurity should be clearly stated in the contractual agreement.
(b) During employment, the FMI should ensure that employees and contractors comply with established policies, procedures and controls. When an employee is changing responsibilities, the FMI should ensure that all access rights that are related to his/her previous position and are not necessary for his/her new responsibilities are revoked in due time. Employees in sensitive positions (e.g. those who change to roles requiring privileged access to critical systems or who become high-risk staff) should be pre-screened.
(c) The FMI should establish procedures to revoke all departing employees’ access rights from the information assets in a timely manner. Upon termination of employment, staff should be required to return all assets that belong to the FMI, including important documentation (e.g. related to business processes, technical procedures and contact details), equipment, software and authentication hardware, etc.",Evolving,Full Summarily,"PR.AA-01.01: Identities and credentials are actively managed or automated for authorized devices and users (e.g., removal of default and factory passwords, password strength requirements, automatic revocation of credentials under defined conditions, regular asset owner access review, etc.).","PROTECT / Identity Management, Authentication, and Access Control / Identity & Credential Management",PR.AA-01.01
2.3 Protection / 2.3.2.2 People management / Human resources security,2.3.2.2.56,"The FMI should embed cybersecurity at each stage of the employment life cycle, specifying security-related actions required during the induction of each employee and their ongoing management, and upon the termination of their employment.
(a) Prior to employment, the FMI should carry out background security checks on all candidates (employees and/or contractors) commensurate to their future role and depending on the criticality of the assets and information they might have access to in order to fulfil their duty. Responsibilities for cybersecurity should be clearly stated in the contractual agreement.
(b) During employment, the FMI should ensure that employees and contractors comply with established policies, procedures and controls. When an employee is changing responsibilities, the FMI should ensure that all access rights that are related to his/her previous position and are not necessary for his/her new responsibilities are revoked in due time. Employees in sensitive positions (e.g. those who change to roles requiring privileged access to critical systems or who become high-risk staff) should be pre-screened.
(c) The FMI should establish procedures to revoke all departing employees’ access rights from the information assets in a timely manner. Upon termination of employment, staff should be required to return all assets that belong to the FMI, including important documentation (e.g. related to business processes, technical procedures and contact details), equipment, software and authentication hardware, etc.",Evolving,Full Summarily,"PR.AA-05.02: The organization institutes controls over privileged system access by strictly limiting and closely managing staff and services with elevated system entitlements (e.g., multi-factor authentication, dual accounts, privilege and time constraints, etc.)","PROTECT / Identity Management, Authentication, and Access Control / Access Authorizations",PR.AA-05.02
2.3 Protection / 2.3.2.2 People management / Human resources security,2.3.2.2.56,"The FMI should embed cybersecurity at each stage of the employment life cycle, specifying security-related actions required during the induction of each employee and their ongoing management, and upon the termination of their employment.
(a) Prior to employment, the FMI should carry out background security checks on all candidates (employees and/or contractors) commensurate to their future role and depending on the criticality of the assets and information they might have access to in order to fulfil their duty. Responsibilities for cybersecurity should be clearly stated in the contractual agreement.
(b) During employment, the FMI should ensure that employees and contractors comply with established policies, procedures and controls. When an employee is changing responsibilities, the FMI should ensure that all access rights that are related to his/her previous position and are not necessary for his/her new responsibilities are revoked in due time. Employees in sensitive positions (e.g. those who change to roles requiring privileged access to critical systems or who become high-risk staff) should be pre-screened.
(c) The FMI should establish procedures to revoke all departing employees’ access rights from the information assets in a timely manner. Upon termination of employment, staff should be required to return all assets that belong to the FMI, including important documentation (e.g. related to business processes, technical procedures and contact details), equipment, software and authentication hardware, etc.",Evolving,Full Summarily,PR.AT-01.01: All personnel receive cybersecurity awareness training upon hire and on a regular basis.,PROTECT / Awareness and Training / User Awareness & Training,PR.AT-01.01
2.3 Protection / 2.3.2.2 People management / Human resources security,2.3.2.2.57,"The FMI should establish policies, procedures and controls for granting or revoking employees physical and logical access to its systems based on job responsibilities, principles of least privilege and segregation of duties. Procedures for regularly reviewing such access should be in place.",Evolving,Full Summarily,"GV.RR-04.02: The organization establishes processes and controls to mitigate cyber risks related to employment termination, as permitted by law, to include the return or disposition of all organizational assets.","GOVERN / Roles, Responsibilities, and Authorities / Human Resource Practices",GV.RR-04.02
2.3 Protection / 2.3.2.2 People management / Human resources security,2.3.2.2.57,"The FMI should establish policies, procedures and controls for granting or revoking employees physical and logical access to its systems based on job responsibilities, principles of least privilege and segregation of duties. Procedures for regularly reviewing such access should be in place.",Evolving,Full Summarily,"PR.AA-01.01: Identities and credentials are actively managed or automated for authorized devices and users (e.g., removal of default and factory passwords, password strength requirements, automatic revocation of credentials under defined conditions, regular asset owner access review, etc.).","PROTECT / Identity Management, Authentication, and Access Control / Identity & Credential Management",PR.AA-01.01
2.3 Protection / 2.3.2.2 People management / Human resources security,2.3.2.2.57,"The FMI should establish policies, procedures and controls for granting or revoking employees physical and logical access to its systems based on job responsibilities, principles of least privilege and segregation of duties. Procedures for regularly reviewing such access should be in place.",Evolving,Full Summarily,"PR.AA-05.01: The organization limits access privileges to the minimum necessary and with consideration of separation of duties (e.g., through role-based access control, asset owner access recertifications, etc.).","PROTECT / Identity Management, Authentication, and Access Control / Access Authorizations",PR.AA-05.01
2.3 Protection / 2.3.2.2 People management / Human resources security,2.3.2.2.58,"The FMI should establish capabilities, including people, processes and technologies to monitor privileged users’ activity and access to critical systems in order to identify and deter anomalous behaviour and notify appropriate staff.",Evolving,Full Summarily,"GV.RR-04.03: The organization integrates insider threat considerations into its human resource, risk management, and control programs to address the potential for malicious or unintentional harm by trusted employees or third parties.","GOVERN / Roles, Responsibilities, and Authorities / Human Resource Practices",GV.RR-04.03
2.3 Protection / 2.3.2.2 People management / Human resources security,2.3.2.2.58,"The FMI should establish capabilities, including people, processes and technologies to monitor privileged users’ activity and access to critical systems in order to identify and deter anomalous behaviour and notify appropriate staff.",Evolving,Full Summarily,"PR.AA-05.02: The organization institutes controls over privileged system access by strictly limiting and closely managing staff and services with elevated system entitlements (e.g., multi-factor authentication, dual accounts, privilege and time constraints, etc.)","PROTECT / Identity Management, Authentication, and Access Control / Access Authorizations",PR.AA-05.02
2.3 Protection / 2.3.2.2 People management / Human resources security,2.3.2.2.58,"The FMI should establish capabilities, including people, processes and technologies to monitor privileged users’ activity and access to critical systems in order to identify and deter anomalous behaviour and notify appropriate staff.",Evolving,Full Summarily,"DE.CM-03.03: The organization logs and reviews the activities of privileged users and accounts, and monitoring for anomalous behaviors is implemented.",DETECT / Continuous Monitoring / Personnel Activity Monitoring,DE.CM-03.03
2.3 Protection / 2.3.2.2 People management / Human resources security,2.3.2.2.59,The FMI should implement mechanisms that trigger automatic notifications to be sent to staff in charge of granting or revoking access to the information system upon change to employment status.,Advancing,Partial,"GV.RR-04.02: The organization establishes processes and controls to mitigate cyber risks related to employment termination, as permitted by law, to include the return or disposition of all organizational assets.","GOVERN / Roles, Responsibilities, and Authorities / Human Resource Practices",GV.RR-04.02
2.3 Protection / 2.3.2.2 People management / Human resources security,2.3.2.2.59,The FMI should implement mechanisms that trigger automatic notifications to be sent to staff in charge of granting or revoking access to the information system upon change to employment status.,Advancing,Partial,"PR.AA-01.01: Identities and credentials are actively managed or automated for authorized devices and users (e.g., removal of default and factory passwords, password strength requirements, automatic revocation of credentials under defined conditions, regular asset owner access review, etc.).","PROTECT / Identity Management, Authentication, and Access Control / Identity & Credential Management",PR.AA-01.01
2.3 Protection / 2.3.2.2 People management / Human resources security,2.3.2.2.60,The FMI should implement automatic mechanisms to grant or revoke staff access to its information system upon change to employment status.,Advancing,Full Summarily,"GV.RR-04.02: The organization establishes processes and controls to mitigate cyber risks related to employment termination, as permitted by law, to include the return or disposition of all organizational assets.","GOVERN / Roles, Responsibilities, and Authorities / Human Resource Practices",GV.RR-04.02
2.3 Protection / 2.3.2.2 People management / Human resources security,2.3.2.2.60,The FMI should implement automatic mechanisms to grant or revoke staff access to its information system upon change to employment status.,Advancing,Full Summarily,"PR.AA-01.01: Identities and credentials are actively managed or automated for authorized devices and users (e.g., removal of default and factory passwords, password strength requirements, automatic revocation of credentials under defined conditions, regular asset owner access review, etc.).","PROTECT / Identity Management, Authentication, and Access Control / Identity & Credential Management",PR.AA-01.01
2.3 Protection / 2.3.2.2 People management / Human resources security,2.3.2.2.61,"The FMI should monitor and analyse pattern behaviour (e.g. network use patterns, work hours and known devices, etc.) to identify anomalous activities and evaluate the implementation of innovative solutions (e.g. data analytics, machine learning and artificial intelligence, etc.) to support detection and response to insider threat activity in real time.",Innovating,Full Summarily,"GV.RR-04.03: The organization integrates insider threat considerations into its human resource, risk management, and control programs to address the potential for malicious or unintentional harm by trusted employees or third parties.","GOVERN / Roles, Responsibilities, and Authorities / Human Resource Practices",GV.RR-04.03
2.3 Protection / 2.3.2.2 People management / Human resources security,2.3.2.2.61,"The FMI should monitor and analyse pattern behaviour (e.g. network use patterns, work hours and known devices, etc.) to identify anomalous activities and evaluate the implementation of innovative solutions (e.g. data analytics, machine learning and artificial intelligence, etc.) to support detection and response to insider threat activity in real time.",Innovating,Full Summarily,"DE.CM-03.02: The organization's controls actively monitor personnel (both authorized and unauthorized) for access, authentication, usage, connections, devices, and anomalous behavior to rapidly detect potential cybersecurity events.",DETECT / Continuous Monitoring / Personnel Activity Monitoring,DE.CM-03.02
2.3 Protection / 2.3.2.2 People management / Human resources security,2.3.2.2.61,"The FMI should monitor and analyse pattern behaviour (e.g. network use patterns, work hours and known devices, etc.) to identify anomalous activities and evaluate the implementation of innovative solutions (e.g. data analytics, machine learning and artificial intelligence, etc.) to support detection and response to insider threat activity in real time.",Innovating,Full Summarily,"DE.CM-03.03: The organization logs and reviews the activities of privileged users and accounts, and monitoring for anomalous behaviors is implemented.",DETECT / Continuous Monitoring / Personnel Activity Monitoring,DE.CM-03.03
2.3 Protection / 2.3.2.2 People management / Security awareness and training,2.3.2.2.62,The FMI should ensure that its employees have a good understanding of the cyber risk they might face when conducting their jobs and that they understand their roles and responsibilities in protecting the FMI’s assets.,Evolving,Full Summarily,GV.RR-02.05: Personnel (employees and third parties) who fulfill the organization’s physical security and cybersecurity objectives understand their roles and responsibilities.,"GOVERN / Roles, Responsibilities, and Authorities / Risk Management Roles & Responsibilities",GV.RR-02.05
2.3 Protection / 2.3.2.2 People management / Security awareness and training,2.3.2.2.62,The FMI should ensure that its employees have a good understanding of the cyber risk they might face when conducting their jobs and that they understand their roles and responsibilities in protecting the FMI’s assets.,Evolving,Full Summarily,"PR.AT-01.02: Cybersecurity awareness training includes, at a minimum, awareness of and competencies for data protection, personal data handling, compliance obligations, working with third parties, detecting cyber risks, and how to report any unusual activity or incidents.",PROTECT / Awareness and Training / User Awareness & Training,PR.AT-01.02
2.3 Protection / 2.3.2.2 People management / Security awareness and training,2.3.2.2.62,The FMI should ensure that its employees have a good understanding of the cyber risk they might face when conducting their jobs and that they understand their roles and responsibilities in protecting the FMI’s assets.,Evolving,Full Summarily,"PR.AT-01.04: As new technology is deployed or undergoes change that also requires changes in practices, all impacted personnel (e.g., end-users, developers, operators, etc.) are trained on the new system and any accompanying technology and cybersecurity risks.",PROTECT / Awareness and Training / User Awareness & Training,PR.AT-01.04
2.3 Protection / 2.3.2.2 People management / Security awareness and training,2.3.2.2.62,The FMI should ensure that its employees have a good understanding of the cyber risk they might face when conducting their jobs and that they understand their roles and responsibilities in protecting the FMI’s assets.,Evolving,Full Summarily,"PR.AT-02.01: Mechanisms are in place to ensure that the personnel working with cybersecurity and technology (e.g., developers, DBAs, network admins, etc.) maintain current knowledge and skills related to changing threats, countermeasures, new tools, best practices, and their job responsibilities.",PROTECT / Awareness and Training / Specialized Role Awareness & Training,PR.AT-02.01
2.3 Protection / 2.3.2.2 People management / Security awareness and training,2.3.2.2.62,The FMI should ensure that its employees have a good understanding of the cyber risk they might face when conducting their jobs and that they understand their roles and responsibilities in protecting the FMI’s assets.,Evolving,Full Summarily,"PR.AT-02.02: High-risk groups, such as those with elevated privileges or in sensitive business functions (including privileged users, senior executives, cybersecurity personnel and third-party stakeholders), receive cybersecurity situational awareness training for their roles and responsibilities.",PROTECT / Awareness and Training / Specialized Role Awareness & Training,PR.AT-02.02
2.3 Protection / 2.3.2.2 People management / Security awareness and training,2.3.2.2.63,"On a regular basis, at least once a year, the FMI should provide its entire staff (employees and/or contractors) with training to support cybersecurity policy compliance and the incident reporting process. This training should include elements aimed at maintaining appropriate awareness of cyber-related risks and good practices for dealing with potential cyber incidents, including how to report unusual activity. Cybersecurity awareness training should be part of the onboarding programme for new staff.",Evolving,Full Summarily,PR.AT-01.01: All personnel receive cybersecurity awareness training upon hire and on a regular basis.,PROTECT / Awareness and Training / User Awareness & Training,PR.AT-01.01
2.3 Protection / 2.3.2.2 People management / Security awareness and training,2.3.2.2.63,"On a regular basis, at least once a year, the FMI should provide its entire staff (employees and/or contractors) with training to support cybersecurity policy compliance and the incident reporting process. This training should include elements aimed at maintaining appropriate awareness of cyber-related risks and good practices for dealing with potential cyber incidents, including how to report unusual activity. Cybersecurity awareness training should be part of the onboarding programme for new staff.",Evolving,Full Summarily,"PR.AT-01.02: Cybersecurity awareness training includes, at a minimum, awareness of and competencies for data protection, personal data handling, compliance obligations, working with third parties, detecting cyber risks, and how to report any unusual activity or incidents.",PROTECT / Awareness and Training / User Awareness & Training,PR.AT-01.02
2.3 Protection / 2.3.2.2 People management / Security awareness and training,2.3.2.2.63,"On a regular basis, at least once a year, the FMI should provide its entire staff (employees and/or contractors) with training to support cybersecurity policy compliance and the incident reporting process. This training should include elements aimed at maintaining appropriate awareness of cyber-related risks and good practices for dealing with potential cyber incidents, including how to report unusual activity. Cybersecurity awareness training should be part of the onboarding programme for new staff.",Evolving,Full Summarily,PR.AT-02.05: All third party staff receive cybersecurity awareness and job training sufficient for them to perform their duties and maintain organizational security.,PROTECT / Awareness and Training / Specialized Role Awareness & Training,PR.AT-02.05
2.3 Protection / 2.3.2.2 People management / Security awareness and training,2.3.2.2.64,The FMI should ensure that high-risk staff receive dedicated security awareness training that is relevant to their responsibilities.,Evolving,Full,"PR.AT-02.02: High-risk groups, such as those with elevated privileges or in sensitive business functions (including privileged users, senior executives, cybersecurity personnel and third-party stakeholders), receive cybersecurity situational awareness training for their roles and responsibilities.",PROTECT / Awareness and Training / Specialized Role Awareness & Training,PR.AT-02.02
2.3 Protection / 2.3.2.2 People management / Security awareness and training,2.3.2.2.65,"Prior to going into service operations, staff operating new systems should receive appropriate user training and be familiar with the operating procedures.",Evolving,Full,"PR.AT-01.04: As new technology is deployed or undergoes change that also requires changes in practices, all impacted personnel (e.g., end-users, developers, operators, etc.) are trained on the new system and any accompanying technology and cybersecurity risks.",PROTECT / Awareness and Training / User Awareness & Training,PR.AT-01.04
2.3 Protection / 2.3.2.2 People management / Security awareness and training,2.3.2.2.66,"The FMI should validate the effectiveness of its training (e.g. social engineering or phishing tests), assess whether the training and awareness positively influence behaviour and ensure that staff comply with the cybersecurity policy and incident reporting process.",Advancing,Full Summarily,"GV.PO-01.03: The organization's incentive programs are consistent with cyber risk management objectives, and technology and cybersecurity policies integrate with an employee accountability policy to ensure that all personnel are held accountable for complying with policies.","GOVERN / Policies, Processes, and Procedures / Establishment of Policies & Procedures",GV.PO-01.03
2.3 Protection / 2.3.2.2 People management / Security awareness and training,2.3.2.2.66,"The FMI should validate the effectiveness of its training (e.g. social engineering or phishing tests), assess whether the training and awareness positively influence behaviour and ensure that staff comply with the cybersecurity policy and incident reporting process.",Advancing,Full Summarily,"ID.IM-01.03: The organization establishes specific objectives, performance criteria, benchmarks, and tolerance limits to identify areas that have improved or are in need of improvement over time.",IDENTIFY / Improvement / Continuous Improvements Evaluation,ID.IM-01.03
2.3 Protection / 2.3.2.2 People management / Security awareness and training,2.3.2.2.66,"The FMI should validate the effectiveness of its training (e.g. social engineering or phishing tests), assess whether the training and awareness positively influence behaviour and ensure that staff comply with the cybersecurity policy and incident reporting process.",Advancing,Full Summarily,"ID.IM-03.01: A formal process is in place to improve protection controls and processes by integrating recommendations, findings, and lessons learned from exercises, testing, audits, assessments, and incidents.",IDENTIFY / Improvement / Improvements from Lessons Learned,ID.IM-03.01
2.3 Protection / 2.3.2.2 People management / Security awareness and training,2.3.2.2.67,The FMI’s senior management should ensure its cultural awareness of cyber risk improves continuously across the organisation and its ecosystem. Training programmes should be updated regularly to take the evolving threat landscape of the ecosystem into account.,Innovating,Full Summarily,"GV.RM-03.04: Technology and cybersecurity risk management considerations are integrated into daily operations, cultural norms, management discussions, and management decision-making, and are tailored to address enterprise-specific risks (both internal and external).",GOVERN / Risk Management Strategy / Enterprise Risk Integration,GV.RM-03.04
2.3 Protection / 2.3.2.2 People management / Security awareness and training,2.3.2.2.67,The FMI’s senior management should ensure its cultural awareness of cyber risk improves continuously across the organisation and its ecosystem. Training programmes should be updated regularly to take the evolving threat landscape of the ecosystem into account.,Innovating,Full Summarily,"PR.AT-01.03: Cybersecurity awareness training is updated on a regular basis to reflect risks and threats identified by the organization, the organization's security policies and standards, applicable laws and regulations, and changes in individual responsibilities.",PROTECT / Awareness and Training / User Awareness & Training,PR.AT-01.03
2.3 Protection / 2.3.2.2 People management / Supplier and third-party security management,2.3.2.2.68,"The FMI should maintain and regularly update an inventory of its participants and third-party service providers, and ensure that its cyber resilience framework addresses its interconnections with the aforementioned entities from a cyber risk perspective.",Evolving,Full,"GV.SC-04.01: The organization regularly identifies, inventories, and risk-ranks third-party relationships that are in place, and addresses any identified relationships that were established without formal approval.",GOVERN / Supply Chain Risk Management / Supplier Identification & Prioritization,GV.SC-04.01
2.3 Protection / 2.3.2.2 People management / Supplier and third-party security management,2.3.2.2.69,"The FMI’s third-party risk assessment should be carried out regularly, taking into account the evolution of its threat landscape. The FMI should, using a risk-based approach, ensure that the provision of outsourced services are accorded the appropriate level of cyber resilience.",Evolving,Full Summarily,"GV.SC-01.01: The organization maintains a third-party risk management strategy and program to identify and manage the risks associated with third parties throughout their lifecycles in a timely manner, including in support of sector-critical systems and operations, to ensure alignment within risk appetite.",GOVERN / Supply Chain Risk Management / Supply Chain Risk Management Program,GV.SC-01.01
2.3 Protection / 2.3.2.2 People management / Supplier and third-party security management,2.3.2.2.69,"The FMI’s third-party risk assessment should be carried out regularly, taking into account the evolution of its threat landscape. The FMI should, using a risk-based approach, ensure that the provision of outsourced services are accorded the appropriate level of cyber resilience.",Evolving,Full Summarily,"GV.SC-01.02: The organization regularly assesses the risk of its ongoing use of third parties in aggregate, considering factors such as critical service dependencies, vendor concentration, geographical/geopolitical exposure, fourth-party impacts, and financial sector co-dependencies.",GOVERN / Supply Chain Risk Management / Supply Chain Risk Management Program,GV.SC-01.02
2.3 Protection / 2.3.2.2 People management / Supplier and third-party security management,2.3.2.2.69,"The FMI’s third-party risk assessment should be carried out regularly, taking into account the evolution of its threat landscape. The FMI should, using a risk-based approach, ensure that the provision of outsourced services are accorded the appropriate level of cyber resilience.",Evolving,Full Summarily,"GV.PO-01.08: The organization maintains documented third-party risk management program policies and procedures approved by the governing authority (e.g., the Board or one of its committees).","GOVERN / Policies, Processes, and Procedures / Establishment of Policies & Procedures",GV.PO-01.08
2.3 Protection / 2.3.2.2 People management / Supplier and third-party security management,2.3.2.2.70,The FMI should assess the third-party service provider’s security capabilities at least through third-party self-assessment (e.g. self-assessment against Annex F7). Provision of settlement services to ancillary systems by overseen entities is not considered to be third-party service provision.,Evolving,Full Summarily,"EX.DD-02.01: The organization implements procedures, and allocates sufficient resources with the requisite knowledge and experience, to conduct third party due diligence and risk assessment consistent with the procurement plan and commensurate with level of risk, criticality, and complexity of each third-party relationship.",EXTEND / Procurement Planning and Due Diligence / Prospective Third Party Due Diligence,EX.DD-02.01
2.3 Protection / 2.3.2.2 People management / Supplier and third-party security management,2.3.2.2.70,The FMI should assess the third-party service provider’s security capabilities at least through third-party self-assessment (e.g. self-assessment against Annex F7). Provision of settlement services to ancillary systems by overseen entities is not considered to be third-party service provision.,Evolving,Full Summarily,"EX.DD-03.01: The organization reviews, evaluates and risk assesses a prospective critical third party's cybersecurity program, including its ability to identify, assess, monitor, and mitigate its cyber risks; the completeness of its policies and procedures; the strength of its technical and administrative controls; and the coverage of its internal and independent control testing programs.",EXTEND / Procurement Planning and Due Diligence / Technology & Cybersecurity Risk Assessment,EX.DD-03.01
2.3 Protection / 2.3.2.2 People management / Supplier and third-party security management,2.3.2.2.71,The FMI should design security controls that detect and prevent intrusions from third-party connections.,Advancing,Full Summarily,"DE.CM-06.01: The organization reviews, documents, authorizes, and monitors all third-party connections, data transfer mechanisms, and Application Programming Interfaces (APIs).",DETECT / Continuous Monitoring / Service Provider Monitoring,DE.CM-06.01
2.3 Protection / 2.3.2.2 People management / Supplier and third-party security management,2.3.2.2.71,The FMI should design security controls that detect and prevent intrusions from third-party connections.,Advancing,Full Summarily,DE.CM-06.02: The organization implements an explicit approval and logging process and sets up automated alerts to monitor and prevent any unauthorized access to a critical system by a third-party service provider.,DETECT / Continuous Monitoring / Service Provider Monitoring,DE.CM-06.02
2.3 Protection / 2.3.2.2 People management / Supplier and third-party security management,2.3.2.2.72,The FMI should ensure that there are appropriate procedures in place to isolate or block its third-party connections (in a timely manner) if there is a cyber attack and/or a risk of contagion.,Advancing,Full Summarily,DE.CM-01.01:  The organization deploys intrusion detection and intrusion prevention capabilities to detect and prevent a potential network intrusion in its early stages for timely containment and recovery.,DETECT / Continuous Monitoring / Network Monitoring,DE.CM-01.01
2.3 Protection / 2.3.2.2 People management / Supplier and third-party security management,2.3.2.2.72,The FMI should ensure that there are appropriate procedures in place to isolate or block its third-party connections (in a timely manner) if there is a cyber attack and/or a risk of contagion.,Advancing,Full Summarily,"DE.CM-06.01: The organization reviews, documents, authorizes, and monitors all third-party connections, data transfer mechanisms, and Application Programming Interfaces (APIs).",DETECT / Continuous Monitoring / Service Provider Monitoring,DE.CM-06.01
2.3 Protection / 2.3.2.2 People management / Supplier and third-party security management,2.3.2.2.72,The FMI should ensure that there are appropriate procedures in place to isolate or block its third-party connections (in a timely manner) if there is a cyber attack and/or a risk of contagion.,Advancing,Full Summarily,DE.CM-06.02: The organization implements an explicit approval and logging process and sets up automated alerts to monitor and prevent any unauthorized access to a critical system by a third-party service provider.,DETECT / Continuous Monitoring / Service Provider Monitoring,DE.CM-06.02
2.3 Protection / 2.3.2.2 People management / Supplier and third-party security management,2.3.2.2.73,The independent audit function should validate the FMI’s third-party relationship management and outsourcing.,Advancing,Full Summarily,"EX.DD-02.04: The organization reviews and assesses the prospective third party's controls for managing its suppliers and subcontractors (fourth and nth parties), any proposed role fourth and nth parties will play in delivering the products or services, and any specific fourth- and nth-party controls or alternative arrangements the organization may require to protect its interests.",EXTEND / Procurement Planning and Due Diligence / Prospective Third Party Due Diligence,EX.DD-02.04
2.3 Protection / 2.3.2.2 People management / Supplier and third-party security management,2.3.2.2.73,The independent audit function should validate the FMI’s third-party relationship management and outsourcing.,Advancing,Full Summarily,"EX.MM-01.05: The organization regularly assesses a critical third party's program and ability to manage its own suppliers and partners (fourth and nth parties) and the risks those fourth and nth parties may pose to the third party and to the organization (e.g., cybersecurity supply chain risk, concentration risk, reputation risk, foreign-party risk, etc.)",EXTEND / Monitoring and Managing Suppliers / Ongoing Third-Party Monitoring,EX.MM-01.05
2.3 Protection / 2.3.2.2 People management / Supplier and third-party security management,2.3.2.2.74,"The FMI should obtain assurance of the third-party service provider’s cyber resilience capabilities, and may use tools such as certification, external audits (e.g. ISAE 3402), summaries of test reports, service level agreements (SLAs) and KPIs, etc.",Advancing,Full Summarily,"EX.DD-02.01: The organization implements procedures, and allocates sufficient resources with the requisite knowledge and experience, to conduct third party due diligence and risk assessment consistent with the procurement plan and commensurate with level of risk, criticality, and complexity of each third-party relationship.",EXTEND / Procurement Planning and Due Diligence / Prospective Third Party Due Diligence,EX.DD-02.01
2.3 Protection / 2.3.2.2 People management / Supplier and third-party security management,2.3.2.2.74,"The FMI should obtain assurance of the third-party service provider’s cyber resilience capabilities, and may use tools such as certification, external audits (e.g. ISAE 3402), summaries of test reports, service level agreements (SLAs) and KPIs, etc.",Advancing,Full Summarily,"EX.DD-03.01: The organization reviews, evaluates and risk assesses a prospective critical third party's cybersecurity program, including its ability to identify, assess, monitor, and mitigate its cyber risks; the completeness of its policies and procedures; the strength of its technical and administrative controls; and the coverage of its internal and independent control testing programs.",EXTEND / Procurement Planning and Due Diligence / Technology & Cybersecurity Risk Assessment,EX.DD-03.01
2.3 Protection / 2.3.2.2 People management / Supplier and third-party security management,2.3.2.2.74,"The FMI should obtain assurance of the third-party service provider’s cyber resilience capabilities, and may use tools such as certification, external audits (e.g. ISAE 3402), summaries of test reports, service level agreements (SLAs) and KPIs, etc.",Advancing,Full Summarily,"EX.DD-03.02: The organization reviews, evaluates and risk assesses a prospective critical third party's business continuity program, to include business impact analyses, risk assessments, continuity plans, disaster recovery plans, technology resilience architecture, and response and recovery plans, test plans, and test results.",EXTEND / Procurement Planning and Due Diligence / Technology & Cybersecurity Risk Assessment,EX.DD-03.02
2.3 Protection / 2.3.2.2 People management / Supplier and third-party security management,2.3.2.2.75,"The FMI should work closely with its third-party service providers and other FMIs in the ecosystem to maintain and improve the security of interconnections and end point security. For example, the FMI could conduct response and recovery tests with its third-party service providers and other FMIs.",Innovating,Full Summarily,"GV.SC-08.01: The organization's resilience strategy, plans, tests, and exercises incorporate its external dependencies and critical business partners.",<div>GOVERN / Supply Chain Risk Management / Third Party Incident Management Integration</div>,GV.SC-08.01
2.3 Protection / 2.3.2.2 People management / Supplier and third-party security management,2.3.2.2.75,"The FMI should work closely with its third-party service providers and other FMIs in the ecosystem to maintain and improve the security of interconnections and end point security. For example, the FMI could conduct response and recovery tests with its third-party service providers and other FMIs.",Innovating,Full Summarily,"EX.MM-02.03: The organization collaborates with suppliers to maintain and improve the secure use of products, services, and external connections.",EXTEND / Monitoring and Managing Suppliers / Ongoing Third-Party Management,EX.MM-02.03
2.4 Detection / 2.4.2 Expectations,2.4.2.1,"Based on the risk assessment performed in the identification phase, the FMI should define, consider and document the baseline profile of system activities to help detect deviation from the baseline (e.g. anomalous activities and events).",Evolving,Full,PR.IR-04.01: Baseline measures of network and system utilization and transaction activity are captured to support capacity planning and anomalous activity detection.,PROTECT / Technology Infrastructure Resilience / Capacity Management,PR.IR-04.01
2.4 Detection / 2.4.2 Expectations,2.4.2.2,"The FMI should develop the appropriate capabilities, including the people, processes and technology, to monitor and detect anomalous activities and events, by setting appropriate criteria, parameters and triggers to enable alerts.",Evolving,Full Summarily,"DE.CM-02.01: The organization's controls include monitoring and detection of anomalous activities and potential intrusion events across the organization's physical environment and infrastructure, including the detection of environmental threats (fire, water, service outages, etc.) and unauthorized physical access to high-risk system components and locations.",DETECT / Continuous Monitoring / Physical Environment Monitoring,DE.CM-02.01
2.4 Detection / 2.4.2 Expectations,2.4.2.2,"The FMI should develop the appropriate capabilities, including the people, processes and technology, to monitor and detect anomalous activities and events, by setting appropriate criteria, parameters and triggers to enable alerts.",Evolving,Full Summarily,"DE.AE-02.01: The organization performs timely collection of event data, as well as advanced and automated analysis (including the use of security tools such as antivirus and IDS/IPS) on the detected events to:
(1) Assess and understand the nature, scope and method of the attack;
(2) Predict and block a similar future attack; and
(3) Report timely risk metrics.",DETECT / Adverse Event Analysis / Potentially Adverse Event Analysis,DE.AE-02.01
2.4 Detection / 2.4.2 Expectations,2.4.2.2,"The FMI should develop the appropriate capabilities, including the people, processes and technology, to monitor and detect anomalous activities and events, by setting appropriate criteria, parameters and triggers to enable alerts.",Evolving,Full Summarily,"DE.AE-02.02: The organization establishes, documents, and regularly reviews event alert parameters and thresholds, as well as rule-based triggers to support automated responses, when known attack patterns, signatures or behaviors are detected.",DETECT / Adverse Event Analysis / Potentially Adverse Event Analysis,DE.AE-02.02
2.4 Detection / 2.4.2 Expectations,2.4.2.2,"The FMI should develop the appropriate capabilities, including the people, processes and technology, to monitor and detect anomalous activities and events, by setting appropriate criteria, parameters and triggers to enable alerts.",Evolving,Full Summarily,"DE.AE-03.02: The organization performs real-time central analysis, aggregation, and correlation of anomalous activities, network and system alerts, and relevant event and cyber threat intelligence, including both internal and external (cloud and outsourced) environments, to better detect and prevent multifaceted cyber attacks.",DETECT / Adverse Event Analysis / Event Information Correlation,DE.AE-03.02
2.4 Detection / 2.4.2 Expectations,2.4.2.3,"The FMI should have capabilities in place to monitor user activity, exceptions and cybersecurity events.",Evolving,Full,"DE.CM-03.02: The organization's controls actively monitor personnel (both authorized and unauthorized) for access, authentication, usage, connections, devices, and anomalous behavior to rapidly detect potential cybersecurity events.",DETECT / Continuous Monitoring / Personnel Activity Monitoring,DE.CM-03.02
2.4 Detection / 2.4.2 Expectations,2.4.2.4,"The FMI should have capabilities in place to monitor connections, external service providers, devices and software.",Evolving,Full Summarily,"DE.CM-01.03: The organization has policies, procedures, and tools in place to monitor for, detect, and block unauthorized network connections and data transfers.",DETECT / Continuous Monitoring / Network Monitoring,DE.CM-01.03
2.4 Detection / 2.4.2 Expectations,2.4.2.4,"The FMI should have capabilities in place to monitor connections, external service providers, devices and software.",Evolving,Full Summarily,"DE.CM-01.04: The organization has policies, procedures, and tools in place to monitor for, detect, and block access from/to devices that are not authorized or do not conform to security policy (e.g., unpatched systems).",DETECT / Continuous Monitoring / Network Monitoring,DE.CM-01.04
2.4 Detection / 2.4.2 Expectations,2.4.2.4,"The FMI should have capabilities in place to monitor connections, external service providers, devices and software.",Evolving,Full Summarily,"DE.CM-06.01: The organization reviews, documents, authorizes, and monitors all third-party connections, data transfer mechanisms, and Application Programming Interfaces (APIs).",DETECT / Continuous Monitoring / Service Provider Monitoring,DE.CM-06.01
2.4 Detection / 2.4.2 Expectations,2.4.2.4,"The FMI should have capabilities in place to monitor connections, external service providers, devices and software.",Evolving,Full Summarily,"DE.CM-09.03: The organization has policies, procedures, and tools in place to monitor for, detect, and block the use of unsupported or unauthorized software, hardware, or configuration changes.","DETECT / Continuous Monitoring / Hardware, Software, & Data Monitoring",DE.CM-09.03
2.4 Detection / 2.4.2 Expectations,2.4.2.5,The FMI should analyse the information collected and use it to further enhance its detection and monitoring capabilities and incident response process.,Evolving,Full Summarily,"ID.IM-02.03: The organization tests and validates the effectiveness of the incident detection, reporting, and communication processes and protocols with internal and external stakeholders.",IDENTIFY / Improvement / Tests & Exercises,ID.IM-02.03
2.4 Detection / 2.4.2 Expectations,2.4.2.5,The FMI should analyse the information collected and use it to further enhance its detection and monitoring capabilities and incident response process.,Evolving,Full Summarily,"DE.AE-02.02: The organization establishes, documents, and regularly reviews event alert parameters and thresholds, as well as rule-based triggers to support automated responses, when known attack patterns, signatures or behaviors are detected.",DETECT / Adverse Event Analysis / Potentially Adverse Event Analysis,DE.AE-02.02
2.4 Detection / 2.4.2 Expectations,2.4.2.5,The FMI should analyse the information collected and use it to further enhance its detection and monitoring capabilities and incident response process.,Evolving,Full Summarily,"RS.MA-02.01: Tools and processes are in place to ensure timely detection, inspection, assessment, and analysis of security event data for reliable activation of incident response processes.",<div>RESPOND / Incident Management / Incident Triage &amp; Validation</div>,RS.MA-02.01
2.4 Detection / 2.4.2 Expectations,2.4.2.6,"The FMI should ensure that its detection capabilities, baseline profile of system activities and the criteria, parameters and triggers are periodically reviewed, tested and updated appropriately, in a controlled and authorised manner.",Evolving,Full Summarily,"ID.IM-02.03: The organization tests and validates the effectiveness of the incident detection, reporting, and communication processes and protocols with internal and external stakeholders.",IDENTIFY / Improvement / Tests & Exercises,ID.IM-02.03
2.4 Detection / 2.4.2 Expectations,2.4.2.6,"The FMI should ensure that its detection capabilities, baseline profile of system activities and the criteria, parameters and triggers are periodically reviewed, tested and updated appropriately, in a controlled and authorised manner.",Evolving,Full Summarily,PR.IR-04.01: Baseline measures of network and system utilization and transaction activity are captured to support capacity planning and anomalous activity detection.,PROTECT / Technology Infrastructure Resilience / Capacity Management,PR.IR-04.01
2.4 Detection / 2.4.2 Expectations,2.4.2.6,"The FMI should ensure that its detection capabilities, baseline profile of system activities and the criteria, parameters and triggers are periodically reviewed, tested and updated appropriately, in a controlled and authorised manner.",Evolving,Full Summarily,"DE.AE-02.02: The organization establishes, documents, and regularly reviews event alert parameters and thresholds, as well as rule-based triggers to support automated responses, when known attack patterns, signatures or behaviors are detected.",DETECT / Adverse Event Analysis / Potentially Adverse Event Analysis,DE.AE-02.02
2.4 Detection / 2.4.2 Expectations,2.4.2.6,"The FMI should ensure that its detection capabilities, baseline profile of system activities and the criteria, parameters and triggers are periodically reviewed, tested and updated appropriately, in a controlled and authorised manner.",Evolving,Full Summarily,"RS.MA-02.01: Tools and processes are in place to ensure timely detection, inspection, assessment, and analysis of security event data for reliable activation of incident response processes.",<div>RESPOND / Incident Management / Incident Triage &amp; Validation</div>,RS.MA-02.01
2.4 Detection / 2.4.2 Expectations,2.4.2.7,The FMI should ensure that its relevant staff (employees and/or contractors) are trained to be able to identify and report anomalous activity and events.,Evolving,Full,"GV.RR-02.02: The organization has established and assigned roles and responsibilities for systematic cybersecurity threat identification, monitoring, detection, and event reporting processes, and ensures adequate coverage and organizational alignment for these functions.","GOVERN / Roles, Responsibilities, and Authorities / Risk Management Roles & Responsibilities",GV.RR-02.02
2.4 Detection / 2.4.2 Expectations,2.4.2.8,"The FMI should build multilayered detection controls covering people, processes and technology which support attack detection and isolation of infected points.",Evolving,Full Summarily,"DE.AE-03.01: The organization implements systematic and real-time logging, collection, monitoring, detection, and alerting measures across multiple layers of the organization's infrastructure, including physical perimeters, network, operating systems, applications, data, and external (cloud and outsourced) environments, sufficient to protect the organization's information assets.",DETECT / Adverse Event Analysis / Event Information Correlation,DE.AE-03.01
2.4 Detection / 2.4.2 Expectations,2.4.2.8,"The FMI should build multilayered detection controls covering people, processes and technology which support attack detection and isolation of infected points.",Evolving,Full Summarily,"DE.AE-03.02: The organization performs real-time central analysis, aggregation, and correlation of anomalous activities, network and system alerts, and relevant event and cyber threat intelligence, including both internal and external (cloud and outsourced) environments, to better detect and prevent multifaceted cyber attacks.",DETECT / Adverse Event Analysis / Event Information Correlation,DE.AE-03.02
2.4 Detection / 2.4.2 Expectations,2.4.2.9,"The FMI should ensure that its detection capabilities are informed by threat or vulnerability information, which can be collected from different sources and providers, as set out in the chapter on situational awareness.",Evolving,Full Summarily,"DE.AE-03.02: The organization performs real-time central analysis, aggregation, and correlation of anomalous activities, network and system alerts, and relevant event and cyber threat intelligence, including both internal and external (cloud and outsourced) environments, to better detect and prevent multifaceted cyber attacks.",DETECT / Adverse Event Analysis / Event Information Correlation,DE.AE-03.02
2.4 Detection / 2.4.2 Expectations,2.4.2.9,"The FMI should ensure that its detection capabilities are informed by threat or vulnerability information, which can be collected from different sources and providers, as set out in the chapter on situational awareness.",Evolving,Full Summarily,"DE.AE-06.01: The organization has established processes and protocols to communicate, alert, and regularly report potential cyber attacks and incident information, including its corresponding analysis and cyber threat intelligence, to authorized internal and external stakeholders.",DETECT / Adverse Event Analysis / Event Information Sharing,DE.AE-06.01
2.4 Detection / 2.4.2 Expectations,2.4.2.9,"The FMI should ensure that its detection capabilities are informed by threat or vulnerability information, which can be collected from different sources and providers, as set out in the chapter on situational awareness.",Evolving,Full Summarily,"DE.AE-07.01: The organization implements measures for monitoring external sources (e.g., social media, the dark web, etc.) to integrate with other intelligence information to better detect and evaluate potential threats and compromises.",DETECT / Adverse Event Analysis / Contextual Analysis,DE.AE-07.01
2.4 Detection / 2.4.2 Expectations,2.4.2.9,"The FMI should ensure that its detection capabilities are informed by threat or vulnerability information, which can be collected from different sources and providers, as set out in the chapter on situational awareness.",Evolving,Full Summarily,"RS.CO-03.01: The organization ensures that cyber threat intelligence is made available, in a secure manner, to authorized staff with responsibility for the mitigation of cyber risks at the strategic, tactical and operational levels within the organization.",RESPOND / Incident Response Reporting and Communication / Stakeholder Incident Information Sharing,RS.CO-03.01
2.4 Detection / 2.4.2 Expectations,2.4.2.10,The FMI should define alert thresholds for its monitoring and detection systems in order to trigger and facilitate the incident response process.,Evolving,Full,"DE.AE-02.02: The organization establishes, documents, and regularly reviews event alert parameters and thresholds, as well as rule-based triggers to support automated responses, when known attack patterns, signatures or behaviors are detected.",DETECT / Adverse Event Analysis / Potentially Adverse Event Analysis,DE.AE-02.02
2.4 Detection / 2.4.2 Expectations,2.4.2.11,"The FMI's monitoring and detection capabilities should support information collection for the forensic investigation. To facilitate forensic investigation, the FMI should ensure that its logs are backed up at a secure location with controls in place to mitigate the risk of alteration.",Evolving,Full Summarily,"PR.PS-04.01: The organization establishes and regularly reviews log management standards and practices, to include the types of events to be detected, log content, security and access considerations, monitoring protocols, integrity checking mechanisms, and retention periods.",PROTECT / Platform Security / Log Record Generation,PR.PS-04.01
2.4 Detection / 2.4.2 Expectations,2.4.2.11,"The FMI's monitoring and detection capabilities should support information collection for the forensic investigation. To facilitate forensic investigation, the FMI should ensure that its logs are backed up at a secure location with controls in place to mitigate the risk of alteration.",Evolving,Full Summarily,"PR.PS-04.02: The organization defines the scope and coverage of audit/log records to be created and monitored (i.e., internal and external environments, devices, and applications/services/software to be monitored) and has controls in place to ensure that the intended scope is fully covered and that no logging failures are inhibiting the collection of required logs.",PROTECT / Platform Security / Log Record Generation,PR.PS-04.02
2.4 Detection / 2.4.2 Expectations,2.4.2.11,"The FMI's monitoring and detection capabilities should support information collection for the forensic investigation. To facilitate forensic investigation, the FMI should ensure that its logs are backed up at a secure location with controls in place to mitigate the risk of alteration.",Evolving,Full Summarily,"PR.PS-04.03: The organization's activity logs and other security event logs are generated, reviewed, securely stored, and retained in accordance with data retention obligations and established standards.",PROTECT / Platform Security / Log Record Generation,PR.PS-04.03
2.4 Detection / 2.4.2 Expectations,2.4.2.12,"The FMI should develop and implement automated mechanisms (e.g. a security information and event management (SIEM) system), which correlates all the network and system alerts and any other anomalous activity across its business units in order to detect multifaceted attacks (e.g. simultaneous account takeover or a distributed denial of service (DDoS) attack).",Advancing,Full Summarily,"DE.AE-03.01: The organization implements systematic and real-time logging, collection, monitoring, detection, and alerting measures across multiple layers of the organization's infrastructure, including physical perimeters, network, operating systems, applications, data, and external (cloud and outsourced) environments, sufficient to protect the organization's information assets.",DETECT / Adverse Event Analysis / Event Information Correlation,DE.AE-03.01
2.4 Detection / 2.4.2 Expectations,2.4.2.12,"The FMI should develop and implement automated mechanisms (e.g. a security information and event management (SIEM) system), which correlates all the network and system alerts and any other anomalous activity across its business units in order to detect multifaceted attacks (e.g. simultaneous account takeover or a distributed denial of service (DDoS) attack).",Advancing,Full Summarily,"DE.AE-03.02: The organization performs real-time central analysis, aggregation, and correlation of anomalous activities, network and system alerts, and relevant event and cyber threat intelligence, including both internal and external (cloud and outsourced) environments, to better detect and prevent multifaceted cyber attacks.",DETECT / Adverse Event Analysis / Event Information Correlation,DE.AE-03.02
2.4 Detection / 2.4.2 Expectations,2.4.2.13,"The FMI should have a process to collect, centralise and correlate event information from multiple sources and log analysis to continuously monitor the IT environment (e.g. databases, servers and end points, etc.) and detect anomalous activities and events. This should include information on anomalous activity and other network and system alerts across business units. This capability could be achieved through a security operations centre (SOC) or equivalent.",Advancing,Full Summarily,"GV.RR-02.02: The organization has established and assigned roles and responsibilities for systematic cybersecurity threat identification, monitoring, detection, and event reporting processes, and ensures adequate coverage and organizational alignment for these functions.","GOVERN / Roles, Responsibilities, and Authorities / Risk Management Roles & Responsibilities",GV.RR-02.02
2.4 Detection / 2.4.2 Expectations,2.4.2.13,"The FMI should have a process to collect, centralise and correlate event information from multiple sources and log analysis to continuously monitor the IT environment (e.g. databases, servers and end points, etc.) and detect anomalous activities and events. This should include information on anomalous activity and other network and system alerts across business units. This capability could be achieved through a security operations centre (SOC) or equivalent.",Advancing,Full Summarily,"DE.AE-03.01: The organization implements systematic and real-time logging, collection, monitoring, detection, and alerting measures across multiple layers of the organization's infrastructure, including physical perimeters, network, operating systems, applications, data, and external (cloud and outsourced) environments, sufficient to protect the organization's information assets.",DETECT / Adverse Event Analysis / Event Information Correlation,DE.AE-03.01
2.4 Detection / 2.4.2 Expectations,2.4.2.13,"The FMI should have a process to collect, centralise and correlate event information from multiple sources and log analysis to continuously monitor the IT environment (e.g. databases, servers and end points, etc.) and detect anomalous activities and events. This should include information on anomalous activity and other network and system alerts across business units. This capability could be achieved through a security operations centre (SOC) or equivalent.",Advancing,Full Summarily,"DE.AE-03.02: The organization performs real-time central analysis, aggregation, and correlation of anomalous activities, network and system alerts, and relevant event and cyber threat intelligence, including both internal and external (cloud and outsourced) environments, to better detect and prevent multifaceted cyber attacks.",DETECT / Adverse Event Analysis / Event Information Correlation,DE.AE-03.02
2.4 Detection / 2.4.2 Expectations,2.4.2.14,"The FMI should have processes in place to monitor activities that are not in line with its security policy and might lead to data theft, integrity compromise or destruction.",Advancing,Full Summarily,DE.CM-01.01:  The organization deploys intrusion detection and intrusion prevention capabilities to detect and prevent a potential network intrusion in its early stages for timely containment and recovery.,DETECT / Continuous Monitoring / Network Monitoring,DE.CM-01.01
2.4 Detection / 2.4.2 Expectations,2.4.2.14,"The FMI should have processes in place to monitor activities that are not in line with its security policy and might lead to data theft, integrity compromise or destruction.",Advancing,Full Summarily,"DE.CM-01.02: The organization implements mechanisms, such as alerting and filtering of sudden high volumes and suspicious incoming traffic, to detect and mitigate Denial of Service, ""bot"", and credential stuffing attacks.",DETECT / Continuous Monitoring / Network Monitoring,DE.CM-01.02
2.4 Detection / 2.4.2 Expectations,2.4.2.14,"The FMI should have processes in place to monitor activities that are not in line with its security policy and might lead to data theft, integrity compromise or destruction.",Advancing,Full Summarily,"DE.CM-01.03: The organization has policies, procedures, and tools in place to monitor for, detect, and block unauthorized network connections and data transfers.",DETECT / Continuous Monitoring / Network Monitoring,DE.CM-01.03
2.4 Detection / 2.4.2 Expectations,2.4.2.14,"The FMI should have processes in place to monitor activities that are not in line with its security policy and might lead to data theft, integrity compromise or destruction.",Advancing,Full Summarily,"DE.CM-01.04: The organization has policies, procedures, and tools in place to monitor for, detect, and block access from/to devices that are not authorized or do not conform to security policy (e.g., unpatched systems).",DETECT / Continuous Monitoring / Network Monitoring,DE.CM-01.04
2.4 Detection / 2.4.2 Expectations,2.4.2.14,"The FMI should have processes in place to monitor activities that are not in line with its security policy and might lead to data theft, integrity compromise or destruction.",Advancing,Full Summarily,"DE.CM-02.01: The organization's controls include monitoring and detection of anomalous activities and potential intrusion events across the organization's physical environment and infrastructure, including the detection of environmental threats (fire, water, service outages, etc.) and unauthorized physical access to high-risk system components and locations.",DETECT / Continuous Monitoring / Physical Environment Monitoring,DE.CM-02.01
2.4 Detection / 2.4.2 Expectations,2.4.2.14,"The FMI should have processes in place to monitor activities that are not in line with its security policy and might lead to data theft, integrity compromise or destruction.",Advancing,Full Summarily,"DE.CM-09.03: The organization has policies, procedures, and tools in place to monitor for, detect, and block the use of unsupported or unauthorized software, hardware, or configuration changes.","DETECT / Continuous Monitoring / Hardware, Software, & Data Monitoring",DE.CM-09.03
2.4 Detection / 2.4.2 Expectations,2.4.2.15,The FMI's monitoring and detection capabilities should allow the appropriate staff who can respond to be alerted automatically.,Advancing,Full Summarily,"GV.RR-02.02: The organization has established and assigned roles and responsibilities for systematic cybersecurity threat identification, monitoring, detection, and event reporting processes, and ensures adequate coverage and organizational alignment for these functions.","GOVERN / Roles, Responsibilities, and Authorities / Risk Management Roles & Responsibilities",GV.RR-02.02
2.4 Detection / 2.4.2 Expectations,2.4.2.15,The FMI's monitoring and detection capabilities should allow the appropriate staff who can respond to be alerted automatically.,Advancing,Full Summarily,"DE.AE-02.02: The organization establishes, documents, and regularly reviews event alert parameters and thresholds, as well as rule-based triggers to support automated responses, when known attack patterns, signatures or behaviors are detected.",DETECT / Adverse Event Analysis / Potentially Adverse Event Analysis,DE.AE-02.02
2.4 Detection / 2.4.2 Expectations,2.4.2.15,The FMI's monitoring and detection capabilities should allow the appropriate staff who can respond to be alerted automatically.,Advancing,Full Summarily,"DE.AE-03.01: The organization implements systematic and real-time logging, collection, monitoring, detection, and alerting measures across multiple layers of the organization's infrastructure, including physical perimeters, network, operating systems, applications, data, and external (cloud and outsourced) environments, sufficient to protect the organization's information assets.",DETECT / Adverse Event Analysis / Event Information Correlation,DE.AE-03.01
2.4 Detection / 2.4.2 Expectations,2.4.2.16,"The FMI should have the capabilities, in collaboration with other stakeholders, to detect cyber events and adapt its security controls swiftly. Such events may include attempted infiltration, movement of an attacker across systems, exploitation of vulnerabilities, unlawful access to systems and exfiltration of information or data.",Advancing,Full Summarily,"DE.AE-02.01: The organization performs timely collection of event data, as well as advanced and automated analysis (including the use of security tools such as antivirus and IDS/IPS) on the detected events to:
(1) Assess and understand the nature, scope and method of the attack;
(2) Predict and block a similar future attack; and
(3) Report timely risk metrics.",DETECT / Adverse Event Analysis / Potentially Adverse Event Analysis,DE.AE-02.01
2.4 Detection / 2.4.2 Expectations,2.4.2.16,"The FMI should have the capabilities, in collaboration with other stakeholders, to detect cyber events and adapt its security controls swiftly. Such events may include attempted infiltration, movement of an attacker across systems, exploitation of vulnerabilities, unlawful access to systems and exfiltration of information or data.",Advancing,Full Summarily,"DE.AE-02.02: The organization establishes, documents, and regularly reviews event alert parameters and thresholds, as well as rule-based triggers to support automated responses, when known attack patterns, signatures or behaviors are detected.",DETECT / Adverse Event Analysis / Potentially Adverse Event Analysis,DE.AE-02.02
2.4 Detection / 2.4.2 Expectations,2.4.2.16,"The FMI should have the capabilities, in collaboration with other stakeholders, to detect cyber events and adapt its security controls swiftly. Such events may include attempted infiltration, movement of an attacker across systems, exploitation of vulnerabilities, unlawful access to systems and exfiltration of information or data.",Advancing,Full Summarily,"DE.AE-03.01: The organization implements systematic and real-time logging, collection, monitoring, detection, and alerting measures across multiple layers of the organization's infrastructure, including physical perimeters, network, operating systems, applications, data, and external (cloud and outsourced) environments, sufficient to protect the organization's information assets.",DETECT / Adverse Event Analysis / Event Information Correlation,DE.AE-03.01
2.4 Detection / 2.4.2 Expectations,2.4.2.16,"The FMI should have the capabilities, in collaboration with other stakeholders, to detect cyber events and adapt its security controls swiftly. Such events may include attempted infiltration, movement of an attacker across systems, exploitation of vulnerabilities, unlawful access to systems and exfiltration of information or data.",Advancing,Full Summarily,"DE.AE-03.02: The organization performs real-time central analysis, aggregation, and correlation of anomalous activities, network and system alerts, and relevant event and cyber threat intelligence, including both internal and external (cloud and outsourced) environments, to better detect and prevent multifaceted cyber attacks.",DETECT / Adverse Event Analysis / Event Information Correlation,DE.AE-03.02
2.4 Detection / 2.4.2 Expectations,2.4.2.16,"The FMI should have the capabilities, in collaboration with other stakeholders, to detect cyber events and adapt its security controls swiftly. Such events may include attempted infiltration, movement of an attacker across systems, exploitation of vulnerabilities, unlawful access to systems and exfiltration of information or data.",Advancing,Full Summarily,"DE.AE-06.01: The organization has established processes and protocols to communicate, alert, and regularly report potential cyber attacks and incident information, including its corresponding analysis and cyber threat intelligence, to authorized internal and external stakeholders.",DETECT / Adverse Event Analysis / Event Information Sharing,DE.AE-06.01
2.4 Detection / 2.4.2 Expectations,2.4.2.16,"The FMI should have the capabilities, in collaboration with other stakeholders, to detect cyber events and adapt its security controls swiftly. Such events may include attempted infiltration, movement of an attacker across systems, exploitation of vulnerabilities, unlawful access to systems and exfiltration of information or data.",Advancing,Full Summarily,"DE.AE-08.01: Defined criteria and severity levels are in place to facilitate the declaration, escalation, organization, and alignment of response activities to response plans within the organization and across relevant third parties.",DETECT / Adverse Event Analysis / Incident Declaration,DE.AE-08.01
2.4 Detection / 2.4.2 Expectations,2.4.2.17,"The FMI should continuously monitor connections among information assets and cyber risk levels throughout the information assets’ life cycles, and store and analyse these data. The information gathered this way should enable the FMI to support timely responses to cyber threats (including insider threats) or vulnerabilities and investigation of anomalous activities.",Advancing,Full Summarily,"GV.RR-04.03: The organization integrates insider threat considerations into its human resource, risk management, and control programs to address the potential for malicious or unintentional harm by trusted employees or third parties.","GOVERN / Roles, Responsibilities, and Authorities / Human Resource Practices",GV.RR-04.03
2.4 Detection / 2.4.2 Expectations,2.4.2.17,"The FMI should continuously monitor connections among information assets and cyber risk levels throughout the information assets’ life cycles, and store and analyse these data. The information gathered this way should enable the FMI to support timely responses to cyber threats (including insider threats) or vulnerabilities and investigation of anomalous activities.",Advancing,Full Summarily,"DE.CM-03.02: The organization's controls actively monitor personnel (both authorized and unauthorized) for access, authentication, usage, connections, devices, and anomalous behavior to rapidly detect potential cybersecurity events.",DETECT / Continuous Monitoring / Personnel Activity Monitoring,DE.CM-03.02
2.4 Detection / 2.4.2 Expectations,2.4.2.17,"The FMI should continuously monitor connections among information assets and cyber risk levels throughout the information assets’ life cycles, and store and analyse these data. The information gathered this way should enable the FMI to support timely responses to cyber threats (including insider threats) or vulnerabilities and investigation of anomalous activities.",Advancing,Full Summarily,"DE.CM-06.01: The organization reviews, documents, authorizes, and monitors all third-party connections, data transfer mechanisms, and Application Programming Interfaces (APIs).",DETECT / Continuous Monitoring / Service Provider Monitoring,DE.CM-06.01
2.4 Detection / 2.4.2 Expectations,2.4.2.18,"The FMI should continuously monitor and inspect the network traffic, including remote connections, and end point configuration and activity to identify potential vulnerabilities or anomalous events in a timely manner.",Advancing,Full Summarily,DE.CM-01.01:  The organization deploys intrusion detection and intrusion prevention capabilities to detect and prevent a potential network intrusion in its early stages for timely containment and recovery.,DETECT / Continuous Monitoring / Network Monitoring,DE.CM-01.01
2.4 Detection / 2.4.2 Expectations,2.4.2.18,"The FMI should continuously monitor and inspect the network traffic, including remote connections, and end point configuration and activity to identify potential vulnerabilities or anomalous events in a timely manner.",Advancing,Full Summarily,"DE.CM-01.02: The organization implements mechanisms, such as alerting and filtering of sudden high volumes and suspicious incoming traffic, to detect and mitigate Denial of Service, ""bot"", and credential stuffing attacks.",DETECT / Continuous Monitoring / Network Monitoring,DE.CM-01.02
2.4 Detection / 2.4.2 Expectations,2.4.2.18,"The FMI should continuously monitor and inspect the network traffic, including remote connections, and end point configuration and activity to identify potential vulnerabilities or anomalous events in a timely manner.",Advancing,Full Summarily,"DE.CM-01.03: The organization has policies, procedures, and tools in place to monitor for, detect, and block unauthorized network connections and data transfers.",DETECT / Continuous Monitoring / Network Monitoring,DE.CM-01.03
2.4 Detection / 2.4.2 Expectations,2.4.2.18,"The FMI should continuously monitor and inspect the network traffic, including remote connections, and end point configuration and activity to identify potential vulnerabilities or anomalous events in a timely manner.",Advancing,Full Summarily,"DE.CM-01.04: The organization has policies, procedures, and tools in place to monitor for, detect, and block access from/to devices that are not authorized or do not conform to security policy (e.g., unpatched systems).",DETECT / Continuous Monitoring / Network Monitoring,DE.CM-01.04
2.4 Detection / 2.4.2 Expectations,2.4.2.19,The FMI should compare the network traffic and the end point configuration with the expected traffic and configuration baseline profile and data flows.,Advancing,Full Summarily,PR.IR-04.01: Baseline measures of network and system utilization and transaction activity are captured to support capacity planning and anomalous activity detection.,PROTECT / Technology Infrastructure Resilience / Capacity Management,PR.IR-04.01
2.4 Detection / 2.4.2 Expectations,2.4.2.19,The FMI should compare the network traffic and the end point configuration with the expected traffic and configuration baseline profile and data flows.,Advancing,Full Summarily,"DE.CM-01.02: The organization implements mechanisms, such as alerting and filtering of sudden high volumes and suspicious incoming traffic, to detect and mitigate Denial of Service, ""bot"", and credential stuffing attacks.",DETECT / Continuous Monitoring / Network Monitoring,DE.CM-01.02
2.4 Detection / 2.4.2 Expectations,2.4.2.19,The FMI should compare the network traffic and the end point configuration with the expected traffic and configuration baseline profile and data flows.,Advancing,Full Summarily,"DE.CM-01.04: The organization has policies, procedures, and tools in place to monitor for, detect, and block access from/to devices that are not authorized or do not conform to security policy (e.g., unpatched systems).",DETECT / Continuous Monitoring / Network Monitoring,DE.CM-01.04
2.4 Detection / 2.4.2 Expectations,2.4.2.20,"The FMI should use multiple external sources of intelligence, correlated log analysis, alerts, traffic flows, and geopolitical events to predict potential future attacks and attack trends, and proactively take the appropriate measures to improve its cyber resilience capabilities.",Innovating,Full Summarily,PR.IR-04.01: Baseline measures of network and system utilization and transaction activity are captured to support capacity planning and anomalous activity detection.,PROTECT / Technology Infrastructure Resilience / Capacity Management,PR.IR-04.01
2.4 Detection / 2.4.2 Expectations,2.4.2.20,"The FMI should use multiple external sources of intelligence, correlated log analysis, alerts, traffic flows, and geopolitical events to predict potential future attacks and attack trends, and proactively take the appropriate measures to improve its cyber resilience capabilities.",Innovating,Full Summarily,"DE.CM-01.02: The organization implements mechanisms, such as alerting and filtering of sudden high volumes and suspicious incoming traffic, to detect and mitigate Denial of Service, ""bot"", and credential stuffing attacks.",DETECT / Continuous Monitoring / Network Monitoring,DE.CM-01.02
2.4 Detection / 2.4.2 Expectations,2.4.2.20,"The FMI should use multiple external sources of intelligence, correlated log analysis, alerts, traffic flows, and geopolitical events to predict potential future attacks and attack trends, and proactively take the appropriate measures to improve its cyber resilience capabilities.",Innovating,Full Summarily,"DE.CM-02.01: The organization's controls include monitoring and detection of anomalous activities and potential intrusion events across the organization's physical environment and infrastructure, including the detection of environmental threats (fire, water, service outages, etc.) and unauthorized physical access to high-risk system components and locations.",DETECT / Continuous Monitoring / Physical Environment Monitoring,DE.CM-02.01
2.4 Detection / 2.4.2 Expectations,2.4.2.20,"The FMI should use multiple external sources of intelligence, correlated log analysis, alerts, traffic flows, and geopolitical events to predict potential future attacks and attack trends, and proactively take the appropriate measures to improve its cyber resilience capabilities.",Innovating,Full Summarily,"DE.AE-02.02: The organization establishes, documents, and regularly reviews event alert parameters and thresholds, as well as rule-based triggers to support automated responses, when known attack patterns, signatures or behaviors are detected.",DETECT / Adverse Event Analysis / Potentially Adverse Event Analysis,DE.AE-02.02
2.4 Detection / 2.4.2 Expectations,2.4.2.21,"The FMI should develop threat detection capabilities which can detect both known and unknown threats, with a proactive identification of vulnerabilities, state-of-the art threat detection and correlation between vulnerabilities and threats.",Innovating,Full Summarily,"ID.RA-03.04: The organization regularly reviews and updates its threat analysis methodology, threat information sources, and supporting tools.",IDENTIFY / Risk Assessment / Threat Identification,ID.RA-03.04
2.4 Detection / 2.4.2 Expectations,2.4.2.21,"The FMI should develop threat detection capabilities which can detect both known and unknown threats, with a proactive identification of vulnerabilities, state-of-the art threat detection and correlation between vulnerabilities and threats.",Innovating,Full Summarily,"ID.IM-03.02: The organization establishes a systematic and comprehensive program to regularly evaluate and improve its monitoring and detection processes and controls as the threat environment changes, tools and techniques evolve, and lessons are learned.",IDENTIFY / Improvement / Improvements from Lessons Learned,ID.IM-03.02
2.4 Detection / 2.4.2 Expectations,2.4.2.22,"The FMI should seek to continuously explore new technologies and techniques inhibiting lateral movement (e.g. deception mechanisms) which trigger alerts and inform the FMI of potential malicious activity when accessed. For example, the FMI could create and place fictitious sensitive data with alerting tags attached to them.",Innovating,Full Summarily,"ID.RA-03.04: The organization regularly reviews and updates its threat analysis methodology, threat information sources, and supporting tools.",IDENTIFY / Risk Assessment / Threat Identification,ID.RA-03.04
2.4 Detection / 2.4.2 Expectations,2.4.2.22,"The FMI should seek to continuously explore new technologies and techniques inhibiting lateral movement (e.g. deception mechanisms) which trigger alerts and inform the FMI of potential malicious activity when accessed. For example, the FMI could create and place fictitious sensitive data with alerting tags attached to them.",Innovating,Full Summarily,"ID.IM-03.02: The organization establishes a systematic and comprehensive program to regularly evaluate and improve its monitoring and detection processes and controls as the threat environment changes, tools and techniques evolve, and lessons are learned.",IDENTIFY / Improvement / Improvements from Lessons Learned,ID.IM-03.02
2.4 Detection / 2.4.2 Expectations,2.4.2.22,"The FMI should seek to continuously explore new technologies and techniques inhibiting lateral movement (e.g. deception mechanisms) which trigger alerts and inform the FMI of potential malicious activity when accessed. For example, the FMI could create and place fictitious sensitive data with alerting tags attached to them.",Innovating,Full Summarily,"DE.CM-01.06: The organization employs deception techniques and technologies (e.g., honeypots) to detect and prevent a potential intrusion in its early stages to support timely containment and recovery.",DETECT / Continuous Monitoring / Network Monitoring,DE.CM-01.06
2.4 Detection / 2.4.2 Expectations,2.4.2.22,"The FMI should seek to continuously explore new technologies and techniques inhibiting lateral movement (e.g. deception mechanisms) which trigger alerts and inform the FMI of potential malicious activity when accessed. For example, the FMI could create and place fictitious sensitive data with alerting tags attached to them.",Innovating,Full Summarily,"DE.AE-02.02: The organization establishes, documents, and regularly reviews event alert parameters and thresholds, as well as rule-based triggers to support automated responses, when known attack patterns, signatures or behaviors are detected.",DETECT / Adverse Event Analysis / Potentially Adverse Event Analysis,DE.AE-02.02
2.5 Response and recovery / 2.5.2.1 Cyber resilience incident management,2.5.2.1.1,"The FMI should – based on the identification of its critical functions, key roles, processes, information assets, third-party service providers and interconnections – plan for how to operate in a diminished capacity or how to safely restore services over time, based on services' relative priorities, and with accurate data. In order to make the best decisions about its recovery objectives following a cyber incident, the FMI must first define its recovery point objectives (RPOs) and its recovery time objectives (RTOs), commensurate to its business needs and systemic role in the ecosystem.",Evolving,Full Summarily,"GV.OC-04.03: Resilience requirements to support the delivery of critical services are established for all operating states (e.g., under duress/attack, during recovery, and normal operations).",GOVERN / Organizational Context / Stakeholder Service Expectations,GV.OC-04.03
2.5 Response and recovery / 2.5.2.1 Cyber resilience incident management,2.5.2.1.1,"The FMI should – based on the identification of its critical functions, key roles, processes, information assets, third-party service providers and interconnections – plan for how to operate in a diminished capacity or how to safely restore services over time, based on services' relative priorities, and with accurate data. In order to make the best decisions about its recovery objectives following a cyber incident, the FMI must first define its recovery point objectives (RPOs) and its recovery time objectives (RTOs), commensurate to its business needs and systemic role in the ecosystem.",Evolving,Full Summarily,"GV.OC-04.04: The organization prioritizes the resilience design, planning, testing, and monitoring of systems and other key internal and external dependencies according to their criticality to the supported business functions, enterprise mission, and to the financial services sector.",GOVERN / Organizational Context / Stakeholder Service Expectations,GV.OC-04.04
2.5 Response and recovery / 2.5.2.1 Cyber resilience incident management,2.5.2.1.1,"The FMI should – based on the identification of its critical functions, key roles, processes, information assets, third-party service providers and interconnections – plan for how to operate in a diminished capacity or how to safely restore services over time, based on services' relative priorities, and with accurate data. In order to make the best decisions about its recovery objectives following a cyber incident, the FMI must first define its recovery point objectives (RPOs) and its recovery time objectives (RTOs), commensurate to its business needs and systemic role in the ecosystem.",Evolving,Full Summarily,"GV.OC-05.01: The organization identifies, assesses, and documents the key dependencies, interdependencies, and potential points of failure to support the delivery of critical services (e.g., systems, business processes, workforce, third parties, facilities, etc.)",GOVERN / Organizational Context / Organizational Service Dependencies,GV.OC-05.01
2.5 Response and recovery / 2.5.2.1 Cyber resilience incident management,2.5.2.1.1,"The FMI should – based on the identification of its critical functions, key roles, processes, information assets, third-party service providers and interconnections – plan for how to operate in a diminished capacity or how to safely restore services over time, based on services' relative priorities, and with accurate data. In order to make the best decisions about its recovery objectives following a cyber incident, the FMI must first define its recovery point objectives (RPOs) and its recovery time objectives (RTOs), commensurate to its business needs and systemic role in the ecosystem.",Evolving,Full Summarily,"GV.OC-05.02: The organization has prioritized its external dependencies according to their criticality to the supported enterprise mission, business functions, and to the financial services sector.",GOVERN / Organizational Context / Organizational Service Dependencies,GV.OC-05.02
2.5 Response and recovery / 2.5.2.1 Cyber resilience incident management,2.5.2.1.1,"The FMI should – based on the identification of its critical functions, key roles, processes, information assets, third-party service providers and interconnections – plan for how to operate in a diminished capacity or how to safely restore services over time, based on services' relative priorities, and with accurate data. In order to make the best decisions about its recovery objectives following a cyber incident, the FMI must first define its recovery point objectives (RPOs) and its recovery time objectives (RTOs), commensurate to its business needs and systemic role in the ecosystem.",Evolving,Full Summarily,"GV.OC-05.03: The organization defines objectives (e.g., Recovery Time Objective, Maximum Tolerable Downtime, Impact Tolerance) for the resumption of critical operations in alignment with business imperatives, stakeholder obligations, and critical infrastructure dependencies.",GOVERN / Organizational Context / Organizational Service Dependencies,GV.OC-05.03
2.5 Response and recovery / 2.5.2.1 Cyber resilience incident management,2.5.2.1.1,"The FMI should – based on the identification of its critical functions, key roles, processes, information assets, third-party service providers and interconnections – plan for how to operate in a diminished capacity or how to safely restore services over time, based on services' relative priorities, and with accurate data. In order to make the best decisions about its recovery objectives following a cyber incident, the FMI must first define its recovery point objectives (RPOs) and its recovery time objectives (RTOs), commensurate to its business needs and systemic role in the ecosystem.",Evolving,Full Summarily,"GV.OC-05.04: Recovery point objectives to support data integrity are consistent with the organization's recovery time objectives, information flow dependencies between systems, and business obligations.",GOVERN / Organizational Context / Organizational Service Dependencies,GV.OC-05.04
2.5 Response and recovery / 2.5.2.1 Cyber resilience incident management,2.5.2.1.1,"The FMI should – based on the identification of its critical functions, key roles, processes, information assets, third-party service providers and interconnections – plan for how to operate in a diminished capacity or how to safely restore services over time, based on services' relative priorities, and with accurate data. In order to make the best decisions about its recovery objectives following a cyber incident, the FMI must first define its recovery point objectives (RPOs) and its recovery time objectives (RTOs), commensurate to its business needs and systemic role in the ecosystem.",Evolving,Full Summarily,"ID.IM-04.03: Recovery plans include service resumption steps for all operating environments, including traditional, alternate recovery, and highly available (e.g., cloud) infrastructures.",<div>IDENTIFY / Improvement / Plans Affecting Operations</div>,ID.IM-04.03
2.5 Response and recovery / 2.5.2.1 Cyber resilience incident management,2.5.2.1.1,"The FMI should – based on the identification of its critical functions, key roles, processes, information assets, third-party service providers and interconnections – plan for how to operate in a diminished capacity or how to safely restore services over time, based on services' relative priorities, and with accurate data. In order to make the best decisions about its recovery objectives following a cyber incident, the FMI must first define its recovery point objectives (RPOs) and its recovery time objectives (RTOs), commensurate to its business needs and systemic role in the ecosystem.",Evolving,Full Summarily,"RC.RP-02.02: Recovery plans are executed by first resuming critical services and core business functions, while minimizing any potential concurrent and widespread interruptions to interconnected entities and critical infrastructure, such as energy and telecommunications.",RECOVER / Incident Recovery Plan Execution / Recovery Action Performance,RC.RP-02.02
2.5 Response and recovery / 2.5.2.1 Cyber resilience incident management,2.5.2.1.2,"Based on Expectation 1 above, the FMI should consider a range of different cyber scenarios, including extreme but plausible ones to which they may be exposed, and conduct business impact analyses to assess the potential impact such scenarios might have on the FMI. The FMI should review its range of scenarios and conduct the business impact analysis in line with the evolving threat landscape, on a regular basis.",Evolving,Full Summarily,"ID.RA-05.04: The organization uses scenario planning, table-top-exercises, or similar event analysis techniques to identify vulnerabilities and determine potential impacts to critical infrastructure, technology, and business processes.",IDENTIFY / Risk Assessment / Risk Exposure Determination & Prioritization,ID.RA-05.04
2.5 Response and recovery / 2.5.2.1 Cyber resilience incident management,2.5.2.1.2,"Based on Expectation 1 above, the FMI should consider a range of different cyber scenarios, including extreme but plausible ones to which they may be exposed, and conduct business impact analyses to assess the potential impact such scenarios might have on the FMI. The FMI should review its range of scenarios and conduct the business impact analysis in line with the evolving threat landscape, on a regular basis.",Evolving,Full Summarily,"ID.IM-02.05: The organization establishes testing programs that include a range of scenarios, including severe but plausible scenarios (e.g., disruptive, destructive, corruptive), that could affect the organization's ability to service internal and external stakeholders.",IDENTIFY / Improvement / Tests & Exercises,ID.IM-02.05
2.5 Response and recovery / 2.5.2.1 Cyber resilience incident management,2.5.2.1.3,"The FMI should, based on the different cyber scenarios, develop a contingency plan that achieves recovery objectives, restoration priorities and determines the required capacities for continuous availability of the system. The plan should define roles and responsibilities, and set out options to reroute or substitute critical functions and/or services that may be affected for a significant period by a successful cyber attack.",Evolving,Full Summarily,"GV.OC-04.03: Resilience requirements to support the delivery of critical services are established for all operating states (e.g., under duress/attack, during recovery, and normal operations).",GOVERN / Organizational Context / Stakeholder Service Expectations,GV.OC-04.03
2.5 Response and recovery / 2.5.2.1 Cyber resilience incident management,2.5.2.1.3,"The FMI should, based on the different cyber scenarios, develop a contingency plan that achieves recovery objectives, restoration priorities and determines the required capacities for continuous availability of the system. The plan should define roles and responsibilities, and set out options to reroute or substitute critical functions and/or services that may be affected for a significant period by a successful cyber attack.",Evolving,Full Summarily,"GV.RM-09.02: The resilience program ensures that the organization can continue operating critical business functions and deliver services to stakeholders, to include critical infrastructure partners, during adverse incidents and cyber attacks (e.g., propagation of malware or extended system outages).",GOVERN / Risk Management Strategy  / Business Continuity & Resilience Risk Management,GV.RM-09.02
2.5 Response and recovery / 2.5.2.1 Cyber resilience incident management,2.5.2.1.3,"The FMI should, based on the different cyber scenarios, develop a contingency plan that achieves recovery objectives, restoration priorities and determines the required capacities for continuous availability of the system. The plan should define roles and responsibilities, and set out options to reroute or substitute critical functions and/or services that may be affected for a significant period by a successful cyber attack.",Evolving,Full Summarily,"ID.IM-04.01: The organization's business continuity, disaster recovery, crisis management, and response plans are in place and managed, aligned with each other, and incorporate considerations of cyber incidents.",<div>IDENTIFY / Improvement / Plans Affecting Operations</div>,ID.IM-04.01
2.5 Response and recovery / 2.5.2.1 Cyber resilience incident management,2.5.2.1.3,"The FMI should, based on the different cyber scenarios, develop a contingency plan that achieves recovery objectives, restoration priorities and determines the required capacities for continuous availability of the system. The plan should define roles and responsibilities, and set out options to reroute or substitute critical functions and/or services that may be affected for a significant period by a successful cyber attack.",Evolving,Full Summarily,"ID.IM-04.02: The organization's incident response and business continuity plans contain clearly defined roles, responsibilities, and levels of decision-making authority, and include all needed areas of participation and expertise across the organization and key third-parties.",<div>IDENTIFY / Improvement / Plans Affecting Operations</div>,ID.IM-04.02
2.5 Response and recovery / 2.5.2.1 Cyber resilience incident management,2.5.2.1.3,"The FMI should, based on the different cyber scenarios, develop a contingency plan that achieves recovery objectives, restoration priorities and determines the required capacities for continuous availability of the system. The plan should define roles and responsibilities, and set out options to reroute or substitute critical functions and/or services that may be affected for a significant period by a successful cyber attack.",Evolving,Full Summarily,"ID.IM-04.03: Recovery plans include service resumption steps for all operating environments, including traditional, alternate recovery, and highly available (e.g., cloud) infrastructures.",<div>IDENTIFY / Improvement / Plans Affecting Operations</div>,ID.IM-04.03
2.5 Response and recovery / 2.5.2.1 Cyber resilience incident management,2.5.2.1.3,"The FMI should, based on the different cyber scenarios, develop a contingency plan that achieves recovery objectives, restoration priorities and determines the required capacities for continuous availability of the system. The plan should define roles and responsibilities, and set out options to reroute or substitute critical functions and/or services that may be affected for a significant period by a successful cyber attack.",Evolving,Full Summarily,"ID.IM-04.05: Recovery plans include restoration of resilience following a long term loss of capability (e.g., at an alternate site or a third-party), detailing when the plan should be activated and implementation steps.",<div>IDENTIFY / Improvement / Plans Affecting Operations</div>,ID.IM-04.05
2.5 Response and recovery / 2.5.2.1 Cyber resilience incident management,2.5.2.1.3,"The FMI should, based on the different cyber scenarios, develop a contingency plan that achieves recovery objectives, restoration priorities and determines the required capacities for continuous availability of the system. The plan should define roles and responsibilities, and set out options to reroute or substitute critical functions and/or services that may be affected for a significant period by a successful cyber attack.",Evolving,Full Summarily,EX.TR-01.02: The organization periodically identifies and tests alternative solutions in case a critical external partner fails to perform as expected.,EXTEND / Relationship Termination / Termination Planning,EX.TR-01.02
2.5 Response and recovery / 2.5.2.1 Cyber resilience incident management,2.5.2.1.4,"The FMI should develop comprehensive cyber incident response, resumption and recovery plans, to manage cybersecurity events or incidents in a way that limits damage and prioritises resumption and recovery actions in order to facilitate the processing of critical transactions, increases the confidence of external stakeholders, and reduces recovery time and costs. Such plans should define policies and procedures, as well as roles and responsibilities for escalating, responding to, and recovering from cybersecurity incidents. The FMI should ensure all relevant business units (including communications) are integrated into the plans.",Evolving,Full Summarily,"GV.RM-09.01: The organization has an enterprise-wide resilience strategy and program, including architecture, cyber resilience, business continuity, disaster recovery, and incident response, which support its mission, stakeholder obligations, critical infrastructure role, and risk appetite.",GOVERN / Risk Management Strategy  / Business Continuity & Resilience Risk Management,GV.RM-09.01
2.5 Response and recovery / 2.5.2.1 Cyber resilience incident management,2.5.2.1.4,"The FMI should develop comprehensive cyber incident response, resumption and recovery plans, to manage cybersecurity events or incidents in a way that limits damage and prioritises resumption and recovery actions in order to facilitate the processing of critical transactions, increases the confidence of external stakeholders, and reduces recovery time and costs. Such plans should define policies and procedures, as well as roles and responsibilities for escalating, responding to, and recovering from cybersecurity incidents. The FMI should ensure all relevant business units (including communications) are integrated into the plans.",Evolving,Full Summarily,"ID.IM-04.02: The organization's incident response and business continuity plans contain clearly defined roles, responsibilities, and levels of decision-making authority, and include all needed areas of participation and expertise across the organization and key third-parties.",<div>IDENTIFY / Improvement / Plans Affecting Operations</div>,ID.IM-04.02
2.5 Response and recovery / 2.5.2.1 Cyber resilience incident management,2.5.2.1.4,"The FMI should develop comprehensive cyber incident response, resumption and recovery plans, to manage cybersecurity events or incidents in a way that limits damage and prioritises resumption and recovery actions in order to facilitate the processing of critical transactions, increases the confidence of external stakeholders, and reduces recovery time and costs. Such plans should define policies and procedures, as well as roles and responsibilities for escalating, responding to, and recovering from cybersecurity incidents. The FMI should ensure all relevant business units (including communications) are integrated into the plans.",Evolving,Full Summarily,PR.AT-02.03: All personnel (employee and third party) are made aware of and are trained for their role and operational steps in response and recovery plans.,PROTECT / Awareness and Training / Specialized Role Awareness & Training,PR.AT-02.03
2.5 Response and recovery / 2.5.2.1 Cyber resilience incident management,2.5.2.1.4,"The FMI should develop comprehensive cyber incident response, resumption and recovery plans, to manage cybersecurity events or incidents in a way that limits damage and prioritises resumption and recovery actions in order to facilitate the processing of critical transactions, increases the confidence of external stakeholders, and reduces recovery time and costs. Such plans should define policies and procedures, as well as roles and responsibilities for escalating, responding to, and recovering from cybersecurity incidents. The FMI should ensure all relevant business units (including communications) are integrated into the plans.",Evolving,Full Summarily,"RS.CO-02.01: The organization's incident response program includes defined and approved escalation protocols, linked to organizational decision levels and communication strategies, including which types of information will be shared, with whom (e.g., the organization's governing authority and senior management), and how information provided to the organization will be acted upon.",RESPOND / Incident Response Reporting and Communication / Stakeholder Incident Notification,RS.CO-02.01
2.5 Response and recovery / 2.5.2.1 Cyber resilience incident management,2.5.2.1.4,"The FMI should develop comprehensive cyber incident response, resumption and recovery plans, to manage cybersecurity events or incidents in a way that limits damage and prioritises resumption and recovery actions in order to facilitate the processing of critical transactions, increases the confidence of external stakeholders, and reduces recovery time and costs. Such plans should define policies and procedures, as well as roles and responsibilities for escalating, responding to, and recovering from cybersecurity incidents. The FMI should ensure all relevant business units (including communications) are integrated into the plans.",Evolving,Full Summarily,"RS.CO-02.03: The organization maintains and regularly tests incident response communication procedures, with associated contact lists, call trees, and automatic notifications, to quickly coordinate and communicate with internal and external stakeholders during or following an incident.",RESPOND / Incident Response Reporting and Communication / Stakeholder Incident Notification,RS.CO-02.03
2.5 Response and recovery / 2.5.2.1 Cyber resilience incident management,2.5.2.1.5,"The FMI’s cyber incident response, resumption and recovery processes should be closely integrated with crisis management, business continuity, and disaster recovery planning and recovery operations.",Evolving,Full,"GV.RM-09.01: The organization has an enterprise-wide resilience strategy and program, including architecture, cyber resilience, business continuity, disaster recovery, and incident response, which support its mission, stakeholder obligations, critical infrastructure role, and risk appetite.",GOVERN / Risk Management Strategy  / Business Continuity & Resilience Risk Management,GV.RM-09.01
2.5 Response and recovery / 2.5.2.1 Cyber resilience incident management,2.5.2.1.6,The FMI should ensure that its incident response team has the requisite skills and training to address cyber incidents.,Evolving,Full Summarily,"GV.RR-02.02: The organization has established and assigned roles and responsibilities for systematic cybersecurity threat identification, monitoring, detection, and event reporting processes, and ensures adequate coverage and organizational alignment for these functions.","GOVERN / Roles, Responsibilities, and Authorities / Risk Management Roles & Responsibilities",GV.RR-02.02
2.5 Response and recovery / 2.5.2.1 Cyber resilience incident management,2.5.2.1.6,The FMI should ensure that its incident response team has the requisite skills and training to address cyber incidents.,Evolving,Full Summarily,"GV.RR-02.03: Resilience program roles and responsibilities are assigned to management across the organization to ensure risk assessment, planning, testing, and execution coverage for all critical business functions.","GOVERN / Roles, Responsibilities, and Authorities / Risk Management Roles & Responsibilities",GV.RR-02.03
2.5 Response and recovery / 2.5.2.1 Cyber resilience incident management,2.5.2.1.6,The FMI should ensure that its incident response team has the requisite skills and training to address cyber incidents.,Evolving,Full Summarily,PR.AT-02.03: All personnel (employee and third party) are made aware of and are trained for their role and operational steps in response and recovery plans.,PROTECT / Awareness and Training / Specialized Role Awareness & Training,PR.AT-02.03
2.5 Response and recovery / 2.5.2.1 Cyber resilience incident management,2.5.2.1.7,"The FMI should define alert parameters and thresholds for detecting cybersecurity incidents, which trigger the incident management processes and procedures, which in turn include alerting and conveying information to the appropriate staff.",Evolving,Full Summarily,"ID.IM-03.02: The organization establishes a systematic and comprehensive program to regularly evaluate and improve its monitoring and detection processes and controls as the threat environment changes, tools and techniques evolve, and lessons are learned.",IDENTIFY / Improvement / Improvements from Lessons Learned,ID.IM-03.02
2.5 Response and recovery / 2.5.2.1 Cyber resilience incident management,2.5.2.1.7,"The FMI should define alert parameters and thresholds for detecting cybersecurity incidents, which trigger the incident management processes and procedures, which in turn include alerting and conveying information to the appropriate staff.",Evolving,Full Summarily,"DE.AE-02.02: The organization establishes, documents, and regularly reviews event alert parameters and thresholds, as well as rule-based triggers to support automated responses, when known attack patterns, signatures or behaviors are detected.",DETECT / Adverse Event Analysis / Potentially Adverse Event Analysis,DE.AE-02.02
2.5 Response and recovery / 2.5.2.1 Cyber resilience incident management,2.5.2.1.8,"The FMI should regularly test its cyber contingency, response, resumption and recovery plans against a range of different plausible scenarios.",Evolving,Full Summarily,"ID.IM-02.04: The organization's testing program validates the effectiveness of its resilience strategy and response, disaster recovery, and resumption plans on a regular basis or upon major changes to business or system functions, and includes external stakeholders as required.",IDENTIFY / Improvement / Tests & Exercises,ID.IM-02.04
2.5 Response and recovery / 2.5.2.1 Cyber resilience incident management,2.5.2.1.8,"The FMI should regularly test its cyber contingency, response, resumption and recovery plans against a range of different plausible scenarios.",Evolving,Full Summarily,"ID.IM-02.05: The organization establishes testing programs that include a range of scenarios, including severe but plausible scenarios (e.g., disruptive, destructive, corruptive), that could affect the organization's ability to service internal and external stakeholders.",IDENTIFY / Improvement / Tests & Exercises,ID.IM-02.05
2.5 Response and recovery / 2.5.2.1 Cyber resilience incident management,2.5.2.1.9,"The FMI should have processes and procedures in place for collating and reviewing information from its cybersecurity incidents and testing results in order to continuously improve its contingency, response, resumption and recovery plans.",Evolving,Full,"ID.IM-04.08: The organization regularly reviews response strategy, incident management plans, recovery plans, and associated tests and exercises and updates them, as necessary, based on:
(1) Lessons learned from incidents that have occurred (both internal and external to the organization);
(2) Current cyber threat intelligence (both internal and external sources);
(3) Recent and wide-scale cyber attack scenarios;
(4) Operationally and technically plausible future cyber attacks;
(5) Organizational or technical environment changes; and,
(6) New technological developments.",<div>IDENTIFY / Improvement / Plans Affecting Operations</div>,ID.IM-04.08
2.5 Response and recovery / 2.5.2.1 Cyber resilience incident management,2.5.2.1.10,"The FMI should have processes and procedures in place to conduct an ex post root cause analysis of its cybersecurity incidents. The FMI should integrate its findings from the root cause analysis into its cyber response, resumption and recovery plans, as set out in Expectation 4 above.",Evolving,Full Summarily,"ID.IM-04.08: The organization regularly reviews response strategy, incident management plans, recovery plans, and associated tests and exercises and updates them, as necessary, based on:
(1) Lessons learned from incidents that have occurred (both internal and external to the organization);
(2) Current cyber threat intelligence (both internal and external sources);
(3) Recent and wide-scale cyber attack scenarios;
(4) Operationally and technically plausible future cyber attacks;
(5) Organizational or technical environment changes; and,
(6) New technological developments.",<div>IDENTIFY / Improvement / Plans Affecting Operations</div>,ID.IM-04.08
2.5 Response and recovery / 2.5.2.1 Cyber resilience incident management,2.5.2.1.10,"The FMI should have processes and procedures in place to conduct an ex post root cause analysis of its cybersecurity incidents. The FMI should integrate its findings from the root cause analysis into its cyber response, resumption and recovery plans, as set out in Expectation 4 above.",Evolving,Full Summarily,"DE.AE-04.01: The organization has a documented process to analyze and triage incidents to assess root cause, technical impact, mitigation priority, and business impact on the organization, as well as across the financial sector and other third party stakeholders.",DETECT / Adverse Event Analysis / Impact & Scope Determination,DE.AE-04.01
2.5 Response and recovery / 2.5.2.1 Cyber resilience incident management,2.5.2.1.10,"The FMI should have processes and procedures in place to conduct an ex post root cause analysis of its cybersecurity incidents. The FMI should integrate its findings from the root cause analysis into its cyber response, resumption and recovery plans, as set out in Expectation 4 above.",Evolving,Full Summarily,"RS.AN-08.01: Available incident information is assessed to determine the extent of impact to the organization and its stakeholders, the potential near- and long-term financial implications, and whether or not the incident constitutes a material event.",RESPOND / Incident Analysis / Incident Magnitude Determination,RS.AN-08.01
2.5 Response and recovery / 2.5.2.1 Cyber resilience incident management,2.5.2.1.10,"The FMI should have processes and procedures in place to conduct an ex post root cause analysis of its cybersecurity incidents. The FMI should integrate its findings from the root cause analysis into its cyber response, resumption and recovery plans, as set out in Expectation 4 above.",Evolving,Full Summarily,"RC.RP-06.01: Incident management activities are closed under defined conditions and documentation to support subsequent post-mortem review, process improvement, and any follow-on activities is collected and verified.",RECOVER / Incident Recovery Plan Execution / End-of-Incident Determination,RC.RP-06.01
2.5 Response and recovery / 2.5.2.1 Cyber resilience incident management,2.5.2.1.11,"The FMI should design and test its systems and processes to enable critical operations to be resumed safely within two hours of a cyber disruption and to enable it to complete settlement by the end of the day of the disruption, even in the case of extreme but plausible scenarios. Notwithstanding this capability to resume critical operations within two hours, FMIs should undertake careful problem analysis and exercise judgement (in agreement with competent authorities and relevant stakeholders) when resuming operations so that risks to the FMI or its ecosystem do not escalate as a result, while taking into account the fact that completion of settlement by the end of day is crucial.",Advancing,Full Summarily,"GV.OC-04.03: Resilience requirements to support the delivery of critical services are established for all operating states (e.g., under duress/attack, during recovery, and normal operations).",GOVERN / Organizational Context / Stakeholder Service Expectations,GV.OC-04.03
2.5 Response and recovery / 2.5.2.1 Cyber resilience incident management,2.5.2.1.11,"The FMI should design and test its systems and processes to enable critical operations to be resumed safely within two hours of a cyber disruption and to enable it to complete settlement by the end of the day of the disruption, even in the case of extreme but plausible scenarios. Notwithstanding this capability to resume critical operations within two hours, FMIs should undertake careful problem analysis and exercise judgement (in agreement with competent authorities and relevant stakeholders) when resuming operations so that risks to the FMI or its ecosystem do not escalate as a result, while taking into account the fact that completion of settlement by the end of day is crucial.",Advancing,Full Summarily,"GV.OC-05.03: The organization defines objectives (e.g., Recovery Time Objective, Maximum Tolerable Downtime, Impact Tolerance) for the resumption of critical operations in alignment with business imperatives, stakeholder obligations, and critical infrastructure dependencies.",GOVERN / Organizational Context / Organizational Service Dependencies,GV.OC-05.03
2.5 Response and recovery / 2.5.2.1 Cyber resilience incident management,2.5.2.1.11,"The FMI should design and test its systems and processes to enable critical operations to be resumed safely within two hours of a cyber disruption and to enable it to complete settlement by the end of the day of the disruption, even in the case of extreme but plausible scenarios. Notwithstanding this capability to resume critical operations within two hours, FMIs should undertake careful problem analysis and exercise judgement (in agreement with competent authorities and relevant stakeholders) when resuming operations so that risks to the FMI or its ecosystem do not escalate as a result, while taking into account the fact that completion of settlement by the end of day is crucial.",Advancing,Full Summarily,"GV.RM-09.02: The resilience program ensures that the organization can continue operating critical business functions and deliver services to stakeholders, to include critical infrastructure partners, during adverse incidents and cyber attacks (e.g., propagation of malware or extended system outages).",GOVERN / Risk Management Strategy  / Business Continuity & Resilience Risk Management,GV.RM-09.02
2.5 Response and recovery / 2.5.2.1 Cyber resilience incident management,2.5.2.1.11,"The FMI should design and test its systems and processes to enable critical operations to be resumed safely within two hours of a cyber disruption and to enable it to complete settlement by the end of the day of the disruption, even in the case of extreme but plausible scenarios. Notwithstanding this capability to resume critical operations within two hours, FMIs should undertake careful problem analysis and exercise judgement (in agreement with competent authorities and relevant stakeholders) when resuming operations so that risks to the FMI or its ecosystem do not escalate as a result, while taking into account the fact that completion of settlement by the end of day is crucial.",Advancing,Full Summarily,"ID.IM-02.04: The organization's testing program validates the effectiveness of its resilience strategy and response, disaster recovery, and resumption plans on a regular basis or upon major changes to business or system functions, and includes external stakeholders as required.",IDENTIFY / Improvement / Tests & Exercises,ID.IM-02.04
2.5 Response and recovery / 2.5.2.1 Cyber resilience incident management,2.5.2.1.11,"The FMI should design and test its systems and processes to enable critical operations to be resumed safely within two hours of a cyber disruption and to enable it to complete settlement by the end of the day of the disruption, even in the case of extreme but plausible scenarios. Notwithstanding this capability to resume critical operations within two hours, FMIs should undertake careful problem analysis and exercise judgement (in agreement with competent authorities and relevant stakeholders) when resuming operations so that risks to the FMI or its ecosystem do not escalate as a result, while taking into account the fact that completion of settlement by the end of day is crucial.",Advancing,Full Summarily,"ID.IM-04.03: Recovery plans include service resumption steps for all operating environments, including traditional, alternate recovery, and highly available (e.g., cloud) infrastructures.",<div>IDENTIFY / Improvement / Plans Affecting Operations</div>,ID.IM-04.03
2.5 Response and recovery / 2.5.2.1 Cyber resilience incident management,2.5.2.1.11,"The FMI should design and test its systems and processes to enable critical operations to be resumed safely within two hours of a cyber disruption and to enable it to complete settlement by the end of the day of the disruption, even in the case of extreme but plausible scenarios. Notwithstanding this capability to resume critical operations within two hours, FMIs should undertake careful problem analysis and exercise judgement (in agreement with competent authorities and relevant stakeholders) when resuming operations so that risks to the FMI or its ecosystem do not escalate as a result, while taking into account the fact that completion of settlement by the end of day is crucial.",Advancing,Full Summarily,"RC.RP-02.02: Recovery plans are executed by first resuming critical services and core business functions, while minimizing any potential concurrent and widespread interruptions to interconnected entities and critical infrastructure, such as energy and telecommunications.",RECOVER / Incident Recovery Plan Execution / Recovery Action Performance,RC.RP-02.02
2.5 Response and recovery / 2.5.2.1 Cyber resilience incident management,2.5.2.1.12,"The FMI should plan for scenarios in which resumption within two hours cannot be achieved. The FMI should analyse critical functions, transactions and interdependencies to prioritise resumption and recovery actions, which may, depending on the design of the FMI, help critical transactions to be processed, for example, while remediation efforts continue. The FMI should also plan for situations in which critical people, processes or systems may be unavailable for significant periods – for example, by potentially reverting (where feasible, safe and practicable) to manual processing if automated systems are unavailable.",Advancing,Full Summarily,"GV.RM-09.02: The resilience program ensures that the organization can continue operating critical business functions and deliver services to stakeholders, to include critical infrastructure partners, during adverse incidents and cyber attacks (e.g., propagation of malware or extended system outages).",GOVERN / Risk Management Strategy  / Business Continuity & Resilience Risk Management,GV.RM-09.02
2.5 Response and recovery / 2.5.2.1 Cyber resilience incident management,2.5.2.1.12,"The FMI should plan for scenarios in which resumption within two hours cannot be achieved. The FMI should analyse critical functions, transactions and interdependencies to prioritise resumption and recovery actions, which may, depending on the design of the FMI, help critical transactions to be processed, for example, while remediation efforts continue. The FMI should also plan for situations in which critical people, processes or systems may be unavailable for significant periods – for example, by potentially reverting (where feasible, safe and practicable) to manual processing if automated systems are unavailable.",Advancing,Full Summarily,"ID.IM-04.04: The organization has plans to identify, in a timely manner, the status of all transactions and member positions at the time of a disruption, supported by corresponding recovery point objectives.",<div>IDENTIFY / Improvement / Plans Affecting Operations</div>,ID.IM-04.04
2.5 Response and recovery / 2.5.2.1 Cyber resilience incident management,2.5.2.1.13,"The FMI should implement an effective incident handling capability for cybersecurity incidents that includes preparation, detection and analysis, containment, eradication and recovery. Such capability should allow the FMI to perform, at an early stage, analysis of cybersecurity incidents upon their detection, with minimal service disruption. This capability might include direct cooperative or contractual agreements with incident response organisations or providers to assist rapidly with mitigation effort.",Advancing,Full Summarily,"ID.IM-04.08: The organization regularly reviews response strategy, incident management plans, recovery plans, and associated tests and exercises and updates them, as necessary, based on:
(1) Lessons learned from incidents that have occurred (both internal and external to the organization);
(2) Current cyber threat intelligence (both internal and external sources);
(3) Recent and wide-scale cyber attack scenarios;
(4) Operationally and technically plausible future cyber attacks;
(5) Organizational or technical environment changes; and,
(6) New technological developments.",<div>IDENTIFY / Improvement / Plans Affecting Operations</div>,ID.IM-04.08
2.5 Response and recovery / 2.5.2.1 Cyber resilience incident management,2.5.2.1.13,"The FMI should implement an effective incident handling capability for cybersecurity incidents that includes preparation, detection and analysis, containment, eradication and recovery. Such capability should allow the FMI to perform, at an early stage, analysis of cybersecurity incidents upon their detection, with minimal service disruption. This capability might include direct cooperative or contractual agreements with incident response organisations or providers to assist rapidly with mitigation effort.",Advancing,Full Summarily,"DE.AE-06.01: The organization has established processes and protocols to communicate, alert, and regularly report potential cyber attacks and incident information, including its corresponding analysis and cyber threat intelligence, to authorized internal and external stakeholders.",DETECT / Adverse Event Analysis / Event Information Sharing,DE.AE-06.01
2.5 Response and recovery / 2.5.2.1 Cyber resilience incident management,2.5.2.1.13,"The FMI should implement an effective incident handling capability for cybersecurity incidents that includes preparation, detection and analysis, containment, eradication and recovery. Such capability should allow the FMI to perform, at an early stage, analysis of cybersecurity incidents upon their detection, with minimal service disruption. This capability might include direct cooperative or contractual agreements with incident response organisations or providers to assist rapidly with mitigation effort.",Advancing,Full Summarily,"RS.MA-01.01: The organization's response plans are in place and executed during or after an incident, to include coordination with relevant third parties and engagement of third-party incident support services.",RESPOND / Incident Management / Response Plan Execution,RS.MA-01.01
2.5 Response and recovery / 2.5.2.1 Cyber resilience incident management,2.5.2.1.13,"The FMI should implement an effective incident handling capability for cybersecurity incidents that includes preparation, detection and analysis, containment, eradication and recovery. Such capability should allow the FMI to perform, at an early stage, analysis of cybersecurity incidents upon their detection, with minimal service disruption. This capability might include direct cooperative or contractual agreements with incident response organisations or providers to assist rapidly with mitigation effort.",Advancing,Full Summarily,"RS.MA-02.01: Tools and processes are in place to ensure timely detection, inspection, assessment, and analysis of security event data for reliable activation of incident response processes.",<div>RESPOND / Incident Management / Incident Triage &amp; Validation</div>,RS.MA-02.01
2.5 Response and recovery / 2.5.2.1 Cyber resilience incident management,2.5.2.1.13,"The FMI should implement an effective incident handling capability for cybersecurity incidents that includes preparation, detection and analysis, containment, eradication and recovery. Such capability should allow the FMI to perform, at an early stage, analysis of cybersecurity incidents upon their detection, with minimal service disruption. This capability might include direct cooperative or contractual agreements with incident response organisations or providers to assist rapidly with mitigation effort.",Advancing,Full Summarily,"RS.MA-04.01: Response activities are centrally coordinated, response progress and milestones are tracked and documented, and new incident information is assimilated into ongoing tasks, assignments, and escalations.",RESPOND / Incident Management / Incident Escalation,RS.MA-04.01
2.5 Response and recovery / 2.5.2.1 Cyber resilience incident management,2.5.2.1.13,"The FMI should implement an effective incident handling capability for cybersecurity incidents that includes preparation, detection and analysis, containment, eradication and recovery. Such capability should allow the FMI to perform, at an early stage, analysis of cybersecurity incidents upon their detection, with minimal service disruption. This capability might include direct cooperative or contractual agreements with incident response organisations or providers to assist rapidly with mitigation effort.",Advancing,Full Summarily,"RS.AN-03.01: The organization performs a thorough investigation to determine the nature and scope of an event, possible root causes, and the potential damage inflicted.",RESPOND / Incident Analysis / Incident Analysis & Root Cause Determination,RS.AN-03.01
2.5 Response and recovery / 2.5.2.1 Cyber resilience incident management,2.5.2.1.13,"The FMI should implement an effective incident handling capability for cybersecurity incidents that includes preparation, detection and analysis, containment, eradication and recovery. Such capability should allow the FMI to perform, at an early stage, analysis of cybersecurity incidents upon their detection, with minimal service disruption. This capability might include direct cooperative or contractual agreements with incident response organisations or providers to assist rapidly with mitigation effort.",Advancing,Full Summarily,"RS.AN-06.01: The organization establishes a risk-based approach and procedures for quarantining systems, conducting investigations, and collecting and preserving evidence per best practices and forensic standards.",RESPOND / Incident Analysis / Investigation Documentation,RS.AN-06.01
2.5 Response and recovery / 2.5.2.1 Cyber resilience incident management,2.5.2.1.13,"The FMI should implement an effective incident handling capability for cybersecurity incidents that includes preparation, detection and analysis, containment, eradication and recovery. Such capability should allow the FMI to perform, at an early stage, analysis of cybersecurity incidents upon their detection, with minimal service disruption. This capability might include direct cooperative or contractual agreements with incident response organisations or providers to assist rapidly with mitigation effort.",Advancing,Full Summarily,"RS.AN-08.01: Available incident information is assessed to determine the extent of impact to the organization and its stakeholders, the potential near- and long-term financial implications, and whether or not the incident constitutes a material event.",RESPOND / Incident Analysis / Incident Magnitude Determination,RS.AN-08.01
2.5 Response and recovery / 2.5.2.1 Cyber resilience incident management,2.5.2.1.13,"The FMI should implement an effective incident handling capability for cybersecurity incidents that includes preparation, detection and analysis, containment, eradication and recovery. Such capability should allow the FMI to perform, at an early stage, analysis of cybersecurity incidents upon their detection, with minimal service disruption. This capability might include direct cooperative or contractual agreements with incident response organisations or providers to assist rapidly with mitigation effort.",Advancing,Full Summarily,"RS.CO-02.01: The organization's incident response program includes defined and approved escalation protocols, linked to organizational decision levels and communication strategies, including which types of information will be shared, with whom (e.g., the organization's governing authority and senior management), and how information provided to the organization will be acted upon.",RESPOND / Incident Response Reporting and Communication / Stakeholder Incident Notification,RS.CO-02.01
2.5 Response and recovery / 2.5.2.1 Cyber resilience incident management,2.5.2.1.13,"The FMI should implement an effective incident handling capability for cybersecurity incidents that includes preparation, detection and analysis, containment, eradication and recovery. Such capability should allow the FMI to perform, at an early stage, analysis of cybersecurity incidents upon their detection, with minimal service disruption. This capability might include direct cooperative or contractual agreements with incident response organisations or providers to assist rapidly with mitigation effort.",Advancing,Full Summarily,"RS.CO-02.03: The organization maintains and regularly tests incident response communication procedures, with associated contact lists, call trees, and automatic notifications, to quickly coordinate and communicate with internal and external stakeholders during or following an incident.",RESPOND / Incident Response Reporting and Communication / Stakeholder Incident Notification,RS.CO-02.03
2.5 Response and recovery / 2.5.2.1 Cyber resilience incident management,2.5.2.1.13,"The FMI should implement an effective incident handling capability for cybersecurity incidents that includes preparation, detection and analysis, containment, eradication and recovery. Such capability should allow the FMI to perform, at an early stage, analysis of cybersecurity incidents upon their detection, with minimal service disruption. This capability might include direct cooperative or contractual agreements with incident response organisations or providers to assist rapidly with mitigation effort.",Advancing,Full Summarily,"RS.CO-03.02: In the event of an incident, the organization shares authorized information, in a defined manner and through trusted channels, to facilitate the detection, response, resumption and recovery of its own systems and those of other partners and critical sector participants.",RESPOND / Incident Response Reporting and Communication / Stakeholder Incident Information Sharing,RS.CO-03.02
2.5 Response and recovery / 2.5.2.1 Cyber resilience incident management,2.5.2.1.13,"The FMI should implement an effective incident handling capability for cybersecurity incidents that includes preparation, detection and analysis, containment, eradication and recovery. Such capability should allow the FMI to perform, at an early stage, analysis of cybersecurity incidents upon their detection, with minimal service disruption. This capability might include direct cooperative or contractual agreements with incident response organisations or providers to assist rapidly with mitigation effort.",Advancing,Full Summarily,"RS.MI-01.01: The organization has established processes to implement vulnerability mitigation plans, involve third-party partners and outside expertise as needed, and contain incidents in a timely manner.",RESPOND / Incident Mitigation / Incident Containment,RS.MI-01.01
2.5 Response and recovery / 2.5.2.1 Cyber resilience incident management,2.5.2.1.13,"The FMI should implement an effective incident handling capability for cybersecurity incidents that includes preparation, detection and analysis, containment, eradication and recovery. Such capability should allow the FMI to perform, at an early stage, analysis of cybersecurity incidents upon their detection, with minimal service disruption. This capability might include direct cooperative or contractual agreements with incident response organisations or providers to assist rapidly with mitigation effort.",Advancing,Full Summarily,"RS.MI-02.01: Targeted investigations and actions are taken to ensure that all vulnerabilities, system components, devices, or remnants used or leveraged in an attack (e.g., malware, compromised accounts, open ports, etc.) are removed or otherwise returned to a secure and reliable state, or that plans to address the vulnerabilities are documented.",RESPOND / Incident Mitigation / Incident Eradication,RS.MI-02.01
2.5 Response and recovery / 2.5.2.1 Cyber resilience incident management,2.5.2.1.13,"The FMI should implement an effective incident handling capability for cybersecurity incidents that includes preparation, detection and analysis, containment, eradication and recovery. Such capability should allow the FMI to perform, at an early stage, analysis of cybersecurity incidents upon their detection, with minimal service disruption. This capability might include direct cooperative or contractual agreements with incident response organisations or providers to assist rapidly with mitigation effort.",Advancing,Full Summarily,"RC.RP-06.01: Incident management activities are closed under defined conditions and documentation to support subsequent post-mortem review, process improvement, and any follow-on activities is collected and verified.",RECOVER / Incident Recovery Plan Execution / End-of-Incident Determination,RC.RP-06.01
2.5 Response and recovery / 2.5.2.1 Cyber resilience incident management,2.5.2.1.14,The FMI should define and develop functional and security dependency maps of identified information assets supporting critical functions to understand and prioritise the order in which they should be restored.,Advancing,Full Summarily,"GV.OC-04.01: The organization maintains an inventory of key internal assets, business functions, and external dependencies that includes mappings to other assets, business functions, and information flows.",GOVERN / Organizational Context / Stakeholder Service Expectations,GV.OC-04.01
2.5 Response and recovery / 2.5.2.1 Cyber resilience incident management,2.5.2.1.14,The FMI should define and develop functional and security dependency maps of identified information assets supporting critical functions to understand and prioritise the order in which they should be restored.,Advancing,Full Summarily,"GV.OC-04.02: The organization documents the business processes that are critical for the delivery of services and the functioning of the organization, and the impacts to the business if those processes are degraded or not functioning.",GOVERN / Organizational Context / Stakeholder Service Expectations,GV.OC-04.02
2.5 Response and recovery / 2.5.2.1 Cyber resilience incident management,2.5.2.1.14,The FMI should define and develop functional and security dependency maps of identified information assets supporting critical functions to understand and prioritise the order in which they should be restored.,Advancing,Full Summarily,"GV.OC-04.04: The organization prioritizes the resilience design, planning, testing, and monitoring of systems and other key internal and external dependencies according to their criticality to the supported business functions, enterprise mission, and to the financial services sector.",GOVERN / Organizational Context / Stakeholder Service Expectations,GV.OC-04.04
2.5 Response and recovery / 2.5.2.1 Cyber resilience incident management,2.5.2.1.14,The FMI should define and develop functional and security dependency maps of identified information assets supporting critical functions to understand and prioritise the order in which they should be restored.,Advancing,Full Summarily,"GV.OC-05.01: The organization identifies, assesses, and documents the key dependencies, interdependencies, and potential points of failure to support the delivery of critical services (e.g., systems, business processes, workforce, third parties, facilities, etc.)",GOVERN / Organizational Context / Organizational Service Dependencies,GV.OC-05.01
2.5 Response and recovery / 2.5.2.1 Cyber resilience incident management,2.5.2.1.14,The FMI should define and develop functional and security dependency maps of identified information assets supporting critical functions to understand and prioritise the order in which they should be restored.,Advancing,Full Summarily,"GV.OC-05.02: The organization has prioritized its external dependencies according to their criticality to the supported enterprise mission, business functions, and to the financial services sector.",GOVERN / Organizational Context / Organizational Service Dependencies,GV.OC-05.02
2.5 Response and recovery / 2.5.2.1 Cyber resilience incident management,2.5.2.1.14,The FMI should define and develop functional and security dependency maps of identified information assets supporting critical functions to understand and prioritise the order in which they should be restored.,Advancing,Full Summarily,"ID.AM-05.02: The organization's hardware, software, and data assets are prioritized for protection based on their sensitivity, criticality, vulnerability, business value, and dependency role in the delivery of critical services.",IDENTIFY / Asset Management / Asset Protection Prioritization,ID.AM-05.02
2.5 Response and recovery / 2.5.2.1 Cyber resilience incident management,2.5.2.1.15,"The FMI should be able to use lessons learned from real-life cyber attacks on the institution and its ecosystem to improve its contingency, response, resumption and recovery plans.",Advancing,Full Summarily,"ID.IM-03.02: The organization establishes a systematic and comprehensive program to regularly evaluate and improve its monitoring and detection processes and controls as the threat environment changes, tools and techniques evolve, and lessons are learned.",IDENTIFY / Improvement / Improvements from Lessons Learned,ID.IM-03.02
2.5 Response and recovery / 2.5.2.1 Cyber resilience incident management,2.5.2.1.15,"The FMI should be able to use lessons learned from real-life cyber attacks on the institution and its ecosystem to improve its contingency, response, resumption and recovery plans.",Advancing,Full Summarily,"ID.IM-04.08: The organization regularly reviews response strategy, incident management plans, recovery plans, and associated tests and exercises and updates them, as necessary, based on:
(1) Lessons learned from incidents that have occurred (both internal and external to the organization);
(2) Current cyber threat intelligence (both internal and external sources);
(3) Recent and wide-scale cyber attack scenarios;
(4) Operationally and technically plausible future cyber attacks;
(5) Organizational or technical environment changes; and,
(6) New technological developments.",<div>IDENTIFY / Improvement / Plans Affecting Operations</div>,ID.IM-04.08
2.5 Response and recovery / 2.5.2.1 Cyber resilience incident management,2.5.2.1.16,"The FMI should consult with relevant external stakeholders (e.g. main participants, service providers and other FMIs) within the ecosystem to further enhance its contingency, response, resumption and recovery plans.",Advancing,Full Summarily,"GV.SC-08.01: The organization's resilience strategy, plans, tests, and exercises incorporate its external dependencies and critical business partners.",<div>GOVERN / Supply Chain Risk Management / Third Party Incident Management Integration</div>,GV.SC-08.01
2.5 Response and recovery / 2.5.2.1 Cyber resilience incident management,2.5.2.1.16,"The FMI should consult with relevant external stakeholders (e.g. main participants, service providers and other FMIs) within the ecosystem to further enhance its contingency, response, resumption and recovery plans.",Advancing,Full Summarily,ID.RA-02.02: The organization shares authorized information on its cyber resilience framework and the effectiveness of protection technologies bilaterally with trusted external stakeholders to promote the understanding of each party’s approach to securing systems.,IDENTIFY / Risk Assessment / Information Sharing Forums,ID.RA-02.02
2.5 Response and recovery / 2.5.2.1 Cyber resilience incident management,2.5.2.1.16,"The FMI should consult with relevant external stakeholders (e.g. main participants, service providers and other FMIs) within the ecosystem to further enhance its contingency, response, resumption and recovery plans.",Advancing,Full Summarily,"EX.MM-02.03: The organization collaborates with suppliers to maintain and improve the secure use of products, services, and external connections.",EXTEND / Monitoring and Managing Suppliers / Ongoing Third-Party Management,EX.MM-02.03
2.5 Response and recovery / 2.5.2.1 Cyber resilience incident management,2.5.2.1.17,"The FMI should continuously monitor, evaluate and consider technological developments and solutions in the market that may enhance its contingency, response, resumption and recovery capabilities.",Advancing,Full Summarily,"ID.RA-03.04: The organization regularly reviews and updates its threat analysis methodology, threat information sources, and supporting tools.",IDENTIFY / Risk Assessment / Threat Identification,ID.RA-03.04
2.5 Response and recovery / 2.5.2.1 Cyber resilience incident management,2.5.2.1.17,"The FMI should continuously monitor, evaluate and consider technological developments and solutions in the market that may enhance its contingency, response, resumption and recovery capabilities.",Advancing,Full Summarily,"ID.IM-03.02: The organization establishes a systematic and comprehensive program to regularly evaluate and improve its monitoring and detection processes and controls as the threat environment changes, tools and techniques evolve, and lessons are learned.",IDENTIFY / Improvement / Improvements from Lessons Learned,ID.IM-03.02
2.5 Response and recovery / 2.5.2.1 Cyber resilience incident management,2.5.2.1.17,"The FMI should continuously monitor, evaluate and consider technological developments and solutions in the market that may enhance its contingency, response, resumption and recovery capabilities.",Advancing,Full Summarily,"ID.IM-04.08: The organization regularly reviews response strategy, incident management plans, recovery plans, and associated tests and exercises and updates them, as necessary, based on:
(1) Lessons learned from incidents that have occurred (both internal and external to the organization);
(2) Current cyber threat intelligence (both internal and external sources);
(3) Recent and wide-scale cyber attack scenarios;
(4) Operationally and technically plausible future cyber attacks;
(5) Organizational or technical environment changes; and,
(6) New technological developments.",<div>IDENTIFY / Improvement / Plans Affecting Operations</div>,ID.IM-04.08
2.5 Response and recovery / 2.5.2.1 Cyber resilience incident management,2.5.2.1.18,"The FMI should implement processes to continuously improve its cyber response, resumption and recovery plans, taking into account cyber threat intelligence feeds, information sharing with its ecosystem and lessons learned from previous events.",Innovating,Full Summarily,"ID.RA-03.04: The organization regularly reviews and updates its threat analysis methodology, threat information sources, and supporting tools.",IDENTIFY / Risk Assessment / Threat Identification,ID.RA-03.04
2.5 Response and recovery / 2.5.2.1 Cyber resilience incident management,2.5.2.1.18,"The FMI should implement processes to continuously improve its cyber response, resumption and recovery plans, taking into account cyber threat intelligence feeds, information sharing with its ecosystem and lessons learned from previous events.",Innovating,Full Summarily,"ID.IM-03.02: The organization establishes a systematic and comprehensive program to regularly evaluate and improve its monitoring and detection processes and controls as the threat environment changes, tools and techniques evolve, and lessons are learned.",IDENTIFY / Improvement / Improvements from Lessons Learned,ID.IM-03.02
2.5 Response and recovery / 2.5.2.1 Cyber resilience incident management,2.5.2.1.18,"The FMI should implement processes to continuously improve its cyber response, resumption and recovery plans, taking into account cyber threat intelligence feeds, information sharing with its ecosystem and lessons learned from previous events.",Innovating,Full Summarily,"ID.IM-04.08: The organization regularly reviews response strategy, incident management plans, recovery plans, and associated tests and exercises and updates them, as necessary, based on:
(1) Lessons learned from incidents that have occurred (both internal and external to the organization);
(2) Current cyber threat intelligence (both internal and external sources);
(3) Recent and wide-scale cyber attack scenarios;
(4) Operationally and technically plausible future cyber attacks;
(5) Organizational or technical environment changes; and,
(6) New technological developments.",<div>IDENTIFY / Improvement / Plans Affecting Operations</div>,ID.IM-04.08
2.5 Response and recovery / 2.5.2.1 Cyber resilience incident management,2.5.2.1.18,"The FMI should implement processes to continuously improve its cyber response, resumption and recovery plans, taking into account cyber threat intelligence feeds, information sharing with its ecosystem and lessons learned from previous events.",Innovating,Full Summarily,"EX.MM-02.03: The organization collaborates with suppliers to maintain and improve the secure use of products, services, and external connections.",EXTEND / Monitoring and Managing Suppliers / Ongoing Third-Party Management,EX.MM-02.03
2.5 Response and recovery / 2.5.2.1 Cyber resilience incident management,2.5.2.1.19,"The FMI should consult, collaborate and coordinate with relevant external stakeholders (e.g. main participants, service providers and other FMIs) within the ecosystem to develop common contingency, response, resumption and recovery plans for cyber scenarios which may impact the ecosystem as a whole. The FMI should conduct regular scenario tests (e.g. industry-wide and FMI-specific simulation exercises) with the relevant external stakeholders.",Innovating,Full Summarily,"GV.SC-08.01: The organization's resilience strategy, plans, tests, and exercises incorporate its external dependencies and critical business partners.",<div>GOVERN / Supply Chain Risk Management / Third Party Incident Management Integration</div>,GV.SC-08.01
2.5 Response and recovery / 2.5.2.1 Cyber resilience incident management,2.5.2.1.19,"The FMI should consult, collaborate and coordinate with relevant external stakeholders (e.g. main participants, service providers and other FMIs) within the ecosystem to develop common contingency, response, resumption and recovery plans for cyber scenarios which may impact the ecosystem as a whole. The FMI should conduct regular scenario tests (e.g. industry-wide and FMI-specific simulation exercises) with the relevant external stakeholders.",Innovating,Full Summarily,"ID.IM-02.08: The organization tests and exercises, independently and in coordination with other critical sector partners, its ability to support sector-wide resilience in the event of extreme financial stress or the instability of external dependencies, such as connectivity to markets, payment systems, clearing entities, messaging services, etc.",IDENTIFY / Improvement / Tests & Exercises,ID.IM-02.08
2.5 Response and recovery / 2.5.2.1 Cyber resilience incident management,2.5.2.1.19,"The FMI should consult, collaborate and coordinate with relevant external stakeholders (e.g. main participants, service providers and other FMIs) within the ecosystem to develop common contingency, response, resumption and recovery plans for cyber scenarios which may impact the ecosystem as a whole. The FMI should conduct regular scenario tests (e.g. industry-wide and FMI-specific simulation exercises) with the relevant external stakeholders.",Innovating,Full Summarily,"RS.CO-03.02: In the event of an incident, the organization shares authorized information, in a defined manner and through trusted channels, to facilitate the detection, response, resumption and recovery of its own systems and those of other partners and critical sector participants.",RESPOND / Incident Response Reporting and Communication / Stakeholder Incident Information Sharing,RS.CO-03.02
2.5 Response and recovery / 2.5.2.1 Cyber resilience incident management,2.5.2.1.20,"The FMI should implement a computer security incident response team (CSIRT), whether in-house or outsourced, that is responsible for responding to security incidents and intrusions, and coordinating activities among the relevant internal and external stakeholders. Such a team should have the authority to direct the FMI to make the changes necessary to recover from the incident.",Innovating,Full Summarily,"GV.RR-02.02: The organization has established and assigned roles and responsibilities for systematic cybersecurity threat identification, monitoring, detection, and event reporting processes, and ensures adequate coverage and organizational alignment for these functions.","GOVERN / Roles, Responsibilities, and Authorities / Risk Management Roles & Responsibilities",GV.RR-02.02
2.5 Response and recovery / 2.5.2.1 Cyber resilience incident management,2.5.2.1.20,"The FMI should implement a computer security incident response team (CSIRT), whether in-house or outsourced, that is responsible for responding to security incidents and intrusions, and coordinating activities among the relevant internal and external stakeholders. Such a team should have the authority to direct the FMI to make the changes necessary to recover from the incident.",Innovating,Full Summarily,"RS.CO-03.01: The organization ensures that cyber threat intelligence is made available, in a secure manner, to authorized staff with responsibility for the mitigation of cyber risks at the strategic, tactical and operational levels within the organization.",RESPOND / Incident Response Reporting and Communication / Stakeholder Incident Information Sharing,RS.CO-03.01
2.5 Response and recovery / 2.5.2.1 Cyber resilience incident management,2.5.2.1.21,"The FMI should establish and implement processes to manage cybersecurity incidents and enable automated responses, triggered by predefined criteria, parameters and thresholds. For example, the FMI could develop configurable capability to isolate or disable automatically affected information systems if cyber attacks or security violations are detected.",Innovating,Full Summarily,"DE.AE-02.01: The organization performs timely collection of event data, as well as advanced and automated analysis (including the use of security tools such as antivirus and IDS/IPS) on the detected events to:
(1) Assess and understand the nature, scope and method of the attack;
(2) Predict and block a similar future attack; and
(3) Report timely risk metrics.",DETECT / Adverse Event Analysis / Potentially Adverse Event Analysis,DE.AE-02.01
2.5 Response and recovery / 2.5.2.1 Cyber resilience incident management,2.5.2.1.21,"The FMI should establish and implement processes to manage cybersecurity incidents and enable automated responses, triggered by predefined criteria, parameters and thresholds. For example, the FMI could develop configurable capability to isolate or disable automatically affected information systems if cyber attacks or security violations are detected.",Innovating,Full Summarily,"DE.AE-02.02: The organization establishes, documents, and regularly reviews event alert parameters and thresholds, as well as rule-based triggers to support automated responses, when known attack patterns, signatures or behaviors are detected.",DETECT / Adverse Event Analysis / Potentially Adverse Event Analysis,DE.AE-02.02
2.5 Response and recovery / 2.5.2.1 Cyber resilience incident management,2.5.2.1.21,"The FMI should establish and implement processes to manage cybersecurity incidents and enable automated responses, triggered by predefined criteria, parameters and thresholds. For example, the FMI could develop configurable capability to isolate or disable automatically affected information systems if cyber attacks or security violations are detected.",Innovating,Full Summarily,"DE.AE-03.01: The organization implements systematic and real-time logging, collection, monitoring, detection, and alerting measures across multiple layers of the organization's infrastructure, including physical perimeters, network, operating systems, applications, data, and external (cloud and outsourced) environments, sufficient to protect the organization's information assets.",DETECT / Adverse Event Analysis / Event Information Correlation,DE.AE-03.01
2.5 Response and recovery / 2.5.2.1 Cyber resilience incident management,2.5.2.1.21,"The FMI should establish and implement processes to manage cybersecurity incidents and enable automated responses, triggered by predefined criteria, parameters and thresholds. For example, the FMI could develop configurable capability to isolate or disable automatically affected information systems if cyber attacks or security violations are detected.",Innovating,Full Summarily,"DE.AE-03.02: The organization performs real-time central analysis, aggregation, and correlation of anomalous activities, network and system alerts, and relevant event and cyber threat intelligence, including both internal and external (cloud and outsourced) environments, to better detect and prevent multifaceted cyber attacks.",DETECT / Adverse Event Analysis / Event Information Correlation,DE.AE-03.02
2.5 Response and recovery / 2.5.2.2 Data integrity,2.5.2.2.22,"The FMI should develop a formal backup policy specifying the minimum frequency and scope of data, based on data sensitivity and the frequency with which that new information is introduced.",Evolving,Full Summarily,"ID.IM-02.06: The organization designs and tests its systems and processes, and employs third-party support resources (e.g., Sheltered Harbor), to enable recovery of accurate data (e.g., material financial transactions) sufficient to support defined business recovery time and recovery point objectives.",IDENTIFY / Improvement / Tests & Exercises,ID.IM-02.06
2.5 Response and recovery / 2.5.2.2 Data integrity,2.5.2.2.22,"The FMI should develop a formal backup policy specifying the minimum frequency and scope of data, based on data sensitivity and the frequency with which that new information is introduced.",Evolving,Full Summarily,"PR.DS-11.01: The organization defines and implements standards and procedures for configuring and performing backups and data replications, including defining backup requirements by data/application/infrastructure criticality, segregating (e.g., air-gapping) and securing backups, verifying backup integrity, and performing backup restoration testing.",PROTECT / Data Security / Data Backup,PR.DS-11.01
2.5 Response and recovery / 2.5.2.2 Data integrity,2.5.2.2.23,The FMI should develop backup and recovery methods and strategies to be able to restore system operations with minimum downtime and limited disruption.,Evolving,Full,"ID.IM-02.06: The organization designs and tests its systems and processes, and employs third-party support resources (e.g., Sheltered Harbor), to enable recovery of accurate data (e.g., material financial transactions) sufficient to support defined business recovery time and recovery point objectives.",IDENTIFY / Improvement / Tests & Exercises,ID.IM-02.06
2.5 Response and recovery / 2.5.2.2 Data integrity,2.5.2.2.24,The FMI should regularly back up all data necessary to replay participants' transactions.,Evolving,Full,"ID.IM-02.06: The organization designs and tests its systems and processes, and employs third-party support resources (e.g., Sheltered Harbor), to enable recovery of accurate data (e.g., material financial transactions) sufficient to support defined business recovery time and recovery point objectives.",IDENTIFY / Improvement / Tests & Exercises,ID.IM-02.06
2.5 Response and recovery / 2.5.2.2 Data integrity,2.5.2.2.25,"Backups should be protected at rest and in transit to ensure the confidentiality, integrity and availability of data. Backups should be tested regularly to verify their availability and integrity.",Evolving,Full,"PR.DS-11.01: The organization defines and implements standards and procedures for configuring and performing backups and data replications, including defining backup requirements by data/application/infrastructure criticality, segregating (e.g., air-gapping) and securing backups, verifying backup integrity, and performing backup restoration testing.",PROTECT / Data Security / Data Backup,PR.DS-11.01
2.5 Response and recovery / 2.5.2.2 Data integrity,2.5.2.2.26,"The FMI should store backup copies at an alternate site with a different risk profile to the main site, and with transfer rates consistent with actual RPOs. The alternate site and backups should be safeguarded by stringent protective and detective controls.",Advancing,Partial,"ID.IM-02.06: The organization designs and tests its systems and processes, and employs third-party support resources (e.g., Sheltered Harbor), to enable recovery of accurate data (e.g., material financial transactions) sufficient to support defined business recovery time and recovery point objectives.",IDENTIFY / Improvement / Tests & Exercises,ID.IM-02.06
2.5 Response and recovery / 2.5.2.2 Data integrity,2.5.2.2.26,"The FMI should store backup copies at an alternate site with a different risk profile to the main site, and with transfer rates consistent with actual RPOs. The alternate site and backups should be safeguarded by stringent protective and detective controls.",Advancing,Partial,"ID.IM-04.04: The organization has plans to identify, in a timely manner, the status of all transactions and member positions at the time of a disruption, supported by corresponding recovery point objectives.",<div>IDENTIFY / Improvement / Plans Affecting Operations</div>,ID.IM-04.04
2.5 Response and recovery / 2.5.2.2 Data integrity,2.5.2.2.26,"The FMI should store backup copies at an alternate site with a different risk profile to the main site, and with transfer rates consistent with actual RPOs. The alternate site and backups should be safeguarded by stringent protective and detective controls.",Advancing,Partial,"PR.DS-11.01: The organization defines and implements standards and procedures for configuring and performing backups and data replications, including defining backup requirements by data/application/infrastructure criticality, segregating (e.g., air-gapping) and securing backups, verifying backup integrity, and performing backup restoration testing.",PROTECT / Data Security / Data Backup,PR.DS-11.01
2.5 Response and recovery / 2.5.2.2 Data integrity,2.5.2.2.27,"The FMI's information systems should implement transaction recovery mechanisms for transaction-based systems, which might include transaction rollback and logging.",Advancing,Full Summarily,"ID.IM-02.06: The organization designs and tests its systems and processes, and employs third-party support resources (e.g., Sheltered Harbor), to enable recovery of accurate data (e.g., material financial transactions) sufficient to support defined business recovery time and recovery point objectives.",IDENTIFY / Improvement / Tests & Exercises,ID.IM-02.06
2.5 Response and recovery / 2.5.2.2 Data integrity,2.5.2.2.27,"The FMI's information systems should implement transaction recovery mechanisms for transaction-based systems, which might include transaction rollback and logging.",Advancing,Full Summarily,"ID.IM-04.04: The organization has plans to identify, in a timely manner, the status of all transactions and member positions at the time of a disruption, supported by corresponding recovery point objectives.",<div>IDENTIFY / Improvement / Plans Affecting Operations</div>,ID.IM-04.04
2.5 Response and recovery / 2.5.2.2 Data integrity,2.5.2.2.28,"The FMI should conduct frequent periodic reconciliation of participants’ positions, with the assistance of participants where needed.",Advancing,Full,"ID.IM-04.04: The organization has plans to identify, in a timely manner, the status of all transactions and member positions at the time of a disruption, supported by corresponding recovery point objectives.",<div>IDENTIFY / Improvement / Plans Affecting Operations</div>,ID.IM-04.04
2.5 Response and recovery / 2.5.2.2 Data integrity,2.5.2.2.29,"The FMI should develop capabilities to restore information system components within the actual RTOs using a predefined and standardised configuration of IT resources, the integrity of which is protected.",Advancing,Full,"ID.IM-02.06: The organization designs and tests its systems and processes, and employs third-party support resources (e.g., Sheltered Harbor), to enable recovery of accurate data (e.g., material financial transactions) sufficient to support defined business recovery time and recovery point objectives.",IDENTIFY / Improvement / Tests & Exercises,ID.IM-02.06
2.5 Response and recovery / 2.5.2.2 Data integrity,2.5.2.2.30,The FMI's backup and recovery methods and strategies should be integrated into the FMI's system infrastructure at the development and/or acquisition phase.,Innovating,Full Summarily,"GV.RM-08.02: Technology and cybersecurity risk management frameworks are applied to all technology projects and procurements to ensure that security requirements (e.g., data confidentiality, access control, event logging, etc.) are addressed consistently from project onset.",GOVERN / Risk Management Strategy  / Technology Assimilation & Implementations,GV.RM-08.02
2.5 Response and recovery / 2.5.2.2 Data integrity,2.5.2.2.30,The FMI's backup and recovery methods and strategies should be integrated into the FMI's system infrastructure at the development and/or acquisition phase.,Innovating,Full Summarily,"PR.PS-06.01: The organization implements Secure Systems Development Lifecycle processes for in-house software design, configuration, and development, employing best practices from secure-by-design methodologies (e.g., secure coding, code review, application security testing, etc.) during all phases of both traditional and agile projects.",PROTECT / Platform Security / Secure Systems Development Practices,PR.PS-06.01
2.5 Response and recovery / 2.5.2.2 Data integrity,2.5.2.2.30,The FMI's backup and recovery methods and strategies should be integrated into the FMI's system infrastructure at the development and/or acquisition phase.,Innovating,Full Summarily,"PR.PS-06.03: Functional, operational, resilience, and security requirements for system development and implementation projects are documented, agreed to by relevant stakeholders, and tracked and managed through development, testing, assurance, acceptance, and delivery.",PROTECT / Platform Security / Secure Systems Development Practices,PR.PS-06.03
2.5 Response and recovery / 2.5.2.2 Data integrity,2.5.2.2.31,The FMI should back up its information system by maintaining a redundant secondary system that is not located in the same place as the primary system and that can be activated without information being lost or operations disrupted.,Innovating,Full Summarily,"ID.IM-02.06: The organization designs and tests its systems and processes, and employs third-party support resources (e.g., Sheltered Harbor), to enable recovery of accurate data (e.g., material financial transactions) sufficient to support defined business recovery time and recovery point objectives.",IDENTIFY / Improvement / Tests & Exercises,ID.IM-02.06
2.5 Response and recovery / 2.5.2.2 Data integrity,2.5.2.2.31,The FMI should back up its information system by maintaining a redundant secondary system that is not located in the same place as the primary system and that can be activated without information being lost or operations disrupted.,Innovating,Full Summarily,"ID.IM-04.03: Recovery plans include service resumption steps for all operating environments, including traditional, alternate recovery, and highly available (e.g., cloud) infrastructures.",<div>IDENTIFY / Improvement / Plans Affecting Operations</div>,ID.IM-04.03
2.5 Response and recovery / 2.5.2.2 Data integrity,2.5.2.2.31,The FMI should back up its information system by maintaining a redundant secondary system that is not located in the same place as the primary system and that can be activated without information being lost or operations disrupted.,Innovating,Full Summarily,"PR.DS-11.01: The organization defines and implements standards and procedures for configuring and performing backups and data replications, including defining backup requirements by data/application/infrastructure criticality, segregating (e.g., air-gapping) and securing backups, verifying backup integrity, and performing backup restoration testing.",PROTECT / Data Security / Data Backup,PR.DS-11.01
2.5 Response and recovery / 2.5.2.2 Data integrity,2.5.2.2.31,The FMI should back up its information system by maintaining a redundant secondary system that is not located in the same place as the primary system and that can be activated without information being lost or operations disrupted.,Innovating,Full Summarily,"PR.IR-03.01:  The organization implements mechanisms (e.g., failsafe, load balancing, hot swaps, redundant equipment, alternate services, backup facilities, etc.) to achieve resilience requirements in normal and adverse situations.",PROTECT / Technology Infrastructure Resilience / Resilience Measures,PR.IR-03.01
2.5 Response and recovery / 2.5.2.2 Data integrity,2.5.2.2.32,The FMI should consider having a data-sharing agreement with third parties and/or participants in order to obtain uncorrupted data from them for recovering its business operations in a timely manner and with accurate data.,Innovating,Full,"ID.IM-02.06: The organization designs and tests its systems and processes, and employs third-party support resources (e.g., Sheltered Harbor), to enable recovery of accurate data (e.g., material financial transactions) sufficient to support defined business recovery time and recovery point objectives.",IDENTIFY / Improvement / Tests & Exercises,ID.IM-02.06
2.5 Response and recovery / 2.5.2.3 Communication and collaboration / Contagion,2.5.2.3.33,"The FMI should identify, document and regularly review systems and processes supporting its critical functions and/or operations that are dependent on external connectivity.",Evolving,Full Summarily,"GV.OC-04.01: The organization maintains an inventory of key internal assets, business functions, and external dependencies that includes mappings to other assets, business functions, and information flows.",GOVERN / Organizational Context / Stakeholder Service Expectations,GV.OC-04.01
2.5 Response and recovery / 2.5.2.3 Communication and collaboration / Contagion,2.5.2.3.33,"The FMI should identify, document and regularly review systems and processes supporting its critical functions and/or operations that are dependent on external connectivity.",Evolving,Full Summarily,"GV.OC-04.04: The organization prioritizes the resilience design, planning, testing, and monitoring of systems and other key internal and external dependencies according to their criticality to the supported business functions, enterprise mission, and to the financial services sector.",GOVERN / Organizational Context / Stakeholder Service Expectations,GV.OC-04.04
2.5 Response and recovery / 2.5.2.3 Communication and collaboration / Contagion,2.5.2.3.33,"The FMI should identify, document and regularly review systems and processes supporting its critical functions and/or operations that are dependent on external connectivity.",Evolving,Full Summarily,"GV.OC-05.02: The organization has prioritized its external dependencies according to their criticality to the supported enterprise mission, business functions, and to the financial services sector.",GOVERN / Organizational Context / Organizational Service Dependencies,GV.OC-05.02
2.5 Response and recovery / 2.5.2.3 Communication and collaboration / Contagion,2.5.2.3.33,"The FMI should identify, document and regularly review systems and processes supporting its critical functions and/or operations that are dependent on external connectivity.",Evolving,Full Summarily,"GV.SC-08.01: The organization's resilience strategy, plans, tests, and exercises incorporate its external dependencies and critical business partners.",<div>GOVERN / Supply Chain Risk Management / Third Party Incident Management Integration</div>,GV.SC-08.01
2.5 Response and recovery / 2.5.2.3 Communication and collaboration / Contagion,2.5.2.3.34,The FMI should develop policies and procedures that define how it should work together with relevant interconnected entities to enable operations to be resumed (the first priority being its critical functions and services) as soon as it is safe and practicable to do so.,Evolving,Full Summarily,"GV.SC-08.01: The organization's resilience strategy, plans, tests, and exercises incorporate its external dependencies and critical business partners.",<div>GOVERN / Supply Chain Risk Management / Third Party Incident Management Integration</div>,GV.SC-08.01
2.5 Response and recovery / 2.5.2.3 Communication and collaboration / Contagion,2.5.2.3.34,The FMI should develop policies and procedures that define how it should work together with relevant interconnected entities to enable operations to be resumed (the first priority being its critical functions and services) as soon as it is safe and practicable to do so.,Evolving,Full Summarily,"RS.CO-02.03: The organization maintains and regularly tests incident response communication procedures, with associated contact lists, call trees, and automatic notifications, to quickly coordinate and communicate with internal and external stakeholders during or following an incident.",RESPOND / Incident Response Reporting and Communication / Stakeholder Incident Notification,RS.CO-02.03
2.5 Response and recovery / 2.5.2.3 Communication and collaboration / Contagion,2.5.2.3.34,The FMI should develop policies and procedures that define how it should work together with relevant interconnected entities to enable operations to be resumed (the first priority being its critical functions and services) as soon as it is safe and practicable to do so.,Evolving,Full Summarily,"RS.CO-03.02: In the event of an incident, the organization shares authorized information, in a defined manner and through trusted channels, to facilitate the detection, response, resumption and recovery of its own systems and those of other partners and critical sector participants.",RESPOND / Incident Response Reporting and Communication / Stakeholder Incident Information Sharing,RS.CO-03.02
2.5 Response and recovery / 2.5.2.3 Communication and collaboration / Contagion,2.5.2.3.34,The FMI should develop policies and procedures that define how it should work together with relevant interconnected entities to enable operations to be resumed (the first priority being its critical functions and services) as soon as it is safe and practicable to do so.,Evolving,Full Summarily,"RC.RP-02.02: Recovery plans are executed by first resuming critical services and core business functions, while minimizing any potential concurrent and widespread interruptions to interconnected entities and critical infrastructure, such as energy and telecommunications.",RECOVER / Incident Recovery Plan Execution / Recovery Action Performance,RC.RP-02.02
2.5 Response and recovery / 2.5.2.3 Communication and collaboration / Contagion,2.5.2.3.34,The FMI should develop policies and procedures that define how it should work together with relevant interconnected entities to enable operations to be resumed (the first priority being its critical functions and services) as soon as it is safe and practicable to do so.,Evolving,Full Summarily,"EX.CN-02.02: Minimum cybersecurity requirements for third-parties include requirements for incident and vulnerability notification, to include the types of events requiring notification, notification timeframes, and escalation protocols.",EXTEND / Third-Party Contracts and Agreements / Contract Cybersecurity-Related Requirements,EX.CN-02.02
2.5 Response and recovery / 2.5.2.3 Communication and collaboration / Contagion,2.5.2.3.35,"The FMI should closely cooperate with its interconnected entities within the ecosystem, establishing rollback processes in order to restore all its services accurately and safely. Moreover, the FMI should test the effectiveness of these procedures regularly.",Advancing,Full Summarily,"GV.SC-08.01: The organization's resilience strategy, plans, tests, and exercises incorporate its external dependencies and critical business partners.",<div>GOVERN / Supply Chain Risk Management / Third Party Incident Management Integration</div>,GV.SC-08.01
2.5 Response and recovery / 2.5.2.3 Communication and collaboration / Contagion,2.5.2.3.35,"The FMI should closely cooperate with its interconnected entities within the ecosystem, establishing rollback processes in order to restore all its services accurately and safely. Moreover, the FMI should test the effectiveness of these procedures regularly.",Advancing,Full Summarily,"DE.AE-06.01: The organization has established processes and protocols to communicate, alert, and regularly report potential cyber attacks and incident information, including its corresponding analysis and cyber threat intelligence, to authorized internal and external stakeholders.",DETECT / Adverse Event Analysis / Event Information Sharing,DE.AE-06.01
2.5 Response and recovery / 2.5.2.3 Communication and collaboration / Contagion,2.5.2.3.35,"The FMI should closely cooperate with its interconnected entities within the ecosystem, establishing rollback processes in order to restore all its services accurately and safely. Moreover, the FMI should test the effectiveness of these procedures regularly.",Advancing,Full Summarily,"EX.MM-02.03: The organization collaborates with suppliers to maintain and improve the secure use of products, services, and external connections.",EXTEND / Monitoring and Managing Suppliers / Ongoing Third-Party Management,EX.MM-02.03
2.5 Response and recovery / 2.5.2.3 Communication and collaboration / Contagion,2.5.2.3.36,The FMI should design its network connection infrastructure in a way that allows connections to be segmented or severed instantaneously to prevent contagion arising from cyber attacks.,Innovating,Full,"PR.IR-01.01: Networks, systems, and external connections are segmented (e.g., using firewalls, software-defined networks, guest wireless networks, etc.) to implement defense-in-depth and access isolation principles.",PROTECT / Technology Infrastructure Resilience / Logical Access Protections,PR.IR-01.01
2.5 Response and recovery / 2.5.2.3 Communication and collaboration / Crisis communication and responsible disclosure,2.5.2.3.37,"The FMI should identify and determine staff who are essential for mitigating the risk of a cyber incident, and make them aware of their roles and responsibilities regarding incident escalation.",Evolving,Full Summarily,"GV.RR-02.02: The organization has established and assigned roles and responsibilities for systematic cybersecurity threat identification, monitoring, detection, and event reporting processes, and ensures adequate coverage and organizational alignment for these functions.","GOVERN / Roles, Responsibilities, and Authorities / Risk Management Roles & Responsibilities",GV.RR-02.02
2.5 Response and recovery / 2.5.2.3 Communication and collaboration / Crisis communication and responsible disclosure,2.5.2.3.37,"The FMI should identify and determine staff who are essential for mitigating the risk of a cyber incident, and make them aware of their roles and responsibilities regarding incident escalation.",Evolving,Full Summarily,"GV.RR-02.03: Resilience program roles and responsibilities are assigned to management across the organization to ensure risk assessment, planning, testing, and execution coverage for all critical business functions.","GOVERN / Roles, Responsibilities, and Authorities / Risk Management Roles & Responsibilities",GV.RR-02.03
2.5 Response and recovery / 2.5.2.3 Communication and collaboration / Crisis communication and responsible disclosure,2.5.2.3.37,"The FMI should identify and determine staff who are essential for mitigating the risk of a cyber incident, and make them aware of their roles and responsibilities regarding incident escalation.",Evolving,Full Summarily,PR.AT-02.03: All personnel (employee and third party) are made aware of and are trained for their role and operational steps in response and recovery plans.,PROTECT / Awareness and Training / Specialized Role Awareness & Training,PR.AT-02.03
2.5 Response and recovery / 2.5.2.3 Communication and collaboration / Crisis communication and responsible disclosure,2.5.2.3.38,"The FMI's incident response plan should identify the internal and external stakeholders that must be notified, as well as the information that has to be shared and reported, and when this should take place.",Evolving,Full Summarily,"GV.SC-08.01: The organization's resilience strategy, plans, tests, and exercises incorporate its external dependencies and critical business partners.",<div>GOVERN / Supply Chain Risk Management / Third Party Incident Management Integration</div>,GV.SC-08.01
2.5 Response and recovery / 2.5.2.3 Communication and collaboration / Crisis communication and responsible disclosure,2.5.2.3.38,"The FMI's incident response plan should identify the internal and external stakeholders that must be notified, as well as the information that has to be shared and reported, and when this should take place.",Evolving,Full Summarily,"RS.CO-02.03: The organization maintains and regularly tests incident response communication procedures, with associated contact lists, call trees, and automatic notifications, to quickly coordinate and communicate with internal and external stakeholders during or following an incident.",RESPOND / Incident Response Reporting and Communication / Stakeholder Incident Notification,RS.CO-02.03
2.5 Response and recovery / 2.5.2.3 Communication and collaboration / Crisis communication and responsible disclosure,2.5.2.3.39,The FMI should establish criteria and procedures for escalating cyber incidents or vulnerabilities to the Board and senior management based on the potential impact and criticality of the risk.,Evolving,Full,"RS.CO-02.01: The organization's incident response program includes defined and approved escalation protocols, linked to organizational decision levels and communication strategies, including which types of information will be shared, with whom (e.g., the organization's governing authority and senior management), and how information provided to the organization will be acted upon.",RESPOND / Incident Response Reporting and Communication / Stakeholder Incident Notification,RS.CO-02.01
2.5 Response and recovery / 2.5.2.3 Communication and collaboration / Crisis communication and responsible disclosure,2.5.2.3.40,"The FMI should have a communication plan and procedures in place to notify, as required or necessary, all relevant internal and external stakeholders (including oversight, regulatory authorities, media and customers) in a timely manner, when the institution becomes aware of a cyber incident. The FMI should notify the appropriate internal and external stakeholders when a cyber incident occurs.",Evolving,Full Summarily,"RS.CO-02.02: In the event of an incident, the organization notifies impacted stakeholders including, as required, government bodies, self-regulatory agencies and/or other supervisory bodies, within required timeframes.",RESPOND / Incident Response Reporting and Communication / Stakeholder Incident Notification,RS.CO-02.02
2.5 Response and recovery / 2.5.2.3 Communication and collaboration / Crisis communication and responsible disclosure,2.5.2.3.40,"The FMI should have a communication plan and procedures in place to notify, as required or necessary, all relevant internal and external stakeholders (including oversight, regulatory authorities, media and customers) in a timely manner, when the institution becomes aware of a cyber incident. The FMI should notify the appropriate internal and external stakeholders when a cyber incident occurs.",Evolving,Full Summarily,"RS.CO-02.03: The organization maintains and regularly tests incident response communication procedures, with associated contact lists, call trees, and automatic notifications, to quickly coordinate and communicate with internal and external stakeholders during or following an incident.",RESPOND / Incident Response Reporting and Communication / Stakeholder Incident Notification,RS.CO-02.03
2.5 Response and recovery / 2.5.2.3 Communication and collaboration / Crisis communication and responsible disclosure,2.5.2.3.40,"The FMI should have a communication plan and procedures in place to notify, as required or necessary, all relevant internal and external stakeholders (including oversight, regulatory authorities, media and customers) in a timely manner, when the institution becomes aware of a cyber incident. The FMI should notify the appropriate internal and external stakeholders when a cyber incident occurs.",Evolving,Full Summarily,"RS.CO-03.02: In the event of an incident, the organization shares authorized information, in a defined manner and through trusted channels, to facilitate the detection, response, resumption and recovery of its own systems and those of other partners and critical sector participants.",RESPOND / Incident Response Reporting and Communication / Stakeholder Incident Information Sharing,RS.CO-03.02
2.5 Response and recovery / 2.5.2.3 Communication and collaboration / Crisis communication and responsible disclosure,2.5.2.3.40,"The FMI should have a communication plan and procedures in place to notify, as required or necessary, all relevant internal and external stakeholders (including oversight, regulatory authorities, media and customers) in a timely manner, when the institution becomes aware of a cyber incident. The FMI should notify the appropriate internal and external stakeholders when a cyber incident occurs.",Evolving,Full Summarily,"RC.CO-03.01: The organization timely involves and communicates the recovery activities, procedures, cyber risk management issues to the governing body (e.g., the Board or one of its committees), senior management, incident management support teams, and relevant internal stakeholders.",RECOVER / Incident Recovery Communication / Recovery Activity Communication,RC.CO-03.01
2.5 Response and recovery / 2.5.2.3 Communication and collaboration / Crisis communication and responsible disclosure,2.5.2.3.40,"The FMI should have a communication plan and procedures in place to notify, as required or necessary, all relevant internal and external stakeholders (including oversight, regulatory authorities, media and customers) in a timely manner, when the institution becomes aware of a cyber incident. The FMI should notify the appropriate internal and external stakeholders when a cyber incident occurs.",Evolving,Full Summarily,"RC.CO-03.02: The organization promptly communicates the status of recovery activities to regulatory authorities and relevant external stakeholders, as required or appropriate.",RECOVER / Incident Recovery Communication / Recovery Activity Communication,RC.CO-03.02
2.5 Response and recovery / 2.5.2.3 Communication and collaboration / Crisis communication and responsible disclosure,2.5.2.3.40,"The FMI should have a communication plan and procedures in place to notify, as required or necessary, all relevant internal and external stakeholders (including oversight, regulatory authorities, media and customers) in a timely manner, when the institution becomes aware of a cyber incident. The FMI should notify the appropriate internal and external stakeholders when a cyber incident occurs.",Evolving,Full Summarily,"RC.CO-04.01: Pre-established communication plans and message templates, and authorized protocols, contacts, media, and communications, are used to notify and inform the public and key external stakeholders about an incident.",RECOVER / Incident Recovery Communication / Public Information Sharing,RC.CO-04.01
2.5 Response and recovery / 2.5.2.3 Communication and collaboration / Crisis communication and responsible disclosure,2.5.2.3.41,"The FMI should have a policy and procedures to enable potential vulnerabilities to be disclosed responsibly. In particular, the FMI should prioritise disclosures that could help stakeholders to respond promptly and mitigate risk, which could benefit the ecosystem and broader financial stability.",Evolving,Full,"RS.CO-03.02: In the event of an incident, the organization shares authorized information, in a defined manner and through trusted channels, to facilitate the detection, response, resumption and recovery of its own systems and those of other partners and critical sector participants.",RESPOND / Incident Response Reporting and Communication / Stakeholder Incident Information Sharing,RS.CO-03.02
2.5 Response and recovery / 2.5.2.3 Communication and collaboration / Crisis communication and responsible disclosure,2.5.2.3.42,"The FMI should establish and regularly review information-sharing rules, agreements and modalities in order to control the publication and distribution of such information, and to prevent sensitive information that may have adverse consequences if disclosed improperly from being disseminated.",Evolving,Full Summarily,"RS.CO-02.01: The organization's incident response program includes defined and approved escalation protocols, linked to organizational decision levels and communication strategies, including which types of information will be shared, with whom (e.g., the organization's governing authority and senior management), and how information provided to the organization will be acted upon.",RESPOND / Incident Response Reporting and Communication / Stakeholder Incident Notification,RS.CO-02.01
2.5 Response and recovery / 2.5.2.3 Communication and collaboration / Crisis communication and responsible disclosure,2.5.2.3.42,"The FMI should establish and regularly review information-sharing rules, agreements and modalities in order to control the publication and distribution of such information, and to prevent sensitive information that may have adverse consequences if disclosed improperly from being disseminated.",Evolving,Full Summarily,"RS.CO-03.02: In the event of an incident, the organization shares authorized information, in a defined manner and through trusted channels, to facilitate the detection, response, resumption and recovery of its own systems and those of other partners and critical sector participants.",RESPOND / Incident Response Reporting and Communication / Stakeholder Incident Information Sharing,RS.CO-03.02
2.5 Response and recovery / 2.5.2.3 Communication and collaboration / Crisis communication and responsible disclosure,2.5.2.3.43,"After developing a range of cyber incident scenarios based on the incident criteria established in the evolving level, the FMI should develop appropriate incident response and communication plans and procedures to address the scenarios. These incident response and communication plans and procedures should take into consideration the legal and regulatory reporting requirements at a jurisdictional level.",Advancing,Full Summarily,"ID.IM-04.01: The organization's business continuity, disaster recovery, crisis management, and response plans are in place and managed, aligned with each other, and incorporate considerations of cyber incidents.",<div>IDENTIFY / Improvement / Plans Affecting Operations</div>,ID.IM-04.01
2.5 Response and recovery / 2.5.2.3 Communication and collaboration / Crisis communication and responsible disclosure,2.5.2.3.43,"After developing a range of cyber incident scenarios based on the incident criteria established in the evolving level, the FMI should develop appropriate incident response and communication plans and procedures to address the scenarios. These incident response and communication plans and procedures should take into consideration the legal and regulatory reporting requirements at a jurisdictional level.",Advancing,Full Summarily,"ID.IM-04.08: The organization regularly reviews response strategy, incident management plans, recovery plans, and associated tests and exercises and updates them, as necessary, based on:
(1) Lessons learned from incidents that have occurred (both internal and external to the organization);
(2) Current cyber threat intelligence (both internal and external sources);
(3) Recent and wide-scale cyber attack scenarios;
(4) Operationally and technically plausible future cyber attacks;
(5) Organizational or technical environment changes; and,
(6) New technological developments.",<div>IDENTIFY / Improvement / Plans Affecting Operations</div>,ID.IM-04.08
2.5 Response and recovery / 2.5.2.3 Communication and collaboration / Crisis communication and responsible disclosure,2.5.2.3.44,"The FMI should develop mechanisms that instantaneously notify its senior management, relevant employees and relevant stakeholders (including oversight and regulatory authorities) of cyber incidents through appropriate communication channels with tracking and verification of receipt. Such mechanisms should be based on predefined criteria and informed by scenario-based planning and analysis, as well as prior experience.",Innovating,Full Summarily,"RS.CO-02.01: The organization's incident response program includes defined and approved escalation protocols, linked to organizational decision levels and communication strategies, including which types of information will be shared, with whom (e.g., the organization's governing authority and senior management), and how information provided to the organization will be acted upon.",RESPOND / Incident Response Reporting and Communication / Stakeholder Incident Notification,RS.CO-02.01
2.5 Response and recovery / 2.5.2.3 Communication and collaboration / Crisis communication and responsible disclosure,2.5.2.3.44,"The FMI should develop mechanisms that instantaneously notify its senior management, relevant employees and relevant stakeholders (including oversight and regulatory authorities) of cyber incidents through appropriate communication channels with tracking and verification of receipt. Such mechanisms should be based on predefined criteria and informed by scenario-based planning and analysis, as well as prior experience.",Innovating,Full Summarily,"RS.CO-02.02: In the event of an incident, the organization notifies impacted stakeholders including, as required, government bodies, self-regulatory agencies and/or other supervisory bodies, within required timeframes.",RESPOND / Incident Response Reporting and Communication / Stakeholder Incident Notification,RS.CO-02.02
2.5 Response and recovery / 2.5.2.3 Communication and collaboration / Crisis communication and responsible disclosure,2.5.2.3.44,"The FMI should develop mechanisms that instantaneously notify its senior management, relevant employees and relevant stakeholders (including oversight and regulatory authorities) of cyber incidents through appropriate communication channels with tracking and verification of receipt. Such mechanisms should be based on predefined criteria and informed by scenario-based planning and analysis, as well as prior experience.",Innovating,Full Summarily,"RS.CO-02.03: The organization maintains and regularly tests incident response communication procedures, with associated contact lists, call trees, and automatic notifications, to quickly coordinate and communicate with internal and external stakeholders during or following an incident.",RESPOND / Incident Response Reporting and Communication / Stakeholder Incident Notification,RS.CO-02.03
2.5 Response and recovery / 2.5.2.4 Forensic readiness,2.5.2.4.45,The FMI should identify the threat scenarios that might have a potential impact on its business and determine which pieces of digital evidence (e.g. types of logs) should be collected to facilitate forensic investigation.,Evolving,Full Summarily,"ID.RA-03.01: The organization, on an ongoing basis, identifies, analyzes, correlates, characterizes, and reports threats that are internal and external to the firm.",IDENTIFY / Risk Assessment / Threat Identification,ID.RA-03.01
2.5 Response and recovery / 2.5.2.4 Forensic readiness,2.5.2.4.45,The FMI should identify the threat scenarios that might have a potential impact on its business and determine which pieces of digital evidence (e.g. types of logs) should be collected to facilitate forensic investigation.,Evolving,Full Summarily,"PR.PS-04.01: The organization establishes and regularly reviews log management standards and practices, to include the types of events to be detected, log content, security and access considerations, monitoring protocols, integrity checking mechanisms, and retention periods.",PROTECT / Platform Security / Log Record Generation,PR.PS-04.01
2.5 Response and recovery / 2.5.2.4 Forensic readiness,2.5.2.4.46,"The FMI should identify and document the digital evidence available on its systems and its location, and understand how the evidence should be handled throughout its life cycle.",Evolving,Full,"RS.AN-06.01: The organization establishes a risk-based approach and procedures for quarantining systems, conducting investigations, and collecting and preserving evidence per best practices and forensic standards.",RESPOND / Incident Analysis / Investigation Documentation,RS.AN-06.01
2.5 Response and recovery / 2.5.2.4 Forensic readiness,2.5.2.4.47,"Based on Expectations 45 and 46, the FMI should develop and implement a forensic readiness policy and the capability to support forensic investigation, which also outlines the relevant system logging policies that include the types of logs to be maintained and their retention periods. The FMI may outsource the conduct of forensic investigations to external specialists.",Evolving,Full Summarily,"ID.IM-04.07: The organization pre-identifies, pre-qualifies, and retains third party incident management support and forensic service firms, as required, that can be called upon to quickly assist with incident response, investigation, and recovery.",<div>IDENTIFY / Improvement / Plans Affecting Operations</div>,ID.IM-04.07
2.5 Response and recovery / 2.5.2.4 Forensic readiness,2.5.2.4.47,"Based on Expectations 45 and 46, the FMI should develop and implement a forensic readiness policy and the capability to support forensic investigation, which also outlines the relevant system logging policies that include the types of logs to be maintained and their retention periods. The FMI may outsource the conduct of forensic investigations to external specialists.",Evolving,Full Summarily,"PR.PS-04.01: The organization establishes and regularly reviews log management standards and practices, to include the types of events to be detected, log content, security and access considerations, monitoring protocols, integrity checking mechanisms, and retention periods.",PROTECT / Platform Security / Log Record Generation,PR.PS-04.01
2.5 Response and recovery / 2.5.2.4 Forensic readiness,2.5.2.4.47,"Based on Expectations 45 and 46, the FMI should develop and implement a forensic readiness policy and the capability to support forensic investigation, which also outlines the relevant system logging policies that include the types of logs to be maintained and their retention periods. The FMI may outsource the conduct of forensic investigations to external specialists.",Evolving,Full Summarily,"PR.PS-04.03: The organization's activity logs and other security event logs are generated, reviewed, securely stored, and retained in accordance with data retention obligations and established standards.",PROTECT / Platform Security / Log Record Generation,PR.PS-04.03
2.5 Response and recovery / 2.5.2.4 Forensic readiness,2.5.2.4.47,"Based on Expectations 45 and 46, the FMI should develop and implement a forensic readiness policy and the capability to support forensic investigation, which also outlines the relevant system logging policies that include the types of logs to be maintained and their retention periods. The FMI may outsource the conduct of forensic investigations to external specialists.",Evolving,Full Summarily,"RS.AN-06.01: The organization establishes a risk-based approach and procedures for quarantining systems, conducting investigations, and collecting and preserving evidence per best practices and forensic standards.",RESPOND / Incident Analysis / Investigation Documentation,RS.AN-06.01
2.5 Response and recovery / 2.5.2.4 Forensic readiness,2.5.2.4.48,"The FMI should establish procedures for securely collecting digital evidence in forensically acceptable manner and in accordance with the requirements defined in the forensic readiness policy, taking into account the requirements of the local jurisdiction. These procedures should describe how investigative staff should produce step-by-step documentation of all activities performed on digital evidence and their impact.",Evolving,Full Summarily,"ID.IM-04.07: The organization pre-identifies, pre-qualifies, and retains third party incident management support and forensic service firms, as required, that can be called upon to quickly assist with incident response, investigation, and recovery.",<div>IDENTIFY / Improvement / Plans Affecting Operations</div>,ID.IM-04.07
2.5 Response and recovery / 2.5.2.4 Forensic readiness,2.5.2.4.48,"The FMI should establish procedures for securely collecting digital evidence in forensically acceptable manner and in accordance with the requirements defined in the forensic readiness policy, taking into account the requirements of the local jurisdiction. These procedures should describe how investigative staff should produce step-by-step documentation of all activities performed on digital evidence and their impact.",Evolving,Full Summarily,"RS.AN-06.01: The organization establishes a risk-based approach and procedures for quarantining systems, conducting investigations, and collecting and preserving evidence per best practices and forensic standards.",RESPOND / Incident Analysis / Investigation Documentation,RS.AN-06.01
2.5 Response and recovery / 2.5.2.4 Forensic readiness,2.5.2.4.48,"The FMI should establish procedures for securely collecting digital evidence in forensically acceptable manner and in accordance with the requirements defined in the forensic readiness policy, taking into account the requirements of the local jurisdiction. These procedures should describe how investigative staff should produce step-by-step documentation of all activities performed on digital evidence and their impact.",Evolving,Full Summarily,"RS.AN-07.01: Incident-related forensic data is captured, secured, and preserved in a manner supporting integrity, provenance, and evidentiary value.",RESPOND / Incident Analysis / Incident Data Collection & Preservation,RS.AN-07.01
2.5 Response and recovery / 2.5.2.4 Forensic readiness,2.5.2.4.49,"The FMI should establish policies for securely handling and storing the collected digital evidence, ensuring its authenticity and integrity. The FMI should develop procedures to demonstrate that the evidence’s integrity is preserved whenever it is accessed, used or moved (i.e. chain of custody).",Evolving,Full Summarily,"RS.AN-06.01: The organization establishes a risk-based approach and procedures for quarantining systems, conducting investigations, and collecting and preserving evidence per best practices and forensic standards.",RESPOND / Incident Analysis / Investigation Documentation,RS.AN-06.01
2.5 Response and recovery / 2.5.2.4 Forensic readiness,2.5.2.4.49,"The FMI should establish policies for securely handling and storing the collected digital evidence, ensuring its authenticity and integrity. The FMI should develop procedures to demonstrate that the evidence’s integrity is preserved whenever it is accessed, used or moved (i.e. chain of custody).",Evolving,Full Summarily,"RS.AN-07.01: Incident-related forensic data is captured, secured, and preserved in a manner supporting integrity, provenance, and evidentiary value.",RESPOND / Incident Analysis / Incident Data Collection & Preservation,RS.AN-07.01
2.5 Response and recovery / 2.5.2.4 Forensic readiness,2.5.2.4.50,"The FMI should train its staff so that all those involved in an incident understand their responsibilities related to handling the digital evidence, ensuring it is not compromised and remains valid as per the requirements of the local jurisdiction.",Evolving,Full Summarily,"ID.IM-04.02: The organization's incident response and business continuity plans contain clearly defined roles, responsibilities, and levels of decision-making authority, and include all needed areas of participation and expertise across the organization and key third-parties.",<div>IDENTIFY / Improvement / Plans Affecting Operations</div>,ID.IM-04.02
2.5 Response and recovery / 2.5.2.4 Forensic readiness,2.5.2.4.50,"The FMI should train its staff so that all those involved in an incident understand their responsibilities related to handling the digital evidence, ensuring it is not compromised and remains valid as per the requirements of the local jurisdiction.",Evolving,Full Summarily,"ID.IM-04.07: The organization pre-identifies, pre-qualifies, and retains third party incident management support and forensic service firms, as required, that can be called upon to quickly assist with incident response, investigation, and recovery.",<div>IDENTIFY / Improvement / Plans Affecting Operations</div>,ID.IM-04.07
2.5 Response and recovery / 2.5.2.4 Forensic readiness,2.5.2.4.50,"The FMI should train its staff so that all those involved in an incident understand their responsibilities related to handling the digital evidence, ensuring it is not compromised and remains valid as per the requirements of the local jurisdiction.",Evolving,Full Summarily,PR.AT-02.04: The organization maintains and enhances the skills and knowledge of the in-house staff performing incident management and forensic investigation activities.,PROTECT / Awareness and Training / Specialized Role Awareness & Training,PR.AT-02.04
2.5 Response and recovery / 2.5.2.4 Forensic readiness,2.5.2.4.50,"The FMI should train its staff so that all those involved in an incident understand their responsibilities related to handling the digital evidence, ensuring it is not compromised and remains valid as per the requirements of the local jurisdiction.",Evolving,Full Summarily,"RS.AN-06.01: The organization establishes a risk-based approach and procedures for quarantining systems, conducting investigations, and collecting and preserving evidence per best practices and forensic standards.",RESPOND / Incident Analysis / Investigation Documentation,RS.AN-06.01
2.5 Response and recovery / 2.5.2.4 Forensic readiness,2.5.2.4.51,"The FMI should ensure that staff specifically involved in the forensic investigation have the appropriate degree of competence in handling the digital evidence, ensuring its authenticity and integrity is not compromised and remains valid as per the requirements of the local jurisdiction.",Evolving,Full Summarily,"ID.IM-04.07: The organization pre-identifies, pre-qualifies, and retains third party incident management support and forensic service firms, as required, that can be called upon to quickly assist with incident response, investigation, and recovery.",<div>IDENTIFY / Improvement / Plans Affecting Operations</div>,ID.IM-04.07
2.5 Response and recovery / 2.5.2.4 Forensic readiness,2.5.2.4.51,"The FMI should ensure that staff specifically involved in the forensic investigation have the appropriate degree of competence in handling the digital evidence, ensuring its authenticity and integrity is not compromised and remains valid as per the requirements of the local jurisdiction.",Evolving,Full Summarily,PR.AT-02.04: The organization maintains and enhances the skills and knowledge of the in-house staff performing incident management and forensic investigation activities.,PROTECT / Awareness and Training / Specialized Role Awareness & Training,PR.AT-02.04
2.5 Response and recovery / 2.5.2.4 Forensic readiness,2.5.2.4.52,The FMI should closely integrate plans for forensic readiness with plans for incident management and other related business planning activities.,Advancing,Full Summarily,"ID.IM-04.07: The organization pre-identifies, pre-qualifies, and retains third party incident management support and forensic service firms, as required, that can be called upon to quickly assist with incident response, investigation, and recovery.",<div>IDENTIFY / Improvement / Plans Affecting Operations</div>,ID.IM-04.07
2.5 Response and recovery / 2.5.2.4 Forensic readiness,2.5.2.4.52,The FMI should closely integrate plans for forensic readiness with plans for incident management and other related business planning activities.,Advancing,Full Summarily,PR.AT-02.04: The organization maintains and enhances the skills and knowledge of the in-house staff performing incident management and forensic investigation activities.,PROTECT / Awareness and Training / Specialized Role Awareness & Training,PR.AT-02.04
2.5 Response and recovery / 2.5.2.4 Forensic readiness,2.5.2.4.53,The FMI should have a management review process that improves forensic readiness plans in accordance with experience and new knowledge.,Innovating,Full Summarily,"ID.IM-04.07: The organization pre-identifies, pre-qualifies, and retains third party incident management support and forensic service firms, as required, that can be called upon to quickly assist with incident response, investigation, and recovery.",<div>IDENTIFY / Improvement / Plans Affecting Operations</div>,ID.IM-04.07
2.5 Response and recovery / 2.5.2.4 Forensic readiness,2.5.2.4.53,The FMI should have a management review process that improves forensic readiness plans in accordance with experience and new knowledge.,Innovating,Full Summarily,"ID.IM-04.08: The organization regularly reviews response strategy, incident management plans, recovery plans, and associated tests and exercises and updates them, as necessary, based on:
(1) Lessons learned from incidents that have occurred (both internal and external to the organization);
(2) Current cyber threat intelligence (both internal and external sources);
(3) Recent and wide-scale cyber attack scenarios;
(4) Operationally and technically plausible future cyber attacks;
(5) Organizational or technical environment changes; and,
(6) New technological developments.",<div>IDENTIFY / Improvement / Plans Affecting Operations</div>,ID.IM-04.08
2.5 Response and recovery / 2.5.2.4 Forensic readiness,2.5.2.4.53,The FMI should have a management review process that improves forensic readiness plans in accordance with experience and new knowledge.,Innovating,Full Summarily,PR.AT-02.04: The organization maintains and enhances the skills and knowledge of the in-house staff performing incident management and forensic investigation activities.,PROTECT / Awareness and Training / Specialized Role Awareness & Training,PR.AT-02.04
2.5 Response and recovery / 2.5.2.4 Forensic readiness,2.5.2.4.53,The FMI should have a management review process that improves forensic readiness plans in accordance with experience and new knowledge.,Innovating,Full Summarily,"RS.AN-06.01: The organization establishes a risk-based approach and procedures for quarantining systems, conducting investigations, and collecting and preserving evidence per best practices and forensic standards.",RESPOND / Incident Analysis / Investigation Documentation,RS.AN-06.01
2.5 Response and recovery / 2.5.2.4 Forensic readiness,2.5.2.4.53,The FMI should have a management review process that improves forensic readiness plans in accordance with experience and new knowledge.,Innovating,Full Summarily,"EX.MM-02.03: The organization collaborates with suppliers to maintain and improve the secure use of products, services, and external connections.",EXTEND / Monitoring and Managing Suppliers / Ongoing Third-Party Management,EX.MM-02.03
2.5 Response and recovery / 2.5.2.4 Forensic readiness,2.5.2.4.54,The FMI should take an open and collaborative approach with the ecosystem to improve lawful forensic investigation and incident handling methodologies and tools.,Innovating,Full Summarily,"ID.RA-02.01: The organization participates actively (in alignment with its business operations, inherent risk, and complexity) in information-sharing groups and collectives (e.g., cross-industry, cross-government and cross-border groups) to gather, distribute and analyze information about cyber practices, cyber threats, and early warning indicators relating to cyber threats.",IDENTIFY / Risk Assessment / Information Sharing Forums,ID.RA-02.01
2.5 Response and recovery / 2.5.2.4 Forensic readiness,2.5.2.4.54,The FMI should take an open and collaborative approach with the ecosystem to improve lawful forensic investigation and incident handling methodologies and tools.,Innovating,Full Summarily,ID.RA-02.02: The organization shares authorized information on its cyber resilience framework and the effectiveness of protection technologies bilaterally with trusted external stakeholders to promote the understanding of each party’s approach to securing systems.,IDENTIFY / Risk Assessment / Information Sharing Forums,ID.RA-02.02
2.5 Response and recovery / 2.5.2.4 Forensic readiness,2.5.2.4.54,The FMI should take an open and collaborative approach with the ecosystem to improve lawful forensic investigation and incident handling methodologies and tools.,Innovating,Full Summarily,"EX.MM-02.03: The organization collaborates with suppliers to maintain and improve the secure use of products, services, and external connections.",EXTEND / Monitoring and Managing Suppliers / Ongoing Third-Party Management,EX.MM-02.03
2.6 Testing / 2.6.2 Expectations / General,2.6.2.1,"The FMI should establish and maintain a comprehensive testing programme as an integral part of its cyber resilience framework. The testing programme should consist of a broad spectrum of methodologies, practices and tools for monitoring, assessing and evaluating the effectiveness of the core components of the cyber resilience framework.",Evolving,Full Summarily,"ID.IM-02.03: The organization tests and validates the effectiveness of the incident detection, reporting, and communication processes and protocols with internal and external stakeholders.",IDENTIFY / Improvement / Tests & Exercises,ID.IM-02.03
2.6 Testing / 2.6.2 Expectations / General,2.6.2.1,"The FMI should establish and maintain a comprehensive testing programme as an integral part of its cyber resilience framework. The testing programme should consist of a broad spectrum of methodologies, practices and tools for monitoring, assessing and evaluating the effectiveness of the core components of the cyber resilience framework.",Evolving,Full Summarily,"ID.IM-02.04: The organization's testing program validates the effectiveness of its resilience strategy and response, disaster recovery, and resumption plans on a regular basis or upon major changes to business or system functions, and includes external stakeholders as required.",IDENTIFY / Improvement / Tests & Exercises,ID.IM-02.04
2.6 Testing / 2.6.2 Expectations / General,2.6.2.1,"The FMI should establish and maintain a comprehensive testing programme as an integral part of its cyber resilience framework. The testing programme should consist of a broad spectrum of methodologies, practices and tools for monitoring, assessing and evaluating the effectiveness of the core components of the cyber resilience framework.",Evolving,Full Summarily,"ID.IM-02.05: The organization establishes testing programs that include a range of scenarios, including severe but plausible scenarios (e.g., disruptive, destructive, corruptive), that could affect the organization's ability to service internal and external stakeholders.",IDENTIFY / Improvement / Tests & Exercises,ID.IM-02.05
2.6 Testing / 2.6.2 Expectations / General,2.6.2.1,"The FMI should establish and maintain a comprehensive testing programme as an integral part of its cyber resilience framework. The testing programme should consist of a broad spectrum of methodologies, practices and tools for monitoring, assessing and evaluating the effectiveness of the core components of the cyber resilience framework.",Evolving,Full Summarily,"ID.IM-02.06: The organization designs and tests its systems and processes, and employs third-party support resources (e.g., Sheltered Harbor), to enable recovery of accurate data (e.g., material financial transactions) sufficient to support defined business recovery time and recovery point objectives.",IDENTIFY / Improvement / Tests & Exercises,ID.IM-02.06
2.6 Testing / 2.6.2 Expectations / General,2.6.2.1,"The FMI should establish and maintain a comprehensive testing programme as an integral part of its cyber resilience framework. The testing programme should consist of a broad spectrum of methodologies, practices and tools for monitoring, assessing and evaluating the effectiveness of the core components of the cyber resilience framework.",Evolving,Full Summarily,"ID.IM-02.07: The organization's governing body (e.g., the Board or one of its committees) and senior management are involved in testing as part of a crisis management team and are informed of test results.",IDENTIFY / Improvement / Tests & Exercises,ID.IM-02.07
2.6 Testing / 2.6.2 Expectations / General,2.6.2.1,"The FMI should establish and maintain a comprehensive testing programme as an integral part of its cyber resilience framework. The testing programme should consist of a broad spectrum of methodologies, practices and tools for monitoring, assessing and evaluating the effectiveness of the core components of the cyber resilience framework.",Evolving,Full Summarily,"ID.IM-02.08: The organization tests and exercises, independently and in coordination with other critical sector partners, its ability to support sector-wide resilience in the event of extreme financial stress or the instability of external dependencies, such as connectivity to markets, payment systems, clearing entities, messaging services, etc.",IDENTIFY / Improvement / Tests & Exercises,ID.IM-02.08
2.6 Testing / 2.6.2 Expectations / General,2.6.2.1,"The FMI should establish and maintain a comprehensive testing programme as an integral part of its cyber resilience framework. The testing programme should consist of a broad spectrum of methodologies, practices and tools for monitoring, assessing and evaluating the effectiveness of the core components of the cyber resilience framework.",Evolving,Full Summarily,"ID.IM-02.09: Corrective actions for gaps identified during security-related, incident management, response plan, and disaster recovery testing are retested and validated, or have a formal risk acceptance or risk exception.",IDENTIFY / Improvement / Tests & Exercises,ID.IM-02.09
2.6 Testing / 2.6.2 Expectations / General,2.6.2.1,"The FMI should establish and maintain a comprehensive testing programme as an integral part of its cyber resilience framework. The testing programme should consist of a broad spectrum of methodologies, practices and tools for monitoring, assessing and evaluating the effectiveness of the core components of the cyber resilience framework.",Evolving,Full Summarily,"ID.IM-04.08: The organization regularly reviews response strategy, incident management plans, recovery plans, and associated tests and exercises and updates them, as necessary, based on:
(1) Lessons learned from incidents that have occurred (both internal and external to the organization);
(2) Current cyber threat intelligence (both internal and external sources);
(3) Recent and wide-scale cyber attack scenarios;
(4) Operationally and technically plausible future cyber attacks;
(5) Organizational or technical environment changes; and,
(6) New technological developments.",<div>IDENTIFY / Improvement / Plans Affecting Operations</div>,ID.IM-04.08
2.6 Testing / 2.6.2 Expectations / General,2.6.2.2,The FMI should adopt a risk-based approach in developing the comprehensive testing programme. This should be reviewed and updated on a regular basis taking into due account the evolving landscape of threats and the criticality of information assets.,Evolving,Full Summarily,"ID.RA-05.01: Threats, vulnerabilities, likelihoods, and impacts are used to determine overall technology, cybersecurity, and resilience risk to the organization.",IDENTIFY / Risk Assessment / Risk Exposure Determination & Prioritization,ID.RA-05.01
2.6 Testing / 2.6.2 Expectations / General,2.6.2.2,The FMI should adopt a risk-based approach in developing the comprehensive testing programme. This should be reviewed and updated on a regular basis taking into due account the evolving landscape of threats and the criticality of information assets.,Evolving,Full Summarily,"ID.IM-02.03: The organization tests and validates the effectiveness of the incident detection, reporting, and communication processes and protocols with internal and external stakeholders.",IDENTIFY / Improvement / Tests & Exercises,ID.IM-02.03
2.6 Testing / 2.6.2 Expectations / General,2.6.2.2,The FMI should adopt a risk-based approach in developing the comprehensive testing programme. This should be reviewed and updated on a regular basis taking into due account the evolving landscape of threats and the criticality of information assets.,Evolving,Full Summarily,"ID.IM-02.04: The organization's testing program validates the effectiveness of its resilience strategy and response, disaster recovery, and resumption plans on a regular basis or upon major changes to business or system functions, and includes external stakeholders as required.",IDENTIFY / Improvement / Tests & Exercises,ID.IM-02.04
2.6 Testing / 2.6.2 Expectations / General,2.6.2.3,"The FMI should develop appropriate capabilities and involve, if deemed necessary, all relevant internal stakeholders (including business lines and operational units) when implementing its testing programme.",Evolving,Full Summarily,"ID.IM-02.03: The organization tests and validates the effectiveness of the incident detection, reporting, and communication processes and protocols with internal and external stakeholders.",IDENTIFY / Improvement / Tests & Exercises,ID.IM-02.03
2.6 Testing / 2.6.2 Expectations / General,2.6.2.3,"The FMI should develop appropriate capabilities and involve, if deemed necessary, all relevant internal stakeholders (including business lines and operational units) when implementing its testing programme.",Evolving,Full Summarily,"ID.IM-02.07: The organization's governing body (e.g., the Board or one of its committees) and senior management are involved in testing as part of a crisis management team and are informed of test results.",IDENTIFY / Improvement / Tests & Exercises,ID.IM-02.07
2.6 Testing / 2.6.2 Expectations / General,2.6.2.4,"The FMI should ensure that the tests are undertaken by independent parties, whether internal or external.",Evolving,Full Summarily,"ID.IM-02.01: The organization conducts regular, independent penetration testing and red team testing on the organization's network, internet-facing systems, critical applications, and associated controls to identify gaps in cybersecurity defenses.",IDENTIFY / Improvement / Tests & Exercises,ID.IM-02.01
2.6 Testing / 2.6.2 Expectations / General,2.6.2.4,"The FMI should ensure that the tests are undertaken by independent parties, whether internal or external.",Evolving,Full Summarily,ID.IM-02.02: The thoroughness and results of independent penetration testing are regularly reviewed to help determine the need to rotate testing vendors to obtain fresh independent perspectives.,IDENTIFY / Improvement / Tests & Exercises,ID.IM-02.02
2.6 Testing / 2.6.2 Expectations / General,2.6.2.5,"For continuous improvement of its cyber resilience posture, the FMI should establish policies and procedures to prioritise and remedy issues identified from the various tests and perform subsequent validation to assess whether gaps have been fully addressed.",Evolving,Full Summarily,"ID.IM-02.09: Corrective actions for gaps identified during security-related, incident management, response plan, and disaster recovery testing are retested and validated, or have a formal risk acceptance or risk exception.",IDENTIFY / Improvement / Tests & Exercises,ID.IM-02.09
2.6 Testing / 2.6.2 Expectations / General,2.6.2.5,"For continuous improvement of its cyber resilience posture, the FMI should establish policies and procedures to prioritise and remedy issues identified from the various tests and perform subsequent validation to assess whether gaps have been fully addressed.",Evolving,Full Summarily,"ID.IM-04.08: The organization regularly reviews response strategy, incident management plans, recovery plans, and associated tests and exercises and updates them, as necessary, based on:
(1) Lessons learned from incidents that have occurred (both internal and external to the organization);
(2) Current cyber threat intelligence (both internal and external sources);
(3) Recent and wide-scale cyber attack scenarios;
(4) Operationally and technically plausible future cyber attacks;
(5) Organizational or technical environment changes; and,
(6) New technological developments.",<div>IDENTIFY / Improvement / Plans Affecting Operations</div>,ID.IM-04.08
2.6 Testing / 2.6.2 Expectations / General,2.6.2.6,The FMI’s Board and senior management should incorporate lessons learned from the test results.,Evolving,Full,"ID.IM-04.08: The organization regularly reviews response strategy, incident management plans, recovery plans, and associated tests and exercises and updates them, as necessary, based on:
(1) Lessons learned from incidents that have occurred (both internal and external to the organization);
(2) Current cyber threat intelligence (both internal and external sources);
(3) Recent and wide-scale cyber attack scenarios;
(4) Operationally and technically plausible future cyber attacks;
(5) Organizational or technical environment changes; and,
(6) New technological developments.",<div>IDENTIFY / Improvement / Plans Affecting Operations</div>,ID.IM-04.08
2.6 Testing / 2.6.2 Expectations / General,2.6.2.7,"The FMI should test critical systems, applications and data recovery plans at least annually.",Evolving,Full Summarily,"ID.IM-02.01: The organization conducts regular, independent penetration testing and red team testing on the organization's network, internet-facing systems, critical applications, and associated controls to identify gaps in cybersecurity defenses.",IDENTIFY / Improvement / Tests & Exercises,ID.IM-02.01
2.6 Testing / 2.6.2 Expectations / General,2.6.2.7,"The FMI should test critical systems, applications and data recovery plans at least annually.",Evolving,Full Summarily,"ID.IM-02.04: The organization's testing program validates the effectiveness of its resilience strategy and response, disaster recovery, and resumption plans on a regular basis or upon major changes to business or system functions, and includes external stakeholders as required.",IDENTIFY / Improvement / Tests & Exercises,ID.IM-02.04
2.6 Testing / 2.6.2 Expectations / General,2.6.2.8,"The FMI should test response, resumption and recovery plans, including governance and coordination, and crisis communication arrangements and practices, at least annually.",Evolving,Full,"ID.IM-02.04: The organization's testing program validates the effectiveness of its resilience strategy and response, disaster recovery, and resumption plans on a regular basis or upon major changes to business or system functions, and includes external stakeholders as required.",IDENTIFY / Improvement / Tests & Exercises,ID.IM-02.04
2.6 Testing / 2.6.2 Expectations / General,2.6.2.9,The FMI should test the information backups periodically to verify they are accessible and readable.,Evolving,Full Summarily,"ID.IM-02.06: The organization designs and tests its systems and processes, and employs third-party support resources (e.g., Sheltered Harbor), to enable recovery of accurate data (e.g., material financial transactions) sufficient to support defined business recovery time and recovery point objectives.",IDENTIFY / Improvement / Tests & Exercises,ID.IM-02.06
2.6 Testing / 2.6.2 Expectations / General,2.6.2.9,The FMI should test the information backups periodically to verify they are accessible and readable.,Evolving,Full Summarily,"PR.DS-11.01: The organization defines and implements standards and procedures for configuring and performing backups and data replications, including defining backup requirements by data/application/infrastructure criticality, segregating (e.g., air-gapping) and securing backups, verifying backup integrity, and performing backup restoration testing.",PROTECT / Data Security / Data Backup,PR.DS-11.01
2.6 Testing / 2.6.2 Expectations / Vulnerability assessments,2.6.2.10,"The FMI should develop a documented and regularly updated vulnerability management process in order to classify, prioritise and remedy potential weaknesses identified in vulnerability assessments and perform subsequent validation to assess whether gaps have been fully addressed.",Evolving,Full Summarily,"ID.RA-01.03: The organization establishes and maintains standards and capabilities for ongoing vulnerability management, including systematic scans, or reviews reasonably designed to identify known cyber vulnerabilities and upgrade opportunities, across the organization's environments and assets.",IDENTIFY / Risk Assessment / Asset Vulnerability Identification,ID.RA-01.03
2.6 Testing / 2.6.2 Expectations / Vulnerability assessments,2.6.2.10,"The FMI should develop a documented and regularly updated vulnerability management process in order to classify, prioritise and remedy potential weaknesses identified in vulnerability assessments and perform subsequent validation to assess whether gaps have been fully addressed.",Evolving,Full Summarily,"ID.RA-06.05: The organization defines and implements standards and procedures to prioritize and remediate issues identified in vulnerability scanning or penetration testing, including emergency or zero-day threats and vulnerabilities.",IDENTIFY / Risk Assessment / Risk Response Determination,ID.RA-06.05
2.6 Testing / 2.6.2 Expectations / Vulnerability assessments,2.6.2.10,"The FMI should develop a documented and regularly updated vulnerability management process in order to classify, prioritise and remedy potential weaknesses identified in vulnerability assessments and perform subsequent validation to assess whether gaps have been fully addressed.",Evolving,Full Summarily,"ID.IM-02.01: The organization conducts regular, independent penetration testing and red team testing on the organization's network, internet-facing systems, critical applications, and associated controls to identify gaps in cybersecurity defenses.",IDENTIFY / Improvement / Tests & Exercises,ID.IM-02.01
2.6 Testing / 2.6.2 Expectations / Vulnerability assessments,2.6.2.10,"The FMI should develop a documented and regularly updated vulnerability management process in order to classify, prioritise and remedy potential weaknesses identified in vulnerability assessments and perform subsequent validation to assess whether gaps have been fully addressed.",Evolving,Full Summarily,ID.IM-02.02: The thoroughness and results of independent penetration testing are regularly reviewed to help determine the need to rotate testing vendors to obtain fresh independent perspectives.,IDENTIFY / Improvement / Tests & Exercises,ID.IM-02.02
2.6 Testing / 2.6.2 Expectations / Vulnerability assessments,2.6.2.11,"The FMI’s vulnerability management process should help any type of exploitable weakness to be identified (technical, processual, organisational and emergent) in the critical functions, their supporting processes and information assets where they reside.",Evolving,Full Summarily,"ID.RA-01.01: The organization identifies, assesses, and documents risks and potential vulnerabilities associated with assets, to include workforce, data, technology, facilities, services, and connections.",IDENTIFY / Risk Assessment / Asset Vulnerability Identification,ID.RA-01.01
2.6 Testing / 2.6.2 Expectations / Vulnerability assessments,2.6.2.11,"The FMI’s vulnerability management process should help any type of exploitable weakness to be identified (technical, processual, organisational and emergent) in the critical functions, their supporting processes and information assets where they reside.",Evolving,Full Summarily,"ID.RA-01.03: The organization establishes and maintains standards and capabilities for ongoing vulnerability management, including systematic scans, or reviews reasonably designed to identify known cyber vulnerabilities and upgrade opportunities, across the organization's environments and assets.",IDENTIFY / Risk Assessment / Asset Vulnerability Identification,ID.RA-01.03
2.6 Testing / 2.6.2 Expectations / Vulnerability assessments,2.6.2.11,"The FMI’s vulnerability management process should help any type of exploitable weakness to be identified (technical, processual, organisational and emergent) in the critical functions, their supporting processes and information assets where they reside.",Evolving,Full Summarily,"ID.IM-02.01: The organization conducts regular, independent penetration testing and red team testing on the organization's network, internet-facing systems, critical applications, and associated controls to identify gaps in cybersecurity defenses.",IDENTIFY / Improvement / Tests & Exercises,ID.IM-02.01
2.6 Testing / 2.6.2 Expectations / Vulnerability assessments,2.6.2.12,The FMI should conduct vulnerability scanning for their external-facing services and the internal systems and networks on a regular basis.,Evolving,Full,"ID.RA-01.03: The organization establishes and maintains standards and capabilities for ongoing vulnerability management, including systematic scans, or reviews reasonably designed to identify known cyber vulnerabilities and upgrade opportunities, across the organization's environments and assets.",IDENTIFY / Risk Assessment / Asset Vulnerability Identification,ID.RA-01.03
2.6 Testing / 2.6.2 Expectations / Vulnerability assessments,2.6.2.13,"The FMI should perform vulnerability assessments before any deployment or redeployment of new or existing services supporting critical functions, applications and infrastructure components for fixing bugs and weaknesses, consistently with change and release management processes in place.",Evolving,Full Summarily,"ID.RA-07.01: The organization defines and implements change management standards and procedures, to include emergency change procedures, that explicitly address risk identified both prior to and during a change, any new risk created post-change, as well as the reviewing and approving authorities (e.g., change advisory boards).",IDENTIFY / Risk Assessment / Change & Exception Management,ID.RA-07.01
2.6 Testing / 2.6.2 Expectations / Vulnerability assessments,2.6.2.13,"The FMI should perform vulnerability assessments before any deployment or redeployment of new or existing services supporting critical functions, applications and infrastructure components for fixing bugs and weaknesses, consistently with change and release management processes in place.",Evolving,Full Summarily,"PR.PS-06.01: The organization implements Secure Systems Development Lifecycle processes for in-house software design, configuration, and development, employing best practices from secure-by-design methodologies (e.g., secure coding, code review, application security testing, etc.) during all phases of both traditional and agile projects.",PROTECT / Platform Security / Secure Systems Development Practices,PR.PS-06.01
2.6 Testing / 2.6.2 Expectations / Vulnerability assessments,2.6.2.13,"The FMI should perform vulnerability assessments before any deployment or redeployment of new or existing services supporting critical functions, applications and infrastructure components for fixing bugs and weaknesses, consistently with change and release management processes in place.",Evolving,Full Summarily,"PR.PS-06.05: A software security testing and validation strategy is developed and implemented in the development lifecycle of all software projects, defining testing requirements and plans; performing/automating testing, vulnerability scanning, and migration activities; and supporting code integrity verification (e.g., using digital signatures).",PROTECT / Platform Security / Secure Systems Development Practices,PR.PS-06.05
2.6 Testing / 2.6.2 Expectations / Vulnerability assessments,2.6.2.13,"The FMI should perform vulnerability assessments before any deployment or redeployment of new or existing services supporting critical functions, applications and infrastructure components for fixing bugs and weaknesses, consistently with change and release management processes in place.",Evolving,Full Summarily,"PR.PS-06.06: The system development lifecycle remediates known critical vulnerabilities, and critical vulnerabilities discovered during testing, prior to production deployment.",PROTECT / Platform Security / Secure Systems Development Practices,PR.PS-06.06
2.6 Testing / 2.6.2 Expectations / Vulnerability assessments,2.6.2.14,"The FMI should periodically conduct vulnerability assessments on running services, applications and infrastructure components for compliance checks against regulations, policy and configurations, as well as for monitoring and evaluating the effectiveness of security controls to address the identified vulnerabilities.",Evolving,Full Summarily,"ID.RA-01.03: The organization establishes and maintains standards and capabilities for ongoing vulnerability management, including systematic scans, or reviews reasonably designed to identify known cyber vulnerabilities and upgrade opportunities, across the organization's environments and assets.",IDENTIFY / Risk Assessment / Asset Vulnerability Identification,ID.RA-01.03
2.6 Testing / 2.6.2 Expectations / Vulnerability assessments,2.6.2.14,"The FMI should periodically conduct vulnerability assessments on running services, applications and infrastructure components for compliance checks against regulations, policy and configurations, as well as for monitoring and evaluating the effectiveness of security controls to address the identified vulnerabilities.",Evolving,Full Summarily,"ID.IM-02.01: The organization conducts regular, independent penetration testing and red team testing on the organization's network, internet-facing systems, critical applications, and associated controls to identify gaps in cybersecurity defenses.",IDENTIFY / Improvement / Tests & Exercises,ID.IM-02.01
2.6 Testing / 2.6.2 Expectations / Scenario-based testing,2.6.2.15,"The FMI should perform different scenario-based tests, including extreme but plausible scenarios, to evaluate and improve its incident detection capability, as well as response, resumption and recovery plans. Scenario-based tests can take the form of desktop exercises or simulations.",Evolving,Full Summarily,"ID.RA-05.04: The organization uses scenario planning, table-top-exercises, or similar event analysis techniques to identify vulnerabilities and determine potential impacts to critical infrastructure, technology, and business processes.",IDENTIFY / Risk Assessment / Risk Exposure Determination & Prioritization,ID.RA-05.04
2.6 Testing / 2.6.2 Expectations / Scenario-based testing,2.6.2.15,"The FMI should perform different scenario-based tests, including extreme but plausible scenarios, to evaluate and improve its incident detection capability, as well as response, resumption and recovery plans. Scenario-based tests can take the form of desktop exercises or simulations.",Evolving,Full Summarily,"ID.IM-02.05: The organization establishes testing programs that include a range of scenarios, including severe but plausible scenarios (e.g., disruptive, destructive, corruptive), that could affect the organization's ability to service internal and external stakeholders.",IDENTIFY / Improvement / Tests & Exercises,ID.IM-02.05
2.6 Testing / 2.6.2 Expectations / Scenario-based testing,2.6.2.16,"The FMI’s Board and senior management should be engaged in the scenario-based test, when appropriate.",Evolving,Full,"ID.IM-02.07: The organization's governing body (e.g., the Board or one of its committees) and senior management are involved in testing as part of a crisis management team and are informed of test results.",IDENTIFY / Improvement / Tests & Exercises,ID.IM-02.07
2.6 Testing / 2.6.2 Expectations / Scenario-based testing,2.6.2.17,"To improve the FMI’s staff awareness and enhance the risk culture within the organisation, the scenario-based tests should include social engineering and phishing simulation.",Evolving,Partial,"ID.IM-02.05: The organization establishes testing programs that include a range of scenarios, including severe but plausible scenarios (e.g., disruptive, destructive, corruptive), that could affect the organization's ability to service internal and external stakeholders.",IDENTIFY / Improvement / Tests & Exercises,ID.IM-02.05
2.6 Testing / 2.6.2 Expectations / Scenario-based testing,2.6.2.18,"The FMI should test of the extent to which internal skills, processes and procedures can adequately respond to extreme but plausible scenarios, with a view to achieving stronger operational resilience.",Evolving,Full Summarily,"ID.IM-02.05: The organization establishes testing programs that include a range of scenarios, including severe but plausible scenarios (e.g., disruptive, destructive, corruptive), that could affect the organization's ability to service internal and external stakeholders.",IDENTIFY / Improvement / Tests & Exercises,ID.IM-02.05
2.6 Testing / 2.6.2 Expectations / Scenario-based testing,2.6.2.18,"The FMI should test of the extent to which internal skills, processes and procedures can adequately respond to extreme but plausible scenarios, with a view to achieving stronger operational resilience.",Evolving,Full Summarily,"ID.IM-04.08: The organization regularly reviews response strategy, incident management plans, recovery plans, and associated tests and exercises and updates them, as necessary, based on:
(1) Lessons learned from incidents that have occurred (both internal and external to the organization);
(2) Current cyber threat intelligence (both internal and external sources);
(3) Recent and wide-scale cyber attack scenarios;
(4) Operationally and technically plausible future cyber attacks;
(5) Organizational or technical environment changes; and,
(6) New technological developments.",<div>IDENTIFY / Improvement / Plans Affecting Operations</div>,ID.IM-04.08
2.6 Testing / 2.6.2 Expectations / Red team testing,2.6.2.19,"The FMI should conduct penetration tests on their external-facing services and the internal systems and networks to identify vulnerabilities in the adopted technology, organisation and operations regularly, or at least on an annual basis. Penetration tests should be conducted using a risk-based approach and, at the very least, in cases of major changes and new system deployment.",Evolving,Full Summarily,"ID.IM-02.01: The organization conducts regular, independent penetration testing and red team testing on the organization's network, internet-facing systems, critical applications, and associated controls to identify gaps in cybersecurity defenses.",IDENTIFY / Improvement / Tests & Exercises,ID.IM-02.01
2.6 Testing / 2.6.2 Expectations / Red team testing,2.6.2.19,"The FMI should conduct penetration tests on their external-facing services and the internal systems and networks to identify vulnerabilities in the adopted technology, organisation and operations regularly, or at least on an annual basis. Penetration tests should be conducted using a risk-based approach and, at the very least, in cases of major changes and new system deployment.",Evolving,Full Summarily,"PR.PS-06.05: A software security testing and validation strategy is developed and implemented in the development lifecycle of all software projects, defining testing requirements and plans; performing/automating testing, vulnerability scanning, and migration activities; and supporting code integrity verification (e.g., using digital signatures).",PROTECT / Platform Security / Secure Systems Development Practices,PR.PS-06.05
2.6 Testing / 2.6.2 Expectations / Red team testing,2.6.2.20,"The FMI should perform penetration tests, engaging all critical internal and external stakeholders in the penetration testing exercises: system owners, business continuity, and incident and crisis response teams.",Evolving,Full,"ID.IM-02.01: The organization conducts regular, independent penetration testing and red team testing on the organization's network, internet-facing systems, critical applications, and associated controls to identify gaps in cybersecurity defenses.",IDENTIFY / Improvement / Tests & Exercises,ID.IM-02.01
2.6 Testing / 2.6.2 Expectations / General,2.6.2.21,"The FMI should include testing practices as an integrated part of its enterprise risk management process with the aim of identifying, analysing and fixing cybersecurity vulnerabilities stemming from new products, services or interconnections.",Advancing,Full Summarily,GV.RM-03.01: Technology and cybersecurity risk management frameworks and programs are integrated into the enterprise risk management framework.,GOVERN / Risk Management Strategy / Enterprise Risk Integration,GV.RM-03.01
2.6 Testing / 2.6.2 Expectations / General,2.6.2.21,"The FMI should include testing practices as an integrated part of its enterprise risk management process with the aim of identifying, analysing and fixing cybersecurity vulnerabilities stemming from new products, services or interconnections.",Advancing,Full Summarily,"GV.IR-02.02: The independent risk management function regularly assesses the organization's controls and cybersecurity risk exposure, identifies opportunities for improvement based on assessment results, and recommends program improvements",GOVERN / Independent Risk Management Function / Independent Risk Management Evaluation,GV.IR-02.02
2.6 Testing / 2.6.2 Expectations / General,2.6.2.22,"The FMI should develop capabilities to seek, analyse and use cyber threat intelligence to help inform and update its testing programme to ensure it is in line with the latest threat landscape, attackers’ modus operandi and vulnerabilities.",Advancing,Full Summarily,"GV.RM-06.01: Technology and cybersecurity risk management and risk assessment processes and methodologies are documented and regularly reviewed and updated to address changes in the risk profile and risk appetite, the evolving threat environment, and new technologies, products, services, and interdependencies.",GOVERN / Risk Management Strategy / Standardized Risk Management Method,GV.RM-06.01
2.6 Testing / 2.6.2 Expectations / General,2.6.2.22,"The FMI should develop capabilities to seek, analyse and use cyber threat intelligence to help inform and update its testing programme to ensure it is in line with the latest threat landscape, attackers’ modus operandi and vulnerabilities.",Advancing,Full Summarily,"ID.RA-06.04: The organization assesses the threats, impacts, and risks that could adversely affect the organization's ability to provide services on an ongoing basis, and develops its resilience requirements and plans to address those risks.",IDENTIFY / Risk Assessment / Risk Response Determination,ID.RA-06.04
2.6 Testing / 2.6.2 Expectations / General,2.6.2.22,"The FMI should develop capabilities to seek, analyse and use cyber threat intelligence to help inform and update its testing programme to ensure it is in line with the latest threat landscape, attackers’ modus operandi and vulnerabilities.",Advancing,Full Summarily,"ID.IM-04.08: The organization regularly reviews response strategy, incident management plans, recovery plans, and associated tests and exercises and updates them, as necessary, based on:
(1) Lessons learned from incidents that have occurred (both internal and external to the organization);
(2) Current cyber threat intelligence (both internal and external sources);
(3) Recent and wide-scale cyber attack scenarios;
(4) Operationally and technically plausible future cyber attacks;
(5) Organizational or technical environment changes; and,
(6) New technological developments.",<div>IDENTIFY / Improvement / Plans Affecting Operations</div>,ID.IM-04.08
2.6 Testing / 2.6.2 Expectations / General,2.6.2.23,The FMI should adopt best practices and automated tools to support the processes and procedures in place to fix technical and organisational weaknesses identified during the testing exercises and to check for compliance with approved policy and configurations.,Advancing,Full,"ID.IM-02.09: Corrective actions for gaps identified during security-related, incident management, response plan, and disaster recovery testing are retested and validated, or have a formal risk acceptance or risk exception.",IDENTIFY / Improvement / Tests & Exercises,ID.IM-02.09
2.6 Testing / 2.6.2 Expectations / General,2.6.2.24,"The FMI should perform security assessments and tests when applicable at all phases of the SDLC and at any level (business, application and technology) for the entire application portfolio, including mobile applications.",Advancing,Full Summarily,"PR.PS-06.01: The organization implements Secure Systems Development Lifecycle processes for in-house software design, configuration, and development, employing best practices from secure-by-design methodologies (e.g., secure coding, code review, application security testing, etc.) during all phases of both traditional and agile projects.",PROTECT / Platform Security / Secure Systems Development Practices,PR.PS-06.01
2.6 Testing / 2.6.2 Expectations / General,2.6.2.24,"The FMI should perform security assessments and tests when applicable at all phases of the SDLC and at any level (business, application and technology) for the entire application portfolio, including mobile applications.",Advancing,Full Summarily,"PR.PS-06.05: A software security testing and validation strategy is developed and implemented in the development lifecycle of all software projects, defining testing requirements and plans; performing/automating testing, vulnerability scanning, and migration activities; and supporting code integrity verification (e.g., using digital signatures).",PROTECT / Platform Security / Secure Systems Development Practices,PR.PS-06.05
2.6 Testing / 2.6.2 Expectations / Vulnerability assessments,2.6.2.25,"The FMI should perform vulnerability scanning on an ongoing basis, rotating among environments in order to scan all environments throughout the year.",Advancing,Full,"ID.RA-01.03: The organization establishes and maintains standards and capabilities for ongoing vulnerability management, including systematic scans, or reviews reasonably designed to identify known cyber vulnerabilities and upgrade opportunities, across the organization's environments and assets.",IDENTIFY / Risk Assessment / Asset Vulnerability Identification,ID.RA-01.03
2.6 Testing / 2.6.2 Expectations / Scenario-based testing,2.6.2.26,"The FMI should test its response, resumption and recovery plans against cyber attack scenarios which include data destruction, data integrity corruption, data loss, and system and data availability.",Advancing,Full,"ID.IM-02.05: The organization establishes testing programs that include a range of scenarios, including severe but plausible scenarios (e.g., disruptive, destructive, corruptive), that could affect the organization's ability to service internal and external stakeholders.",IDENTIFY / Improvement / Tests & Exercises,ID.IM-02.05
2.6 Testing / 2.6.2 Expectations / Scenario-based testing,2.6.2.27,"The FMI should use cybersecurity incident scenarios involving significant financial loss, as part of its stress testing process, to better understand potential spillovers and risk to its business model. The FMI should use such stress tests to further improve its risk management framework.",Advancing,Full,"ID.IM-02.05: The organization establishes testing programs that include a range of scenarios, including severe but plausible scenarios (e.g., disruptive, destructive, corruptive), that could affect the organization's ability to service internal and external stakeholders.",IDENTIFY / Improvement / Tests & Exercises,ID.IM-02.05
2.6 Testing / 2.6.2 Expectations / Red team testing,2.6.2.28,"The FMI should design and perform penetration tests to simulate realistic attack techniques on systems, networks, applications and procedures.",Advancing,Full,"ID.IM-02.05: The organization establishes testing programs that include a range of scenarios, including severe but plausible scenarios (e.g., disruptive, destructive, corruptive), that could affect the organization's ability to service internal and external stakeholders.",IDENTIFY / Improvement / Tests & Exercises,ID.IM-02.05
2.6 Testing / 2.6.2 Expectations / Red team testing,2.6.2.29,"The FMI should conduct red team exercises to test critical functions for possible vulnerabilities and the effectiveness of an FMI’s mitigating controls, including its people, processes and technology.",Advancing,Full,"ID.IM-02.05: The organization establishes testing programs that include a range of scenarios, including severe but plausible scenarios (e.g., disruptive, destructive, corruptive), that could affect the organization's ability to service internal and external stakeholders.",IDENTIFY / Improvement / Tests & Exercises,ID.IM-02.05
2.6 Testing / 2.6.2 Expectations / Red team testing,2.6.2.30,"The FMI should perform red team exercises using reliable and valuable cyber threat intelligence, based on specific and plausible threat scenarios.",Advancing,Full Summarily,"ID.IM-02.01: The organization conducts regular, independent penetration testing and red team testing on the organization's network, internet-facing systems, critical applications, and associated controls to identify gaps in cybersecurity defenses.",IDENTIFY / Improvement / Tests & Exercises,ID.IM-02.01
2.6 Testing / 2.6.2 Expectations / Red team testing,2.6.2.30,"The FMI should perform red team exercises using reliable and valuable cyber threat intelligence, based on specific and plausible threat scenarios.",Advancing,Full Summarily,"ID.IM-02.05: The organization establishes testing programs that include a range of scenarios, including severe but plausible scenarios (e.g., disruptive, destructive, corruptive), that could affect the organization's ability to service internal and external stakeholders.",IDENTIFY / Improvement / Tests & Exercises,ID.IM-02.05
2.6 Testing / 2.6.2 Expectations / Red team testing,2.6.2.31,"The FMI should conduct independent red team exercises, utilising regulatory and industry frameworks (e.g. the European Framework for Threat-Intelligence Based Ethical Red teaming (TIBER-EU Framework)8).",Advancing,Partial,"ID.IM-02.01: The organization conducts regular, independent penetration testing and red team testing on the organization's network, internet-facing systems, critical applications, and associated controls to identify gaps in cybersecurity defenses.",IDENTIFY / Improvement / Tests & Exercises,ID.IM-02.01
2.6 Testing / 2.6.2 Expectations / Red team testing,2.6.2.32,"The FMI should build its internal processes and capabilities to prepare for undertaking the independent red team exercise (e.g. establishing an internal white team, developing incident escalation procedures, following appropriate methodologies and establishing robust risk management controls), as set out in the TIBER-EU Framework, for example.",Advancing,Full,"ID.IM-02.01: The organization conducts regular, independent penetration testing and red team testing on the organization's network, internet-facing systems, critical applications, and associated controls to identify gaps in cybersecurity defenses.",IDENTIFY / Improvement / Tests & Exercises,ID.IM-02.01
2.6 Testing / 2.6.2 Expectations / General,2.6.2.33,"The FMI should develop, monitor and analyse metrics to assess the performance and effectiveness of its testing programme. The FMI should use the analysis conducted to further improve its testing programme.",Innovating,Full Summarily,"GV.OV-03.01: The organization develops, implements, and reports to management and the governing body (e.g., the Board or one of its committees) key technology and cybersecurity risk and performance indicators and metrics to measure, monitor, and report actionable indicators.",GOVERN / Oversight / Risk Management Performance Measurement,GV.OV-03.01
2.6 Testing / 2.6.2 Expectations / General,2.6.2.33,"The FMI should develop, monitor and analyse metrics to assess the performance and effectiveness of its testing programme. The FMI should use the analysis conducted to further improve its testing programme.",Innovating,Full Summarily,"ID.IM-03.02: The organization establishes a systematic and comprehensive program to regularly evaluate and improve its monitoring and detection processes and controls as the threat environment changes, tools and techniques evolve, and lessons are learned.",IDENTIFY / Improvement / Improvements from Lessons Learned,ID.IM-03.02
2.6 Testing / 2.6.2 Expectations / General,2.6.2.34,"The FMI should regularly conduct tests in collaboration with its peers, participants and third parties.",Innovating,Full Summarily,"GV.SC-08.01: The organization's resilience strategy, plans, tests, and exercises incorporate its external dependencies and critical business partners.",<div>GOVERN / Supply Chain Risk Management / Third Party Incident Management Integration</div>,GV.SC-08.01
2.6 Testing / 2.6.2 Expectations / General,2.6.2.34,"The FMI should regularly conduct tests in collaboration with its peers, participants and third parties.",Innovating,Full Summarily,"ID.IM-02.08: The organization tests and exercises, independently and in coordination with other critical sector partners, its ability to support sector-wide resilience in the event of extreme financial stress or the instability of external dependencies, such as connectivity to markets, payment systems, clearing entities, messaging services, etc.",IDENTIFY / Improvement / Tests & Exercises,ID.IM-02.08
2.6 Testing / 2.6.2 Expectations / General,2.6.2.35,The FMI should proactively engage in industry-wide exercises in order to test cooperation and coordination protocols and communication plans. These exercises should foster the FMI’s awareness on cross-sector cooperation and third-party risks.,Innovating,Full Summarily,"ID.RA-02.01: The organization participates actively (in alignment with its business operations, inherent risk, and complexity) in information-sharing groups and collectives (e.g., cross-industry, cross-government and cross-border groups) to gather, distribute and analyze information about cyber practices, cyber threats, and early warning indicators relating to cyber threats.",IDENTIFY / Risk Assessment / Information Sharing Forums,ID.RA-02.01
2.6 Testing / 2.6.2 Expectations / General,2.6.2.35,The FMI should proactively engage in industry-wide exercises in order to test cooperation and coordination protocols and communication plans. These exercises should foster the FMI’s awareness on cross-sector cooperation and third-party risks.,Innovating,Full Summarily,"ID.IM-02.08: The organization tests and exercises, independently and in coordination with other critical sector partners, its ability to support sector-wide resilience in the event of extreme financial stress or the instability of external dependencies, such as connectivity to markets, payment systems, clearing entities, messaging services, etc.",IDENTIFY / Improvement / Tests & Exercises,ID.IM-02.08
2.6 Testing / 2.6.2 Expectations / General,2.6.2.36,The FMI should promote and participate in cross-sector cyber testing exercises to assess the soundness and security of its value chain as a whole.,Innovating,Full Summarily,"ID.RA-02.01: The organization participates actively (in alignment with its business operations, inherent risk, and complexity) in information-sharing groups and collectives (e.g., cross-industry, cross-government and cross-border groups) to gather, distribute and analyze information about cyber practices, cyber threats, and early warning indicators relating to cyber threats.",IDENTIFY / Risk Assessment / Information Sharing Forums,ID.RA-02.01
2.6 Testing / 2.6.2 Expectations / General,2.6.2.36,The FMI should promote and participate in cross-sector cyber testing exercises to assess the soundness and security of its value chain as a whole.,Innovating,Full Summarily,"ID.IM-02.08: The organization tests and exercises, independently and in coordination with other critical sector partners, its ability to support sector-wide resilience in the event of extreme financial stress or the instability of external dependencies, such as connectivity to markets, payment systems, clearing entities, messaging services, etc.",IDENTIFY / Improvement / Tests & Exercises,ID.IM-02.08
2.6 Testing / 2.6.2 Expectations / General,2.6.2.37,"The FMI should test the cooperation arrangements in place with relevant external entities at least annually (e.g. third-party security service providers, law enforcement agencies, computer emergency response teams (CERTs) or information sharing and analysis centres (ISACs), etc.) in order to validate their effectiveness.",Innovating,Full Summarily,"ID.RA-03.04: The organization regularly reviews and updates its threat analysis methodology, threat information sources, and supporting tools.",IDENTIFY / Risk Assessment / Threat Identification,ID.RA-03.04
2.6 Testing / 2.6.2 Expectations / General,2.6.2.37,"The FMI should test the cooperation arrangements in place with relevant external entities at least annually (e.g. third-party security service providers, law enforcement agencies, computer emergency response teams (CERTs) or information sharing and analysis centres (ISACs), etc.) in order to validate their effectiveness.",Innovating,Full Summarily,"EX.CN-02.04: Contracts with suppliers address, as relevant to the product or service, the supplier's obligation to regularly participate in joint and/or bilateral recovery exercises and tests, and to address significant issues identified through recovery testing.",EXTEND / Third-Party Contracts and Agreements / Contract Cybersecurity-Related Requirements,EX.CN-02.04
2.6 Testing / 2.6.2 Expectations / General,2.6.2.37,"The FMI should test the cooperation arrangements in place with relevant external entities at least annually (e.g. third-party security service providers, law enforcement agencies, computer emergency response teams (CERTs) or information sharing and analysis centres (ISACs), etc.) in order to validate their effectiveness.",Innovating,Full Summarily,"EX.MM-02.02: A process is in place to confirm that the organization's critical third-party service providers maintain their business continuity programs, conduct regular resiliency testing, and participate in joint and/or bilateral recovery exercises and tests.",EXTEND / Monitoring and Managing Suppliers / Ongoing Third-Party Management,EX.MM-02.02
2.6 Testing / 2.6.2 Expectations / General,2.6.2.38,"The FMI should consider discussing relevant test conclusions with other stakeholders to boost the cyber resilience of its ecosystem and the financial sector as a whole, as far as possible and under specific information-sharing arrangements.",Innovating,Full,ID.RA-02.02: The organization shares authorized information on its cyber resilience framework and the effectiveness of protection technologies bilaterally with trusted external stakeholders to promote the understanding of each party’s approach to securing systems.,IDENTIFY / Risk Assessment / Information Sharing Forums,ID.RA-02.02
2.6 Testing / 2.6.2 Expectations / Vulnerability assessments,2.6.2.39,"The FMI should develop and adopt a range of effective practices and tools (e.g. a Bug Bounty programme and static and dynamic code reviews, etc.) as part of its vulnerability management process, and have appropriate safeguards in place to manage them.",Innovating,Full Summarily,"ID.RA-08.01: The organization has established enterprise processes for soliciting, receiving and appropriately channeling vulnerability disclosures from:
(1) Public sources (e.g., customers and security researchers);
(2) Vulnerability sharing forums (e.g., FS-ISAC); and
(3) Third-parties (e.g., cloud vendors);
(4) Internal sources (e.g., development teams).",IDENTIFY / Risk Assessment / Vulnerability Disclosure Response,ID.RA-08.01
2.6 Testing / 2.6.2 Expectations / Vulnerability assessments,2.6.2.39,"The FMI should develop and adopt a range of effective practices and tools (e.g. a Bug Bounty programme and static and dynamic code reviews, etc.) as part of its vulnerability management process, and have appropriate safeguards in place to manage them.",Innovating,Full Summarily,"ID.RA-08.02: The organization has established enterprise processes to analyze disclosed vulnerabilities with a focus on:
(1) Determining its validity;
(2) Assessing its scope (e.g., affected assets);
(3) Determining it's severity and impact;
(4) Identifying affected stakeholders or customers; and
(5) Analyzing options to respond.",IDENTIFY / Risk Assessment / Vulnerability Disclosure Response,ID.RA-08.02
2.6 Testing / 2.6.2 Expectations / Scenario-based testing,2.6.2.40,"The FMI should conduct scenario-based tests that cover breaches affecting multiple portions of the FMI's ecosystem in order to identify and analyse potential complexities, interdependencies and possible contagion both at business and operational level which should be taken into account in the FMI’s cyber resilience framework.",Innovating,Full Summarily,"ID.IM-02.05: The organization establishes testing programs that include a range of scenarios, including severe but plausible scenarios (e.g., disruptive, destructive, corruptive), that could affect the organization's ability to service internal and external stakeholders.",IDENTIFY / Improvement / Tests & Exercises,ID.IM-02.05
2.6 Testing / 2.6.2 Expectations / Scenario-based testing,2.6.2.40,"The FMI should conduct scenario-based tests that cover breaches affecting multiple portions of the FMI's ecosystem in order to identify and analyse potential complexities, interdependencies and possible contagion both at business and operational level which should be taken into account in the FMI’s cyber resilience framework.",Innovating,Full Summarily,"ID.IM-02.08: The organization tests and exercises, independently and in coordination with other critical sector partners, its ability to support sector-wide resilience in the event of extreme financial stress or the instability of external dependencies, such as connectivity to markets, payment systems, clearing entities, messaging services, etc.",IDENTIFY / Improvement / Tests & Exercises,ID.IM-02.08
2.6 Testing / 2.6.2 Expectations / Scenario-based testing,2.6.2.41,"The FMI should collaborate with the ecosystem to develop cybersecurity incident scenarios involving significant financial loss and use them for stress tests to better understand potential spillovers and contagion risk to the ecosystem. The FMI should use such stress tests to further improve its cyber resilience posture, which contributes to improving the ecosystem’s resilience as a whole.",Innovating,Full,"ID.IM-02.08: The organization tests and exercises, independently and in coordination with other critical sector partners, its ability to support sector-wide resilience in the event of extreme financial stress or the instability of external dependencies, such as connectivity to markets, payment systems, clearing entities, messaging services, etc.",IDENTIFY / Improvement / Tests & Exercises,ID.IM-02.08
2.6 Testing / 2.6.2 Expectations / Red team testing,2.6.2.42,"In addition to periodic independent and external red team exercises, the FMI should develop an internal red team capability with the appropriate methodologies, sophisticated tools and appropriately skilled staff. The internal red team should regularly conduct red team exercises and engage with the internal blue team to share its findings and make improvements to the FMI’s cyber resilience posture.",Innovating,Partial,"ID.IM-02.01: The organization conducts regular, independent penetration testing and red team testing on the organization's network, internet-facing systems, critical applications, and associated controls to identify gaps in cybersecurity defenses.",IDENTIFY / Improvement / Tests & Exercises,ID.IM-02.01
2.6 Testing / 2.6.2 Expectations / Red team testing,2.6.2.42,"In addition to periodic independent and external red team exercises, the FMI should develop an internal red team capability with the appropriate methodologies, sophisticated tools and appropriately skilled staff. The internal red team should regularly conduct red team exercises and engage with the internal blue team to share its findings and make improvements to the FMI’s cyber resilience posture.",Innovating,Partial,"PR.AT-02.01: Mechanisms are in place to ensure that the personnel working with cybersecurity and technology (e.g., developers, DBAs, network admins, etc.) maintain current knowledge and skills related to changing threats, countermeasures, new tools, best practices, and their job responsibilities.",PROTECT / Awareness and Training / Specialized Role Awareness & Training,PR.AT-02.01
2.7 Situational awareness / 2.7.2.1 Cyber threat intelligence,2.7.2.1.1,"The FMI should identify cyber threats that could materially affect its ability to perform or provide services as expected, or that could have a significant impact on its ability to meet its own obligations or have knock-on effects within its ecosystem.",Evolving,Full Summarily,"GV.OC-05.01: The organization identifies, assesses, and documents the key dependencies, interdependencies, and potential points of failure to support the delivery of critical services (e.g., systems, business processes, workforce, third parties, facilities, etc.)",GOVERN / Organizational Context / Organizational Service Dependencies,GV.OC-05.01
2.7 Situational awareness / 2.7.2.1 Cyber threat intelligence,2.7.2.1.1,"The FMI should identify cyber threats that could materially affect its ability to perform or provide services as expected, or that could have a significant impact on its ability to meet its own obligations or have knock-on effects within its ecosystem.",Evolving,Full Summarily,"ID.RA-01.01: The organization identifies, assesses, and documents risks and potential vulnerabilities associated with assets, to include workforce, data, technology, facilities, services, and connections.",IDENTIFY / Risk Assessment / Asset Vulnerability Identification,ID.RA-01.01
2.7 Situational awareness / 2.7.2.1 Cyber threat intelligence,2.7.2.1.1,"The FMI should identify cyber threats that could materially affect its ability to perform or provide services as expected, or that could have a significant impact on its ability to meet its own obligations or have knock-on effects within its ecosystem.",Evolving,Full Summarily,"ID.RA-03.01: The organization, on an ongoing basis, identifies, analyzes, correlates, characterizes, and reports threats that are internal and external to the firm.",IDENTIFY / Risk Assessment / Threat Identification,ID.RA-03.01
2.7 Situational awareness / 2.7.2.1 Cyber threat intelligence,2.7.2.1.1,"The FMI should identify cyber threats that could materially affect its ability to perform or provide services as expected, or that could have a significant impact on its ability to meet its own obligations or have knock-on effects within its ecosystem.",Evolving,Full Summarily,"ID.RA-03.03: The organization includes in its threat analysis those cyber threats which could trigger extreme but plausible cyber events, even if they are considered unlikely to occur or have never occurred in the past.",IDENTIFY / Risk Assessment / Threat Identification,ID.RA-03.03
2.7 Situational awareness / 2.7.2.1 Cyber threat intelligence,2.7.2.1.1,"The FMI should identify cyber threats that could materially affect its ability to perform or provide services as expected, or that could have a significant impact on its ability to meet its own obligations or have knock-on effects within its ecosystem.",Evolving,Full Summarily,"ID.RA-03.04: The organization regularly reviews and updates its threat analysis methodology, threat information sources, and supporting tools.",IDENTIFY / Risk Assessment / Threat Identification,ID.RA-03.04
2.7 Situational awareness / 2.7.2.1 Cyber threat intelligence,2.7.2.1.2,"The FMI should have capabilities in place to gather cyber threat information from internal and external sources (e.g. application, system and network logs; security products such as firewalls and IDSs; trusted threat intelligence providers; and publicly available information).",Evolving,Full Summarily,"ID.RA-02.01: The organization participates actively (in alignment with its business operations, inherent risk, and complexity) in information-sharing groups and collectives (e.g., cross-industry, cross-government and cross-border groups) to gather, distribute and analyze information about cyber practices, cyber threats, and early warning indicators relating to cyber threats.",IDENTIFY / Risk Assessment / Information Sharing Forums,ID.RA-02.01
2.7 Situational awareness / 2.7.2.1 Cyber threat intelligence,2.7.2.1.2,"The FMI should have capabilities in place to gather cyber threat information from internal and external sources (e.g. application, system and network logs; security products such as firewalls and IDSs; trusted threat intelligence providers; and publicly available information).",Evolving,Full Summarily,"ID.RA-03.01: The organization, on an ongoing basis, identifies, analyzes, correlates, characterizes, and reports threats that are internal and external to the firm.",IDENTIFY / Risk Assessment / Threat Identification,ID.RA-03.01
2.7 Situational awareness / 2.7.2.1 Cyber threat intelligence,2.7.2.1.2,"The FMI should have capabilities in place to gather cyber threat information from internal and external sources (e.g. application, system and network logs; security products such as firewalls and IDSs; trusted threat intelligence providers; and publicly available information).",Evolving,Full Summarily,"ID.RA-03.02: The organization solicits and considers threat intelligence received from the organization's stakeholders, service and utility providers, and other industry and security organizations.",IDENTIFY / Risk Assessment / Threat Identification,ID.RA-03.02
2.7 Situational awareness / 2.7.2.1 Cyber threat intelligence,2.7.2.1.2,"The FMI should have capabilities in place to gather cyber threat information from internal and external sources (e.g. application, system and network logs; security products such as firewalls and IDSs; trusted threat intelligence providers; and publicly available information).",Evolving,Full Summarily,"ID.RA-03.04: The organization regularly reviews and updates its threat analysis methodology, threat information sources, and supporting tools.",IDENTIFY / Risk Assessment / Threat Identification,ID.RA-03.04
2.7 Situational awareness / 2.7.2.1 Cyber threat intelligence,2.7.2.1.2,"The FMI should have capabilities in place to gather cyber threat information from internal and external sources (e.g. application, system and network logs; security products such as firewalls and IDSs; trusted threat intelligence providers; and publicly available information).",Evolving,Full Summarily,"ID.RA-05.02: The organization has established threat modeling capabilities to identify how and why critical assets might be compromised by a threat actor, what level of protection is needed for those critical assets, and what the impact would be if that protection failed.",IDENTIFY / Risk Assessment / Risk Exposure Determination & Prioritization,ID.RA-05.02
2.7 Situational awareness / 2.7.2.1 Cyber threat intelligence,2.7.2.1.2,"The FMI should have capabilities in place to gather cyber threat information from internal and external sources (e.g. application, system and network logs; security products such as firewalls and IDSs; trusted threat intelligence providers; and publicly available information).",Evolving,Full Summarily,"DE.AE-02.01: The organization performs timely collection of event data, as well as advanced and automated analysis (including the use of security tools such as antivirus and IDS/IPS) on the detected events to:
(1) Assess and understand the nature, scope and method of the attack;
(2) Predict and block a similar future attack; and
(3) Report timely risk metrics.",DETECT / Adverse Event Analysis / Potentially Adverse Event Analysis,DE.AE-02.01
2.7 Situational awareness / 2.7.2.1 Cyber threat intelligence,2.7.2.1.2,"The FMI should have capabilities in place to gather cyber threat information from internal and external sources (e.g. application, system and network logs; security products such as firewalls and IDSs; trusted threat intelligence providers; and publicly available information).",Evolving,Full Summarily,"DE.AE-03.02: The organization performs real-time central analysis, aggregation, and correlation of anomalous activities, network and system alerts, and relevant event and cyber threat intelligence, including both internal and external (cloud and outsourced) environments, to better detect and prevent multifaceted cyber attacks.",DETECT / Adverse Event Analysis / Event Information Correlation,DE.AE-03.02
2.7 Situational awareness / 2.7.2.1 Cyber threat intelligence,2.7.2.1.3,"The FMI should belong or subscribe to a threat and vulnerability information-sharing source and/or ISAC that provides information on cyber threats and vulnerabilities. Cyber threat information gathered by the FMI should include analysis of tactics, techniques and procedures (TTPs) of real-life attackers, their modus operandi and information on geopolitical developments that may trigger cyber attacks on any entity within the FMI’s ecosystem.",Evolving,Full Summarily,"ID.RA-02.01: The organization participates actively (in alignment with its business operations, inherent risk, and complexity) in information-sharing groups and collectives (e.g., cross-industry, cross-government and cross-border groups) to gather, distribute and analyze information about cyber practices, cyber threats, and early warning indicators relating to cyber threats.",IDENTIFY / Risk Assessment / Information Sharing Forums,ID.RA-02.01
2.7 Situational awareness / 2.7.2.1 Cyber threat intelligence,2.7.2.1.3,"The FMI should belong or subscribe to a threat and vulnerability information-sharing source and/or ISAC that provides information on cyber threats and vulnerabilities. Cyber threat information gathered by the FMI should include analysis of tactics, techniques and procedures (TTPs) of real-life attackers, their modus operandi and information on geopolitical developments that may trigger cyber attacks on any entity within the FMI’s ecosystem.",Evolving,Full Summarily,"ID.RA-03.01: The organization, on an ongoing basis, identifies, analyzes, correlates, characterizes, and reports threats that are internal and external to the firm.",IDENTIFY / Risk Assessment / Threat Identification,ID.RA-03.01
2.7 Situational awareness / 2.7.2.1 Cyber threat intelligence,2.7.2.1.3,"The FMI should belong or subscribe to a threat and vulnerability information-sharing source and/or ISAC that provides information on cyber threats and vulnerabilities. Cyber threat information gathered by the FMI should include analysis of tactics, techniques and procedures (TTPs) of real-life attackers, their modus operandi and information on geopolitical developments that may trigger cyber attacks on any entity within the FMI’s ecosystem.",Evolving,Full Summarily,"ID.RA-03.02: The organization solicits and considers threat intelligence received from the organization's stakeholders, service and utility providers, and other industry and security organizations.",IDENTIFY / Risk Assessment / Threat Identification,ID.RA-03.02
2.7 Situational awareness / 2.7.2.1 Cyber threat intelligence,2.7.2.1.4,"The FMI should have the capabilities to analyse the cyber threat information gathered from different sources, while taking into account the business and technical characteristics of the FMI, in order to:
(a) determine the motivation and capabilities of threat actors (including their TTPs) and the extent to which the FMI is at risk of a targeted attack from them;
(b) assess the risk of technical vulnerabilities in operating systems, applications and other software, which could be exploited to perform attacks on the FMI;
(c) analyse cybersecurity incidents experienced by other organisations (where available), including types of incident and origin of attacks, target of attacks, preceding threat events and frequency of occurrence, and determine the potential risk these pose to the FMI.",Evolving,Full Summarily,"ID.RA-03.01: The organization, on an ongoing basis, identifies, analyzes, correlates, characterizes, and reports threats that are internal and external to the firm.",IDENTIFY / Risk Assessment / Threat Identification,ID.RA-03.01
2.7 Situational awareness / 2.7.2.1 Cyber threat intelligence,2.7.2.1.4,"The FMI should have the capabilities to analyse the cyber threat information gathered from different sources, while taking into account the business and technical characteristics of the FMI, in order to:
(a) determine the motivation and capabilities of threat actors (including their TTPs) and the extent to which the FMI is at risk of a targeted attack from them;
(b) assess the risk of technical vulnerabilities in operating systems, applications and other software, which could be exploited to perform attacks on the FMI;
(c) analyse cybersecurity incidents experienced by other organisations (where available), including types of incident and origin of attacks, target of attacks, preceding threat events and frequency of occurrence, and determine the potential risk these pose to the FMI.",Evolving,Full Summarily,ID.RA-04.01: The organization's risk assessment approach includes the analysis and characterization of the likelihood and potential business impact of identified risks being realized.,IDENTIFY / Risk Assessment / Impact & Likelihood Analysis,ID.RA-04.01
2.7 Situational awareness / 2.7.2.1 Cyber threat intelligence,2.7.2.1.4,"The FMI should have the capabilities to analyse the cyber threat information gathered from different sources, while taking into account the business and technical characteristics of the FMI, in order to:
(a) determine the motivation and capabilities of threat actors (including their TTPs) and the extent to which the FMI is at risk of a targeted attack from them;
(b) assess the risk of technical vulnerabilities in operating systems, applications and other software, which could be exploited to perform attacks on the FMI;
(c) analyse cybersecurity incidents experienced by other organisations (where available), including types of incident and origin of attacks, target of attacks, preceding threat events and frequency of occurrence, and determine the potential risk these pose to the FMI.",Evolving,Full Summarily,"ID.RA-05.02: The organization has established threat modeling capabilities to identify how and why critical assets might be compromised by a threat actor, what level of protection is needed for those critical assets, and what the impact would be if that protection failed.",IDENTIFY / Risk Assessment / Risk Exposure Determination & Prioritization,ID.RA-05.02
2.7 Situational awareness / 2.7.2.1 Cyber threat intelligence,2.7.2.1.5,"The FMI should analyse the information gathered above to produce relevant cyber threat intelligence, and continuously use it to assess and manage security threats and vulnerabilities for the purpose of implementing appropriate cybersecurity controls in its systems and, on a more general level, enhancing its cyber resilience framework and capabilities on an ongoing basis.",Evolving,Full Summarily,"ID.RA-03.03: The organization includes in its threat analysis those cyber threats which could trigger extreme but plausible cyber events, even if they are considered unlikely to occur or have never occurred in the past.",IDENTIFY / Risk Assessment / Threat Identification,ID.RA-03.03
2.7 Situational awareness / 2.7.2.1 Cyber threat intelligence,2.7.2.1.5,"The FMI should analyse the information gathered above to produce relevant cyber threat intelligence, and continuously use it to assess and manage security threats and vulnerabilities for the purpose of implementing appropriate cybersecurity controls in its systems and, on a more general level, enhancing its cyber resilience framework and capabilities on an ongoing basis.",Evolving,Full Summarily,"ID.RA-05.01: Threats, vulnerabilities, likelihoods, and impacts are used to determine overall technology, cybersecurity, and resilience risk to the organization.",IDENTIFY / Risk Assessment / Risk Exposure Determination & Prioritization,ID.RA-05.01
2.7 Situational awareness / 2.7.2.1 Cyber threat intelligence,2.7.2.1.5,"The FMI should analyse the information gathered above to produce relevant cyber threat intelligence, and continuously use it to assess and manage security threats and vulnerabilities for the purpose of implementing appropriate cybersecurity controls in its systems and, on a more general level, enhancing its cyber resilience framework and capabilities on an ongoing basis.",Evolving,Full Summarily,"ID.RA-05.02: The organization has established threat modeling capabilities to identify how and why critical assets might be compromised by a threat actor, what level of protection is needed for those critical assets, and what the impact would be if that protection failed.",IDENTIFY / Risk Assessment / Risk Exposure Determination & Prioritization,ID.RA-05.02
2.7 Situational awareness / 2.7.2.1 Cyber threat intelligence,2.7.2.1.5,"The FMI should analyse the information gathered above to produce relevant cyber threat intelligence, and continuously use it to assess and manage security threats and vulnerabilities for the purpose of implementing appropriate cybersecurity controls in its systems and, on a more general level, enhancing its cyber resilience framework and capabilities on an ongoing basis.",Evolving,Full Summarily,"ID.RA-05.04: The organization uses scenario planning, table-top-exercises, or similar event analysis techniques to identify vulnerabilities and determine potential impacts to critical infrastructure, technology, and business processes.",IDENTIFY / Risk Assessment / Risk Exposure Determination & Prioritization,ID.RA-05.04
2.7 Situational awareness / 2.7.2.1 Cyber threat intelligence,2.7.2.1.5,"The FMI should analyse the information gathered above to produce relevant cyber threat intelligence, and continuously use it to assess and manage security threats and vulnerabilities for the purpose of implementing appropriate cybersecurity controls in its systems and, on a more general level, enhancing its cyber resilience framework and capabilities on an ongoing basis.",Evolving,Full Summarily,"ID.IM-03.02: The organization establishes a systematic and comprehensive program to regularly evaluate and improve its monitoring and detection processes and controls as the threat environment changes, tools and techniques evolve, and lessons are learned.",IDENTIFY / Improvement / Improvements from Lessons Learned,ID.IM-03.02
2.7 Situational awareness / 2.7.2.1 Cyber threat intelligence,2.7.2.1.6,The FMI should ensure that the gathering and analysis of cyber threat information and the production of cyber threat intelligence are reviewed and updated regularly.,Evolving,Full,"ID.RA-03.04: The organization regularly reviews and updates its threat analysis methodology, threat information sources, and supporting tools.",IDENTIFY / Risk Assessment / Threat Identification,ID.RA-03.04
2.7 Situational awareness / 2.7.2.1 Cyber threat intelligence,2.7.2.1.7,"The FMI should ensure that cyber threat intelligence is made available to appropriate staff who are responsible for mitigating cyber risks at the strategic, tactical and operational levels within the FMI.",Evolving,Full Summarily,"DE.AE-06.01: The organization has established processes and protocols to communicate, alert, and regularly report potential cyber attacks and incident information, including its corresponding analysis and cyber threat intelligence, to authorized internal and external stakeholders.",DETECT / Adverse Event Analysis / Event Information Sharing,DE.AE-06.01
2.7 Situational awareness / 2.7.2.1 Cyber threat intelligence,2.7.2.1.7,"The FMI should ensure that cyber threat intelligence is made available to appropriate staff who are responsible for mitigating cyber risks at the strategic, tactical and operational levels within the FMI.",Evolving,Full Summarily,"RS.CO-03.01: The organization ensures that cyber threat intelligence is made available, in a secure manner, to authorized staff with responsibility for the mitigation of cyber risks at the strategic, tactical and operational levels within the organization.",RESPOND / Incident Response Reporting and Communication / Stakeholder Incident Information Sharing,RS.CO-03.01
2.7 Situational awareness / 2.7.2.1 Cyber threat intelligence,2.7.2.1.8,The FMI should incorporate lessons learned from its analysis of the cyber threat information into the employee training and awareness programmes.,Evolving,Full,"PR.AT-01.03: Cybersecurity awareness training is updated on a regular basis to reflect risks and threats identified by the organization, the organization's security policies and standards, applicable laws and regulations, and changes in individual responsibilities.",PROTECT / Awareness and Training / User Awareness & Training,PR.AT-01.03
2.7 Situational awareness / 2.7.2.1 Cyber threat intelligence,2.7.2.1.9,"The FMI should continuously use its cyber threat intelligence to anticipate, as much as possible, a cyber attacker's capabilities, intentions and modus operandi, and subsequently possible future attacks.",Advancing,Full Summarily,"ID.RA-05.02: The organization has established threat modeling capabilities to identify how and why critical assets might be compromised by a threat actor, what level of protection is needed for those critical assets, and what the impact would be if that protection failed.",IDENTIFY / Risk Assessment / Risk Exposure Determination & Prioritization,ID.RA-05.02
2.7 Situational awareness / 2.7.2.1 Cyber threat intelligence,2.7.2.1.9,"The FMI should continuously use its cyber threat intelligence to anticipate, as much as possible, a cyber attacker's capabilities, intentions and modus operandi, and subsequently possible future attacks.",Advancing,Full Summarily,"DE.AE-03.02: The organization performs real-time central analysis, aggregation, and correlation of anomalous activities, network and system alerts, and relevant event and cyber threat intelligence, including both internal and external (cloud and outsourced) environments, to better detect and prevent multifaceted cyber attacks.",DETECT / Adverse Event Analysis / Event Information Correlation,DE.AE-03.02
2.7 Situational awareness / 2.7.2.1 Cyber threat intelligence,2.7.2.1.10,"The FMI should develop a cyber threat risk dashboard, which uses the cyber threat information and intelligence to outline, among other things:
(a) the most likely threat actors for the FMI;
(b) the TTPs that may be used by such threat actors;
(c) the likely vulnerabilities that may be exploited by such threat actors;
(d) the likelihood of attack from such threat actors and the impact on the confidentiality, integrity and availability of (e) the FMI’s business processes and its reputation that could arise from such attacks;
(f) the impact of attacks already conducted by such threat actors on the ecosystem;
the risk mitigation measures in place to manage a potential attack.",Advancing,Full Summarily,"ID.RA-03.01: The organization, on an ongoing basis, identifies, analyzes, correlates, characterizes, and reports threats that are internal and external to the firm.",IDENTIFY / Risk Assessment / Threat Identification,ID.RA-03.01
2.7 Situational awareness / 2.7.2.1 Cyber threat intelligence,2.7.2.1.10,"The FMI should develop a cyber threat risk dashboard, which uses the cyber threat information and intelligence to outline, among other things:
(a) the most likely threat actors for the FMI;
(b) the TTPs that may be used by such threat actors;
(c) the likely vulnerabilities that may be exploited by such threat actors;
(d) the likelihood of attack from such threat actors and the impact on the confidentiality, integrity and availability of (e) the FMI’s business processes and its reputation that could arise from such attacks;
(f) the impact of attacks already conducted by such threat actors on the ecosystem;
the risk mitigation measures in place to manage a potential attack.",Advancing,Full Summarily,"ID.RA-06.04: The organization assesses the threats, impacts, and risks that could adversely affect the organization's ability to provide services on an ongoing basis, and develops its resilience requirements and plans to address those risks.",IDENTIFY / Risk Assessment / Risk Response Determination,ID.RA-06.04
2.7 Situational awareness / 2.7.2.1 Cyber threat intelligence,2.7.2.1.10,"The FMI should develop a cyber threat risk dashboard, which uses the cyber threat information and intelligence to outline, among other things:
(a) the most likely threat actors for the FMI;
(b) the TTPs that may be used by such threat actors;
(c) the likely vulnerabilities that may be exploited by such threat actors;
(d) the likelihood of attack from such threat actors and the impact on the confidentiality, integrity and availability of (e) the FMI’s business processes and its reputation that could arise from such attacks;
(f) the impact of attacks already conducted by such threat actors on the ecosystem;
the risk mitigation measures in place to manage a potential attack.",Advancing,Full Summarily,"ID.IM-01.02: The organization implements a regular process to collect, store, report, benchmark, and assess trends in actionable performance indicators and risk metrics (e.g., threat KRIs, security incident metrics, vulnerability metrics, and operational measures).",IDENTIFY / Improvement / Continuous Improvements Evaluation,ID.IM-01.02
2.7 Situational awareness / 2.7.2.1 Cyber threat intelligence,2.7.2.1.10,"The FMI should develop a cyber threat risk dashboard, which uses the cyber threat information and intelligence to outline, among other things:
(a) the most likely threat actors for the FMI;
(b) the TTPs that may be used by such threat actors;
(c) the likely vulnerabilities that may be exploited by such threat actors;
(d) the likelihood of attack from such threat actors and the impact on the confidentiality, integrity and availability of (e) the FMI’s business processes and its reputation that could arise from such attacks;
(f) the impact of attacks already conducted by such threat actors on the ecosystem;
the risk mitigation measures in place to manage a potential attack.",Advancing,Full Summarily,"DE.AE-03.02: The organization performs real-time central analysis, aggregation, and correlation of anomalous activities, network and system alerts, and relevant event and cyber threat intelligence, including both internal and external (cloud and outsourced) environments, to better detect and prevent multifaceted cyber attacks.",DETECT / Adverse Event Analysis / Event Information Correlation,DE.AE-03.02
2.7 Situational awareness / 2.7.2.1 Cyber threat intelligence,2.7.2.1.11,The cyber threat risk dashboard should be continuously reviewed and updated in the light of new threats and vulnerabilities and discussed by the Board and senior management.,Advancing,Full Summarily,"GV.RM-03.04: Technology and cybersecurity risk management considerations are integrated into daily operations, cultural norms, management discussions, and management decision-making, and are tailored to address enterprise-specific risks (both internal and external).",GOVERN / Risk Management Strategy / Enterprise Risk Integration,GV.RM-03.04
2.7 Situational awareness / 2.7.2.1 Cyber threat intelligence,2.7.2.1.11,The cyber threat risk dashboard should be continuously reviewed and updated in the light of new threats and vulnerabilities and discussed by the Board and senior management.,Advancing,Full Summarily,"ID.RA-03.01: The organization, on an ongoing basis, identifies, analyzes, correlates, characterizes, and reports threats that are internal and external to the firm.",IDENTIFY / Risk Assessment / Threat Identification,ID.RA-03.01
2.7 Situational awareness / 2.7.2.1 Cyber threat intelligence,2.7.2.1.11,The cyber threat risk dashboard should be continuously reviewed and updated in the light of new threats and vulnerabilities and discussed by the Board and senior management.,Advancing,Full Summarily,"ID.IM-01.02: The organization implements a regular process to collect, store, report, benchmark, and assess trends in actionable performance indicators and risk metrics (e.g., threat KRIs, security incident metrics, vulnerability metrics, and operational measures).",IDENTIFY / Improvement / Continuous Improvements Evaluation,ID.IM-01.02
2.7 Situational awareness / 2.7.2.1 Cyber threat intelligence,2.7.2.1.12,"The FMI should include in its threat analysis those threats which could trigger extreme but plausible cyber events, even if they are considered unlikely to occur or have never occurred in the past. The FMI should review and update this analysis regularly.",Advancing,Full,"ID.RA-03.03: The organization includes in its threat analysis those cyber threats which could trigger extreme but plausible cyber events, even if they are considered unlikely to occur or have never occurred in the past.",IDENTIFY / Risk Assessment / Threat Identification,ID.RA-03.03
2.7 Situational awareness / 2.7.2.1 Cyber threat intelligence,2.7.2.1.13,"The FMI should ensure that the scope of cyber threat intelligence gathering includes the capability to gather and interpret information about relevant cyber threats arising from the FMI’s participants, service and utility providers and other FMIs, and to interpret this information in ways that allow the FMI to identify, assess and manage security threats and vulnerabilities for the purpose of implementing appropriate safeguards in its systems.",Innovating,Full Summarily,"ID.RA-03.01: The organization, on an ongoing basis, identifies, analyzes, correlates, characterizes, and reports threats that are internal and external to the firm.",IDENTIFY / Risk Assessment / Threat Identification,ID.RA-03.01
2.7 Situational awareness / 2.7.2.1 Cyber threat intelligence,2.7.2.1.13,"The FMI should ensure that the scope of cyber threat intelligence gathering includes the capability to gather and interpret information about relevant cyber threats arising from the FMI’s participants, service and utility providers and other FMIs, and to interpret this information in ways that allow the FMI to identify, assess and manage security threats and vulnerabilities for the purpose of implementing appropriate safeguards in its systems.",Innovating,Full Summarily,"ID.RA-03.02: The organization solicits and considers threat intelligence received from the organization's stakeholders, service and utility providers, and other industry and security organizations.",IDENTIFY / Risk Assessment / Threat Identification,ID.RA-03.02
2.7 Situational awareness / 2.7.2.1 Cyber threat intelligence,2.7.2.1.14,"The FMI should integrate and align its cyber threat intelligence process with its SOC. The FMI should use information gathered from its SOC to further enhance its cyber threat intelligence; and conversely, use its cyber threat intelligence to inform its SOC.",Innovating,Full,"GV.RR-02.02: The organization has established and assigned roles and responsibilities for systematic cybersecurity threat identification, monitoring, detection, and event reporting processes, and ensures adequate coverage and organizational alignment for these functions.","GOVERN / Roles, Responsibilities, and Authorities / Risk Management Roles & Responsibilities",GV.RR-02.02
2.7 Situational awareness / 2.7.2.2 Information sharing,2.7.2.2.15,"The FMI should define the goals and objectives of information sharing, in line with its business objectives and cyber resilience framework. At the very least, the objectives should include collecting and exchanging information in a timely manner that could facilitate the detection, response, resumption and recovery of its own systems and those of other sector participants during and following a cyber attack.",Evolving,Full Summarily,"ID.RA-02.01: The organization participates actively (in alignment with its business operations, inherent risk, and complexity) in information-sharing groups and collectives (e.g., cross-industry, cross-government and cross-border groups) to gather, distribute and analyze information about cyber practices, cyber threats, and early warning indicators relating to cyber threats.",IDENTIFY / Risk Assessment / Information Sharing Forums,ID.RA-02.01
2.7 Situational awareness / 2.7.2.2 Information sharing,2.7.2.2.15,"The FMI should define the goals and objectives of information sharing, in line with its business objectives and cyber resilience framework. At the very least, the objectives should include collecting and exchanging information in a timely manner that could facilitate the detection, response, resumption and recovery of its own systems and those of other sector participants during and following a cyber attack.",Evolving,Full Summarily,ID.RA-02.02: The organization shares authorized information on its cyber resilience framework and the effectiveness of protection technologies bilaterally with trusted external stakeholders to promote the understanding of each party’s approach to securing systems.,IDENTIFY / Risk Assessment / Information Sharing Forums,ID.RA-02.02
2.7 Situational awareness / 2.7.2.2 Information sharing,2.7.2.2.15,"The FMI should define the goals and objectives of information sharing, in line with its business objectives and cyber resilience framework. At the very least, the objectives should include collecting and exchanging information in a timely manner that could facilitate the detection, response, resumption and recovery of its own systems and those of other sector participants during and following a cyber attack.",Evolving,Full Summarily,"DE.AE-06.01: The organization has established processes and protocols to communicate, alert, and regularly report potential cyber attacks and incident information, including its corresponding analysis and cyber threat intelligence, to authorized internal and external stakeholders.",DETECT / Adverse Event Analysis / Event Information Sharing,DE.AE-06.01
2.7 Situational awareness / 2.7.2.2 Information sharing,2.7.2.2.15,"The FMI should define the goals and objectives of information sharing, in line with its business objectives and cyber resilience framework. At the very least, the objectives should include collecting and exchanging information in a timely manner that could facilitate the detection, response, resumption and recovery of its own systems and those of other sector participants during and following a cyber attack.",Evolving,Full Summarily,"RS.CO-03.02: In the event of an incident, the organization shares authorized information, in a defined manner and through trusted channels, to facilitate the detection, response, resumption and recovery of its own systems and those of other partners and critical sector participants.",RESPOND / Incident Response Reporting and Communication / Stakeholder Incident Information Sharing,RS.CO-03.02
2.7 Situational awareness / 2.7.2.2 Information sharing,2.7.2.2.15,"The FMI should define the goals and objectives of information sharing, in line with its business objectives and cyber resilience framework. At the very least, the objectives should include collecting and exchanging information in a timely manner that could facilitate the detection, response, resumption and recovery of its own systems and those of other sector participants during and following a cyber attack.",Evolving,Full Summarily,"EX.MM-02.03: The organization collaborates with suppliers to maintain and improve the secure use of products, services, and external connections.",EXTEND / Monitoring and Managing Suppliers / Ongoing Third-Party Management,EX.MM-02.03
2.7 Situational awareness / 2.7.2.2 Information sharing,2.7.2.2.16,"The FMI should define the scope of information-sharing activities by identifying the types of information available to be shared (e.g. attackers’ modus operandi, indicators of compromise, and threats and vulnerabilities, etc.), the circumstances under which sharing this information is permitted (e.g. in the case of a cyber incident), those with whom the information can and should be shared (e.g. the FMI’s direct stakeholders such as critical service providers, participants and other interconnected FMIs, etc.), and how information provided to the FMI and other sector participants will be acted upon.",Evolving,Full,ID.RA-02.02: The organization shares authorized information on its cyber resilience framework and the effectiveness of protection technologies bilaterally with trusted external stakeholders to promote the understanding of each party’s approach to securing systems.,IDENTIFY / Risk Assessment / Information Sharing Forums,ID.RA-02.02
2.7 Situational awareness / 2.7.2.2 Information sharing,2.7.2.2.17,"The FMI should establish and regularly review the information-sharing rules and agreements and implement procedures that allow information to be shared promptly and in line with the objectives and scope established above, while at the same time meeting its obligations to protect potentially sensitive data that may have adverse consequences if disclosed improperly.",Evolving,Full,ID.RA-02.02: The organization shares authorized information on its cyber resilience framework and the effectiveness of protection technologies bilaterally with trusted external stakeholders to promote the understanding of each party’s approach to securing systems.,IDENTIFY / Risk Assessment / Information Sharing Forums,ID.RA-02.02
2.7 Situational awareness / 2.7.2.2 Information sharing,2.7.2.2.18,The FMI should establish trusted and safe channels of communication with its direct stakeholders for exchanging information.,Evolving,Full Summarily,ID.RA-02.02: The organization shares authorized information on its cyber resilience framework and the effectiveness of protection technologies bilaterally with trusted external stakeholders to promote the understanding of each party’s approach to securing systems.,IDENTIFY / Risk Assessment / Information Sharing Forums,ID.RA-02.02
2.7 Situational awareness / 2.7.2.2 Information sharing,2.7.2.2.18,The FMI should establish trusted and safe channels of communication with its direct stakeholders for exchanging information.,Evolving,Full Summarily,"ID.RA-08.01: The organization has established enterprise processes for soliciting, receiving and appropriately channeling vulnerability disclosures from:
(1) Public sources (e.g., customers and security researchers);
(2) Vulnerability sharing forums (e.g., FS-ISAC); and
(3) Third-parties (e.g., cloud vendors);
(4) Internal sources (e.g., development teams).",IDENTIFY / Risk Assessment / Vulnerability Disclosure Response,ID.RA-08.01
2.7 Situational awareness / 2.7.2.2 Information sharing,2.7.2.2.18,The FMI should establish trusted and safe channels of communication with its direct stakeholders for exchanging information.,Evolving,Full Summarily,"RS.CO-03.02: In the event of an incident, the organization shares authorized information, in a defined manner and through trusted channels, to facilitate the detection, response, resumption and recovery of its own systems and those of other partners and critical sector participants.",RESPOND / Incident Response Reporting and Communication / Stakeholder Incident Information Sharing,RS.CO-03.02
2.7 Situational awareness / 2.7.2.2 Information sharing,2.7.2.2.19,"The FMI should have in place a process to access and share information with external stakeholders in a timely manner, such as regulators, law enforcement or other organisations within the FMI’s ecosystem.",Evolving,Full Summarily,"DE.AE-06.01: The organization has established processes and protocols to communicate, alert, and regularly report potential cyber attacks and incident information, including its corresponding analysis and cyber threat intelligence, to authorized internal and external stakeholders.",DETECT / Adverse Event Analysis / Event Information Sharing,DE.AE-06.01
2.7 Situational awareness / 2.7.2.2 Information sharing,2.7.2.2.19,"The FMI should have in place a process to access and share information with external stakeholders in a timely manner, such as regulators, law enforcement or other organisations within the FMI’s ecosystem.",Evolving,Full Summarily,"RS.CO-02.02: In the event of an incident, the organization notifies impacted stakeholders including, as required, government bodies, self-regulatory agencies and/or other supervisory bodies, within required timeframes.",RESPOND / Incident Response Reporting and Communication / Stakeholder Incident Notification,RS.CO-02.02
2.7 Situational awareness / 2.7.2.2 Information sharing,2.7.2.2.20,"The FMI should participate actively in existing information-sharing groups and facilities, including cross-industry, cross-government and cross-border groups to gather, distribute and assess information about cyber practices, cyber threats and early warning indicators relating to cyber threats.",Advancing,Full,"ID.RA-02.01: The organization participates actively (in alignment with its business operations, inherent risk, and complexity) in information-sharing groups and collectives (e.g., cross-industry, cross-government and cross-border groups) to gather, distribute and analyze information about cyber practices, cyber threats, and early warning indicators relating to cyber threats.",IDENTIFY / Risk Assessment / Information Sharing Forums,ID.RA-02.01
2.7 Situational awareness / 2.7.2.2 Information sharing,2.7.2.2.21,"The FMI should establish and implement protocols for sharing information relating to threats, vulnerabilities and cyber incidents with employees, based on their specific roles and responsibilities.",Advancing,Full,"DE.AE-06.01: The organization has established processes and protocols to communicate, alert, and regularly report potential cyber attacks and incident information, including its corresponding analysis and cyber threat intelligence, to authorized internal and external stakeholders.",DETECT / Adverse Event Analysis / Event Information Sharing,DE.AE-06.01
2.7 Situational awareness / 2.7.2.2 Information sharing,2.7.2.2.22,"The FMI should share information with relevant stakeholders in the ecosystem to achieve broader cyber resilience situational awareness, including promoting an understanding of each other’s approach to achieving cyber resilience.",Advancing,Full Summarily,"ID.RA-02.01: The organization participates actively (in alignment with its business operations, inherent risk, and complexity) in information-sharing groups and collectives (e.g., cross-industry, cross-government and cross-border groups) to gather, distribute and analyze information about cyber practices, cyber threats, and early warning indicators relating to cyber threats.",IDENTIFY / Risk Assessment / Information Sharing Forums,ID.RA-02.01
2.7 Situational awareness / 2.7.2.2 Information sharing,2.7.2.2.22,"The FMI should share information with relevant stakeholders in the ecosystem to achieve broader cyber resilience situational awareness, including promoting an understanding of each other’s approach to achieving cyber resilience.",Advancing,Full Summarily,ID.RA-02.02: The organization shares authorized information on its cyber resilience framework and the effectiveness of protection technologies bilaterally with trusted external stakeholders to promote the understanding of each party’s approach to securing systems.,IDENTIFY / Risk Assessment / Information Sharing Forums,ID.RA-02.02
2.7 Situational awareness / 2.7.2.2 Information sharing,2.7.2.2.23,"The FMI should make use of threat intelligence capabilities that provide internal and external threat and vulnerability information, analyse this information, and disseminate it to the relevant stakeholders in the ecosystem promptly, so as to help stakeholders to respond quickly and mitigate risks.",Innovating,Full Summarily,ID.RA-02.02: The organization shares authorized information on its cyber resilience framework and the effectiveness of protection technologies bilaterally with trusted external stakeholders to promote the understanding of each party’s approach to securing systems.,IDENTIFY / Risk Assessment / Information Sharing Forums,ID.RA-02.02
2.7 Situational awareness / 2.7.2.2 Information sharing,2.7.2.2.23,"The FMI should make use of threat intelligence capabilities that provide internal and external threat and vulnerability information, analyse this information, and disseminate it to the relevant stakeholders in the ecosystem promptly, so as to help stakeholders to respond quickly and mitigate risks.",Innovating,Full Summarily,"ID.RA-03.01: The organization, on an ongoing basis, identifies, analyzes, correlates, characterizes, and reports threats that are internal and external to the firm.",IDENTIFY / Risk Assessment / Threat Identification,ID.RA-03.01
2.7 Situational awareness / 2.7.2.2 Information sharing,2.7.2.2.23,"The FMI should make use of threat intelligence capabilities that provide internal and external threat and vulnerability information, analyse this information, and disseminate it to the relevant stakeholders in the ecosystem promptly, so as to help stakeholders to respond quickly and mitigate risks.",Innovating,Full Summarily,"ID.RA-03.04: The organization regularly reviews and updates its threat analysis methodology, threat information sources, and supporting tools.",IDENTIFY / Risk Assessment / Threat Identification,ID.RA-03.04
2.7 Situational awareness / 2.7.2.2 Information sharing,2.7.2.2.23,"The FMI should make use of threat intelligence capabilities that provide internal and external threat and vulnerability information, analyse this information, and disseminate it to the relevant stakeholders in the ecosystem promptly, so as to help stakeholders to respond quickly and mitigate risks.",Innovating,Full Summarily,"ID.RA-05.02: The organization has established threat modeling capabilities to identify how and why critical assets might be compromised by a threat actor, what level of protection is needed for those critical assets, and what the impact would be if that protection failed.",IDENTIFY / Risk Assessment / Risk Exposure Determination & Prioritization,ID.RA-05.02
2.7 Situational awareness / 2.7.2.2 Information sharing,2.7.2.2.23,"The FMI should make use of threat intelligence capabilities that provide internal and external threat and vulnerability information, analyse this information, and disseminate it to the relevant stakeholders in the ecosystem promptly, so as to help stakeholders to respond quickly and mitigate risks.",Innovating,Full Summarily,"DE.AE-06.01: The organization has established processes and protocols to communicate, alert, and regularly report potential cyber attacks and incident information, including its corresponding analysis and cyber threat intelligence, to authorized internal and external stakeholders.",DETECT / Adverse Event Analysis / Event Information Sharing,DE.AE-06.01
2.7 Situational awareness / 2.7.2.2 Information sharing,2.7.2.2.24,"The FMI should participate in efforts to identify the gaps in current information-sharing mechanisms and seek to address them, in order to facilitate a sector-wide response to large-scale incidents.",Innovating,Full Summarily,"ID.RA-03.04: The organization regularly reviews and updates its threat analysis methodology, threat information sources, and supporting tools.",IDENTIFY / Risk Assessment / Threat Identification,ID.RA-03.04
2.7 Situational awareness / 2.7.2.2 Information sharing,2.7.2.2.24,"The FMI should participate in efforts to identify the gaps in current information-sharing mechanisms and seek to address them, in order to facilitate a sector-wide response to large-scale incidents.",Innovating,Full Summarily,"ID.IM-03.02: The organization establishes a systematic and comprehensive program to regularly evaluate and improve its monitoring and detection processes and controls as the threat environment changes, tools and techniques evolve, and lessons are learned.",IDENTIFY / Improvement / Improvements from Lessons Learned,ID.IM-03.02
2.8 Learning and evolving / 2.8.2.1 Cyber threat intelligence,2.8.2.1.1,"The FMI should have capabilities in place to gather information on common vulnerabilities, cyber threats, events and incidents occurring both within and outside the FMI.",Evolving,Full Summarily,"ID.RA-01.01: The organization identifies, assesses, and documents risks and potential vulnerabilities associated with assets, to include workforce, data, technology, facilities, services, and connections.",IDENTIFY / Risk Assessment / Asset Vulnerability Identification,ID.RA-01.01
2.8 Learning and evolving / 2.8.2.1 Cyber threat intelligence,2.8.2.1.1,"The FMI should have capabilities in place to gather information on common vulnerabilities, cyber threats, events and incidents occurring both within and outside the FMI.",Evolving,Full Summarily,"ID.RA-02.01: The organization participates actively (in alignment with its business operations, inherent risk, and complexity) in information-sharing groups and collectives (e.g., cross-industry, cross-government and cross-border groups) to gather, distribute and analyze information about cyber practices, cyber threats, and early warning indicators relating to cyber threats.",IDENTIFY / Risk Assessment / Information Sharing Forums,ID.RA-02.01
2.8 Learning and evolving / 2.8.2.1 Cyber threat intelligence,2.8.2.1.1,"The FMI should have capabilities in place to gather information on common vulnerabilities, cyber threats, events and incidents occurring both within and outside the FMI.",Evolving,Full Summarily,"ID.RA-03.01: The organization, on an ongoing basis, identifies, analyzes, correlates, characterizes, and reports threats that are internal and external to the firm.",IDENTIFY / Risk Assessment / Threat Identification,ID.RA-03.01
2.8 Learning and evolving / 2.8.2.1 Cyber threat intelligence,2.8.2.1.1,"The FMI should have capabilities in place to gather information on common vulnerabilities, cyber threats, events and incidents occurring both within and outside the FMI.",Evolving,Full Summarily,"ID.RA-03.02: The organization solicits and considers threat intelligence received from the organization's stakeholders, service and utility providers, and other industry and security organizations.",IDENTIFY / Risk Assessment / Threat Identification,ID.RA-03.02
2.8 Learning and evolving / 2.8.2.1 Cyber threat intelligence,2.8.2.1.1,"The FMI should have capabilities in place to gather information on common vulnerabilities, cyber threats, events and incidents occurring both within and outside the FMI.",Evolving,Full Summarily,"ID.RA-03.04: The organization regularly reviews and updates its threat analysis methodology, threat information sources, and supporting tools.",IDENTIFY / Risk Assessment / Threat Identification,ID.RA-03.04
2.8 Learning and evolving / 2.8.2.1 Cyber threat intelligence,2.8.2.1.1,"The FMI should have capabilities in place to gather information on common vulnerabilities, cyber threats, events and incidents occurring both within and outside the FMI.",Evolving,Full Summarily,"ID.RA-06.05: The organization defines and implements standards and procedures to prioritize and remediate issues identified in vulnerability scanning or penetration testing, including emergency or zero-day threats and vulnerabilities.",IDENTIFY / Risk Assessment / Risk Response Determination,ID.RA-06.05
2.8 Learning and evolving / 2.8.2.1 Cyber threat intelligence,2.8.2.1.1,"The FMI should have capabilities in place to gather information on common vulnerabilities, cyber threats, events and incidents occurring both within and outside the FMI.",Evolving,Full Summarily,"ID.RA-08.01: The organization has established enterprise processes for soliciting, receiving and appropriately channeling vulnerability disclosures from:
(1) Public sources (e.g., customers and security researchers);
(2) Vulnerability sharing forums (e.g., FS-ISAC); and
(3) Third-parties (e.g., cloud vendors);
(4) Internal sources (e.g., development teams).",IDENTIFY / Risk Assessment / Vulnerability Disclosure Response,ID.RA-08.01
2.8 Learning and evolving / 2.8.2.1 Cyber threat intelligence,2.8.2.1.2,The FMI should have the capabilities to analyse the information gathered and assess the potential impact on its cyber resilience framework.,Evolving,Full Summarily,"ID.RA-03.01: The organization, on an ongoing basis, identifies, analyzes, correlates, characterizes, and reports threats that are internal and external to the firm.",IDENTIFY / Risk Assessment / Threat Identification,ID.RA-03.01
2.8 Learning and evolving / 2.8.2.1 Cyber threat intelligence,2.8.2.1.2,The FMI should have the capabilities to analyse the information gathered and assess the potential impact on its cyber resilience framework.,Evolving,Full Summarily,"ID.RA-03.02: The organization solicits and considers threat intelligence received from the organization's stakeholders, service and utility providers, and other industry and security organizations.",IDENTIFY / Risk Assessment / Threat Identification,ID.RA-03.02
2.8 Learning and evolving / 2.8.2.1 Cyber threat intelligence,2.8.2.1.2,The FMI should have the capabilities to analyse the information gathered and assess the potential impact on its cyber resilience framework.,Evolving,Full Summarily,"ID.RA-03.03: The organization includes in its threat analysis those cyber threats which could trigger extreme but plausible cyber events, even if they are considered unlikely to occur or have never occurred in the past.",IDENTIFY / Risk Assessment / Threat Identification,ID.RA-03.03
2.8 Learning and evolving / 2.8.2.1 Cyber threat intelligence,2.8.2.1.2,The FMI should have the capabilities to analyse the information gathered and assess the potential impact on its cyber resilience framework.,Evolving,Full Summarily,"ID.RA-03.04: The organization regularly reviews and updates its threat analysis methodology, threat information sources, and supporting tools.",IDENTIFY / Risk Assessment / Threat Identification,ID.RA-03.04
2.8 Learning and evolving / 2.8.2.1 Cyber threat intelligence,2.8.2.1.2,The FMI should have the capabilities to analyse the information gathered and assess the potential impact on its cyber resilience framework.,Evolving,Full Summarily,"ID.RA-05.02: The organization has established threat modeling capabilities to identify how and why critical assets might be compromised by a threat actor, what level of protection is needed for those critical assets, and what the impact would be if that protection failed.",IDENTIFY / Risk Assessment / Risk Exposure Determination & Prioritization,ID.RA-05.02
2.8 Learning and evolving / 2.8.2.1 Cyber threat intelligence,2.8.2.1.2,The FMI should have the capabilities to analyse the information gathered and assess the potential impact on its cyber resilience framework.,Evolving,Full Summarily,"ID.RA-06.06: The organization follows documented procedures, consistent with established risk response processes, for mitigating or accepting the risk of vulnerabilities or weaknesses identified in exercises and testing or when responding to incidents.",IDENTIFY / Risk Assessment / Risk Response Determination,ID.RA-06.06
2.8 Learning and evolving / 2.8.2.1 Cyber threat intelligence,2.8.2.1.2,The FMI should have the capabilities to analyse the information gathered and assess the potential impact on its cyber resilience framework.,Evolving,Full Summarily,"ID.RA-08.02: The organization has established enterprise processes to analyze disclosed vulnerabilities with a focus on:
(1) Determining its validity;
(2) Assessing its scope (e.g., affected assets);
(3) Determining it's severity and impact;
(4) Identifying affected stakeholders or customers; and
(5) Analyzing options to respond.",IDENTIFY / Risk Assessment / Vulnerability Disclosure Response,ID.RA-08.02
2.8 Learning and evolving / 2.8.2.1 Cyber threat intelligence,2.8.2.1.3,"The FMI should distil and classify the lessons learned (e.g. strategic, tactical and operational), identify the key stakeholders to whom these apply, incorporate them to improve the FMI’s cyber resilience framework and capabilities, and convey them to each relevant stakeholder on an ongoing basis.",Evolving,Full Summarily,"ID.IM-03.01: A formal process is in place to improve protection controls and processes by integrating recommendations, findings, and lessons learned from exercises, testing, audits, assessments, and incidents.",IDENTIFY / Improvement / Improvements from Lessons Learned,ID.IM-03.01
2.8 Learning and evolving / 2.8.2.1 Cyber threat intelligence,2.8.2.1.3,"The FMI should distil and classify the lessons learned (e.g. strategic, tactical and operational), identify the key stakeholders to whom these apply, incorporate them to improve the FMI’s cyber resilience framework and capabilities, and convey them to each relevant stakeholder on an ongoing basis.",Evolving,Full Summarily,"ID.IM-03.02: The organization establishes a systematic and comprehensive program to regularly evaluate and improve its monitoring and detection processes and controls as the threat environment changes, tools and techniques evolve, and lessons are learned.",IDENTIFY / Improvement / Improvements from Lessons Learned,ID.IM-03.02
2.8 Learning and evolving / 2.8.2.1 Cyber threat intelligence,2.8.2.1.3,"The FMI should distil and classify the lessons learned (e.g. strategic, tactical and operational), identify the key stakeholders to whom these apply, incorporate them to improve the FMI’s cyber resilience framework and capabilities, and convey them to each relevant stakeholder on an ongoing basis.",Evolving,Full Summarily,"ID.IM-04.08: The organization regularly reviews response strategy, incident management plans, recovery plans, and associated tests and exercises and updates them, as necessary, based on:
(1) Lessons learned from incidents that have occurred (both internal and external to the organization);
(2) Current cyber threat intelligence (both internal and external sources);
(3) Recent and wide-scale cyber attack scenarios;
(4) Operationally and technically plausible future cyber attacks;
(5) Organizational or technical environment changes; and,
(6) New technological developments.",<div>IDENTIFY / Improvement / Plans Affecting Operations</div>,ID.IM-04.08
2.8 Learning and evolving / 2.8.2.1 Cyber threat intelligence,2.8.2.1.4,"Senior management should ensure that it has a programme for continuing cyber resilience training and skills development for all staff. This training programme should include the Board members and senior management and should be conducted at least annually. The annual cyber resilience training should include incident response, current cyber threats (e.g. phishing, spear phishing, social engineering and mobile security) and emerging issues. The FMI should ensure that the training programme equips staff to deal with cyber incidents, including how to report unusual activity.",Evolving,Full Summarily,"GV.RR-02.03: Resilience program roles and responsibilities are assigned to management across the organization to ensure risk assessment, planning, testing, and execution coverage for all critical business functions.","GOVERN / Roles, Responsibilities, and Authorities / Risk Management Roles & Responsibilities",GV.RR-02.03
2.8 Learning and evolving / 2.8.2.1 Cyber threat intelligence,2.8.2.1.4,"Senior management should ensure that it has a programme for continuing cyber resilience training and skills development for all staff. This training programme should include the Board members and senior management and should be conducted at least annually. The annual cyber resilience training should include incident response, current cyber threats (e.g. phishing, spear phishing, social engineering and mobile security) and emerging issues. The FMI should ensure that the training programme equips staff to deal with cyber incidents, including how to report unusual activity.",Evolving,Full Summarily,"PR.AT-01.04: As new technology is deployed or undergoes change that also requires changes in practices, all impacted personnel (e.g., end-users, developers, operators, etc.) are trained on the new system and any accompanying technology and cybersecurity risks.",PROTECT / Awareness and Training / User Awareness & Training,PR.AT-01.04
2.8 Learning and evolving / 2.8.2.1 Cyber threat intelligence,2.8.2.1.4,"Senior management should ensure that it has a programme for continuing cyber resilience training and skills development for all staff. This training programme should include the Board members and senior management and should be conducted at least annually. The annual cyber resilience training should include incident response, current cyber threats (e.g. phishing, spear phishing, social engineering and mobile security) and emerging issues. The FMI should ensure that the training programme equips staff to deal with cyber incidents, including how to report unusual activity.",Evolving,Full Summarily,"PR.AT-02.01: Mechanisms are in place to ensure that the personnel working with cybersecurity and technology (e.g., developers, DBAs, network admins, etc.) maintain current knowledge and skills related to changing threats, countermeasures, new tools, best practices, and their job responsibilities.",PROTECT / Awareness and Training / Specialized Role Awareness & Training,PR.AT-02.01
2.8 Learning and evolving / 2.8.2.1 Cyber threat intelligence,2.8.2.1.4,"Senior management should ensure that it has a programme for continuing cyber resilience training and skills development for all staff. This training programme should include the Board members and senior management and should be conducted at least annually. The annual cyber resilience training should include incident response, current cyber threats (e.g. phishing, spear phishing, social engineering and mobile security) and emerging issues. The FMI should ensure that the training programme equips staff to deal with cyber incidents, including how to report unusual activity.",Evolving,Full Summarily,"PR.AT-02.02: High-risk groups, such as those with elevated privileges or in sensitive business functions (including privileged users, senior executives, cybersecurity personnel and third-party stakeholders), receive cybersecurity situational awareness training for their roles and responsibilities.",PROTECT / Awareness and Training / Specialized Role Awareness & Training,PR.AT-02.02
2.8 Learning and evolving / 2.8.2.1 Cyber threat intelligence,2.8.2.1.4,"Senior management should ensure that it has a programme for continuing cyber resilience training and skills development for all staff. This training programme should include the Board members and senior management and should be conducted at least annually. The annual cyber resilience training should include incident response, current cyber threats (e.g. phishing, spear phishing, social engineering and mobile security) and emerging issues. The FMI should ensure that the training programme equips staff to deal with cyber incidents, including how to report unusual activity.",Evolving,Full Summarily,PR.AT-02.03: All personnel (employee and third party) are made aware of and are trained for their role and operational steps in response and recovery plans.,PROTECT / Awareness and Training / Specialized Role Awareness & Training,PR.AT-02.03
2.8 Learning and evolving / 2.8.2.1 Cyber threat intelligence,2.8.2.1.4,"Senior management should ensure that it has a programme for continuing cyber resilience training and skills development for all staff. This training programme should include the Board members and senior management and should be conducted at least annually. The annual cyber resilience training should include incident response, current cyber threats (e.g. phishing, spear phishing, social engineering and mobile security) and emerging issues. The FMI should ensure that the training programme equips staff to deal with cyber incidents, including how to report unusual activity.",Evolving,Full Summarily,PR.AT-02.04: The organization maintains and enhances the skills and knowledge of the in-house staff performing incident management and forensic investigation activities.,PROTECT / Awareness and Training / Specialized Role Awareness & Training,PR.AT-02.04
2.8 Learning and evolving / 2.8.2.1 Cyber threat intelligence,2.8.2.1.4,"Senior management should ensure that it has a programme for continuing cyber resilience training and skills development for all staff. This training programme should include the Board members and senior management and should be conducted at least annually. The annual cyber resilience training should include incident response, current cyber threats (e.g. phishing, spear phishing, social engineering and mobile security) and emerging issues. The FMI should ensure that the training programme equips staff to deal with cyber incidents, including how to report unusual activity.",Evolving,Full Summarily,"PR.AT-02.07: The organization's governing body (e.g., the Board or one of its committees) and senior management receive cybersecurity situational awareness training to include appropriate skills and knowledge to: 
(1) Evaluate and manage cyber risks;
(2) Promote a culture that recognizes that staff at all levels have important responsibilities in ensuring the organization's cyber resilience; and
(3) Lead by example.",PROTECT / Awareness and Training / Specialized Role Awareness & Training,PR.AT-02.07
2.8 Learning and evolving / 2.8.2.1 Cyber threat intelligence,2.8.2.1.5,The FMI should ensure that cybersecurity awareness materials are made available to staff when prompted by highly visible cyber events or by regulatory alerts.,Evolving,Full Summarily,"PR.AT-01.03: Cybersecurity awareness training is updated on a regular basis to reflect risks and threats identified by the organization, the organization's security policies and standards, applicable laws and regulations, and changes in individual responsibilities.",PROTECT / Awareness and Training / User Awareness & Training,PR.AT-01.03
2.8 Learning and evolving / 2.8.2.1 Cyber threat intelligence,2.8.2.1.5,The FMI should ensure that cybersecurity awareness materials are made available to staff when prompted by highly visible cyber events or by regulatory alerts.,Evolving,Full Summarily,"DE.AE-06.01: The organization has established processes and protocols to communicate, alert, and regularly report potential cyber attacks and incident information, including its corresponding analysis and cyber threat intelligence, to authorized internal and external stakeholders.",DETECT / Adverse Event Analysis / Event Information Sharing,DE.AE-06.01
2.8 Learning and evolving / 2.8.2.1 Cyber threat intelligence,2.8.2.1.6,"The FMI should incorporate lessons learned into the staff training, awareness programmes and materials, on an ongoing and dynamic basis. The FMI should utilise industry and authority initiatives related to awareness and training, where possible.",Evolving,Full Summarily,"ID.RA-02.01: The organization participates actively (in alignment with its business operations, inherent risk, and complexity) in information-sharing groups and collectives (e.g., cross-industry, cross-government and cross-border groups) to gather, distribute and analyze information about cyber practices, cyber threats, and early warning indicators relating to cyber threats.",IDENTIFY / Risk Assessment / Information Sharing Forums,ID.RA-02.01
2.8 Learning and evolving / 2.8.2.1 Cyber threat intelligence,2.8.2.1.6,"The FMI should incorporate lessons learned into the staff training, awareness programmes and materials, on an ongoing and dynamic basis. The FMI should utilise industry and authority initiatives related to awareness and training, where possible.",Evolving,Full Summarily,"ID.IM-04.08: The organization regularly reviews response strategy, incident management plans, recovery plans, and associated tests and exercises and updates them, as necessary, based on:
(1) Lessons learned from incidents that have occurred (both internal and external to the organization);
(2) Current cyber threat intelligence (both internal and external sources);
(3) Recent and wide-scale cyber attack scenarios;
(4) Operationally and technically plausible future cyber attacks;
(5) Organizational or technical environment changes; and,
(6) New technological developments.",<div>IDENTIFY / Improvement / Plans Affecting Operations</div>,ID.IM-04.08
2.8 Learning and evolving / 2.8.2.1 Cyber threat intelligence,2.8.2.1.6,"The FMI should incorporate lessons learned into the staff training, awareness programmes and materials, on an ongoing and dynamic basis. The FMI should utilise industry and authority initiatives related to awareness and training, where possible.",Evolving,Full Summarily,"PR.AT-01.03: Cybersecurity awareness training is updated on a regular basis to reflect risks and threats identified by the organization, the organization's security policies and standards, applicable laws and regulations, and changes in individual responsibilities.",PROTECT / Awareness and Training / User Awareness & Training,PR.AT-01.03
2.8 Learning and evolving / 2.8.2.1 Cyber threat intelligence,2.8.2.1.6,"The FMI should incorporate lessons learned into the staff training, awareness programmes and materials, on an ongoing and dynamic basis. The FMI should utilise industry and authority initiatives related to awareness and training, where possible.",Evolving,Full Summarily,"PR.AT-01.04: As new technology is deployed or undergoes change that also requires changes in practices, all impacted personnel (e.g., end-users, developers, operators, etc.) are trained on the new system and any accompanying technology and cybersecurity risks.",PROTECT / Awareness and Training / User Awareness & Training,PR.AT-01.04
2.8 Learning and evolving / 2.8.2.1 Cyber threat intelligence,2.8.2.1.7,"The FMI should set a range of indicators and develop management information to measure and monitor the effective implementation of the cyber resilience strategy and framework on a regular basis and its evolution over time. For example, relevant information and indicators could be: the percentage of the FMI’s staff that have received cybersecurity training; the percentage of incidents reported within the required timeframe per applicable incident category; the percentage of vulnerabilities mitigated within a defined time period after discovery; and yearly reports monitoring progress of indicators, etc..",Evolving,Full Summarily,"GV.OV-03.01: The organization develops, implements, and reports to management and the governing body (e.g., the Board or one of its committees) key technology and cybersecurity risk and performance indicators and metrics to measure, monitor, and report actionable indicators.",GOVERN / Oversight / Risk Management Performance Measurement,GV.OV-03.01
2.8 Learning and evolving / 2.8.2.1 Cyber threat intelligence,2.8.2.1.7,"The FMI should set a range of indicators and develop management information to measure and monitor the effective implementation of the cyber resilience strategy and framework on a regular basis and its evolution over time. For example, relevant information and indicators could be: the percentage of the FMI’s staff that have received cybersecurity training; the percentage of incidents reported within the required timeframe per applicable incident category; the percentage of vulnerabilities mitigated within a defined time period after discovery; and yearly reports monitoring progress of indicators, etc..",Evolving,Full Summarily,"ID.IM-01.02: The organization implements a regular process to collect, store, report, benchmark, and assess trends in actionable performance indicators and risk metrics (e.g., threat KRIs, security incident metrics, vulnerability metrics, and operational measures).",IDENTIFY / Improvement / Continuous Improvements Evaluation,ID.IM-01.02
2.8 Learning and evolving / 2.8.2.1 Cyber threat intelligence,2.8.2.1.7,"The FMI should set a range of indicators and develop management information to measure and monitor the effective implementation of the cyber resilience strategy and framework on a regular basis and its evolution over time. For example, relevant information and indicators could be: the percentage of the FMI’s staff that have received cybersecurity training; the percentage of incidents reported within the required timeframe per applicable incident category; the percentage of vulnerabilities mitigated within a defined time period after discovery; and yearly reports monitoring progress of indicators, etc..",Evolving,Full Summarily,"ID.IM-01.03: The organization establishes specific objectives, performance criteria, benchmarks, and tolerance limits to identify areas that have improved or are in need of improvement over time.",IDENTIFY / Improvement / Continuous Improvements Evaluation,ID.IM-01.03
2.8 Learning and evolving / 2.8.2.1 Cyber threat intelligence,2.8.2.1.7,"The FMI should set a range of indicators and develop management information to measure and monitor the effective implementation of the cyber resilience strategy and framework on a regular basis and its evolution over time. For example, relevant information and indicators could be: the percentage of the FMI’s staff that have received cybersecurity training; the percentage of incidents reported within the required timeframe per applicable incident category; the percentage of vulnerabilities mitigated within a defined time period after discovery; and yearly reports monitoring progress of indicators, etc..",Evolving,Full Summarily,"ID.IM-01.04: Technology and cybersecurity programs include elements designed to assess, manage, and continually improve the quality of program delivery in addressing stakeholder requirements and risk reduction.",IDENTIFY / Improvement / Continuous Improvements Evaluation,ID.IM-01.04
