,,"Australian Prudential Regulation Authority (APRA) Prudential
Standard CPS 234 Information Security to CRI Profile ver. 2.1 Mapping","Australian Prudential Regulation Authority (APRA) Prudential
Standard CPS 234 Information Security to CRI Profile ver. 2.1 Mapping","Australian Prudential Regulation Authority (APRA) Prudential
Standard CPS 234 Information Security to CRI Profile ver. 2.1 Mapping","Australian Prudential Regulation Authority (APRA) Prudential
Standard CPS 234 Information Security to CRI Profile ver. 2.1 Mapping","Australian Prudential Regulation Authority (APRA) Prudential
Standard CPS 234 Information Security to CRI Profile ver. 2.1 Mapping","Australian Prudential Regulation Authority (APRA) Prudential
Standard CPS 234 Information Security to CRI Profile ver. 2.1 Mapping",,,
APRA Prudential Standard CPS 234 Information Security,APRA Prudential Standard CPS 234 Information Security,APRA Prudential Standard CPS 234 Information Security,APRA Prudential Standard CPS 234 Information Security,Mapping Relationship,Mapping Relationship,Mapping Relationship,Mapping Relationship,CRI Profile ver. 2.1,CRI Profile ver. 2.1,CRI Profile ver. 2.1
APRA CPS Id,APRA CPS 234 Section,No.,APRA Statement,Rationale,Relationship,AS,FCS,CRI Profile ver. 2.1 Diagnostic Statement,Profile Subcategory,Profile Id
APRA CPS 234-13,Roles and Responsibilities ,13,"The Board of an APRA-regulated entity (Board) is ultimately responsible for the information security of the entity. The Board must ensure that the entity maintains information security in a manner commensurate with the size and extent of threats to its information assets, and which enables the continued sound operation of the entity.",Semantic,Superset of,9,10,"GV.OC-03.02: The organization implements and maintains a documented policy or policies that address customer data privacy that is approved by a designated officer or the organization’s appropriate governing body (e.g., the Board or one of its committees).","GOVERN / Organizational Context / Legal, Regulatory, & Contractual Requirements",GV.OC-03.02
APRA CPS 234-13,Roles and Responsibilities ,13,"The Board of an APRA-regulated entity (Board) is ultimately responsible for the information security of the entity. The Board must ensure that the entity maintains information security in a manner commensurate with the size and extent of threats to its information assets, and which enables the continued sound operation of the entity.",Semantic,Superset of,7,10,"GV.RM-01.01: Technology and cybersecurity risk management strategies and frameworks are approved by the governing authority (e.g., the Board or one of its committees) and incorporated into the overall business strategy and enterprise risk management framework.",GOVERN / Risk Management Strategy / Risk Management Objectives Agreement,GV.RM-01.01
APRA CPS 234-13,Roles and Responsibilities ,13,"The Board of an APRA-regulated entity (Board) is ultimately responsible for the information security of the entity. The Board must ensure that the entity maintains information security in a manner commensurate with the size and extent of threats to its information assets, and which enables the continued sound operation of the entity.",Semantic,Superset of,7,10,"GV.RM-02.01: The governing authority (e.g., the Board or one of its committees) endorses and regularly reviews technology and cybersecurity risk appetite and is regularly informed about the status of, and material changes to, the organization's inherent risk profile.",GOVERN / Risk Management Strategy / Risk Appetite & Risk Tolerance Statements,GV.RM-02.01
APRA CPS 234-13,Roles and Responsibilities ,13,"The Board of an APRA-regulated entity (Board) is ultimately responsible for the information security of the entity. The Board must ensure that the entity maintains information security in a manner commensurate with the size and extent of threats to its information assets, and which enables the continued sound operation of the entity.",Semantic,Superset of,6,10,"GV.RM-04.01: The governing authority (e.g., the Board or one of its committees) and senior management provide guidance, direction, and credible challenge in the design and implementation of risk management strategies, assessment of identified risks against risk appetite and risk tolerance, and in the selection of risk treatment approaches.",GOVERN / Risk Management Strategy / Risk Response Strategic Direction,GV.RM-04.01
APRA CPS 234-13,Roles and Responsibilities ,13,"The Board of an APRA-regulated entity (Board) is ultimately responsible for the information security of the entity. The Board must ensure that the entity maintains information security in a manner commensurate with the size and extent of threats to its information assets, and which enables the continued sound operation of the entity.",Semantic,Superset of,8,10,"GV.RR-01.01: The governing authority (e.g., the Board or one of its committees) oversees and holds senior management accountable for implementing the organization’s technology and cybersecurity risk management strategies and frameworks.","GOVERN / Roles, Responsibilities, and Authorities / Organizational Leadership Responsibility",GV.RR-01.01
APRA CPS 234-13,Roles and Responsibilities ,13,"The Board of an APRA-regulated entity (Board) is ultimately responsible for the information security of the entity. The Board must ensure that the entity maintains information security in a manner commensurate with the size and extent of threats to its information assets, and which enables the continued sound operation of the entity.",Semantic,Superset of,7,10,"GV.RR-01.02: The governing authority (e.g., the Board or one of its committees) regularly reviews, oversees, and holds senior management accountable for implementing the organization’s third-party risk management strategy and program and for managing the organization's ongoing risks associated with the aggregate and specific use of third parties.","GOVERN / Roles, Responsibilities, and Authorities / Organizational Leadership Responsibility",GV.RR-01.02
APRA CPS 234-13,Roles and Responsibilities ,13,"The Board of an APRA-regulated entity (Board) is ultimately responsible for the information security of the entity. The Board must ensure that the entity maintains information security in a manner commensurate with the size and extent of threats to its information assets, and which enables the continued sound operation of the entity.",Semantic,Superset of,7,10,"GV.OV-01.01: The governing authority (e.g., the Board or one of its committees) regularly reviews and evaluates the organization's ability to manage its technology, cybersecurity, third-party, and resilience risks.",GOVERN / Oversight / Risk Management Strategy Outcomes Review,GV.OV-01.01
APRA CPS 234-13,Roles and Responsibilities ,13,"The Board of an APRA-regulated entity (Board) is ultimately responsible for the information security of the entity. The Board must ensure that the entity maintains information security in a manner commensurate with the size and extent of threats to its information assets, and which enables the continued sound operation of the entity.",Semantic,Superset of,7,10,"GV.OV-01.02: The designated Cybersecurity Officer (e.g., CISO) periodically reports to the appropriate governing authority (e.g., the Board or one of its committees) or equivalent governing body on the status of cybersecurity within the organization.",GOVERN / Oversight / Risk Management Strategy Outcomes Review,GV.OV-01.02
APRA CPS 234-13,Roles and Responsibilities ,13,"The Board of an APRA-regulated entity (Board) is ultimately responsible for the information security of the entity. The Board must ensure that the entity maintains information security in a manner commensurate with the size and extent of threats to its information assets, and which enables the continued sound operation of the entity.",Semantic,Superset of,7,10,"GV.OV-01.03: The designated Technology Officer (e.g., CIO or CTO) regularly reports to the governing authority (e.g., the Board or one of its committees) on the status of technology use and risks within the organization.",GOVERN / Oversight / Risk Management Strategy Outcomes Review,GV.OV-01.03
APRA CPS 234-13,Roles and Responsibilities ,13,"The Board of an APRA-regulated entity (Board) is ultimately responsible for the information security of the entity. The Board must ensure that the entity maintains information security in a manner commensurate with the size and extent of threats to its information assets, and which enables the continued sound operation of the entity.",Semantic,Superset of,7,10,"GV.OV-02.02: The organization determines and articulates how it intends to maintain an acceptable level of residual technology and cybersecurity risk as set by the governing authority (e.g., the Board or one of its committees).",GOVERN / Oversight / Risk Management Strategy Review & Adjustment,GV.OV-02.02
APRA CPS 234-13,Roles and Responsibilities ,13,"The Board of an APRA-regulated entity (Board) is ultimately responsible for the information security of the entity. The Board must ensure that the entity maintains information security in a manner commensurate with the size and extent of threats to its information assets, and which enables the continued sound operation of the entity.",Semantic,Superset of,8,10,"GV.OV-03.01: The organization develops, implements, and reports to management and the governing body (e.g., the Board or one of its committees) key technology and cybersecurity risk and performance indicators and metrics to measure, monitor, and report actionable indicators.",GOVERN / Oversight / Risk Management Performance Measurement,GV.OV-03.01
APRA CPS 234-13,Roles and Responsibilities ,13,"The Board of an APRA-regulated entity (Board) is ultimately responsible for the information security of the entity. The Board must ensure that the entity maintains information security in a manner commensurate with the size and extent of threats to its information assets, and which enables the continued sound operation of the entity.",Semantic,Superset of,8,10,"GV.OV-03.02: Resilience program performance is measured and regularly reported to senior executives and the governing authority (e.g., the Board or one of its committees).",GOVERN / Oversight / Risk Management Performance Measurement,GV.OV-03.02
APRA CPS 234-13,Roles and Responsibilities ,13,"The Board of an APRA-regulated entity (Board) is ultimately responsible for the information security of the entity. The Board must ensure that the entity maintains information security in a manner commensurate with the size and extent of threats to its information assets, and which enables the continued sound operation of the entity.",Semantic,Superset of,8,10,"GV.AU-03.03: The independent audit function reports to the governing authority (e.g., the Board or one of its committees) within the organization, including when its assessment differs from that of the organization, or when risk tolerance has been exceeded in any part of the organization.",GOVERN / Independent Audit Function / Independent Audit Reporting,GV.AU-03.03
APRA CPS 234-13,Roles and Responsibilities ,13,"The Board of an APRA-regulated entity (Board) is ultimately responsible for the information security of the entity. The Board must ensure that the entity maintains information security in a manner commensurate with the size and extent of threats to its information assets, and which enables the continued sound operation of the entity.",Semantic,Superset of,8,10,"ID.IM-02.07: The organization's governing body (e.g., the Board or one of its committees) and senior management are involved in testing as part of a crisis management team and are informed of test results.",IDENTIFY / Improvement / Tests & Exercises,ID.IM-02.07
APRA CPS 234-14,Roles and Responsibilities ,14,"An APRA-regulated entity must clearly define the information security-related roles and responsibilities of the Board, senior management, governing bodies and individuals with responsibility for decision-making, approval, oversight, operations and other information security functions.",Semantic,Superset of,7,10,"GV.RR-01.01: The governing authority (e.g., the Board or one of its committees) oversees and holds senior management accountable for implementing the organization’s technology and cybersecurity risk management strategies and frameworks.","GOVERN / Roles, Responsibilities, and Authorities / Organizational Leadership Responsibility",GV.RR-01.01
APRA CPS 234-14,Roles and Responsibilities ,14,"An APRA-regulated entity must clearly define the information security-related roles and responsibilities of the Board, senior management, governing bodies and individuals with responsibility for decision-making, approval, oversight, operations and other information security functions.",Semantic,Superset of,8,10,"GV.RR-02.01: The roles, responsibilities, qualifications, and skill requirements for personnel (employees and third parties) that implement, manage, and oversee the technology, cybersecurity, and resilience programs are defined, aligned, coordinated, and holistically managed.","GOVERN / Roles, Responsibilities, and Authorities / Risk Management Roles & Responsibilities",GV.RR-02.01
APRA CPS 234-14,Roles and Responsibilities ,14,"An APRA-regulated entity must clearly define the information security-related roles and responsibilities of the Board, senior management, governing bodies and individuals with responsibility for decision-making, approval, oversight, operations and other information security functions.",Semantic,Intersects with,7,10,"GV.RR-02.02: The organization has established and assigned roles and responsibilities for systematic cybersecurity threat identification, monitoring, detection, and event reporting processes, and ensures adequate coverage and organizational alignment for these functions.","GOVERN / Roles, Responsibilities, and Authorities / Risk Management Roles & Responsibilities",GV.RR-02.02
APRA CPS 234-14,Roles and Responsibilities ,14,"An APRA-regulated entity must clearly define the information security-related roles and responsibilities of the Board, senior management, governing bodies and individuals with responsibility for decision-making, approval, oversight, operations and other information security functions.",Semantic,Intersects with,7,10,"GV.RR-02.03: Resilience program roles and responsibilities are assigned to management across the organization to ensure risk assessment, planning, testing, and execution coverage for all critical business functions.","GOVERN / Roles, Responsibilities, and Authorities / Risk Management Roles & Responsibilities",GV.RR-02.03
APRA CPS 234-14,Roles and Responsibilities ,14,"An APRA-regulated entity must clearly define the information security-related roles and responsibilities of the Board, senior management, governing bodies and individuals with responsibility for decision-making, approval, oversight, operations and other information security functions.",Semantic,Intersects with,7,10,GV.RR-02.04: Roles and responsibilities for the Third-Party Risk Management Program and for each third-party engagement are defined and assigned.,"GOVERN / Roles, Responsibilities, and Authorities / Risk Management Roles & Responsibilities",GV.RR-02.04
APRA CPS 234-14,Roles and Responsibilities ,14,"An APRA-regulated entity must clearly define the information security-related roles and responsibilities of the Board, senior management, governing bodies and individuals with responsibility for decision-making, approval, oversight, operations and other information security functions.",Semantic,Intersects with,7,10,GV.RR-02.05: Personnel (employees and third parties) who fulfill the organization’s physical security and cybersecurity objectives understand their roles and responsibilities.,"GOVERN / Roles, Responsibilities, and Authorities / Risk Management Roles & Responsibilities",GV.RR-02.05
APRA CPS 234-14,Roles and Responsibilities ,14,"An APRA-regulated entity must clearly define the information security-related roles and responsibilities of the Board, senior management, governing bodies and individuals with responsibility for decision-making, approval, oversight, operations and other information security functions.",Semantic,Intersects with,7,10,"GV.RR-02.06: Roles and responsibilities for the inventory, ownership, and custodianship of applications, data and other technology assets are established and maintained.","GOVERN / Roles, Responsibilities, and Authorities / Risk Management Roles & Responsibilities",GV.RR-02.06
APRA CPS 234-14,Roles and Responsibilities ,14,"An APRA-regulated entity must clearly define the information security-related roles and responsibilities of the Board, senior management, governing bodies and individuals with responsibility for decision-making, approval, oversight, operations and other information security functions.",Semantic,Intersects with,7,10,"ID.IM-04.02: The organization's incident response and business continuity plans contain clearly defined roles, responsibilities, and levels of decision-making authority, and include all needed areas of participation and expertise across the organization and key third-parties.",IDENTIFY / Improvement / Plans Affecting Operations,ID.IM-04.02
APRA CPS 234-14,Roles and Responsibilities ,14,"An APRA-regulated entity must clearly define the information security-related roles and responsibilities of the Board, senior management, governing bodies and individuals with responsibility for decision-making, approval, oversight, operations and other information security functions.",Semantic,Intersects with,4,10,"PR.AT-02.02: High-risk groups, such as those with elevated privileges or in sensitive business functions (including privileged users, senior executives, cybersecurity personnel and third-party stakeholders), receive cybersecurity situational awareness training for their roles and responsibilities.",PROTECT / Awareness and Training / Specialized Role Awareness & Training,PR.AT-02.02
APRA CPS 234-14,Roles and Responsibilities ,14,"An APRA-regulated entity must clearly define the information security-related roles and responsibilities of the Board, senior management, governing bodies and individuals with responsibility for decision-making, approval, oversight, operations and other information security functions.",Semantic,Intersects with,4,10,"PR.AT-02.07: The organization's governing body (e.g., the Board or one of its committees) and senior management receive cybersecurity situational awareness training to include appropriate skills and knowledge to: 
(1) Evaluate and manage cyber risks;
(2) Promote a culture that recognizes that staff at all levels have important responsibilities in ensuring the organization's cyber resilience; and
(3) Lead by example.",PROTECT / Awareness and Training / Specialized Role Awareness & Training,PR.AT-02.07
APRA CPS 234-15,Information security capability,15,"An APRA-regulated entity must maintain an information security capability commensurate with the size and extent of threats to its information assets, and which enables the continued sound operation of the entity.",Semantic,Superset of,7,10,"GV.RM-01.03: The organization has established, and maintains, technology and cybersecurity programs designed to protect the confidentiality, integrity and availability of its information and operational systems, commensurate with the organization's risk appetite and business needs.",GOVERN / Risk Management Strategy / Risk Management Objectives Agreement,GV.RM-01.03
APRA CPS 234-15,Information security capability,15,"An APRA-regulated entity must maintain an information security capability commensurate with the size and extent of threats to its information assets, and which enables the continued sound operation of the entity.",Semantic,Intersects with,6,10,"GV.RM-09.02: The resilience program ensures that the organization can continue operating critical business functions and deliver services to stakeholders, to include critical infrastructure partners, during adverse incidents and cyber attacks (e.g., propagation of malware or extended system outages).",GOVERN / Risk Management Strategy  / Business Continuity & Resilience Risk Management,GV.RM-09.02
APRA CPS 234-15,Information security capability,15,"An APRA-regulated entity must maintain an information security capability commensurate with the size and extent of threats to its information assets, and which enables the continued sound operation of the entity.",Semantic,Superset of,6,10,"GV.RR-01.04: The organization has designated a qualified Cybersecurity Officer (e.g., CISO) who is responsible and accountable for developing a cybersecurity strategy, overseeing and implementing its cybersecurity program, and enforcing its cybersecurity policy.","GOVERN / Roles, Responsibilities, and Authorities / Organizational Leadership Responsibility",GV.RR-01.04
APRA CPS 234-15,Information security capability,15,"An APRA-regulated entity must maintain an information security capability commensurate with the size and extent of threats to its information assets, and which enables the continued sound operation of the entity.",Semantic,Intersects with,7,10,"GV.RR-01.05: The organization designates a qualified Technology Officer (e.g., CIO or CTO) who is responsible and accountable for developing technology strategy, overseeing and implementing its technology program, and enforcing its technology policy.","GOVERN / Roles, Responsibilities, and Authorities / Organizational Leadership Responsibility",GV.RR-01.05
APRA CPS 234-15,Information security capability,15,"An APRA-regulated entity must maintain an information security capability commensurate with the size and extent of threats to its information assets, and which enables the continued sound operation of the entity.",Semantic,Intersects with,6,10,"GV.PO-01.07: The organization maintains documented business continuity and resilience program policies and procedures approved by the governing authority (e.g., the Board or one of its committees).","GOVERN / Policies, Processes, and Procedures / Establishment of Policies & Procedures",GV.PO-01.07
APRA CPS 234-15,Information security capability,15,"An APRA-regulated entity must maintain an information security capability commensurate with the size and extent of threats to its information assets, and which enables the continued sound operation of the entity.",Semantic,Intersects with,6,10,"GV.PO-01.08: The organization maintains documented third-party risk management program policies and procedures approved by the governing authority (e.g., the Board or one of its committees).","GOVERN / Policies, Processes, and Procedures / Establishment of Policies & Procedures",GV.PO-01.08
APRA CPS 234-15,Information security capability,15,"An APRA-regulated entity must maintain an information security capability commensurate with the size and extent of threats to its information assets, and which enables the continued sound operation of the entity.",Semantic,Superset of,7,10,"ID.RA-06.03: Technology and cybersecurity programs identify and implement controls to manage applicable risks within the risk appetite set by the governing authority (e.g., the Board or one of its committees).",IDENTIFY / Risk Assessment / Risk Response Determination,ID.RA-06.03
APRA CPS 234-16,Information security capability,16,"Where information assets are managed by a related party or third party, the APRA-regulated entity must assess the information security capability of that party, commensurate with the potential consequences of an information security incident affecting those assets.",Semantic,Superset of,9,10,"GV.SC-01.01: The organization maintains a third-party risk management strategy and program to identify and manage the risks associated with third parties throughout their lifecycles in a timely manner, including in support of sector-critical systems and operations, to ensure alignment within risk appetite.",GOVERN / Supply Chain Risk Management / Supply Chain Risk Management Program,GV.SC-01.01
APRA CPS 234-16,Information security capability,16,"Where information assets are managed by a related party or third party, the APRA-regulated entity must assess the information security capability of that party, commensurate with the potential consequences of an information security incident affecting those assets.",Semantic,Superset of,9,10,"GV.SC-01.02: The organization regularly assesses the risk of its ongoing use of third parties in aggregate, considering factors such as critical service dependencies, vendor concentration, geographical/geopolitical exposure, fourth-party impacts, and financial sector co-dependencies.",GOVERN / Supply Chain Risk Management / Supply Chain Risk Management Program,GV.SC-01.02
APRA CPS 234-16,Information security capability,16,"Where information assets are managed by a related party or third party, the APRA-regulated entity must assess the information security capability of that party, commensurate with the potential consequences of an information security incident affecting those assets.",Semantic,Superset of,9,10,"ID.AM-04.01: Hardware, software, and data assets maintained by or located at suppliers or other third parties are included in asset management inventories and lifecycle management processes as required for effective management and security.",IDENTIFY / Asset Management / Supplier Services Inventory,ID.AM-04.01
APRA CPS 234-16,Information security capability,16,"Where information assets are managed by a related party or third party, the APRA-regulated entity must assess the information security capability of that party, commensurate with the potential consequences of an information security incident affecting those assets.",Semantic,Superset of,9,10,"ID.AM-08.06: Minimum cybersecurity requirements for third-parties cover the entire relationship lifecycle, from the acquisition of data through the return or destruction of data, to include limitations on data use, access, storage, and geographic location.",IDENTIFY / Asset Management / Asset Life Cycle Management,ID.AM-08.06
APRA CPS 234-16,Information security capability,16,"Where information assets are managed by a related party or third party, the APRA-regulated entity must assess the information security capability of that party, commensurate with the potential consequences of an information security incident affecting those assets.",Semantic,Superset of,9,10,"EX.DD-02.04: The organization reviews and assesses the prospective third party's controls for managing its suppliers and subcontractors (fourth and nth parties), any proposed role fourth and nth parties will play in delivering the products or services, and any specific fourth- and nth-party controls or alternative arrangements the organization may require to protect its interests.",EXTEND / Procurement Planning and Due Diligence / Prospective Third Party Due Diligence,EX.DD-02.04
APRA CPS 234-16,Information security capability,16,"Where information assets are managed by a related party or third party, the APRA-regulated entity must assess the information security capability of that party, commensurate with the potential consequences of an information security incident affecting those assets.",Semantic,Superset of,9,10,"EX.DD-03.01: The organization reviews, evaluates, and risk assesses a prospective critical third party's cybersecurity program, including its ability to identify, assess, monitor, and mitigate its cyber risks; the completeness of its policies and procedures; the strength of its technical and administrative controls; and the coverage of its internal and independent control testing programs.",EXTEND / Procurement Planning and Due Diligence / Technology & Cybersecurity Risk Assessment,EX.DD-03.01
APRA CPS 234-16,Information security capability,16,"Where information assets are managed by a related party or third party, the APRA-regulated entity must assess the information security capability of that party, commensurate with the potential consequences of an information security incident affecting those assets.",Semantic,Superset of,9,10,"EX.DD-03.03: The organization reviews, evaluates, and risk assesses a prospective critical third party's incident response program, to include monitoring and alerting capabilities, incident reporting procedures and protocols, and capabilities for event analysis, problem resolution, and forensic investigation.",EXTEND / Procurement Planning and Due Diligence / Technology & Cybersecurity Risk Assessment,EX.DD-03.03
APRA CPS 234-16,Information security capability,16,"Where information assets are managed by a related party or third party, the APRA-regulated entity must assess the information security capability of that party, commensurate with the potential consequences of an information security incident affecting those assets.",Semantic,Superset of,9,10,"EX.DD-04.02: The organization reviews and evaluates any technologies or information systems proposed to support a third party's services or activities, to include compatibility with the organization's technology and cybersecurity architectures, interactions and interfaces with existing systems, security controls, operational management and support requirements, and suitability to the task.",EXTEND / Procurement Planning and Due Diligence / Product & Service Due Diligence,EX.DD-04.02
APRA CPS 234-16,Information security capability,16,"Where information assets are managed by a related party or third party, the APRA-regulated entity must assess the information security capability of that party, commensurate with the potential consequences of an information security incident affecting those assets.",Semantic,Superset of,9,10,"EX.CN-01.02: Contracts with suppliers address, as relevant to the product or service, the supplier's requirements for managing its own suppliers and partners (fourth parties) and the risks those fourth parties may pose to the third party and to the organization, to include fourth party due diligence, limitations on activities or geography, monitoring, notifications, liability and indemnifications, etc.",EXTEND / Third-Party Contracts and Agreements / Contract General Requirements,EX.CN-01.02
APRA CPS 234-16,Information security capability,16,"Where information assets are managed by a related party or third party, the APRA-regulated entity must assess the information security capability of that party, commensurate with the potential consequences of an information security incident affecting those assets.",Semantic,Superset of,9,10,"EX.CN-02.01: The organization's contracts require third-parties to implement minimum technology and cybersecurity management requirements, to maintain those practices for the life of the relationship, and to provide evidence of compliance on an ongoing basis.",EXTEND / Third-Party Contracts and Agreements / Contract Cybersecurity-Related Requirements,EX.CN-02.01
APRA CPS 234-16,Information security capability,16,"Where information assets are managed by a related party or third party, the APRA-regulated entity must assess the information security capability of that party, commensurate with the potential consequences of an information security incident affecting those assets.",Semantic,Superset of,9,10,"EX.CN-02.02: Minimum cybersecurity requirements for third-parties include requirements for incident and vulnerability notification, to include the types of events requiring notification, notification timeframes, and escalation protocols.",EXTEND / Third-Party Contracts and Agreements / Contract Cybersecurity-Related Requirements,EX.CN-02.02
APRA CPS 234-16,Information security capability,16,"Where information assets are managed by a related party or third party, the APRA-regulated entity must assess the information security capability of that party, commensurate with the potential consequences of an information security incident affecting those assets.",Semantic,Superset of,9,10,"EX.MM-01.01: The organization implements procedures, and allocates sufficient resources with the requisite knowledge and experience, to manage and monitor its third-party relationships to a degree and extent commensurate with the risk each third party poses to the organization and the criticality of the third party's products, services, and/or relationship to the organization.",EXTEND / Monitoring and Managing Suppliers / Ongoing Third-Party Monitoring,EX.MM-01.01
APRA CPS 234-16,Information security capability,16,"Where information assets are managed by a related party or third party, the APRA-regulated entity must assess the information security capability of that party, commensurate with the potential consequences of an information security incident affecting those assets.",Semantic,Superset of,9,10,"EX.MM-01.02: The organization regularly evaluates its third party relationships to determine if changes in the organization's circumstances, objectives, or third party use warrant a change in a third party's risk rating (e.g., a less critical third-party relationship evolves into being a critical relationship).",EXTEND / Monitoring and Managing Suppliers / Ongoing Third-Party Monitoring,EX.MM-01.02
APRA CPS 234-16,Information security capability,16,"Where information assets are managed by a related party or third party, the APRA-regulated entity must assess the information security capability of that party, commensurate with the potential consequences of an information security incident affecting those assets.",Semantic,Superset of,9,10,"EX.MM-01.03: The organization monitors for and regularly evaluates changes in a critical third party's business posture that could pose adverse risk to the organization (e.g., financial condition, reputation, adverse news, compliance/regulatory issues, key personnel, business relationships, consumer complaints, etc.)",EXTEND / Monitoring and Managing Suppliers / Ongoing Third-Party Monitoring,EX.MM-01.03
APRA CPS 234-17,Information security capability,17,"An APRA-regulated entity must actively maintain its information security capability with respect to changes in vulnerabilities and threats, including those resulting from changes to information assets or its business environment.",Semantic,Superset of,8,10,"GV.RR-02.02: The organization has established and assigned roles and responsibilities for systematic cybersecurity threat identification, monitoring, detection, and event reporting processes, and ensures adequate coverage and organizational alignment for these functions.","GOVERN / Roles, Responsibilities, and Authorities / Risk Management Roles & Responsibilities",GV.RR-02.02
APRA CPS 234-17,Information security capability,17,"An APRA-regulated entity must actively maintain its information security capability with respect to changes in vulnerabilities and threats, including those resulting from changes to information assets or its business environment.",Semantic,Superset of,9,10,"GV.OV-02.01: The organization regularly assesses its inherent technology and cybersecurity risks and ensures that changes to the business and threat environment lead to updates to the organization's strategies, programs, risk appetite and risk tolerance.",GOVERN / Oversight / Risk Management Strategy Review & Adjustment,GV.OV-02.01
APRA CPS 234-17,Information security capability,17,"An APRA-regulated entity must actively maintain its information security capability with respect to changes in vulnerabilities and threats, including those resulting from changes to information assets or its business environment.",Semantic,Superset of,4,10,"ID.AM-05.02: The organization's hardware, software, and data assets are prioritized for protection based on their sensitivity, criticality, vulnerability, business value, and dependency role in the delivery of critical services.",IDENTIFY / Asset Management / Asset Protection Prioritization,ID.AM-05.02
APRA CPS 234-17,Information security capability,17,"An APRA-regulated entity must actively maintain its information security capability with respect to changes in vulnerabilities and threats, including those resulting from changes to information assets or its business environment.",Semantic,Superset of,8,10,"ID.RA-01.01: The organization identifies, assesses, and documents risks and potential vulnerabilities associated with assets, to include workforce, data, technology, facilities, services, and connections.",IDENTIFY / Risk Assessment / Asset Vulnerability Identification,ID.RA-01.01
APRA CPS 234-17,Information security capability,17,"An APRA-regulated entity must actively maintain its information security capability with respect to changes in vulnerabilities and threats, including those resulting from changes to information assets or its business environment.",Semantic,Superset of,8,10,"ID.RA-01.03: The organization establishes and maintains standards and capabilities for ongoing vulnerability management, including systematic scans, or reviews reasonably designed to identify known cyber vulnerabilities and upgrade opportunities, across the organization's environments and assets.",IDENTIFY / Risk Assessment / Asset Vulnerability Identification,ID.RA-01.03
APRA CPS 234-17,Information security capability,17,"An APRA-regulated entity must actively maintain its information security capability with respect to changes in vulnerabilities and threats, including those resulting from changes to information assets or its business environment.",Semantic,Superset of,8,10,"ID.RA-02.01: The organization participates actively (in alignment with its business operations, inherent risk, and complexity) in information-sharing groups and collectives (e.g., cross-industry, cross-government and cross-border groups) to gather, distribute and analyze information about cyber practices, cyber threats, and early warning indicators relating to cyber threats.",IDENTIFY / Risk Assessment / Information Sharing Forums,ID.RA-02.01
APRA CPS 234-17,Information security capability,17,"An APRA-regulated entity must actively maintain its information security capability with respect to changes in vulnerabilities and threats, including those resulting from changes to information assets or its business environment.",Semantic,Superset of,8,10,"ID.RA-03.01: The organization, on an ongoing basis, identifies, analyzes, correlates, characterizes, and reports threats that are internal and external to the firm.",IDENTIFY / Risk Assessment / Threat Identification,ID.RA-03.01
APRA CPS 234-17,Information security capability,17,"An APRA-regulated entity must actively maintain its information security capability with respect to changes in vulnerabilities and threats, including those resulting from changes to information assets or its business environment.",Semantic,Superset of,8,10,"ID.RA-03.02: The organization solicits and considers threat intelligence received from the organization's stakeholders, service and utility providers, and other industry and security organizations.",IDENTIFY / Risk Assessment / Threat Identification,ID.RA-03.02
APRA CPS 234-17,Information security capability,17,"An APRA-regulated entity must actively maintain its information security capability with respect to changes in vulnerabilities and threats, including those resulting from changes to information assets or its business environment.",Semantic,Superset of,8,10,"ID.RA-03.03: The organization includes in its threat analysis those cyber threats which could trigger extreme but plausible cyber events, even if they are considered unlikely to occur or have never occurred in the past.",IDENTIFY / Risk Assessment / Threat Identification,ID.RA-03.03
APRA CPS 234-17,Information security capability,17,"An APRA-regulated entity must actively maintain its information security capability with respect to changes in vulnerabilities and threats, including those resulting from changes to information assets or its business environment.",Semantic,Superset of,8,10,"ID.RA-03.04: The organization regularly reviews and updates its threat analysis methodology, threat information sources, and supporting tools.",IDENTIFY / Risk Assessment / Threat Identification,ID.RA-03.04
APRA CPS 234-17,Information security capability,17,"An APRA-regulated entity must actively maintain its information security capability with respect to changes in vulnerabilities and threats, including those resulting from changes to information assets or its business environment.",Semantic,Superset of,8,10,"ID.RA-05.02: The organization has established threat modeling capabilities to identify how and why critical assets might be compromised by a threat actor, what level of protection is needed for those critical assets, and what the impact would be if that protection failed.",IDENTIFY / Risk Assessment / Risk Exposure Determination & Prioritization,ID.RA-05.02
APRA CPS 234-17,Information security capability,17,"An APRA-regulated entity must actively maintain its information security capability with respect to changes in vulnerabilities and threats, including those resulting from changes to information assets or its business environment.",Semantic,Superset of,8,10,"ID.RA-06.05: The organization defines and implements standards and procedures to prioritize and remediate issues identified in vulnerability scanning or penetration testing, including emergency or zero-day threats and vulnerabilities.",IDENTIFY / Risk Assessment / Risk Response Determination,ID.RA-06.05
APRA CPS 234-17,Information security capability,17,"An APRA-regulated entity must actively maintain its information security capability with respect to changes in vulnerabilities and threats, including those resulting from changes to information assets or its business environment.",Semantic,Superset of,7,10,"ID.RA-06.06: The organization follows documented procedures, consistent with established risk response processes, for mitigating or accepting the risk of vulnerabilities or weaknesses identified in exercises and testing or when responding to incidents.",IDENTIFY / Risk Assessment / Risk Response Determination,ID.RA-06.06
APRA CPS 234-17,Information security capability,17,"An APRA-regulated entity must actively maintain its information security capability with respect to changes in vulnerabilities and threats, including those resulting from changes to information assets or its business environment.",Semantic,Superset of,8,10,ID.RA-07.05: The organization establishes and maintains an exception management process for identified vulnerabilities that cannot be mitigated within target timeframes.,IDENTIFY / Risk Assessment / Change & Exception Management,ID.RA-07.05
APRA CPS 234-17,Information security capability,17,"An APRA-regulated entity must actively maintain its information security capability with respect to changes in vulnerabilities and threats, including those resulting from changes to information assets or its business environment.",Semantic,Superset of,7,10,"ID.RA-08.01: The organization has established enterprise processes for soliciting, receiving and appropriately channeling vulnerability disclosures from:
(1) Public sources (e.g., customers and security researchers);
(2) Vulnerability sharing forums (e.g., FS-ISAC); and
(3) Third-parties (e.g., cloud vendors);
(4) Internal sources (e.g., development teams).",IDENTIFY / Risk Assessment / Vulnerability Disclosure Response,ID.RA-08.01
APRA CPS 234-17,Information security capability,17,"An APRA-regulated entity must actively maintain its information security capability with respect to changes in vulnerabilities and threats, including those resulting from changes to information assets or its business environment.",Semantic,Superset of,8,10,"ID.RA-08.02: The organization has established enterprise processes to analyze disclosed vulnerabilities with a focus on:
(1) Determining its validity;
(2) Assessing its scope (e.g., affected assets);
(3) Determining it's severity and impact;
(4) Identifying affected stakeholders or customers; and
(5) Analyzing options to respond.",IDENTIFY / Risk Assessment / Vulnerability Disclosure Response,ID.RA-08.02
APRA CPS 234-17,Information security capability,17,"An APRA-regulated entity must actively maintain its information security capability with respect to changes in vulnerabilities and threats, including those resulting from changes to information assets or its business environment.",Semantic,Superset of,7,10,"ID.IM-02.01: The organization conducts regular, independent penetration testing and red team testing on the organization's network, internet-facing systems, critical applications, and associated controls to identify gaps in cybersecurity defenses.",IDENTIFY / Improvement / Tests & Exercises,ID.IM-02.01
APRA CPS 234-17,Information security capability,17,"An APRA-regulated entity must actively maintain its information security capability with respect to changes in vulnerabilities and threats, including those resulting from changes to information assets or its business environment.",Semantic,Superset of,8,10,"ID.IM-03.02: The organization establishes a systematic and comprehensive program to regularly evaluate and improve its monitoring and detection processes and controls as the threat environment changes, tools and techniques evolve, and lessons are learned.",IDENTIFY / Improvement / Improvements from Lessons Learned,ID.IM-03.02
APRA CPS 234-17,Information security capability,17,"An APRA-regulated entity must actively maintain its information security capability with respect to changes in vulnerabilities and threats, including those resulting from changes to information assets or its business environment.",Semantic,Superset of,7,10,"PR.PS-02.01: The organization defines and implements controls to identify patches to technology assets, assess patch criticality and risk, test patches, and apply patches within risk/criticality-based target time frames.",PROTECT / Platform Security / Software Maintenance & Replacement,PR.PS-02.01
APRA CPS 234-17,Information security capability,17,"An APRA-regulated entity must actively maintain its information security capability with respect to changes in vulnerabilities and threats, including those resulting from changes to information assets or its business environment.",Semantic,Superset of,7,10,"PR.PS-06.05: A software security testing and validation strategy is developed and implemented in the development lifecycle of all software projects, defining testing requirements and plans; performing/automating testing, vulnerability scanning, and migration activities; and supporting code integrity verification (e.g., using digital signatures).",PROTECT / Platform Security / Secure Systems Development Practices,PR.PS-06.05
APRA CPS 234-17,Information security capability,17,"An APRA-regulated entity must actively maintain its information security capability with respect to changes in vulnerabilities and threats, including those resulting from changes to information assets or its business environment.",Semantic,Superset of,7,10,"PR.PS-06.06: The system development lifecycle remediates known critical vulnerabilities, and critical vulnerabilities discovered during testing, prior to production deployment.",PROTECT / Platform Security / Secure Systems Development Practices,PR.PS-06.06
APRA CPS 234-18,Policy framework,18,An APRA-regulated entity must maintain an information security policy framework commensurate with its exposures to vulnerabilities and threats.,Semantic,Superset of,8,10,GV.RM-03.01: Technology and cybersecurity risk management frameworks and programs are integrated into the enterprise risk management framework.,GOVERN / Risk Management Strategy / Enterprise Risk Integration,GV.RM-03.01
APRA CPS 234-18,Policy framework,18,An APRA-regulated entity must maintain an information security policy framework commensurate with its exposures to vulnerabilities and threats.,Semantic,Superset of,8,10,"GV.RM-08.01: Technology and cybersecurity risk management frameworks are applied to, and are adapted as needed by, the organization's innovations in technology use and adoption of emerging technologies.",GOVERN / Risk Management Strategy  / Technology Assimilation & Implementations,GV.RM-08.01
APRA CPS 234-18,Policy framework,18,An APRA-regulated entity must maintain an information security policy framework commensurate with its exposures to vulnerabilities and threats.,Semantic,Superset of,8,10,"GV.PO-01.01: Technology and cybersecurity policies are documented, maintained and approved by the governing authority (e.g., the Board or one of its committees) or a designated executive.","GOVERN / Policies, Processes, and Procedures / Establishment of Policies & Procedures",GV.PO-01.01
APRA CPS 234-18,Policy framework,18,An APRA-regulated entity must maintain an information security policy framework commensurate with its exposures to vulnerabilities and threats.,Semantic,Superset of,8,10,"GV.PO-01.05: Technology and cybersecurity processes, procedures, and controls are established in alignment with cybersecurity policy.","GOVERN / Policies, Processes, and Procedures / Establishment of Policies & Procedures",GV.PO-01.05
APRA CPS 234-18,Policy framework,18,An APRA-regulated entity must maintain an information security policy framework commensurate with its exposures to vulnerabilities and threats.,Semantic,Intersects with,8,10,"GV.PO-01.07: The organization maintains documented business continuity and resilience program policies and procedures approved by the governing authority (e.g., the Board or one of its committees).","GOVERN / Policies, Processes, and Procedures / Establishment of Policies & Procedures",GV.PO-01.07
APRA CPS 234-18,Policy framework,18,An APRA-regulated entity must maintain an information security policy framework commensurate with its exposures to vulnerabilities and threats.,Semantic,Intersects with,8,10,"GV.PO-01.08: The organization maintains documented third-party risk management program policies and procedures approved by the governing authority (e.g., the Board or one of its committees).","GOVERN / Policies, Processes, and Procedures / Establishment of Policies & Procedures",GV.PO-01.08
APRA CPS 234-18,Policy framework,18,An APRA-regulated entity must maintain an information security policy framework commensurate with its exposures to vulnerabilities and threats.,Semantic,Superset of,8,10,"GV.PO-02.01: The cybersecurity policy is regularly reviewed, revised, and communicated under the leadership of a designated Cybersecurity Officer (e.g., CISO) to address changes in the risk profile and risk appetite, the evolving threat environment, and new technologies, products, services, and interdependencies.","GOVERN / Policies, Processes, and Procedures / Policy & Procedure Review & Update",GV.PO-02.01
APRA CPS 234-19,Policy framework,19,An APRA-regulated entity’s information security policy framework must provide direction on the responsibilities of all parties who have an obligation to maintain information security.,Semantic,Superset of,8,10,"GV.OC-02.01: The organization's obligation to its customers, employees, and stakeholders to maintain safety and soundness, while balancing size and complexity, is reflected in the organization's risk management strategy and framework,  its risk appetite and risk tolerance statements, and in a risk-aware culture.",GOVERN / Organizational Context / Stakeholder Risk Management Expectations,GV.OC-02.01
APRA CPS 234-19,Policy framework,19,An APRA-regulated entity’s information security policy framework must provide direction on the responsibilities of all parties who have an obligation to maintain information security.,Semantic,Superset of,9,10,"GV.OC-03.01: The organization's technology and cybersecurity strategy, framework, and policies align and are consistent with the organization's legal, statutory, contractual, and regulatory obligations and ensure that compliance responsibilities are unambiguously assigned.","GOVERN / Organizational Context / Legal, Regulatory, & Contractual Requirements",GV.OC-03.01
APRA CPS 234-19,Policy framework,19,An APRA-regulated entity’s information security policy framework must provide direction on the responsibilities of all parties who have an obligation to maintain information security.,Semantic,Superset of,8,10,"GV.RR-02.02: The organization has established and assigned roles and responsibilities for systematic cybersecurity threat identification, monitoring, detection, and event reporting processes, and ensures adequate coverage and organizational alignment for these functions.","GOVERN / Roles, Responsibilities, and Authorities / Risk Management Roles & Responsibilities",GV.RR-02.02
APRA CPS 234-19,Policy framework,19,An APRA-regulated entity’s information security policy framework must provide direction on the responsibilities of all parties who have an obligation to maintain information security.,Semantic,Superset of,8,10,"GV.RR-02.03: Resilience program roles and responsibilities are assigned to management across the organization to ensure risk assessment, planning, testing, and execution coverage for all critical business functions.","GOVERN / Roles, Responsibilities, and Authorities / Risk Management Roles & Responsibilities",GV.RR-02.03
APRA CPS 234-19,Policy framework,19,An APRA-regulated entity’s information security policy framework must provide direction on the responsibilities of all parties who have an obligation to maintain information security.,Semantic,Superset of,8,10,GV.RR-02.04: Roles and responsibilities for the Third-Party Risk Management Program and for each third-party engagement are defined and assigned.,"GOVERN / Roles, Responsibilities, and Authorities / Risk Management Roles & Responsibilities",GV.RR-02.04
APRA CPS 234-19,Policy framework,19,An APRA-regulated entity’s information security policy framework must provide direction on the responsibilities of all parties who have an obligation to maintain information security.,Semantic,Superset of,8,10,GV.RR-02.05: Personnel (employees and third parties) who fulfill the organization’s physical security and cybersecurity objectives understand their roles and responsibilities.,"GOVERN / Roles, Responsibilities, and Authorities / Risk Management Roles & Responsibilities",GV.RR-02.05
APRA CPS 234-19,Policy framework,19,An APRA-regulated entity’s information security policy framework must provide direction on the responsibilities of all parties who have an obligation to maintain information security.,Semantic,Superset of,8,10,"GV.RR-02.06: Roles and responsibilities for the inventory, ownership, and custodianship of applications, data and other technology assets are established and maintained.","GOVERN / Roles, Responsibilities, and Authorities / Risk Management Roles & Responsibilities",GV.RR-02.06
APRA CPS 234-19,Policy framework,19,An APRA-regulated entity’s information security policy framework must provide direction on the responsibilities of all parties who have an obligation to maintain information security.,Semantic,Superset of,9,10,"PR.AT-01.02: Cybersecurity awareness training includes, at a minimum, awareness of and competencies for data protection, personal data handling, compliance obligations, working with third parties, detecting cyber risks, and how to report any unusual activity or incidents.",PROTECT / Awareness and Training / User Awareness & Training,PR.AT-01.02
APRA CPS 234-20,Information asset identification and classification,20,"An APRA-regulated entity must classify its information assets, including those managed by related parties and third parties, by criticality and sensitivity. This classification must reflect the degree to which an information security incident affecting an information asset has the potential to affect, financially or nonfinancially, the entity or the interests of depositors, policyholders, beneficiaries or other customers.",Semantic,Intersects with,9,10,"ID.AM-04.01: Hardware, software, and data assets maintained by or located at suppliers or other third parties are included in asset management inventories and lifecycle management processes as required for effective management and security.",IDENTIFY / Asset Management / Supplier Services Inventory,ID.AM-04.01
APRA CPS 234-20,Information asset identification and classification,20,"An APRA-regulated entity must classify its information assets, including those managed by related parties and third parties, by criticality and sensitivity. This classification must reflect the degree to which an information security incident affecting an information asset has the potential to affect, financially or nonfinancially, the entity or the interests of depositors, policyholders, beneficiaries or other customers.",Semantic,Superset of,9,10,"ID.AM-05.01: The organization establishes and maintains risk-based policies and procedures for the classification of hardware, software, and data assets based on sensitivity and criticality.",IDENTIFY / Asset Management / Asset Protection Prioritization,ID.AM-05.01
APRA CPS 234-20,Information asset identification and classification,20,"An APRA-regulated entity must classify its information assets, including those managed by related parties and third parties, by criticality and sensitivity. This classification must reflect the degree to which an information security incident affecting an information asset has the potential to affect, financially or nonfinancially, the entity or the interests of depositors, policyholders, beneficiaries or other customers.",Semantic,Superset of,9,10,"ID.AM-05.02: The organization's hardware, software, and data assets are prioritized for protection based on their sensitivity, criticality, vulnerability, business value, and dependency role in the delivery of critical services.",IDENTIFY / Asset Management / Asset Protection Prioritization,ID.AM-05.02
APRA CPS 234-20,Information asset identification and classification,20,"An APRA-regulated entity must classify its information assets, including those managed by related parties and third parties, by criticality and sensitivity. This classification must reflect the degree to which an information security incident affecting an information asset has the potential to affect, financially or nonfinancially, the entity or the interests of depositors, policyholders, beneficiaries or other customers.",Semantic,Intersects with,9,10,"ID.AM-08.01: The organization establishes and maintains asset lifecycle management policies and procedures to ensure that assets are acquired, tracked, implemented, used, decommissioned, and protected commensurate with their sensitivity, criticality, and business value.",IDENTIFY / Asset Management / Asset Life Cycle Management,ID.AM-08.01
APRA CPS 234-20,Information asset identification and classification,20,"An APRA-regulated entity must classify its information assets, including those managed by related parties and third parties, by criticality and sensitivity. This classification must reflect the degree to which an information security incident affecting an information asset has the potential to affect, financially or nonfinancially, the entity or the interests of depositors, policyholders, beneficiaries or other customers.",Semantic,Intersects with,9,10,"ID.AM-08.03: The organization establishes policies, standards, and procedures for data governance, data management, and data retention consistent with its legal obligations and the value of data as an organizational asset.",IDENTIFY / Asset Management / Asset Life Cycle Management,ID.AM-08.03
APRA CPS 234-20,Information asset identification and classification,20,"An APRA-regulated entity must classify its information assets, including those managed by related parties and third parties, by criticality and sensitivity. This classification must reflect the degree to which an information security incident affecting an information asset has the potential to affect, financially or nonfinancially, the entity or the interests of depositors, policyholders, beneficiaries or other customers.",Semantic,Intersects with,9,10,"PR.DS-01.01: Data-at-rest is protected commensurate with the criticality and sensitivity of the information and in alignment with the data classification and protection policy (e.g., through the use of encryption, authentication, access control, segregation, masking, tokenization, and file integrity monitoring).",PROTECT / Data Security / Protection of Data at Rest,PR.DS-01.01
APRA CPS 234-20,Information asset identification and classification,20,"An APRA-regulated entity must classify its information assets, including those managed by related parties and third parties, by criticality and sensitivity. This classification must reflect the degree to which an information security incident affecting an information asset has the potential to affect, financially or nonfinancially, the entity or the interests of depositors, policyholders, beneficiaries or other customers.",Semantic,Intersects with,9,10,"PR.DS-02.01: Data-in-transit is protected commensurate with the criticality and sensitivity of the information and in alignment with the data classification and protection policy (e.g., through the use of encryption, authentication, access control, masking, tokenization, and alternate transit paths).",PROTECT / Data Security / Protection of Data in Transit,PR.DS-02.01
APRA CPS 234-20,Information asset identification and classification,20,"An APRA-regulated entity must classify its information assets, including those managed by related parties and third parties, by criticality and sensitivity. This classification must reflect the degree to which an information security incident affecting an information asset has the potential to affect, financially or nonfinancially, the entity or the interests of depositors, policyholders, beneficiaries or other customers.",Semantic,Intersects with,9,10,"PR.DS-10.01: Data-in-use is protected commensurate with the criticality and sensitivity of the information and in alignment with the data classification and protection policy (e.g., through the use of encryption, authentication, access control, masking, tokenization, visual shielding, memory integrity monitoring, etc.)",PROTECT / Data Security / Protection of Data in Use,PR.DS-10.01
APRA CPS 234-21,Implementation of controls,21,"An APRA-regulated entity must have information security controls to protect its information assets, including those managed by related parties and third parties, that are implemented in a timely manner and that are commensurate with: (a) vulnerabilities and threats to the information assets; (b) the criticality and sensitivity of the information assets; (c) the stage at which the information assets are within their life-cycle; and (d) the potential consequences of an information security incident.",Semantic,Superset of,7,10,"ID.AM-04.01: Hardware, software, and data assets maintained by or located at suppliers or other third parties are included in asset management inventories and lifecycle management processes as required for effective management and security.",IDENTIFY / Asset Management / Supplier Services Inventory,ID.AM-04.01
APRA CPS 234-21,Implementation of controls,21,"An APRA-regulated entity must have information security controls to protect its information assets, including those managed by related parties and third parties, that are implemented in a timely manner and that are commensurate with: (a) vulnerabilities and threats to the information assets; (b) the criticality and sensitivity of the information assets; (c) the stage at which the information assets are within their life-cycle; and (d) the potential consequences of an information security incident.",Semantic,Superset of,7,10,"ID.AM-05.02: The organization's hardware, software, and data assets are prioritized for protection based on their sensitivity, criticality, vulnerability, business value, and dependency role in the delivery of critical services.",IDENTIFY / Asset Management / Asset Protection Prioritization,ID.AM-05.02
APRA CPS 234-21,Implementation of controls,21,"An APRA-regulated entity must have information security controls to protect its information assets, including those managed by related parties and third parties, that are implemented in a timely manner and that are commensurate with: (a) vulnerabilities and threats to the information assets; (b) the criticality and sensitivity of the information assets; (c) the stage at which the information assets are within their life-cycle; and (d) the potential consequences of an information security incident.",Semantic,Superset of,8,10,"ID.AM-08.01: The organization establishes and maintains asset lifecycle management policies and procedures to ensure that assets are acquired, tracked, implemented, used, decommissioned, and protected commensurate with their sensitivity, criticality, and business value.",IDENTIFY / Asset Management / Asset Life Cycle Management,ID.AM-08.01
APRA CPS 234-21,Implementation of controls,21,"An APRA-regulated entity must have information security controls to protect its information assets, including those managed by related parties and third parties, that are implemented in a timely manner and that are commensurate with: (a) vulnerabilities and threats to the information assets; (b) the criticality and sensitivity of the information assets; (c) the stage at which the information assets are within their life-cycle; and (d) the potential consequences of an information security incident.",Semantic,Superset of,7,10,"PR.AA-01.02: Physical and logical access to systems is permitted only for individuals who have a legitimate business requirement, have been authorized, and who are adequately trained and monitored.","PROTECT / Identity Management, Authentication, and Access Control / Identity & Credential Management",PR.AA-01.02
APRA CPS 234-21,Implementation of controls,21,"An APRA-regulated entity must have information security controls to protect its information assets, including those managed by related parties and third parties, that are implemented in a timely manner and that are commensurate with: (a) vulnerabilities and threats to the information assets; (b) the criticality and sensitivity of the information assets; (c) the stage at which the information assets are within their life-cycle; and (d) the potential consequences of an information security incident.",Semantic,Superset of,8,10,"PR.AA-05.02: The organization institutes controls over privileged system access by strictly limiting and closely managing staff and services with elevated system entitlements (e.g., multi-factor authentication, dual accounts, privilege and time constraints, etc.)","PROTECT / Identity Management, Authentication, and Access Control / Access Authorizations",PR.AA-05.02
APRA CPS 234-21,Implementation of controls,21,"An APRA-regulated entity must have information security controls to protect its information assets, including those managed by related parties and third parties, that are implemented in a timely manner and that are commensurate with: (a) vulnerabilities and threats to the information assets; (b) the criticality and sensitivity of the information assets; (c) the stage at which the information assets are within their life-cycle; and (d) the potential consequences of an information security incident.",Semantic,Superset of,8,10,"PR.AA-06.02: The organization manages and protects physical and visual access to sensitive information assets and physical records (e.g., session lockout, clean desk policies, printer/facsimile output trays, file cabinet/room security, document labelling, etc.)","PROTECT / Identity Management, Authentication, and Access Control / Physical Access",PR.AA-06.02
APRA CPS 234-21,Implementation of controls,21,"An APRA-regulated entity must have information security controls to protect its information assets, including those managed by related parties and third parties, that are implemented in a timely manner and that are commensurate with: (a) vulnerabilities and threats to the information assets; (b) the criticality and sensitivity of the information assets; (c) the stage at which the information assets are within their life-cycle; and (d) the potential consequences of an information security incident.",Semantic,Superset of,8,10,"PR.DS-01.01: Data-at-rest is protected commensurate with the criticality and sensitivity of the information and in alignment with the data classification and protection policy (e.g., through the use of encryption, authentication, access control, segregation, masking, tokenization, and file integrity monitoring).",PROTECT / Data Security / Protection of Data at Rest,PR.DS-01.01
APRA CPS 234-21,Implementation of controls,21,"An APRA-regulated entity must have information security controls to protect its information assets, including those managed by related parties and third parties, that are implemented in a timely manner and that are commensurate with: (a) vulnerabilities and threats to the information assets; (b) the criticality and sensitivity of the information assets; (c) the stage at which the information assets are within their life-cycle; and (d) the potential consequences of an information security incident.",Semantic,Superset of,8,10,"PR.DS-02.01: Data-in-transit is protected commensurate with the criticality and sensitivity of the information and in alignment with the data classification and protection policy (e.g., through the use of encryption, authentication, access control, masking, tokenization, and alternate transit paths).",PROTECT / Data Security / Protection of Data in Transit,PR.DS-02.01
APRA CPS 234-21,Implementation of controls,21,"An APRA-regulated entity must have information security controls to protect its information assets, including those managed by related parties and third parties, that are implemented in a timely manner and that are commensurate with: (a) vulnerabilities and threats to the information assets; (b) the criticality and sensitivity of the information assets; (c) the stage at which the information assets are within their life-cycle; and (d) the potential consequences of an information security incident.",Semantic,Superset of,8,10,"PR.DS-10.01: Data-in-use is protected commensurate with the criticality and sensitivity of the information and in alignment with the data classification and protection policy (e.g., through the use of encryption, authentication, access control, masking, tokenization, visual shielding, memory integrity monitoring, etc.)",PROTECT / Data Security / Protection of Data in Use,PR.DS-10.01
APRA CPS 234-21,Implementation of controls,21,"An APRA-regulated entity must have information security controls to protect its information assets, including those managed by related parties and third parties, that are implemented in a timely manner and that are commensurate with: (a) vulnerabilities and threats to the information assets; (b) the criticality and sensitivity of the information assets; (c) the stage at which the information assets are within their life-cycle; and (d) the potential consequences of an information security incident.",Semantic,Superset of,7,10,"PR.PS-02.01: The organization defines and implements controls to identify patches to technology assets, assess patch criticality and risk, test patches, and apply patches within risk/criticality-based target time frames.",PROTECT / Platform Security / Software Maintenance & Replacement,PR.PS-02.01
APRA CPS 234-21,Implementation of controls,21,"An APRA-regulated entity must have information security controls to protect its information assets, including those managed by related parties and third parties, that are implemented in a timely manner and that are commensurate with: (a) vulnerabilities and threats to the information assets; (b) the criticality and sensitivity of the information assets; (c) the stage at which the information assets are within their life-cycle; and (d) the potential consequences of an information security incident.",Semantic,Superset of,7,10,"PR.PS-06.05: A software security testing and validation strategy is developed and implemented in the development lifecycle of all software projects, defining testing requirements and plans; performing/automating testing, vulnerability scanning, and migration activities; and supporting code integrity verification (e.g., using digital signatures).",PROTECT / Platform Security / Secure Systems Development Practices,PR.PS-06.05
APRA CPS 234-21,Implementation of controls,21,"An APRA-regulated entity must have information security controls to protect its information assets, including those managed by related parties and third parties, that are implemented in a timely manner and that are commensurate with: (a) vulnerabilities and threats to the information assets; (b) the criticality and sensitivity of the information assets; (c) the stage at which the information assets are within their life-cycle; and (d) the potential consequences of an information security incident.",Semantic,Intersects with,6,10,PR.IR-01.06: The organization's production and non-production environments and data are segregated and managed to prevent unauthorized access or changes to the information assets.,PROTECT / Technology Infrastructure Resilience / Logical Access Protections,PR.IR-01.06
APRA CPS 234-21,Implementation of controls,21,"An APRA-regulated entity must have information security controls to protect its information assets, including those managed by related parties and third parties, that are implemented in a timely manner and that are commensurate with: (a) vulnerabilities and threats to the information assets; (b) the criticality and sensitivity of the information assets; (c) the stage at which the information assets are within their life-cycle; and (d) the potential consequences of an information security incident.",Semantic,Superset of,7,10,"PR.IR-02.01: The organization designs, documents, implements, tests, and maintains environmental and physical controls to meet defined business resilience requirements (e.g., environmental monitoring, dual power and communication sources, regionally separated backup processing facilities, etc.)",PROTECT / Technology Infrastructure Resilience / Environmental Threat Protections,PR.IR-02.01
APRA CPS 234-21,Implementation of controls,21,"An APRA-regulated entity must have information security controls to protect its information assets, including those managed by related parties and third parties, that are implemented in a timely manner and that are commensurate with: (a) vulnerabilities and threats to the information assets; (b) the criticality and sensitivity of the information assets; (c) the stage at which the information assets are within their life-cycle; and (d) the potential consequences of an information security incident.",Semantic,Superset of,8,10,"DE.AE-03.01: The organization implements systematic and real-time logging, collection, monitoring, detection, and alerting measures across multiple layers of the organization's infrastructure, including physical perimeters, network, operating systems, applications, data, and external (cloud and outsourced) environments, sufficient to protect the organization's information assets.",DETECT / Adverse Event Analysis / Event Information Correlation,DE.AE-03.01
APRA CPS 234-21,Implementation of controls,21,"An APRA-regulated entity must have information security controls to protect its information assets, including those managed by related parties and third parties, that are implemented in a timely manner and that are commensurate with: (a) vulnerabilities and threats to the information assets; (b) the criticality and sensitivity of the information assets; (c) the stage at which the information assets are within their life-cycle; and (d) the potential consequences of an information security incident.",Semantic,Superset of,7,10,"EX.CN-02.01: The organization's contracts require third-parties to implement minimum technology and cybersecurity management requirements, to maintain those practices for the life of the relationship, and to provide evidence of compliance on an ongoing basis.",EXTEND / Third-Party Contracts and Agreements / Contract Cybersecurity-Related Requirements,EX.CN-02.01
APRA CPS 234-21,Implementation of controls,21,"An APRA-regulated entity must have information security controls to protect its information assets, including those managed by related parties and third parties, that are implemented in a timely manner and that are commensurate with: (a) vulnerabilities and threats to the information assets; (b) the criticality and sensitivity of the information assets; (c) the stage at which the information assets are within their life-cycle; and (d) the potential consequences of an information security incident.",Semantic,Superset of,7,10,"EX.CN-02.02: Minimum cybersecurity requirements for third-parties include requirements for incident and vulnerability notification, to include the types of events requiring notification, notification timeframes, and escalation protocols.",EXTEND / Third-Party Contracts and Agreements / Contract Cybersecurity-Related Requirements,EX.CN-02.02
APRA CPS 234-21,Implementation of controls,21,"An APRA-regulated entity must have information security controls to protect its information assets, including those managed by related parties and third parties, that are implemented in a timely manner and that are commensurate with: (a) vulnerabilities and threats to the information assets; (b) the criticality and sensitivity of the information assets; (c) the stage at which the information assets are within their life-cycle; and (d) the potential consequences of an information security incident.",Semantic,Superset of,7,10,"EX.CN-02.03: Contracts with suppliers address, as relevant to the product or service, the supplier's obligation to maintain and regularly test a business continuity program and disaster recovery capability the meets the defined resilience requirements of the organization.",EXTEND / Third-Party Contracts and Agreements / Contract Cybersecurity-Related Requirements,EX.CN-02.03
APRA CPS 234-22,Implementation of controls,22,"Where an APRA-regulated entity’s information assets are managed by a related party or third party, the APRA-regulated entity must evaluate the design of that party’s information security controls that protects the information assets of the APRA-regulated entity.",Semantic,Superset of,7,10,"GV.SC-01.01: The organization maintains a third-party risk management strategy and program to identify and manage the risks associated with third parties throughout their lifecycles in a timely manner, including in support of sector-critical systems and operations, to ensure alignment within risk appetite.",GOVERN / Supply Chain Risk Management / Supply Chain Risk Management Program,GV.SC-01.01
APRA CPS 234-22,Implementation of controls,22,"Where an APRA-regulated entity’s information assets are managed by a related party or third party, the APRA-regulated entity must evaluate the design of that party’s information security controls that protects the information assets of the APRA-regulated entity.",Semantic,Superset of,7,10,"GV.SC-02.01: The organization clearly defines, and includes in contractual agreements, the division of cybersecurity and technology risk management responsibilities between the organization and its third parties (e.g., a Shared Responsibilities Model).",GOVERN / Supply Chain Risk Management / Third Party Roles & Responsibilities,GV.SC-02.01
APRA CPS 234-22,Implementation of controls,22,"Where an APRA-regulated entity’s information assets are managed by a related party or third party, the APRA-regulated entity must evaluate the design of that party’s information security controls that protects the information assets of the APRA-regulated entity.",Semantic,Superset of,8,10,"ID.AM-04.01: Hardware, software, and data assets maintained by or located at suppliers or other third parties are included in asset management inventories and lifecycle management processes as required for effective management and security.",IDENTIFY / Asset Management / Supplier Services Inventory,ID.AM-04.01
APRA CPS 234-22,Implementation of controls,22,"Where an APRA-regulated entity’s information assets are managed by a related party or third party, the APRA-regulated entity must evaluate the design of that party’s information security controls that protects the information assets of the APRA-regulated entity.",Semantic,Superset of,8,10,"EX.DD-02.01: The organization implements procedures, and allocates sufficient resources with the requisite knowledge and experience, to conduct third party due diligence and risk assessment consistent with the procurement plan and commensurate with level of risk, criticality, and complexity of each third-party relationship.",EXTEND / Procurement Planning and Due Diligence / Prospective Third Party Due Diligence,EX.DD-02.01
APRA CPS 234-22,Implementation of controls,22,"Where an APRA-regulated entity’s information assets are managed by a related party or third party, the APRA-regulated entity must evaluate the design of that party’s information security controls that protects the information assets of the APRA-regulated entity.",Semantic,Superset of,8,10,"EX.DD-03.01: The organization reviews, evaluates, and risk assesses a prospective critical third party's cybersecurity program, including its ability to identify, assess, monitor, and mitigate its cyber risks; the completeness of its policies and procedures; the strength of its technical and administrative controls; and the coverage of its internal and independent control testing programs.",EXTEND / Procurement Planning and Due Diligence / Technology & Cybersecurity Risk Assessment,EX.DD-03.01
APRA CPS 234-23,Incident management,23,An APRA-regulated entity must have robust mechanisms in place to detect and respond to information security incidents in a timely manner.,Semantic,Superset of,6,10,"GV.RR-02.02: The organization has established and assigned roles and responsibilities for systematic cybersecurity threat identification, monitoring, detection, and event reporting processes, and ensures adequate coverage and organizational alignment for these functions.","GOVERN / Roles, Responsibilities, and Authorities / Risk Management Roles & Responsibilities",GV.RR-02.02
APRA CPS 234-23,Incident management,23,An APRA-regulated entity must have robust mechanisms in place to detect and respond to information security incidents in a timely manner.,Semantic,Superset of,8,10,"ID.IM-02.03: The organization tests and validates the effectiveness of the incident detection, reporting, and communication processes and protocols with internal and external stakeholders.",IDENTIFY / Improvement / Tests & Exercises,ID.IM-02.03
APRA CPS 234-23,Incident management,23,An APRA-regulated entity must have robust mechanisms in place to detect and respond to information security incidents in a timely manner.,Semantic,Superset of,9,10,"ID.IM-03.02: The organization establishes a systematic and comprehensive program to regularly evaluate and improve its monitoring and detection processes and controls as the threat environment changes, tools and techniques evolve, and lessons are learned.",IDENTIFY / Improvement / Improvements from Lessons Learned,ID.IM-03.02
APRA CPS 234-23,Incident management,23,An APRA-regulated entity must have robust mechanisms in place to detect and respond to information security incidents in a timely manner.,Semantic,Superset of,9,10,DE.CM-01.01:  The organization deploys intrusion detection and intrusion prevention capabilities to detect and prevent a potential network intrusion in its early stages for timely containment and recovery.,DETECT / Continuous Monitoring / Network Monitoring,DE.CM-01.01
APRA CPS 234-23,Incident management,23,An APRA-regulated entity must have robust mechanisms in place to detect and respond to information security incidents in a timely manner.,Semantic,Superset of,9,10,"DE.CM-01.02: The organization implements mechanisms, such as alerting and filtering of sudden high volumes and suspicious incoming traffic, to detect and mitigate Denial of Service, ""bot"", and credential stuffing attacks.",DETECT / Continuous Monitoring / Network Monitoring,DE.CM-01.02
APRA CPS 234-23,Incident management,23,An APRA-regulated entity must have robust mechanisms in place to detect and respond to information security incidents in a timely manner.,Semantic,Superset of,9,10,"DE.CM-01.03: The organization has policies, procedures, and tools in place to monitor for, detect, and block unauthorized network connections and data transfers.",DETECT / Continuous Monitoring / Network Monitoring,DE.CM-01.03
APRA CPS 234-23,Incident management,23,An APRA-regulated entity must have robust mechanisms in place to detect and respond to information security incidents in a timely manner.,Semantic,Superset of,9,10,"DE.CM-01.04: The organization has policies, procedures, and tools in place to monitor for, detect, and block access from/to devices that are not authorized or do not conform to security policy (e.g., unpatched systems).",DETECT / Continuous Monitoring / Network Monitoring,DE.CM-01.04
APRA CPS 234-23,Incident management,23,An APRA-regulated entity must have robust mechanisms in place to detect and respond to information security incidents in a timely manner.,Semantic,Superset of,9,10,"DE.CM-01.05: The organization implements measures to detect and block access to unauthorized, inappropriate, or malicious websites and services (e.g. social media, messaging, file sharing).",DETECT / Continuous Monitoring / Network Monitoring,DE.CM-01.05
APRA CPS 234-23,Incident management,23,An APRA-regulated entity must have robust mechanisms in place to detect and respond to information security incidents in a timely manner.,Semantic,Superset of,9,10,"DE.CM-01.06: The organization employs deception techniques and technologies (e.g., honeypots) to detect and prevent a potential intrusion in its early stages to support timely containment and recovery.",DETECT / Continuous Monitoring / Network Monitoring,DE.CM-01.06
APRA CPS 234-23,Incident management,23,An APRA-regulated entity must have robust mechanisms in place to detect and respond to information security incidents in a timely manner.,Semantic,Superset of,9,10,"DE.CM-02.01: The organization's controls include monitoring and detection of anomalous activities and potential intrusion events across the organization's physical environment and infrastructure, including the detection of environmental threats (fire, water, service outages, etc.) and unauthorized physical access to high-risk system components and locations.",DETECT / Continuous Monitoring / Physical Environment Monitoring,DE.CM-02.01
APRA CPS 234-23,Incident management,23,An APRA-regulated entity must have robust mechanisms in place to detect and respond to information security incidents in a timely manner.,Semantic,Superset of,9,10,"DE.CM-03.02: The organization's controls actively monitor personnel (both authorized and unauthorized) for access, authentication, usage, connections, devices, and anomalous behavior to rapidly detect potential cybersecurity events.",DETECT / Continuous Monitoring / Personnel Activity Monitoring,DE.CM-03.02
APRA CPS 234-23,Incident management,23,An APRA-regulated entity must have robust mechanisms in place to detect and respond to information security incidents in a timely manner.,Semantic,Superset of,4,10,"DE.CM-09.03: The organization has policies, procedures, and tools in place to monitor for, detect, and block the use of unsupported or unauthorized software, hardware, or configuration changes.","DETECT / Continuous Monitoring / Hardware, Software, & Data Monitoring",DE.CM-09.03
APRA CPS 234-23,Incident management,23,An APRA-regulated entity must have robust mechanisms in place to detect and respond to information security incidents in a timely manner.,Semantic,Superset of,9,10,"DE.AE-02.01: The organization performs timely collection of event data, as well as advanced and automated analysis (including the use of security tools such as antivirus and IDS/IPS) on the detected events to:
(1) Assess and understand the nature, scope and method of the attack;
(2) Predict and block a similar future attack; and
(3) Report timely risk metrics.",DETECT / Adverse Event Analysis / Potentially Adverse Event Analysis,DE.AE-02.01
APRA CPS 234-23,Incident management,23,An APRA-regulated entity must have robust mechanisms in place to detect and respond to information security incidents in a timely manner.,Semantic,Superset of,9,10,"DE.AE-02.02: The organization establishes, documents, and regularly reviews event alert parameters and thresholds, as well as rule-based triggers to support automated responses, when known attack patterns, signatures or behaviors are detected.",DETECT / Adverse Event Analysis / Potentially Adverse Event Analysis,DE.AE-02.02
APRA CPS 234-23,Incident management,23,An APRA-regulated entity must have robust mechanisms in place to detect and respond to information security incidents in a timely manner.,Semantic,Superset of,8,10,"DE.AE-03.01: The organization implements systematic and real-time logging, collection, monitoring, detection, and alerting measures across multiple layers of the organization's infrastructure, including physical perimeters, network, operating systems, applications, data, and external (cloud and outsourced) environments, sufficient to protect the organization's information assets.",DETECT / Adverse Event Analysis / Event Information Correlation,DE.AE-03.01
APRA CPS 234-23,Incident management,23,An APRA-regulated entity must have robust mechanisms in place to detect and respond to information security incidents in a timely manner.,Semantic,Superset of,8,10,"DE.AE-03.02: The organization performs real-time central analysis, aggregation, and correlation of anomalous activities, network and system alerts, and relevant event and cyber threat intelligence, including both internal and external (cloud and outsourced) environments, to better detect and prevent multifaceted cyber attacks.",DETECT / Adverse Event Analysis / Event Information Correlation,DE.AE-03.02
APRA CPS 234-23,Incident management,23,An APRA-regulated entity must have robust mechanisms in place to detect and respond to information security incidents in a timely manner.,Semantic,Superset of,9,10,"RS.MA-02.01: Tools and processes are in place to ensure timely detection, inspection, assessment, and analysis of security event data for reliable activation of incident response processes.",RESPOND / Incident Management / Incident Triage & Validation,RS.MA-02.01
APRA CPS 234-23,Incident management,23,An APRA-regulated entity must have robust mechanisms in place to detect and respond to information security incidents in a timely manner.,Semantic,Superset of,8,10,RS.MA-03.01: The organization categorizes and prioritizes cybersecurity incident response consistent with response plans and criticality of systems and services to the enterprise.,RESPOND / Incident Management / Incident Categorization & Prioritization,RS.MA-03.01
APRA CPS 234-24,Incident management,24,An APRA-regulated entity must maintain plans to respond to information security incidents that the entity considers could plausibly occur (information security response plans).,Semantic,Superset of,9,10,"ID.IM-02.05: The organization establishes testing programs that include a range of scenarios, including severe but plausible scenarios (e.g., disruptive, destructive, corruptive), that could affect the organization's ability to service internal and external stakeholders.",IDENTIFY / Improvement / Tests & Exercises,ID.IM-02.05
APRA CPS 234-24,Incident management,24,An APRA-regulated entity must maintain plans to respond to information security incidents that the entity considers could plausibly occur (information security response plans).,Semantic,Superset of,9,10,"ID.IM-04.01: The organization's business continuity, disaster recovery, crisis management, and response plans are in place and managed, aligned with each other, and incorporate considerations of cyber incidents.",IDENTIFY / Improvement / Plans Affecting Operations,ID.IM-04.01
APRA CPS 234-24,Incident management,24,An APRA-regulated entity must maintain plans to respond to information security incidents that the entity considers could plausibly occur (information security response plans).,Semantic,Superset of,9,10,"ID.IM-04.08: The organization regularly reviews response strategy, incident management plans, recovery plans, and associated tests and exercises and updates them, as necessary, based on:
(1) Lessons learned from incidents that have occurred (both internal and external to the organization);
(2) Current cyber threat intelligence (both internal and external sources);
(3) Recent and wide-scale cyber attack scenarios;
(4) Operationally and technically plausible future cyber attacks;
(5) Organizational or technical environment changes; and,
(6) New technological developments.",IDENTIFY / Improvement / Plans Affecting Operations,ID.IM-04.08
APRA CPS 234-24,Incident management,24,An APRA-regulated entity must maintain plans to respond to information security incidents that the entity considers could plausibly occur (information security response plans).,Semantic,Superset of,10,10,"RS.MA-01.01: The organization's response plans are in place and executed during or after an incident, to include coordination with relevant third parties and engagement of third-party incident support services.",RESPOND / Incident Management / Response Plan Execution,RS.MA-01.01
APRA CPS 234-24,Incident management,24,An APRA-regulated entity must maintain plans to respond to information security incidents that the entity considers could plausibly occur (information security response plans).,Semantic,Superset of,9,10,"RC.RP-02.01: The organization's response plans are used as informed guidance to develop and manage task plans, response actions, priorities, and assignments for responding to incidents, but are adapted as necessary to address incident-specific characteristics.",RECOVER / Incident Recovery Plan Execution / Recovery Action Performance,RC.RP-02.01
APRA CPS 234-25,Incident management,25,"An APRA-regulated entity’s information security response plans must include the mechanisms in place for: (a) managing all relevant stages of an incident, from detection to post-incident review; and (b) escalation and reporting of information security incidents to the Board, other governing bodies and individuals responsible for information security incident management and oversight, as appropriate.",Semantic,Superset of,9,10,"RS.MA-01.01: The organization's response plans are in place and executed during or after an incident, to include coordination with relevant third parties and engagement of third-party incident support services.",RESPOND / Incident Management / Response Plan Execution,RS.MA-01.01
APRA CPS 234-25,Incident management,25,"An APRA-regulated entity’s information security response plans must include the mechanisms in place for: (a) managing all relevant stages of an incident, from detection to post-incident review; and (b) escalation and reporting of information security incidents to the Board, other governing bodies and individuals responsible for information security incident management and oversight, as appropriate.",Semantic,Superset of,8,10,RS.MA-03.01: The organization categorizes and prioritizes cybersecurity incident response consistent with response plans and criticality of systems and services to the enterprise.,RESPOND / Incident Management / Incident Categorization & Prioritization,RS.MA-03.01
APRA CPS 234-25,Incident management,25,"An APRA-regulated entity’s information security response plans must include the mechanisms in place for: (a) managing all relevant stages of an incident, from detection to post-incident review; and (b) escalation and reporting of information security incidents to the Board, other governing bodies and individuals responsible for information security incident management and oversight, as appropriate.",Semantic,Superset of,8,10,"RS.MA-04.01: Response activities are centrally coordinated, response progress and milestones are tracked and documented, and new incident information is assimilated into ongoing tasks, assignments, and escalations.",RESPOND / Incident Management / Incident Escalation,RS.MA-04.01
APRA CPS 234-25,Incident management,25,"An APRA-regulated entity’s information security response plans must include the mechanisms in place for: (a) managing all relevant stages of an incident, from detection to post-incident review; and (b) escalation and reporting of information security incidents to the Board, other governing bodies and individuals responsible for information security incident management and oversight, as appropriate.",Semantic,Superset of,9,10,RS.MA-05.01: The organization's incident response plans define severity levels and associated criteria for initiating response plans and escalating event response to appropriate stakeholders and management levels.,RESPOND / Incident Management / Recovery Initiation,RS.MA-05.01
APRA CPS 234-25,Incident management,25,"An APRA-regulated entity’s information security response plans must include the mechanisms in place for: (a) managing all relevant stages of an incident, from detection to post-incident review; and (b) escalation and reporting of information security incidents to the Board, other governing bodies and individuals responsible for information security incident management and oversight, as appropriate.",Semantic,Superset of,8,10,"RS.AN-07.01: Incident-related forensic data is captured, secured, and preserved in a manner supporting integrity, provenance, and evidentiary value.",RESPOND / Incident Analysis / Incident Data Collection & Preservation,RS.AN-07.01
APRA CPS 234-25,Incident management,25,"An APRA-regulated entity’s information security response plans must include the mechanisms in place for: (a) managing all relevant stages of an incident, from detection to post-incident review; and (b) escalation and reporting of information security incidents to the Board, other governing bodies and individuals responsible for information security incident management and oversight, as appropriate.",Semantic,Superset of,8,10,"RS.AN-08.01: Available incident information is assessed to determine the extent of impact to the organization and its stakeholders, the potential near- and long-term financial implications, and whether or not the incident constitutes a material event.",RESPOND / Incident Analysis / Incident Magnitude Determination,RS.AN-08.01
APRA CPS 234-25,Incident management,25,"An APRA-regulated entity’s information security response plans must include the mechanisms in place for: (a) managing all relevant stages of an incident, from detection to post-incident review; and (b) escalation and reporting of information security incidents to the Board, other governing bodies and individuals responsible for information security incident management and oversight, as appropriate.",Semantic,Superset of,9,10,"RS.CO-02.01: The organization's incident response program includes defined and approved escalation protocols, linked to organizational decision levels and communication strategies, including which types of information will be shared, with whom (e.g., the organization's governing authority and senior management), and how information provided to the organization will be acted upon.",RESPOND / Incident Response Reporting and Communication / Stakeholder Incident Notification,RS.CO-02.01
APRA CPS 234-25,Incident management,25,"An APRA-regulated entity’s information security response plans must include the mechanisms in place for: (a) managing all relevant stages of an incident, from detection to post-incident review; and (b) escalation and reporting of information security incidents to the Board, other governing bodies and individuals responsible for information security incident management and oversight, as appropriate.",Semantic,Superset of,8,10,"RS.CO-02.02: In the event of an incident, the organization notifies impacted stakeholders including, as required, government bodies, self-regulatory agencies and/or other supervisory bodies, within required timeframes.",RESPOND / Incident Response Reporting and Communication / Stakeholder Incident Notification,RS.CO-02.02
APRA CPS 234-25,Incident management,25,"An APRA-regulated entity’s information security response plans must include the mechanisms in place for: (a) managing all relevant stages of an incident, from detection to post-incident review; and (b) escalation and reporting of information security incidents to the Board, other governing bodies and individuals responsible for information security incident management and oversight, as appropriate.",Semantic,Superset of,8,10,"RS.CO-03.02: In the event of an incident, the organization shares authorized information, in a defined manner and through trusted channels, to facilitate the detection, response, resumption and recovery of its own systems and those of other partners and critical sector participants.",RESPOND / Incident Response Reporting and Communication / Stakeholder Incident Information Sharing,RS.CO-03.02
APRA CPS 234-25,Incident management,25,"An APRA-regulated entity’s information security response plans must include the mechanisms in place for: (a) managing all relevant stages of an incident, from detection to post-incident review; and (b) escalation and reporting of information security incidents to the Board, other governing bodies and individuals responsible for information security incident management and oversight, as appropriate.",Semantic,Superset of,8,10,"RS.MI-01.01: The organization has established processes to implement vulnerability mitigation plans, involve third-party partners and outside expertise as needed, and contain incidents in a timely manner.",RESPOND / Incident Mitigation / Incident Containment,RS.MI-01.01
APRA CPS 234-25,Incident management,25,"An APRA-regulated entity’s information security response plans must include the mechanisms in place for: (a) managing all relevant stages of an incident, from detection to post-incident review; and (b) escalation and reporting of information security incidents to the Board, other governing bodies and individuals responsible for information security incident management and oversight, as appropriate.",Semantic,Superset of,8,10,"RC.RP-01.01: The organization executes its recovery plans, including incident recovery, disaster recovery, and business continuity plans, during or after an incident to resume operations.",RECOVER / Incident Recovery Plan Execution / Recovery Plan Execution,RC.RP-01.01
APRA CPS 234-25,Incident management,25,"An APRA-regulated entity’s information security response plans must include the mechanisms in place for: (a) managing all relevant stages of an incident, from detection to post-incident review; and (b) escalation and reporting of information security incidents to the Board, other governing bodies and individuals responsible for information security incident management and oversight, as appropriate.",Semantic,Superset of,9,10,"RC.RP-02.01: The organization's response plans are used as informed guidance to develop and manage task plans, response actions, priorities, and assignments for responding to incidents, but are adapted as necessary to address incident-specific characteristics.",RECOVER / Incident Recovery Plan Execution / Recovery Action Performance,RC.RP-02.01
APRA CPS 234-25,Incident management,25,"An APRA-regulated entity’s information security response plans must include the mechanisms in place for: (a) managing all relevant stages of an incident, from detection to post-incident review; and (b) escalation and reporting of information security incidents to the Board, other governing bodies and individuals responsible for information security incident management and oversight, as appropriate.",Semantic,Superset of,8,10,"RC.RP-06.01: Incident management activities are closed under defined conditions and documentation to support subsequent post-mortem review, process improvement, and any follow-on activities is collected and verified.",RECOVER / Incident Recovery Plan Execution / End-of-Incident Determination,RC.RP-06.01
APRA CPS 234-25,Incident management,25,"An APRA-regulated entity’s information security response plans must include the mechanisms in place for: (a) managing all relevant stages of an incident, from detection to post-incident review; and (b) escalation and reporting of information security incidents to the Board, other governing bodies and individuals responsible for information security incident management and oversight, as appropriate.",Semantic,Superset of,8,10,"RC.CO-03.01: The organization timely involves and communicates the recovery activities, procedures, cyber risk management issues to the governing body (e.g., the Board or one of its committees), senior management, incident management support teams, and relevant internal stakeholders.",RECOVER / Incident Recovery Communication / Recovery Activity Communication,RC.CO-03.01
APRA CPS 234-25,Incident management,25,"An APRA-regulated entity’s information security response plans must include the mechanisms in place for: (a) managing all relevant stages of an incident, from detection to post-incident review; and (b) escalation and reporting of information security incidents to the Board, other governing bodies and individuals responsible for information security incident management and oversight, as appropriate.",Semantic,Superset of,8,10,"RC.CO-04.01: Pre-established communication plans and message templates, and authorized protocols, contacts, media, and communications, are used to notify and inform the public and key external stakeholders about an incident.",RECOVER / Incident Recovery Communication / Public Information Sharing,RC.CO-04.01
APRA CPS 234-26,Incident management,26,An APRA-regulated entity must annually review and test its information security response plans to ensure they remain effective and fit-for-purpose.,Semantic,Superset of,8,10,"GV.AU-01.03: The independent audit function tests technology management, cybersecurity, incident response, and resilience policies and controls.",GOVERN / Independent Audit Function / Independent Audit Compliance Assessment,GV.AU-01.03
APRA CPS 234-26,Incident management,26,An APRA-regulated entity must annually review and test its information security response plans to ensure they remain effective and fit-for-purpose.,Semantic,Superset of,8,10,"ID.IM-02.03: The organization tests and validates the effectiveness of the incident detection, reporting, and communication processes and protocols with internal and external stakeholders.",IDENTIFY / Improvement / Tests & Exercises,ID.IM-02.03
APRA CPS 234-26,Incident management,26,An APRA-regulated entity must annually review and test its information security response plans to ensure they remain effective and fit-for-purpose.,Semantic,Intersects with,7,10,"ID.IM-02.04: The organization's testing program validates the effectiveness of its resilience strategy and response, disaster recovery, and resumption plans on a regular basis or upon major changes to business or system functions, and includes external stakeholders as required.",IDENTIFY / Improvement / Tests & Exercises,ID.IM-02.04
APRA CPS 234-26,Incident management,26,An APRA-regulated entity must annually review and test its information security response plans to ensure they remain effective and fit-for-purpose.,Semantic,Superset of,9,10,"ID.IM-04.08: The organization regularly reviews response strategy, incident management plans, recovery plans, and associated tests and exercises and updates them, as necessary, based on:
(1) Lessons learned from incidents that have occurred (both internal and external to the organization);
(2) Current cyber threat intelligence (both internal and external sources);
(3) Recent and wide-scale cyber attack scenarios;
(4) Operationally and technically plausible future cyber attacks;
(5) Organizational or technical environment changes; and,
(6) New technological developments.",IDENTIFY / Improvement / Plans Affecting Operations,ID.IM-04.08
APRA CPS 234-26,Incident management,26,An APRA-regulated entity must annually review and test its information security response plans to ensure they remain effective and fit-for-purpose.,Semantic,Superset of,8,10,"RS.CO-02.03: The organization maintains and regularly tests incident response communication procedures, with associated contact lists, call trees, and automatic notifications, to quickly coordinate and communicate with internal and external stakeholders during or following an incident.",RESPOND / Incident Response Reporting and Communication / Stakeholder Incident Notification,RS.CO-02.03
APRA CPS 234-27,Testing control effectiveness,27,An APRA-regulated entity must test the effectiveness of its information security controls through a systematic testing program. The nature and frequency of the systematic testing must be commensurate with: (a) the rate at which the vulnerabilities and threats change; (b) the criticality and sensitivity of the information asset; (c) the consequences of an information security incident; (d) the risks associated with exposure to environments where the APRA regulated entity is unable to enforce its information security policies; and (e) the materiality and frequency of change to information assets.,Semantic,Superset of,7,10,"GV.OC-04.04: The organization prioritizes the resilience design, planning, testing, and monitoring of systems and other key internal and external dependencies according to their criticality to the supported business functions, enterprise mission, and to the financial services sector.",GOVERN / Organizational Context / Stakeholder Service Expectations,GV.OC-04.04
APRA CPS 234-27,Testing control effectiveness,27,An APRA-regulated entity must test the effectiveness of its information security controls through a systematic testing program. The nature and frequency of the systematic testing must be commensurate with: (a) the rate at which the vulnerabilities and threats change; (b) the criticality and sensitivity of the information asset; (c) the consequences of an information security incident; (d) the risks associated with exposure to environments where the APRA regulated entity is unable to enforce its information security policies; and (e) the materiality and frequency of change to information assets.,Semantic,Superset of,9,10,"ID.IM-01.01: Technology, cybersecurity, and resilience controls are regularly assessed and/or tested for design and operating effectiveness.",IDENTIFY / Improvement / Continuous Improvements Evaluation,ID.IM-01.01
APRA CPS 234-27,Testing control effectiveness,27,An APRA-regulated entity must test the effectiveness of its information security controls through a systematic testing program. The nature and frequency of the systematic testing must be commensurate with: (a) the rate at which the vulnerabilities and threats change; (b) the criticality and sensitivity of the information asset; (c) the consequences of an information security incident; (d) the risks associated with exposure to environments where the APRA regulated entity is unable to enforce its information security policies; and (e) the materiality and frequency of change to information assets.,Semantic,Superset of,8,10,"ID.IM-02.04: The organization's testing program validates the effectiveness of its resilience strategy and response, disaster recovery, and resumption plans on a regular basis or upon major changes to business or system functions, and includes external stakeholders as required.",IDENTIFY / Improvement / Tests & Exercises,ID.IM-02.04
APRA CPS 234-27,Testing control effectiveness,27,An APRA-regulated entity must test the effectiveness of its information security controls through a systematic testing program. The nature and frequency of the systematic testing must be commensurate with: (a) the rate at which the vulnerabilities and threats change; (b) the criticality and sensitivity of the information asset; (c) the consequences of an information security incident; (d) the risks associated with exposure to environments where the APRA regulated entity is unable to enforce its information security policies; and (e) the materiality and frequency of change to information assets.,Semantic,Superset of,8,10,"ID.IM-02.05: The organization establishes testing programs that include a range of scenarios, including severe but plausible scenarios (e.g., disruptive, destructive, corruptive), that could affect the organization's ability to service internal and external stakeholders.",IDENTIFY / Improvement / Tests & Exercises,ID.IM-02.05
APRA CPS 234-27,Testing control effectiveness,27,An APRA-regulated entity must test the effectiveness of its information security controls through a systematic testing program. The nature and frequency of the systematic testing must be commensurate with: (a) the rate at which the vulnerabilities and threats change; (b) the criticality and sensitivity of the information asset; (c) the consequences of an information security incident; (d) the risks associated with exposure to environments where the APRA regulated entity is unable to enforce its information security policies; and (e) the materiality and frequency of change to information assets.,Semantic,Superset of,8,10,"ID.IM-03.02: The organization establishes a systematic and comprehensive program to regularly evaluate and improve its monitoring and detection processes and controls as the threat environment changes, tools and techniques evolve, and lessons are learned.",IDENTIFY / Improvement / Improvements from Lessons Learned,ID.IM-03.02
APRA CPS 234-28,Testing control effectiveness,28,"Where an APRA-regulated entity’s information assets are managed by a related party or a third party, and the APRA-regulated entity is reliant on that party’s information security control testing, the APRA-regulated entity must assess whether the nature and frequency of testing of controls in respect of those information assets is commensurate with paragraphs 27(a) to 27(e) of this Prudential Standard.",Semantic,Intersects with,6,10,"ID.AM-04.01: Hardware, software, and data assets maintained by or located at suppliers or other third parties are included in asset management inventories and lifecycle management processes as required for effective management and security.",IDENTIFY / Asset Management / Supplier Services Inventory,ID.AM-04.01
APRA CPS 234-28,Testing control effectiveness,28,"Where an APRA-regulated entity’s information assets are managed by a related party or a third party, and the APRA-regulated entity is reliant on that party’s information security control testing, the APRA-regulated entity must assess whether the nature and frequency of testing of controls in respect of those information assets is commensurate with paragraphs 27(a) to 27(e) of this Prudential Standard.",Semantic,Superset of,7,10,"EX.DD-02.01: The organization implements procedures, and allocates sufficient resources with the requisite knowledge and experience, to conduct third party due diligence and risk assessment consistent with the procurement plan and commensurate with level of risk, criticality, and complexity of each third-party relationship.",EXTEND / Procurement Planning and Due Diligence / Prospective Third Party Due Diligence,EX.DD-02.01
APRA CPS 234-28,Testing control effectiveness,28,"Where an APRA-regulated entity’s information assets are managed by a related party or a third party, and the APRA-regulated entity is reliant on that party’s information security control testing, the APRA-regulated entity must assess whether the nature and frequency of testing of controls in respect of those information assets is commensurate with paragraphs 27(a) to 27(e) of this Prudential Standard.",Semantic,Superset of,7,10,"EX.DD-02.03: The organization reviews and evaluates documentation, such as financial statements, independent audit reports, pooled/shared assessments, control test reports, SEC filings, and past and pending litigation, to the extent required to determine a prospective critical third party's soundness as a business and the quality and sustainability of its internal controls.",EXTEND / Procurement Planning and Due Diligence / Prospective Third Party Due Diligence,EX.DD-02.03
APRA CPS 234-28,Testing control effectiveness,28,"Where an APRA-regulated entity’s information assets are managed by a related party or a third party, and the APRA-regulated entity is reliant on that party’s information security control testing, the APRA-regulated entity must assess whether the nature and frequency of testing of controls in respect of those information assets is commensurate with paragraphs 27(a) to 27(e) of this Prudential Standard.",Semantic,Superset of,9,10,"EX.DD-03.01: The organization reviews, evaluates, and risk assesses a prospective critical third party's cybersecurity program, including its ability to identify, assess, monitor, and mitigate its cyber risks; the completeness of its policies and procedures; the strength of its technical and administrative controls; and the coverage of its internal and independent control testing programs.",EXTEND / Procurement Planning and Due Diligence / Technology & Cybersecurity Risk Assessment,EX.DD-03.01
APRA CPS 234-28,Testing control effectiveness,28,"Where an APRA-regulated entity’s information assets are managed by a related party or a third party, and the APRA-regulated entity is reliant on that party’s information security control testing, the APRA-regulated entity must assess whether the nature and frequency of testing of controls in respect of those information assets is commensurate with paragraphs 27(a) to 27(e) of this Prudential Standard.",Semantic,Superset of,8,10,"EX.CN-01.02: Contracts with suppliers address, as relevant to the product or service, the supplier's requirements for managing its own suppliers and partners (fourth parties) and the risks those fourth parties may pose to the third party and to the organization, to include fourth party due diligence, limitations on activities or geography, monitoring, notifications, liability and indemnifications, etc.",EXTEND / Third-Party Contracts and Agreements / Contract General Requirements,EX.CN-01.02
APRA CPS 234-28,Testing control effectiveness,28,"Where an APRA-regulated entity’s information assets are managed by a related party or a third party, and the APRA-regulated entity is reliant on that party’s information security control testing, the APRA-regulated entity must assess whether the nature and frequency of testing of controls in respect of those information assets is commensurate with paragraphs 27(a) to 27(e) of this Prudential Standard.",Semantic,Superset of,9,10,EX.MM-02.01: The organization conducts regular third-party reviews for critical vendors to validate that requisite security and contractual controls are in place and continue to be operating as expected.,EXTEND / Monitoring and Managing Suppliers / Ongoing Third-Party Management,EX.MM-02.01
APRA CPS 234-28,Testing control effectiveness,28,"Where an APRA-regulated entity’s information assets are managed by a related party or a third party, and the APRA-regulated entity is reliant on that party’s information security control testing, the APRA-regulated entity must assess whether the nature and frequency of testing of controls in respect of those information assets is commensurate with paragraphs 27(a) to 27(e) of this Prudential Standard.",Semantic,Intersects with,7,10,"EX.MM-02.02: A process is in place to confirm that the organization's critical third-party service providers maintain their business continuity programs, conduct regular resiliency testing, and participate in joint and/or bilateral recovery exercises and tests.",EXTEND / Monitoring and Managing Suppliers / Ongoing Third-Party Management,EX.MM-02.02
APRA CPS 234-29,Testing control effectiveness,29,An APRA-regulated entity must escalate and report to the Board or senior management any testing results that identify information security control deficiencies that cannot be remediated in a timely manner.,Semantic,Superset of,7,10,"GV.OV-01.02: The designated Cybersecurity Officer (e.g., CISO) periodically reports to the appropriate governing authority (e.g., the Board or one of its committees) or equivalent governing body on the status of cybersecurity within the organization.",GOVERN / Oversight / Risk Management Strategy Outcomes Review,GV.OV-01.02
APRA CPS 234-29,Testing control effectiveness,29,An APRA-regulated entity must escalate and report to the Board or senior management any testing results that identify information security control deficiencies that cannot be remediated in a timely manner.,Semantic,Superset of,7,10,"GV.AU-03.03: The independent audit function reports to the governing authority (e.g., the Board or one of its committees) within the organization, including when its assessment differs from that of the organization, or when risk tolerance has been exceeded in any part of the organization.",GOVERN / Independent Audit Function / Independent Audit Reporting,GV.AU-03.03
APRA CPS 234-29,Testing control effectiveness,29,An APRA-regulated entity must escalate and report to the Board or senior management any testing results that identify information security control deficiencies that cannot be remediated in a timely manner.,Semantic,Superset of,7,10,"ID.RA-07.04: Policy exceptions, risk mitigation plans, and risk acceptances resulting from assessments and evaluations, such as testing, exercises, audits, etc., are formally managed, approved, escalated to defined levels of management, and tracked to closure.",IDENTIFY / Risk Assessment / Change & Exception Management,ID.RA-07.04
APRA CPS 234-29,Testing control effectiveness,29,An APRA-regulated entity must escalate and report to the Board or senior management any testing results that identify information security control deficiencies that cannot be remediated in a timely manner.,Semantic,Superset of,7,10,ID.RA-07.05: The organization establishes and maintains an exception management process for identified vulnerabilities that cannot be mitigated within target timeframes.,IDENTIFY / Risk Assessment / Change & Exception Management,ID.RA-07.05
APRA CPS 234-29,Testing control effectiveness,29,An APRA-regulated entity must escalate and report to the Board or senior management any testing results that identify information security control deficiencies that cannot be remediated in a timely manner.,Semantic,Superset of,7,10,"ID.IM-02.07: The organization's governing body (e.g., the Board or one of its committees) and senior management are involved in testing as part of a crisis management team and are informed of test results.",IDENTIFY / Improvement / Tests & Exercises,ID.IM-02.07
APRA CPS 234-29,Testing control effectiveness,29,An APRA-regulated entity must escalate and report to the Board or senior management any testing results that identify information security control deficiencies that cannot be remediated in a timely manner.,Semantic,Superset of,7,10,"PR.PS-07.01: The organization's technology operations, process verification, error detection, issue management, root cause analysis, and problem management functions are formally documented, monitored, and KPIs are regularly reported to stakeholders.","PROTECT / Platform Security / Technology Operations, Service, & Support",PR.PS-07.01
APRA CPS 234-30,Testing control effectiveness,30,An APRA-regulated entity must ensure that testing is conducted by appropriately skilled and functionally independent specialists.,Semantic,Intersects with,5,10,"GV.RR-02.01: The roles, responsibilities, qualifications, and skill requirements for personnel (employees and third parties) that implement, manage, and oversee the technology, cybersecurity, and resilience programs are defined, aligned, coordinated, and holistically managed.","GOVERN / Roles, Responsibilities, and Authorities / Risk Management Roles & Responsibilities",GV.RR-02.01
APRA CPS 234-30,Testing control effectiveness,30,An APRA-regulated entity must ensure that testing is conducted by appropriately skilled and functionally independent specialists.,Semantic,Superset of,6,10,GV.RR-03.02: The organization regularly assesses its skill and resource level requirements against its current personnel complement to determine gaps in resource need.,"GOVERN / Roles, Responsibilities, and Authorities / Resource Adequacy",GV.RR-03.02
APRA CPS 234-30,Testing control effectiveness,30,An APRA-regulated entity must ensure that testing is conducted by appropriately skilled and functionally independent specialists.,Semantic,Intersects with,5,10,"ID.IM-02.04: The organization's testing program validates the effectiveness of its resilience strategy and response, disaster recovery, and resumption plans on a regular basis or upon major changes to business or system functions, and includes external stakeholders as required.",IDENTIFY / Improvement / Tests & Exercises,ID.IM-02.04
APRA CPS 234-30,Testing control effectiveness,30,An APRA-regulated entity must ensure that testing is conducted by appropriately skilled and functionally independent specialists.,Semantic,Superset of,6,10,"PR.AT-02.01: Mechanisms are in place to ensure that the personnel working with cybersecurity and technology (e.g., developers, DBAs, network admins, etc.) maintain current knowledge and skills related to changing threats, countermeasures, new tools, best practices, and their job responsibilities.",PROTECT / Awareness and Training / Specialized Role Awareness & Training,PR.AT-02.01
APRA CPS 234-30,Testing control effectiveness,30,An APRA-regulated entity must ensure that testing is conducted by appropriately skilled and functionally independent specialists.,Semantic,Intersects with,5,10,"PR.AT-02.07: The organization's governing body (e.g., the Board or one of its committees) and senior management receive cybersecurity situational awareness training to include appropriate skills and knowledge to: 
(1) Evaluate and manage cyber risks;
(2) Promote a culture that recognizes that staff at all levels have important responsibilities in ensuring the organization's cyber resilience; and
(3) Lead by example.",PROTECT / Awareness and Training / Specialized Role Awareness & Training,PR.AT-02.07
APRA CPS 234-31,Testing control effectiveness,31,An APRA-regulated entity must review the sufficiency of the testing program at least annually or when there is a material change to information assets or the business environment.,Semantic,Superset of,8,10,"GV.OV-02.01: The organization regularly assesses its inherent technology and cybersecurity risks and ensures that changes to the business and threat environment lead to updates to the organization's strategies, programs, risk appetite and risk tolerance.",GOVERN / Oversight / Risk Management Strategy Review & Adjustment,GV.OV-02.01
APRA CPS 234-31,Testing control effectiveness,31,An APRA-regulated entity must review the sufficiency of the testing program at least annually or when there is a material change to information assets or the business environment.,Semantic,Superset of,6,10,"GV.AU-02.01: A formal process is in place for the independent audit function to review and update its procedures and audit plans regularly or in response to changes in relevant standards, the technology environment, or the business environment.",GOVERN / Independent Audit Function / Independent Audit Procedures,GV.AU-02.01
APRA CPS 234-31,Testing control effectiveness,31,An APRA-regulated entity must review the sufficiency of the testing program at least annually or when there is a material change to information assets or the business environment.,Semantic,Superset of,6,10,"GV.AU-02.02: A formal process is in place for the independent audit function to update its procedures and audit plans based on changes to the organization's risk appetite, risk tolerance, threat environment, and evolving risk profile.",GOVERN / Independent Audit Function / Independent Audit Procedures,GV.AU-02.02
APRA CPS 234-31,Testing control effectiveness,31,An APRA-regulated entity must review the sufficiency of the testing program at least annually or when there is a material change to information assets or the business environment.,Semantic,Superset of,7,10,"ID.IM-01.01: Technology, cybersecurity, and resilience controls are regularly assessed and/or tested for design and operating effectiveness.",IDENTIFY / Improvement / Continuous Improvements Evaluation,ID.IM-01.01
APRA CPS 234-31,Testing control effectiveness,31,An APRA-regulated entity must review the sufficiency of the testing program at least annually or when there is a material change to information assets or the business environment.,Semantic,Superset of,6,10,"ID.IM-01.03: The organization establishes specific objectives, performance criteria, benchmarks, and tolerance limits to identify areas that have improved or are in need of improvement over time.",IDENTIFY / Improvement / Continuous Improvements Evaluation,ID.IM-01.03
APRA CPS 234-31,Testing control effectiveness,31,An APRA-regulated entity must review the sufficiency of the testing program at least annually or when there is a material change to information assets or the business environment.,Semantic,Superset of,6,10,"ID.IM-01.04: Technology and cybersecurity programs include elements designed to assess, manage, and continually improve the quality of program delivery in addressing stakeholder requirements and risk reduction.",IDENTIFY / Improvement / Continuous Improvements Evaluation,ID.IM-01.04
APRA CPS 234-31,Testing control effectiveness,31,An APRA-regulated entity must review the sufficiency of the testing program at least annually or when there is a material change to information assets or the business environment.,Semantic,Superset of,6,10,"ID.IM-01.05: The organization's third-party risk management program is regularly assessed, reported on, and improved.",IDENTIFY / Improvement / Continuous Improvements Evaluation,ID.IM-01.05
APRA CPS 234-31,Testing control effectiveness,31,An APRA-regulated entity must review the sufficiency of the testing program at least annually or when there is a material change to information assets or the business environment.,Semantic,Superset of,6,10,"ID.IM-02.04: The organization's testing program validates the effectiveness of its resilience strategy and response, disaster recovery, and resumption plans on a regular basis or upon major changes to business or system functions, and includes external stakeholders as required.",IDENTIFY / Improvement / Tests & Exercises,ID.IM-02.04
APRA CPS 234-31,Testing control effectiveness,31,An APRA-regulated entity must review the sufficiency of the testing program at least annually or when there is a material change to information assets or the business environment.,Semantic,Superset of,6,10,"ID.IM-02.09: Corrective actions for gaps identified during security-related, incident management, response plan, and disaster recovery testing are retested and validated, or have a formal risk acceptance or risk exception.",IDENTIFY / Improvement / Tests & Exercises,ID.IM-02.09
APRA CPS 234-31,Testing control effectiveness,31,An APRA-regulated entity must review the sufficiency of the testing program at least annually or when there is a material change to information assets or the business environment.,Semantic,Superset of,6,10,"ID.IM-03.01: A formal process is in place to improve protection controls and processes by integrating recommendations, findings, and lessons learned from exercises, testing, audits, assessments, and incidents.",IDENTIFY / Improvement / Improvements from Lessons Learned,ID.IM-03.01
APRA CPS 234-31,Testing control effectiveness,31,An APRA-regulated entity must review the sufficiency of the testing program at least annually or when there is a material change to information assets or the business environment.,Semantic,Superset of,6,10,"ID.IM-04.08: The organization regularly reviews response strategy, incident management plans, recovery plans, and associated tests and exercises and updates them, as necessary, based on:
(1) Lessons learned from incidents that have occurred (both internal and external to the organization);
(2) Current cyber threat intelligence (both internal and external sources);
(3) Recent and wide-scale cyber attack scenarios;
(4) Operationally and technically plausible future cyber attacks;
(5) Organizational or technical environment changes; and,
(6) New technological developments.",IDENTIFY / Improvement / Plans Affecting Operations,ID.IM-04.08
APRA CPS 234-32,Internal audit,32,"An APRA-regulated entity’s internal audit activities must include a review of the design and operating effectiveness of information security controls, including those maintained by related parties and third parties (information security control assurance).",Semantic,Superset of,9,10,"GV.AU-01.03: The independent audit function tests technology management, cybersecurity, incident response, and resilience policies and controls.",GOVERN / Independent Audit Function / Independent Audit Compliance Assessment,GV.AU-01.03
APRA CPS 234-32,Internal audit,32,"An APRA-regulated entity’s internal audit activities must include a review of the design and operating effectiveness of information security controls, including those maintained by related parties and third parties (information security control assurance).",Semantic,Superset of,9,10,"GV.AU-01.04: The independent audit function evaluates and tests third-party risk management policies and controls, identifies weaknesses and gaps, and recommends improvements to senior management and the governing authority (e.g., the Board or one of its committees).",GOVERN / Independent Audit Function / Independent Audit Compliance Assessment,GV.AU-01.04
APRA CPS 234-32,Internal audit,32,"An APRA-regulated entity’s internal audit activities must include a review of the design and operating effectiveness of information security controls, including those maintained by related parties and third parties (information security control assurance).",Semantic,Superset of,8,10,"ID.IM-01.01: Technology, cybersecurity, and resilience controls are regularly assessed and/or tested for design and operating effectiveness.",IDENTIFY / Improvement / Continuous Improvements Evaluation,ID.IM-01.01
APRA CPS 234-32,Internal audit,32,"An APRA-regulated entity’s internal audit activities must include a review of the design and operating effectiveness of information security controls, including those maintained by related parties and third parties (information security control assurance).",Semantic,Intersects with,7,10,"EX.DD-03.01: The organization reviews, evaluates, and risk assesses a prospective critical third party's cybersecurity program, including its ability to identify, assess, monitor, and mitigate its cyber risks; the completeness of its policies and procedures; the strength of its technical and administrative controls; and the coverage of its internal and independent control testing programs.",EXTEND / Procurement Planning and Due Diligence / Technology & Cybersecurity Risk Assessment,EX.DD-03.01
APRA CPS 234-32,Internal audit,32,"An APRA-regulated entity’s internal audit activities must include a review of the design and operating effectiveness of information security controls, including those maintained by related parties and third parties (information security control assurance).",Semantic,Superset of,6,10,"EX.DD-04.02: The organization reviews and evaluates any technologies or information systems proposed to support a third party's services or activities, to include compatibility with the organization's technology and cybersecurity architectures, interactions and interfaces with existing systems, security controls, operational management and support requirements, and suitability to the task.",EXTEND / Procurement Planning and Due Diligence / Product & Service Due Diligence,EX.DD-04.02
APRA CPS 234-33,Internal audit,33,An APRA-regulated entity must ensure that the information security control assurance is provided by personnel appropriately skilled in providing such assurance.,Semantic,Intersects with,8,10,"GV.RR-02.01: The roles, responsibilities, qualifications, and skill requirements for personnel (employees and third parties) that implement, manage, and oversee the technology, cybersecurity, and resilience programs are defined, aligned, coordinated, and holistically managed.","GOVERN / Roles, Responsibilities, and Authorities / Risk Management Roles & Responsibilities",GV.RR-02.01
APRA CPS 234-33,Internal audit,33,An APRA-regulated entity must ensure that the information security control assurance is provided by personnel appropriately skilled in providing such assurance.,Semantic,Intersects with,8,10,GV.RR-03.02: The organization regularly assesses its skill and resource level requirements against its current personnel complement to determine gaps in resource need.,"GOVERN / Roles, Responsibilities, and Authorities / Resource Adequacy",GV.RR-03.02
APRA CPS 234-34,Internal audit,34,"An APRA-regulated entity’s internal audit function must assess the information security control assurance provided by a related party or third party where: (a) an information security incident affecting the information assets has the potential to materially affect, financially or non-financially, the entity or the interests of depositors, policyholders, beneficiaries or other customers; and (b) internal audit intends to rely on the information security control assurance provided by the related party or third party.",Semantic,Superset of,8,8,"GV.AU-01.04: The independent audit function evaluates and tests third-party risk management policies and controls, identifies weaknesses and gaps, and recommends improvements to senior management and the governing authority (e.g., the Board or one of its committees).",GOVERN / Independent Audit Function / Independent Audit Compliance Assessment,GV.AU-01.04
APRA CPS 234-35,APRA notification,35,"An APRA-regulated entity must notify APRA as soon as possible and, in any case, no later than 72 hours, after becoming aware of an information security incident that: (a) materially affected, or had the potential to materially affect, financially or non-financially, the entity or the interests of depositors, policyholders, beneficiaries or other customers; or (b) has been notified to other regulators, either in Australia or other jurisdictions.",Semantic,Superset of,8,10,"GV.OC-03.01: The organization's technology and cybersecurity strategy, framework, and policies align and are consistent with the organization's legal, statutory, contractual, and regulatory obligations and ensure that compliance responsibilities are unambiguously assigned.","GOVERN / Organizational Context / Legal, Regulatory, & Contractual Requirements",GV.OC-03.01
APRA CPS 234-35,APRA notification,35,"An APRA-regulated entity must notify APRA as soon as possible and, in any case, no later than 72 hours, after becoming aware of an information security incident that: (a) materially affected, or had the potential to materially affect, financially or non-financially, the entity or the interests of depositors, policyholders, beneficiaries or other customers; or (b) has been notified to other regulators, either in Australia or other jurisdictions.",Semantic,Superset of,9,10,"GV.RR-02.02: The organization has established and assigned roles and responsibilities for systematic cybersecurity threat identification, monitoring, detection, and event reporting processes, and ensures adequate coverage and organizational alignment for these functions.","GOVERN / Roles, Responsibilities, and Authorities / Risk Management Roles & Responsibilities",GV.RR-02.02
APRA CPS 234-35,APRA notification,35,"An APRA-regulated entity must notify APRA as soon as possible and, in any case, no later than 72 hours, after becoming aware of an information security incident that: (a) materially affected, or had the potential to materially affect, financially or non-financially, the entity or the interests of depositors, policyholders, beneficiaries or other customers; or (b) has been notified to other regulators, either in Australia or other jurisdictions.",Semantic,Superset of,9,10,"DE.AE-06.01: The organization has established processes and protocols to communicate, alert, and regularly report potential cyber attacks and incident information, including its corresponding analysis and cyber threat intelligence, to authorized internal and external stakeholders.",DETECT / Adverse Event Analysis / Event Information Sharing,DE.AE-06.01
APRA CPS 234-35,APRA notification,35,"An APRA-regulated entity must notify APRA as soon as possible and, in any case, no later than 72 hours, after becoming aware of an information security incident that: (a) materially affected, or had the potential to materially affect, financially or non-financially, the entity or the interests of depositors, policyholders, beneficiaries or other customers; or (b) has been notified to other regulators, either in Australia or other jurisdictions.",Semantic,Superset of,8,10,"RS.CO-02.01: The organization's incident response program includes defined and approved escalation protocols, linked to organizational decision levels and communication strategies, including which types of information will be shared, with whom (e.g., the organization's governing authority and senior management), and how information provided to the organization will be acted upon.",RESPOND / Incident Response Reporting and Communication / Stakeholder Incident Notification,RS.CO-02.01
APRA CPS 234-35,APRA notification,35,"An APRA-regulated entity must notify APRA as soon as possible and, in any case, no later than 72 hours, after becoming aware of an information security incident that: (a) materially affected, or had the potential to materially affect, financially or non-financially, the entity or the interests of depositors, policyholders, beneficiaries or other customers; or (b) has been notified to other regulators, either in Australia or other jurisdictions.",Semantic,Superset of,9,10,"RS.CO-03.02: In the event of an incident, the organization shares authorized information, in a defined manner and through trusted channels, to facilitate the detection, response, resumption and recovery of its own systems and those of other partners and critical sector participants.",RESPOND / Incident Response Reporting and Communication / Stakeholder Incident Information Sharing,RS.CO-03.02
APRA CPS 234-35,APRA notification,35,"An APRA-regulated entity must notify APRA as soon as possible and, in any case, no later than 72 hours, after becoming aware of an information security incident that: (a) materially affected, or had the potential to materially affect, financially or non-financially, the entity or the interests of depositors, policyholders, beneficiaries or other customers; or (b) has been notified to other regulators, either in Australia or other jurisdictions.",Semantic,Superset of,9,10,"RC.CO-03.02: The organization promptly communicates the status of recovery activities to regulatory authorities and relevant external stakeholders, as required or appropriate.",RECOVER / Incident Recovery Communication / Recovery Activity Communication,RC.CO-03.02
APRA CPS 234-35,APRA notification,35,"An APRA-regulated entity must notify APRA as soon as possible and, in any case, no later than 72 hours, after becoming aware of an information security incident that: (a) materially affected, or had the potential to materially affect, financially or non-financially, the entity or the interests of depositors, policyholders, beneficiaries or other customers; or (b) has been notified to other regulators, either in Australia or other jurisdictions.",Semantic,Superset of,9,10,"RC.CO-04.01: Pre-established communication plans and message templates, and authorized protocols, contacts, media, and communications, are used to notify and inform the public and key external stakeholders about an incident.",RECOVER / Incident Recovery Communication / Public Information Sharing,RC.CO-04.01
APRA CPS 234-36,APRA notification,36,"An APRA-regulated entity must notify APRA as soon as possible and, in any case, no later than 10 business days, after it becomes aware of a material information security control weakness which the entity expects it will not be able to remediate in a timely manner.",Semantic,Superset of,6,10,"GV.OC-03.01: The organization's technology and cybersecurity strategy, framework, and policies align and are consistent with the organization's legal, statutory, contractual, and regulatory obligations and ensure that compliance responsibilities are unambiguously assigned.","GOVERN / Organizational Context / Legal, Regulatory, & Contractual Requirements",GV.OC-03.01
APRA CPS 234-36,APRA notification,36,"An APRA-regulated entity must notify APRA as soon as possible and, in any case, no later than 10 business days, after it becomes aware of a material information security control weakness which the entity expects it will not be able to remediate in a timely manner.",Semantic,Superset of,6,10,"GV.RR-02.02: The organization has established and assigned roles and responsibilities for systematic cybersecurity threat identification, monitoring, detection, and event reporting processes, and ensures adequate coverage and organizational alignment for these functions.","GOVERN / Roles, Responsibilities, and Authorities / Risk Management Roles & Responsibilities",GV.RR-02.02
APRA CPS 234-36,APRA notification,36,"An APRA-regulated entity must notify APRA as soon as possible and, in any case, no later than 10 business days, after it becomes aware of a material information security control weakness which the entity expects it will not be able to remediate in a timely manner.",Semantic,Superset of,6,10,"DE.AE-06.01: The organization has established processes and protocols to communicate, alert, and regularly report potential cyber attacks and incident information, including its corresponding analysis and cyber threat intelligence, to authorized internal and external stakeholders.",DETECT / Adverse Event Analysis / Event Information Sharing,DE.AE-06.01
APRA CPS 234-36,APRA notification,36,"An APRA-regulated entity must notify APRA as soon as possible and, in any case, no later than 10 business days, after it becomes aware of a material information security control weakness which the entity expects it will not be able to remediate in a timely manner.",Semantic,Superset of,7,10,"RS.CO-02.01: The organization's incident response program includes defined and approved escalation protocols, linked to organizational decision levels and communication strategies, including which types of information will be shared, with whom (e.g., the organization's governing authority and senior management), and how information provided to the organization will be acted upon.",RESPOND / Incident Response Reporting and Communication / Stakeholder Incident Notification,RS.CO-02.01
APRA CPS 234-36,APRA notification,36,"An APRA-regulated entity must notify APRA as soon as possible and, in any case, no later than 10 business days, after it becomes aware of a material information security control weakness which the entity expects it will not be able to remediate in a timely manner.",Semantic,Superset of,7,10,"RS.CO-03.02: In the event of an incident, the organization shares authorized information, in a defined manner and through trusted channels, to facilitate the detection, response, resumption and recovery of its own systems and those of other partners and critical sector participants.",RESPOND / Incident Response Reporting and Communication / Stakeholder Incident Information Sharing,RS.CO-03.02
APRA CPS 234-36,APRA notification,36,"An APRA-regulated entity must notify APRA as soon as possible and, in any case, no later than 10 business days, after it becomes aware of a material information security control weakness which the entity expects it will not be able to remediate in a timely manner.",Semantic,Superset of,7,10,"RC.CO-03.02: The organization promptly communicates the status of recovery activities to regulatory authorities and relevant external stakeholders, as required or appropriate.",RECOVER / Incident Recovery Communication / Recovery Activity Communication,RC.CO-03.02
APRA CPS 234-36,APRA notification,36,"An APRA-regulated entity must notify APRA as soon as possible and, in any case, no later than 10 business days, after it becomes aware of a material information security control weakness which the entity expects it will not be able to remediate in a timely manner.",Semantic,Superset of,6,10,"RC.CO-04.01: Pre-established communication plans and message templates, and authorized protocols, contacts, media, and communications, are used to notify and inform the public and key external stakeholders about an incident.",RECOVER / Incident Recovery Communication / Public Information Sharing,RC.CO-04.01
