FFIEC Cybersecurity Assessment Tool (CAT) to CRI Profile ver. 2.1 Mapping,FFIEC Cybersecurity Assessment Tool (CAT) to CRI Profile ver. 2.1 Mapping,FFIEC Cybersecurity Assessment Tool (CAT) to CRI Profile ver. 2.1 Mapping,FFIEC Cybersecurity Assessment Tool (CAT) to CRI Profile ver. 2.1 Mapping,FFIEC Cybersecurity Assessment Tool (CAT) to CRI Profile ver. 2.1 Mapping,,
FFIEC Cybersecurity Assessment Tool (CAT),FFIEC Cybersecurity Assessment Tool (CAT),FFIEC Cybersecurity Assessment Tool (CAT),CRI Profile ver. 2.1,CRI Profile ver. 2.1,CRI Profile ver. 2.1,CRI Profile ver. 2.1
CAT Domain / Factor / Component,FFIEC CAT Statement,CAT Level,Mapping Type,CRI Profile v2.1 Diagnostic Statement,Profile Id,CRI Profile Subcategory
1: Cyber Risk Management & Oversight / 1: Governance / 1: Oversight,D1.G.Ov.B.1: Designated members of management are held accountable by the board or an appropriate board committee for implementing and managing the information security and business continuity programs.,Baseline,Full Summarily,"GV.RR-01.01: The governing authority (e.g., the Board or one of its committees) oversees and holds senior management accountable for implementing the organization’s technology and cybersecurity risk management strategies and frameworks.",GV.RR-01.01,"GOVERN / Roles, Responsibilities, and Authorities / Organizational Leadership Responsibility"
1: Cyber Risk Management & Oversight / 1: Governance / 1: Oversight,D1.G.Ov.B.1: Designated members of management are held accountable by the board or an appropriate board committee for implementing and managing the information security and business continuity programs.,Baseline,Full Summarily,"GV.RR-01.03: The governing authority (e.g., the Board or one of its committees) regularly reviews, oversees, and holds senior management accountable for implementing the organization’s resilience strategy and program and for managing the organization's ongoing resilience risks.",GV.RR-01.03,"GOVERN / Roles, Responsibilities, and Authorities / Organizational Leadership Responsibility"
1: Cyber Risk Management & Oversight / 1: Governance / 1: Oversight,D1.G.Ov.B.2: Information security risks are discussed in management meetings when prompted by highly visible cyber events or regulatory alerts.,Baseline,Full,"GV.RM-05.01: The organization has a process for monitoring its technology, cybersecurity, and third-party risks, including escalating those risks that exceed risk appetite to management and identifying risks with the potential to impact multiple operating units.",GV.RM-05.01,GOVERN / Risk Management Strategy / Lines of Communication
1: Cyber Risk Management & Oversight / 1: Governance / 1: Oversight,D1.G.Ov.B.3: Management provides a written report on the overall status of the information security and business continuity programs to the board or an appropriate board committee at least annually.,Baseline,Full Summarily,"GV.OV-01.02: The designated Cybersecurity Officer (e.g., CISO) periodically reports to the appropriate governing authority (e.g., the Board or one of its committees) or equivalent governing body on the status of cybersecurity within the organization.",GV.OV-01.02,GOVERN / Oversight / Risk Management Strategy Outcomes Review
1: Cyber Risk Management & Oversight / 1: Governance / 1: Oversight,D1.G.Ov.B.3: Management provides a written report on the overall status of the information security and business continuity programs to the board or an appropriate board committee at least annually.,Baseline,Full Summarily,"GV.OV-03.02: Resilience program performance is measured and regularly reported to senior executives and the governing authority (e.g., the Board or one of its committees).",GV.OV-03.02,GOVERN / Oversight / Risk Management Performance Measurement
1: Cyber Risk Management & Oversight / 1: Governance / 1: Oversight,D1.G.Ov.B.4: The budgeting process includes information security related expenses and tools.,Baseline,Full,"GV.RR-03.01: The organization's budgeting and resourcing processes identify, prioritize, and address resource needs to manage identified technology and cybersecurity risks (e.g., skill shortages, headcount, new tools, incident-related expenses, and unsupported systems).",GV.RR-03.01,"GOVERN / Roles, Responsibilities, and Authorities / Resource Adequacy"
1: Cyber Risk Management & Oversight / 1: Governance / 1: Oversight,"D1.G.Ov.B.5: Management considers the risks posed by other critical infrastructures (e.g., telecommunications, energy) to the institution.",Baseline,Full,GV.OC-02.03: Technology and cybersecurity risk management strategies identify and communicate the organization's role as it relates to other critical infrastructure sectors outside of the financial services sector and the interdependency risks.,GV.OC-02.03,GOVERN / Organizational Context / Stakeholder Risk Management Expectations
1: Cyber Risk Management & Oversight / 1: Governance / 1: Oversight,"D1.G.Ov.E.1: At least annually, the board or an appropriate board committee reviews and approves the institution’s cybersecurity program.",Evolving,Full Summarily,"GV.PO-01.01: Technology and cybersecurity policies are documented, maintained and approved by the governing authority (e.g., the Board or one of its committees) or a designated executive.",GV.PO-01.01,"GOVERN / Policies, Processes, and Procedures / Establishment of Policies & Procedures"
1: Cyber Risk Management & Oversight / 1: Governance / 1: Oversight,"D1.G.Ov.E.1: At least annually, the board or an appropriate board committee reviews and approves the institution’s cybersecurity program.",Evolving,Full Summarily,"GV.OV-01.01: The governing authority (e.g., the Board or one of its committees) regularly reviews and evaluates the organization's ability to manage its technology, cybersecurity, third-party, and resilience risks.",GV.OV-01.01,GOVERN / Oversight / Risk Management Strategy Outcomes Review
1: Cyber Risk Management & Oversight / 1: Governance / 1: Oversight,D1.G.Ov.E.2: Management is responsible for ensuring compliance with legal and regulatory requirements related to cybersecurity.,Evolving,Full,"GV.OC-03.01: The organization's technology and cybersecurity strategy, framework, and policies align and are consistent with the organization's legal, statutory, contractual, and regulatory obligations and ensure that compliance responsibilities are unambiguously assigned.",GV.OC-03.01,"GOVERN / Organizational Context / Legal, Regulatory, & Contractual Requirements"
1: Cyber Risk Management & Oversight / 1: Governance / 1: Oversight,D1.G.Ov.E.3: Cybersecurity tools and staff are requested through the budget process.,Evolving,Full,"GV.RR-03.01: The organization's budgeting and resourcing processes identify, prioritize, and address resource needs to manage identified technology and cybersecurity risks (e.g., skill shortages, headcount, new tools, incident-related expenses, and unsupported systems).",GV.RR-03.01,"GOVERN / Roles, Responsibilities, and Authorities / Resource Adequacy"
1: Cyber Risk Management & Oversight / 1: Governance / 1: Oversight,D1.G.Ov.E.4: There is a process to formally discuss and estimate potential expenses associated with cybersecurity incidents as part of the budgeting process.,Evolving,Full,"GV.RR-03.01: The organization's budgeting and resourcing processes identify, prioritize, and address resource needs to manage identified technology and cybersecurity risks (e.g., skill shortages, headcount, new tools, incident-related expenses, and unsupported systems).",GV.RR-03.01,"GOVERN / Roles, Responsibilities, and Authorities / Resource Adequacy"
1: Cyber Risk Management & Oversight / 1: Governance / 1: Oversight,D1.G.Ov.Int.1: The board or an appropriate board committee has cybersecurity expertise or engages experts to assist with oversight responsibilities.,Intermediate,Full,"PR.AT-02.08: Where the organization's governing authority (e.g., the Board or one of its committees) does not have adequate cybersecurity expertise, they should have direct access to the senior officer responsible for cybersecurity and independent sources of expertise to discuss cybersecurity related matters.",PR.AT-02.08,PROTECT / Awareness and Training / Specialized Role Awareness & Training
1: Cyber Risk Management & Oversight / 1: Governance / 1: Oversight,D1.G.Ov.Int.2: The standard board meeting package includes reports and metrics that go beyond events and incidents to address threat intelligence trends and the institution’s security posture.,Intermediate,Full,"GV.OV-03.01: The organization develops, implements, and reports to management and the governing body (e.g., the Board or one of its committees) key technology and cybersecurity risk and performance indicators and metrics to measure, monitor, and report actionable indicators.",GV.OV-03.01,GOVERN / Oversight / Risk Management Performance Measurement
1: Cyber Risk Management & Oversight / 1: Governance / 1: Oversight,D1.G.Ov.Int.3: The institution has a cyber risk appetite statement approved by the board or an appropriate board committee.,Intermediate,Full,"GV.RM-02.01: The governing authority (e.g., the Board or one of its committees) endorses and regularly reviews technology and cybersecurity risk appetite and is regularly informed about the status of, and material changes to, the organization's inherent risk profile.",GV.RM-02.01,GOVERN / Risk Management Strategy / Risk Appetite & Risk Tolerance Statements
1: Cyber Risk Management & Oversight / 1: Governance / 1: Oversight,D1.G.Ov.Int.4: Cyber risks that exceed the risk appetite are escalated to management.,Intermediate,Full,"GV.RM-05.01: The organization has a process for monitoring its technology, cybersecurity, and third-party risks, including escalating those risks that exceed risk appetite to management and identifying risks with the potential to impact multiple operating units.",GV.RM-05.01,GOVERN / Risk Management Strategy / Lines of Communication
1: Cyber Risk Management & Oversight / 1: Governance / 1: Oversight,D1.G.Ov.Int.5: The board or an appropriate board committee ensures management’s annual cybersecurity self-assessment evaluates the institution’s ability to meet its cyber risk management standards.,Intermediate,Full Summarily,"GV.OV-01.01: The governing authority (e.g., the Board or one of its committees) regularly reviews and evaluates the organization's ability to manage its technology, cybersecurity, third-party, and resilience risks.",GV.OV-01.01,GOVERN / Oversight / Risk Management Strategy Outcomes Review
1: Cyber Risk Management & Oversight / 1: Governance / 1: Oversight,D1.G.Ov.Int.5: The board or an appropriate board committee ensures management’s annual cybersecurity self-assessment evaluates the institution’s ability to meet its cyber risk management standards.,Intermediate,Full Summarily,"GV.OV-01.02: The designated Cybersecurity Officer (e.g., CISO) periodically reports to the appropriate governing authority (e.g., the Board or one of its committees) or equivalent governing body on the status of cybersecurity within the organization.",GV.OV-01.02,GOVERN / Oversight / Risk Management Strategy Outcomes Review
1: Cyber Risk Management & Oversight / 1: Governance / 1: Oversight,D1.G.Ov.Int.6: The board or an appropriate board committee reviews and approves management’s prioritization and resource allocation decisions based on the results of the cyber assessments.,Intermediate,Full Summarily,"GV.RR-03.01: The organization's budgeting and resourcing processes identify, prioritize, and address resource needs to manage identified technology and cybersecurity risks (e.g., skill shortages, headcount, new tools, incident-related expenses, and unsupported systems).",GV.RR-03.01,"GOVERN / Roles, Responsibilities, and Authorities / Resource Adequacy"
1: Cyber Risk Management & Oversight / 1: Governance / 1: Oversight,D1.G.Ov.Int.6: The board or an appropriate board committee reviews and approves management’s prioritization and resource allocation decisions based on the results of the cyber assessments.,Intermediate,Full Summarily,"GV.OV-01.01: The governing authority (e.g., the Board or one of its committees) regularly reviews and evaluates the organization's ability to manage its technology, cybersecurity, third-party, and resilience risks.",GV.OV-01.01,GOVERN / Oversight / Risk Management Strategy Outcomes Review
1: Cyber Risk Management & Oversight / 1: Governance / 1: Oversight,D1.G.Ov.Int.6: The board or an appropriate board committee reviews and approves management’s prioritization and resource allocation decisions based on the results of the cyber assessments.,Intermediate,Full Summarily,"ID.RA-06.01: Technology and cybersecurity risk management programs and risk assessment processes produce actionable recommendations that the organization uses to select, design, prioritize, implement, maintain, evaluate, and modify cybersecurity and technology controls.",ID.RA-06.01,IDENTIFY / Risk Assessment / Risk Response Determination
1: Cyber Risk Management & Oversight / 1: Governance / 1: Oversight,D1.G.Ov.Int.7: The board or an appropriate board committee ensures management takes appropriate actions to address changing cyber risks or significant cybersecurity issues.,Intermediate,Full,"GV.OV-01.01: The governing authority (e.g., the Board or one of its committees) regularly reviews and evaluates the organization's ability to manage its technology, cybersecurity, third-party, and resilience risks.",GV.OV-01.01,GOVERN / Oversight / Risk Management Strategy Outcomes Review
1: Cyber Risk Management & Oversight / 1: Governance / 1: Oversight,D1.G.Ov.Int.8: The budget process for requesting additional cybersecurity staff and tools is integrated into business units’ budget processes.,Intermediate,Full,"GV.RR-03.01: The organization's budgeting and resourcing processes identify, prioritize, and address resource needs to manage identified technology and cybersecurity risks (e.g., skill shortages, headcount, new tools, incident-related expenses, and unsupported systems).",GV.RR-03.01,"GOVERN / Roles, Responsibilities, and Authorities / Resource Adequacy"
1: Cyber Risk Management & Oversight / 1: Governance / 1: Oversight,D1.G.Ov.A.1: The board or board committee approved cyber risk appetite statement is part of the enterprise-wide risk appetite statement.,Advanced,Full Summarily,"GV.RM-02.01: The governing authority (e.g., the Board or one of its committees) endorses and regularly reviews technology and cybersecurity risk appetite and is regularly informed about the status of, and material changes to, the organization's inherent risk profile.",GV.RM-02.01,GOVERN / Risk Management Strategy / Risk Appetite & Risk Tolerance Statements
1: Cyber Risk Management & Oversight / 1: Governance / 1: Oversight,D1.G.Ov.A.1: The board or board committee approved cyber risk appetite statement is part of the enterprise-wide risk appetite statement.,Advanced,Full Summarily,"GV.OV-02.01: The organization regularly assesses its inherent technology and cybersecurity risks and ensures that changes to the business and threat environment lead to updates to the organization's strategies, programs, risk appetite and risk tolerance.",GV.OV-02.01,GOVERN / Oversight / Risk Management Strategy Review & Adjustment
1: Cyber Risk Management & Oversight / 1: Governance / 1: Oversight,D1.G.Ov.A.2: Management has a formal process to continuously improve cybersecurity oversight.,Advanced,Full Summarily,GV.IR-02.01: The independent risk management function regularly evaluates the appropriateness of the technology and cybersecurity risk management programs to the organization's risk appetite and inherent risk environment,GV.IR-02.01,GOVERN / Independent Risk Management Function / Independent Risk Management Evaluation
1: Cyber Risk Management & Oversight / 1: Governance / 1: Oversight,D1.G.Ov.A.2: Management has a formal process to continuously improve cybersecurity oversight.,Advanced,Full Summarily,"ID.IM-01.03: The organization establishes specific objectives, performance criteria, benchmarks, and tolerance limits to identify areas that have improved or are in need of improvement over time.",ID.IM-01.03,IDENTIFY / Improvement / Continuous Improvements Evaluation
1: Cyber Risk Management & Oversight / 1: Governance / 1: Oversight,D1.G.Ov.A.2: Management has a formal process to continuously improve cybersecurity oversight.,Advanced,Full Summarily,"ID.IM-01.04: Technology and cybersecurity programs include elements designed to assess, manage, and continually improve the quality of program delivery in addressing stakeholder requirements and risk reduction.",ID.IM-01.04,IDENTIFY / Improvement / Continuous Improvements Evaluation
1: Cyber Risk Management & Oversight / 1: Governance / 1: Oversight,D1.G.Ov.A.3: The budget process for requesting additional cybersecurity staff and tools maps current resources and tools to the cybersecurity strategy.,Advanced,Partial,"GV.RR-03.01: The organization's budgeting and resourcing processes identify, prioritize, and address resource needs to manage identified technology and cybersecurity risks (e.g., skill shortages, headcount, new tools, incident-related expenses, and unsupported systems).",GV.RR-03.01,"GOVERN / Roles, Responsibilities, and Authorities / Resource Adequacy"
1: Cyber Risk Management & Oversight / 1: Governance / 1: Oversight,D1.G.Ov.A.4: Management and the board or an appropriate board committee hold business units accountable for effectively managing all cyber risks associated with their activities.,Advanced,Full,"GV.RR-01.01: The governing authority (e.g., the Board or one of its committees) oversees and holds senior management accountable for implementing the organization’s technology and cybersecurity risk management strategies and frameworks.",GV.RR-01.01,"GOVERN / Roles, Responsibilities, and Authorities / Organizational Leadership Responsibility"
1: Cyber Risk Management & Oversight / 1: Governance / 1: Oversight,D1.G.Ov.A.5: Management identifies root cause(s) when cyber attacks result in material loss.,Advanced,Full,"RS.AN-03.01: The organization performs a thorough investigation to determine the nature and scope of an event, possible root causes, and the potential damage inflicted.",RS.AN-03.01,RESPOND / Incident Analysis / Incident Analysis & Root Cause Determination
1: Cyber Risk Management & Oversight / 1: Governance / 1: Oversight,D1.G.Ov.A.6: The board or an appropriate board committee ensures that management’s actions consider the cyber risks that the institution poses to the financial sector.,Advanced,Full Summarily,GV.OC-02.02: Technology and cybersecurity risk management strategies identify and communicate the organization’s role within the financial services sector as a component of critical infrastructure.,GV.OC-02.02,GOVERN / Organizational Context / Stakeholder Risk Management Expectations
1: Cyber Risk Management & Oversight / 1: Governance / 1: Oversight,D1.G.Ov.A.6: The board or an appropriate board committee ensures that management’s actions consider the cyber risks that the institution poses to the financial sector.,Advanced,Full Summarily,"GV.RM-09.02: The resilience program ensures that the organization can continue operating critical business functions and deliver services to stakeholders, to include critical infrastructure partners, during adverse incidents and cyber attacks (e.g., propagation of malware or extended system outages).",GV.RM-09.02,GOVERN / Risk Management Strategy  / Business Continuity & Resilience Risk Management
1: Cyber Risk Management & Oversight / 1: Governance / 1: Oversight,D1.G.Ov.A.6: The board or an appropriate board committee ensures that management’s actions consider the cyber risks that the institution poses to the financial sector.,Advanced,Full Summarily,ID.IM-04.06: The organization has established and implemented plans to identify and mitigate the cyber risks it poses through interconnectedness to sector partners and external stakeholders.,ID.IM-04.06,IDENTIFY / Improvement / Plans Affecting Operations
1: Cyber Risk Management & Oversight / 1: Governance / 1: Oversight,D1.G.Ov.Inn.1: The board or an appropriate board committee discusses ways for management to develop cybersecurity improvements that may be adopted sector-wide.,Innovative,Partial,"ID.IM-01.03: The organization establishes specific objectives, performance criteria, benchmarks, and tolerance limits to identify areas that have improved or are in need of improvement over time.",ID.IM-01.03,IDENTIFY / Improvement / Continuous Improvements Evaluation
1: Cyber Risk Management & Oversight / 1: Governance / 1: Oversight,D1.G.Ov.Inn.1: The board or an appropriate board committee discusses ways for management to develop cybersecurity improvements that may be adopted sector-wide.,Innovative,Partial,"ID.IM-01.04: Technology and cybersecurity programs include elements designed to assess, manage, and continually improve the quality of program delivery in addressing stakeholder requirements and risk reduction.",ID.IM-01.04,IDENTIFY / Improvement / Continuous Improvements Evaluation
1: Cyber Risk Management & Oversight / 1: Governance / 1: Oversight,"D1.G.Ov.Inn.2: The board or an appropriate board committee verifies that management’s actions consider the cyber risks that the institution poses to other critical infrastructures (e.g., telecommunications, energy).",Innovative,Full,GV.OC-02.03: Technology and cybersecurity risk management strategies identify and communicate the organization's role as it relates to other critical infrastructure sectors outside of the financial services sector and the interdependency risks.,GV.OC-02.03,GOVERN / Organizational Context / Stakeholder Risk Management Expectations
1: Cyber Risk Management & Oversight / 1: Governance / 2: Strategy / Policies,"D1.G.SP.B.1: The institution has an information security strategy that integrates technology, policies, procedures, and training to mitigate risk.",Baseline,Full Summarily,"GV.RM-01.01: Technology and cybersecurity risk management strategies and frameworks are approved by the governing authority (e.g., the Board or one of its committees) and incorporated into the overall business strategy and enterprise risk management framework.",GV.RM-01.01,GOVERN / Risk Management Strategy / Risk Management Objectives Agreement
1: Cyber Risk Management & Oversight / 1: Governance / 2: Strategy / Policies,"D1.G.SP.B.1: The institution has an information security strategy that integrates technology, policies, procedures, and training to mitigate risk.",Baseline,Full Summarily,"ID.RA-06.03: Technology and cybersecurity programs identify and implement controls to manage applicable risks within the risk appetite set by the governing authority (e.g., the Board or one of its committees).",ID.RA-06.03,IDENTIFY / Risk Assessment / Risk Response Determination
1: Cyber Risk Management & Oversight / 1: Governance / 2: Strategy / Policies,D1.G.SP.B.2: The institution has policies commensurate with its risk and complexity that address the concepts of information technology risk management.,Baseline,Full,"GV.PO-01.01: Technology and cybersecurity policies are documented, maintained and approved by the governing authority (e.g., the Board or one of its committees) or a designated executive.",GV.PO-01.01,"GOVERN / Policies, Processes, and Procedures / Establishment of Policies & Procedures"
1: Cyber Risk Management & Oversight / 1: Governance / 2: Strategy / Policies,D1.G.SP.B.3: The institution has policies commensurate with its risk and complexity that address the concepts of threat information sharing.,Baseline,Full Summarily,"ID.RA-02.01: The organization participates actively (in alignment with its business operations, inherent risk, and complexity) in information-sharing groups and collectives (e.g., cross-industry, cross-government and cross-border groups) to gather, distribute and analyze information about cyber practices, cyber threats, and early warning indicators relating to cyber threats.",ID.RA-02.01,IDENTIFY / Risk Assessment / Information Sharing Forums
1: Cyber Risk Management & Oversight / 1: Governance / 2: Strategy / Policies,D1.G.SP.B.3: The institution has policies commensurate with its risk and complexity that address the concepts of threat information sharing.,Baseline,Full Summarily,"DE.AE-06.01: The organization has established processes and protocols to communicate, alert, and regularly report potential cyber attacks and incident information, including its corresponding analysis and cyber threat intelligence, to authorized internal and external stakeholders.",DE.AE-06.01,DETECT / Adverse Event Analysis / Event Information Sharing
1: Cyber Risk Management & Oversight / 1: Governance / 2: Strategy / Policies,D1.G.SP.B.4: The institution has board-approved policies commensurate with its risk and complexity that address information security.,Baseline,Full,"GV.PO-01.01: Technology and cybersecurity policies are documented, maintained and approved by the governing authority (e.g., the Board or one of its committees) or a designated executive.",GV.PO-01.01,"GOVERN / Policies, Processes, and Procedures / Establishment of Policies & Procedures"
1: Cyber Risk Management & Oversight / 1: Governance / 2: Strategy / Policies,D1.G.SP.B.5: The institution has policies commensurate with its risk and complexity that address the concepts of external dependency or third-party management.,Baseline,Full,"GV.PO-01.08: The organization maintains documented third-party risk management program policies and procedures approved by the governing authority (e.g., the Board or one of its committees).",GV.PO-01.08,"GOVERN / Policies, Processes, and Procedures / Establishment of Policies & Procedures"
1: Cyber Risk Management & Oversight / 1: Governance / 2: Strategy / Policies,D1.G.SP.B.6: The institution has policies commensurate with its risk and complexity that address the concepts of incident response and resilience.,Baseline,Full,"GV.RM-09.01: The organization has an enterprise-wide resilience strategy and program, including architecture, cyber resilience, business continuity, disaster recovery, and incident response, which support its mission, stakeholder obligations, critical infrastructure role, and risk appetite.",GV.RM-09.01,GOVERN / Risk Management Strategy  / Business Continuity & Resilience Risk Management
1: Cyber Risk Management & Oversight / 1: Governance / 2: Strategy / Policies,D1.G.SP.B.7: All elements of the information security program are coordinated enterprise-wide.,Baseline,Full,"GV.RM-01.01: Technology and cybersecurity risk management strategies and frameworks are approved by the governing authority (e.g., the Board or one of its committees) and incorporated into the overall business strategy and enterprise risk management framework.",GV.RM-01.01,GOVERN / Risk Management Strategy / Risk Management Objectives Agreement
1: Cyber Risk Management & Oversight / 1: Governance / 2: Strategy / Policies,D1.G.SP.E.1: The institution augmented its information security strategy to incorporate cybersecurity and resilience.,Evolving,Full,"GV.RM-01.05: The organization's technology, cybersecurity, resilience, and third-party risk management programs, policies, resources, and priorities are aligned and mutually supporting.",GV.RM-01.05,GOVERN / Risk Management Strategy / Risk Management Objectives Agreement
1: Cyber Risk Management & Oversight / 1: Governance / 2: Strategy / Policies,D1.G.SP.E.2: The institution has a formal cybersecurity program that is based on technology and security industry standards or benchmarks.,Evolving,Full,"GV.RM-01.02: Technology and cybersecurity risk management strategies and frameworks are informed by applicable international, national, and financial services industry standards and guidelines.",GV.RM-01.02,GOVERN / Risk Management Strategy / Risk Management Objectives Agreement
1: Cyber Risk Management & Oversight / 1: Governance / 2: Strategy / Policies,D1.G.SP.E.3: A formal process is in place to update policies as the institution’s inherent risk profile changes.,Evolving,Full,"GV.PO-02.01: The cybersecurity policy is regularly reviewed, revised, and communicated under the leadership of a designated Cybersecurity Officer (e.g., CISO) to address changes in the risk profile and risk appetite, the evolving threat environment, and new technologies, products, services, and interdependencies.",GV.PO-02.01,"GOVERN / Policies, Processes, and Procedures / Policy & Procedure Review & Update"
1: Cyber Risk Management & Oversight / 1: Governance / 2: Strategy / Policies,D1.G.SP.Int.1: The institution has a comprehensive set of policies commensurate with its risk and complexity that address the concepts of threat intelligence.,Intermediate,Full Summarily,"ID.RA-03.02: The organization solicits and considers threat intelligence received from the organization's stakeholders, service and utility providers, and other industry and security organizations.",ID.RA-03.02,IDENTIFY / Risk Assessment / Threat Identification
1: Cyber Risk Management & Oversight / 1: Governance / 2: Strategy / Policies,D1.G.SP.Int.1: The institution has a comprehensive set of policies commensurate with its risk and complexity that address the concepts of threat intelligence.,Intermediate,Full Summarily,"ID.RA-05.01: Threats, vulnerabilities, likelihoods, and impacts are used to determine overall technology, cybersecurity, and resilience risk to the organization.",ID.RA-05.01,IDENTIFY / Risk Assessment / Risk Exposure Determination & Prioritization
1: Cyber Risk Management & Oversight / 1: Governance / 2: Strategy / Policies,D1.G.SP.Int.1: The institution has a comprehensive set of policies commensurate with its risk and complexity that address the concepts of threat intelligence.,Intermediate,Full Summarily,"ID.RA-05.02: The organization has established threat modeling capabilities to identify how and why critical assets might be compromised by a threat actor, what level of protection is needed for those critical assets, and what the impact would be if that protection failed.",ID.RA-05.02,IDENTIFY / Risk Assessment / Risk Exposure Determination & Prioritization
1: Cyber Risk Management & Oversight / 1: Governance / 2: Strategy / Policies,D1.G.SP.Int.1: The institution has a comprehensive set of policies commensurate with its risk and complexity that address the concepts of threat intelligence.,Intermediate,Full Summarily,"ID.IM-04.08: The organization regularly reviews response strategy, incident management plans, recovery plans, and associated tests and exercises and updates them, as necessary, based on:
(1) Lessons learned from incidents that have occurred (both internal and external to the organization);
(2) Current cyber threat intelligence (both internal and external sources);
(3) Recent and wide-scale cyber attack scenarios;
(4) Operationally and technically plausible future cyber attacks;
(5) Organizational or technical environment changes; and,
(6) New technological developments.",ID.IM-04.08,IDENTIFY / Improvement / Plans Affecting Operations
1: Cyber Risk Management & Oversight / 1: Governance / 2: Strategy / Policies,D1.G.SP.Int.1: The institution has a comprehensive set of policies commensurate with its risk and complexity that address the concepts of threat intelligence.,Intermediate,Full Summarily,"RS.CO-03.01: The organization ensures that cyber threat intelligence is made available, in a secure manner, to authorized staff with responsibility for the mitigation of cyber risks at the strategic, tactical and operational levels within the organization.",RS.CO-03.01,RESPOND / Incident Response Reporting and Communication / Stakeholder Incident Information Sharing
1: Cyber Risk Management & Oversight / 1: Governance / 2: Strategy / Policies,D1.G.SP.Int.2: Management periodically reviews the cybersecurity strategy to address evolving cyber threats and changes to the institution’s inherent risk profile.,Intermediate,Full,"GV.OV-02.01: The organization regularly assesses its inherent technology and cybersecurity risks and ensures that changes to the business and threat environment lead to updates to the organization's strategies, programs, risk appetite and risk tolerance.",GV.OV-02.01,GOVERN / Oversight / Risk Management Strategy Review & Adjustment
1: Cyber Risk Management & Oversight / 1: Governance / 2: Strategy / Policies,"D1.G.SP.Int.3: The cybersecurity strategy is incorporated into, or conceptually fits within, the institution’s enterprise-wide risk management strategy.",Intermediate,Full,GV.RM-03.01: Technology and cybersecurity risk management frameworks and programs are integrated into the enterprise risk management framework.,GV.RM-03.01,GOVERN / Risk Management Strategy / Enterprise Risk Integration
1: Cyber Risk Management & Oversight / 1: Governance / 2: Strategy / Policies,D1.G.SP.Int.4: Management links strategic cybersecurity objectives to tactical goals.,Intermediate,Full Summarily,"GV.OC-01.01: Technology and cybersecurity strategies, architectures, and programs are formally governed to align with and support the organization's mission, objectives, priorities, tactical initiatives, and risk profile.",GV.OC-01.01,GOVERN / Organizational Context / Organizational Mission
1: Cyber Risk Management & Oversight / 1: Governance / 2: Strategy / Policies,D1.G.SP.Int.4: Management links strategic cybersecurity objectives to tactical goals.,Intermediate,Full Summarily,"GV.RM-03.04: Technology and cybersecurity risk management considerations are integrated into daily operations, cultural norms, management discussions, and management decision-making, and are tailored to address enterprise-specific risks (both internal and external).",GV.RM-03.04,GOVERN / Risk Management Strategy / Enterprise Risk Integration
1: Cyber Risk Management & Oversight / 1: Governance / 2: Strategy / Policies,D1.G.SP.Int.5: A formal process is in place to cross-reference and simultaneously update all policies related to cyber risks across business lines.,Intermediate,Partial,"GV.PO-02.01: The cybersecurity policy is regularly reviewed, revised, and communicated under the leadership of a designated Cybersecurity Officer (e.g., CISO) to address changes in the risk profile and risk appetite, the evolving threat environment, and new technologies, products, services, and interdependencies.",GV.PO-02.01,"GOVERN / Policies, Processes, and Procedures / Policy & Procedure Review & Update"
1: Cyber Risk Management & Oversight / 1: Governance / 2: Strategy / Policies,D1.G.SP.A.1: The cybersecurity strategy outlines the institution’s future state of cybersecurity with short-term and long-term perspectives.,Advanced,Full,"GV.OC-01.01: Technology and cybersecurity strategies, architectures, and programs are formally governed to align with and support the organization's mission, objectives, priorities, tactical initiatives, and risk profile.",GV.OC-01.01,GOVERN / Organizational Context / Organizational Mission
1: Cyber Risk Management & Oversight / 1: Governance / 2: Strategy / Policies,D1.G.SP.A.2: Industry-recognized cybersecurity standards are used as sources during the analysis of cybersecurity program gaps.,Advanced,Full,"GV.RM-01.02: Technology and cybersecurity risk management strategies and frameworks are informed by applicable international, national, and financial services industry standards and guidelines.",GV.RM-01.02,GOVERN / Risk Management Strategy / Risk Management Objectives Agreement
1: Cyber Risk Management & Oversight / 1: Governance / 2: Strategy / Policies,D1.G.SP.A.3: The cybersecurity strategy identifies and communicates the institution’s role as a component of critical infrastructure in the financial services industry.,Advanced,Full,GV.OC-02.02: Technology and cybersecurity risk management strategies identify and communicate the organization’s role within the financial services sector as a component of critical infrastructure.,GV.OC-02.02,GOVERN / Organizational Context / Stakeholder Risk Management Expectations
1: Cyber Risk Management & Oversight / 1: Governance / 2: Strategy / Policies,D1.G.SP.A.4: The risk appetite is informed by the institution’s role in critical infrastructure.,Advanced,Full,"GV.RM-02.03: Determination of the organization's risk appetite and tolerance includes consideration of the organization's stakeholder obligations, role in critical infrastructure, and sector-specific risk analysis.",GV.RM-02.03,GOVERN / Risk Management Strategy / Risk Appetite & Risk Tolerance Statements
1: Cyber Risk Management & Oversight / 1: Governance / 2: Strategy / Policies,D1.G.SP.A.5: Management is continuously improving the existing cybersecurity program to adapt as the desired cybersecurity target state changes.,Advanced,Full,"ID.IM-01.04: Technology and cybersecurity programs include elements designed to assess, manage, and continually improve the quality of program delivery in addressing stakeholder requirements and risk reduction.",ID.IM-01.04,IDENTIFY / Improvement / Continuous Improvements Evaluation
1: Cyber Risk Management & Oversight / 1: Governance / 2: Strategy / Policies,D1.G.SP.Inn.1: The cybersecurity strategy identifies and communicates the institution's role as it relates to other critical infrastructures.,Innovative,Full,GV.OC-02.03: Technology and cybersecurity risk management strategies identify and communicate the organization's role as it relates to other critical infrastructure sectors outside of the financial services sector and the interdependency risks.,GV.OC-02.03,GOVERN / Organizational Context / Stakeholder Risk Management Expectations
1: Cyber Risk Management & Oversight / 1: Governance / 3: IT Asset Management,"D1.G.IT.B.1: An inventory of organizational assets (e.g., hardware, software, data, and systems hosted externally) is maintained.",Baseline,Full Summarily,"ID.AM-01.01: The organization maintains a current and complete asset inventory of physical devices, hardware, and information systems.",ID.AM-01.01,IDENTIFY / Asset Management / Hardware Inventory
1: Cyber Risk Management & Oversight / 1: Governance / 3: IT Asset Management,"D1.G.IT.B.1: An inventory of organizational assets (e.g., hardware, software, data, and systems hosted externally) is maintained.",Baseline,Full Summarily,"ID.AM-02.01: The organization maintains a current and complete inventory of software platforms, business applications, and other software assets (e.g., virtual machines and virtual network devices).",ID.AM-02.01,"IDENTIFY / Asset Management / Software, Services, & Systems Inventory"
1: Cyber Risk Management & Oversight / 1: Governance / 3: IT Asset Management,"D1.G.IT.B.1: An inventory of organizational assets (e.g., hardware, software, data, and systems hosted externally) is maintained.",Baseline,Full Summarily,"ID.AM-04.01: Hardware, software, and data assets maintained by or located at suppliers or other third parties are included in asset management inventories and lifecycle management processes as required for effective management and security.",ID.AM-04.01,IDENTIFY / Asset Management / Supplier Services Inventory
1: Cyber Risk Management & Oversight / 1: Governance / 3: IT Asset Management,"D1.G.IT.B.1: An inventory of organizational assets (e.g., hardware, software, data, and systems hosted externally) is maintained.",Baseline,Full Summarily,"ID.AM-07.01: The organization maintains a current inventory of the data being created, stored, or processed by its information assets and data flow diagrams depicting key internal and external data flows.",ID.AM-07.01,IDENTIFY / Asset Management / Data & Metadata Inventory
1: Cyber Risk Management & Oversight / 1: Governance / 3: IT Asset Management,"D1.G.IT.B.2: Organizational assets (e.g., hardware, systems, data, and applications) are prioritized for protection based on the data classification and business value.",Baseline,Full,"ID.AM-05.02: The organization's hardware, software, and data assets are prioritized for protection based on their sensitivity, criticality, vulnerability, business value, and dependency role in the delivery of critical services.",ID.AM-05.02,IDENTIFY / Asset Management / Asset Protection Prioritization
1: Cyber Risk Management & Oversight / 1: Governance / 3: IT Asset Management,D1.G.IT.B.3: Management assigns accountability for maintaining an inventory of organizational assets.,Baseline,Full,"GV.RR-02.06: Roles and responsibilities for the inventory, ownership, and custodianship of applications, data and other technology assets are established and maintained.",GV.RR-02.06,"GOVERN / Roles, Responsibilities, and Authorities / Risk Management Roles & Responsibilities"
1: Cyber Risk Management & Oversight / 1: Governance / 3: IT Asset Management,"D1.G.IT.B.4: A change management process is in place to request and approve changes to systems configurations, hardware, software, applications, and security tools.",Baseline,Full,"ID.RA-07.01: The organization defines and implements change management standards and procedures, to include emergency change procedures, that explicitly address risk identified both prior to and during a change, any new risk created post-change, as well as the reviewing and approving authorities (e.g., change advisory boards).",ID.RA-07.01,IDENTIFY / Risk Assessment / Change & Exception Management
1: Cyber Risk Management & Oversight / 1: Governance / 3: IT Asset Management,"D1.G.IT.E.1: The asset inventory, including identification of critical assets, is updated at least annually to address new, relocated, re-purposed, and sunset assets.",Evolving,Full Summarily,"ID.AM-01.01: The organization maintains a current and complete asset inventory of physical devices, hardware, and information systems.",ID.AM-01.01,IDENTIFY / Asset Management / Hardware Inventory
1: Cyber Risk Management & Oversight / 1: Governance / 3: IT Asset Management,"D1.G.IT.E.1: The asset inventory, including identification of critical assets, is updated at least annually to address new, relocated, re-purposed, and sunset assets.",Evolving,Full Summarily,"ID.AM-02.01: The organization maintains a current and complete inventory of software platforms, business applications, and other software assets (e.g., virtual machines and virtual network devices).",ID.AM-02.01,"IDENTIFY / Asset Management / Software, Services, & Systems Inventory"
1: Cyber Risk Management & Oversight / 1: Governance / 3: IT Asset Management,"D1.G.IT.E.1: The asset inventory, including identification of critical assets, is updated at least annually to address new, relocated, re-purposed, and sunset assets.",Evolving,Full Summarily,"ID.AM-05.02: The organization's hardware, software, and data assets are prioritized for protection based on their sensitivity, criticality, vulnerability, business value, and dependency role in the delivery of critical services.",ID.AM-05.02,IDENTIFY / Asset Management / Asset Protection Prioritization
1: Cyber Risk Management & Oversight / 1: Governance / 3: IT Asset Management,"D1.G.IT.E.1: The asset inventory, including identification of critical assets, is updated at least annually to address new, relocated, re-purposed, and sunset assets.",Evolving,Full Summarily,"ID.AM-07.01: The organization maintains a current inventory of the data being created, stored, or processed by its information assets and data flow diagrams depicting key internal and external data flows.",ID.AM-07.01,IDENTIFY / Asset Management / Data & Metadata Inventory
1: Cyber Risk Management & Oversight / 1: Governance / 3: IT Asset Management,D1.G.IT.E.2: The institution has a documented asset life-cycle process that considers whether assets to be acquired have appropriate security safeguards.,Evolving,Full Summarily,"GV.RM-08.02: Technology and cybersecurity risk management frameworks are applied to all technology projects and procurements to ensure that security requirements (e.g., data confidentiality, access control, event logging, etc.) are addressed consistently from project onset.",GV.RM-08.02,GOVERN / Risk Management Strategy  / Technology Assimilation & Implementations
1: Cyber Risk Management & Oversight / 1: Governance / 3: IT Asset Management,D1.G.IT.E.2: The institution has a documented asset life-cycle process that considers whether assets to be acquired have appropriate security safeguards.,Evolving,Full Summarily,"ID.AM-08.01: The organization establishes and maintains asset lifecycle management policies and procedures to ensure that assets are acquired, tracked, implemented, used, decommissioned, and protected commensurate with their sensitivity, criticality, and business value.",ID.AM-08.01,IDENTIFY / Asset Management / Asset Life Cycle Management
1: Cyber Risk Management & Oversight / 1: Governance / 3: IT Asset Management,D1.G.IT.E.2: The institution has a documented asset life-cycle process that considers whether assets to be acquired have appropriate security safeguards.,Evolving,Full Summarily,"EX.DD-04.01: The organization defines and implements procedures for assessing the compatibility, security, integrity, and authenticity of externally-developed or externally-sourced applications, software, software components, and firmware before deployment and upon any major change.",EX.DD-04.01,EXTEND / Procurement Planning and Due Diligence / Product & Service Due Diligence
1: Cyber Risk Management & Oversight / 1: Governance / 3: IT Asset Management,"D1.G.IT.E.3: The institution proactively manages system EOL (e.g., replacement) to limit security risks.",Evolving,Full,"PR.PS-02.03: Technology obsolescence, unsupported systems, and end-of-life decommissioning/replacements are addressed in a risk-based manner and actively planned for, funded, managed, and securely executed.",PR.PS-02.03,PROTECT / Platform Security / Software Maintenance & Replacement
1: Cyber Risk Management & Oversight / 1: Governance / 3: IT Asset Management,D1.G.IT.E.4: Changes are formally approved by an individual or committee with appropriate authority and with separation of duties.,Evolving,Full,"ID.RA-07.01: The organization defines and implements change management standards and procedures, to include emergency change procedures, that explicitly address risk identified both prior to and during a change, any new risk created post-change, as well as the reviewing and approving authorities (e.g., change advisory boards).",ID.RA-07.01,IDENTIFY / Risk Assessment / Change & Exception Management
1: Cyber Risk Management & Oversight / 1: Governance / 3: IT Asset Management,"D1.G.IT.Int.1: Baseline configurations cannot be altered without a formal change request, documented approval, and an assessment of security implications.",Intermediate,Full Summarily,"ID.RA-07.01: The organization defines and implements change management standards and procedures, to include emergency change procedures, that explicitly address risk identified both prior to and during a change, any new risk created post-change, as well as the reviewing and approving authorities (e.g., change advisory boards).",ID.RA-07.01,IDENTIFY / Risk Assessment / Change & Exception Management
1: Cyber Risk Management & Oversight / 1: Governance / 3: IT Asset Management,"D1.G.IT.Int.1: Baseline configurations cannot be altered without a formal change request, documented approval, and an assessment of security implications.",Intermediate,Full Summarily,PR.PS-01.03: The organization employs detection measures and performs regular enforcement checks to ensure that non-compliance with baseline security standards are promptly identified and rectified.,PR.PS-01.03,PROTECT / Platform Security / Configuration Management
1: Cyber Risk Management & Oversight / 1: Governance / 3: IT Asset Management,"D1.G.IT.Int.2: A formal IT change management process requires cybersecurity risk to be evaluated during the analysis, approval, testing, and reporting of changes.",Intermediate,Full Summarily,"ID.RA-07.01: The organization defines and implements change management standards and procedures, to include emergency change procedures, that explicitly address risk identified both prior to and during a change, any new risk created post-change, as well as the reviewing and approving authorities (e.g., change advisory boards).",ID.RA-07.01,IDENTIFY / Risk Assessment / Change & Exception Management
1: Cyber Risk Management & Oversight / 1: Governance / 3: IT Asset Management,"D1.G.IT.Int.2: A formal IT change management process requires cybersecurity risk to be evaluated during the analysis, approval, testing, and reporting of changes.",Intermediate,Full Summarily,"ID.RA-07.02: Risk-based criteria are used to categorize each system change, to include emergency changes, to determine the necessary change process standards to apply for change planning, rollback planning, pre-change testing, change access control, post-change verification, and change review and approval.",ID.RA-07.02,IDENTIFY / Risk Assessment / Change & Exception Management
1: Cyber Risk Management & Oversight / 1: Governance / 3: IT Asset Management,D1.G.IT.A.1: Supply chain risk is reviewed before the acquisition of mission-critical information systems including system components.,Advanced,Full Summarily,"GV.RM-08.02: Technology and cybersecurity risk management frameworks are applied to all technology projects and procurements to ensure that security requirements (e.g., data confidentiality, access control, event logging, etc.) are addressed consistently from project onset.",GV.RM-08.02,GOVERN / Risk Management Strategy  / Technology Assimilation & Implementations
1: Cyber Risk Management & Oversight / 1: Governance / 3: IT Asset Management,D1.G.IT.A.1: Supply chain risk is reviewed before the acquisition of mission-critical information systems including system components.,Advanced,Full Summarily,"EX.DD-04.01: The organization defines and implements procedures for assessing the compatibility, security, integrity, and authenticity of externally-developed or externally-sourced applications, software, software components, and firmware before deployment and upon any major change.",EX.DD-04.01,EXTEND / Procurement Planning and Due Diligence / Product & Service Due Diligence
1: Cyber Risk Management & Oversight / 1: Governance / 3: IT Asset Management,"D1.G.IT.A.2: Automated tools enable tracking, updating, asset prioritizing, and custom reporting of the asset inventory.",Advanced,Partial,"GV.RM-08.03: The organization defines, maintains, and uses technical security standards, architectures, processes or practices (including automated tools when practical) to ensure the security of its applications and infrastructure.",GV.RM-08.03,GOVERN / Risk Management Strategy  / Technology Assimilation & Implementations
1: Cyber Risk Management & Oversight / 1: Governance / 3: IT Asset Management,"D1.G.IT.A.2: Automated tools enable tracking, updating, asset prioritizing, and custom reporting of the asset inventory.",Advanced,Partial,"ID.AM-02.01: The organization maintains a current and complete inventory of software platforms, business applications, and other software assets (e.g., virtual machines and virtual network devices).",ID.AM-02.01,"IDENTIFY / Asset Management / Software, Services, & Systems Inventory"
1: Cyber Risk Management & Oversight / 1: Governance / 3: IT Asset Management,D1.G.IT.A.3: Automated processes are in place to detect and block unauthorized changes to software and hardware.,Advanced,Full Summarily,PR.PS-01.03: The organization employs detection measures and performs regular enforcement checks to ensure that non-compliance with baseline security standards are promptly identified and rectified.,PR.PS-01.03,PROTECT / Platform Security / Configuration Management
1: Cyber Risk Management & Oversight / 1: Governance / 3: IT Asset Management,D1.G.IT.A.3: Automated processes are in place to detect and block unauthorized changes to software and hardware.,Advanced,Full Summarily,"DE.CM-09.03: The organization has policies, procedures, and tools in place to monitor for, detect, and block the use of unsupported or unauthorized software, hardware, or configuration changes.",DE.CM-09.03,"DETECT / Continuous Monitoring / Hardware, Software, & Data Monitoring"
1: Cyber Risk Management & Oversight / 1: Governance / 3: IT Asset Management,D1.G.IT.A.4: The change management system uses thresholds to determine when a risk assessment of the impact of the change is required.,Advanced,Full,"ID.RA-07.02: Risk-based criteria are used to categorize each system change, to include emergency changes, to determine the necessary change process standards to apply for change planning, rollback planning, pre-change testing, change access control, post-change verification, and change review and approval.",ID.RA-07.02,IDENTIFY / Risk Assessment / Change & Exception Management
1: Cyber Risk Management & Oversight / 1: Governance / 3: IT Asset Management,D1.G.IT.Inn.1: A formal change management function governs decentralized or highly distributed change requests and identifies and measures security risks that may cause increased exposure to cyber attack.,Innovative,Full Summarily,"ID.RA-07.01: The organization defines and implements change management standards and procedures, to include emergency change procedures, that explicitly address risk identified both prior to and during a change, any new risk created post-change, as well as the reviewing and approving authorities (e.g., change advisory boards).",ID.RA-07.01,IDENTIFY / Risk Assessment / Change & Exception Management
1: Cyber Risk Management & Oversight / 1: Governance / 3: IT Asset Management,D1.G.IT.Inn.1: A formal change management function governs decentralized or highly distributed change requests and identifies and measures security risks that may cause increased exposure to cyber attack.,Innovative,Full Summarily,"ID.RA-07.03: Technology projects and system change processes ensure that requisite changes in security posture, data classification and flows, architecture, support documentation, business processes, and business resilience plans are addressed.",ID.RA-07.03,IDENTIFY / Risk Assessment / Change & Exception Management
1: Cyber Risk Management & Oversight / 1: Governance / 3: IT Asset Management,D1.G.IT.Inn.2: Comprehensive automated enterprise tools are implemented to detect and block unauthorized changes to software and hardware.,Innovative,Full Summarily,PR.PS-01.03: The organization employs detection measures and performs regular enforcement checks to ensure that non-compliance with baseline security standards are promptly identified and rectified.,PR.PS-01.03,PROTECT / Platform Security / Configuration Management
1: Cyber Risk Management & Oversight / 1: Governance / 3: IT Asset Management,D1.G.IT.Inn.2: Comprehensive automated enterprise tools are implemented to detect and block unauthorized changes to software and hardware.,Innovative,Full Summarily,"DE.CM-09.03: The organization has policies, procedures, and tools in place to monitor for, detect, and block the use of unsupported or unauthorized software, hardware, or configuration changes.",DE.CM-09.03,"DETECT / Continuous Monitoring / Hardware, Software, & Data Monitoring"
1: Cyber Risk Management & Oversight / 2: Risk Management / 1: Risk Management Program,D1.RM.RMP.B.1: An information security and business continuity risk management function(s) exists within the institution.,Baseline,Full Summarily,"GV.RM-01.03: The organization has established, and maintains, technology and cybersecurity programs designed to protect the confidentiality, integrity and availability of its information and operational systems, commensurate with the organization's risk appetite and business needs.",GV.RM-01.03,GOVERN / Risk Management Strategy / Risk Management Objectives Agreement
1: Cyber Risk Management & Oversight / 2: Risk Management / 1: Risk Management Program,D1.RM.RMP.B.1: An information security and business continuity risk management function(s) exists within the institution.,Baseline,Full Summarily,"GV.RM-09.01: The organization has an enterprise-wide resilience strategy and program, including architecture, cyber resilience, business continuity, disaster recovery, and incident response, which support its mission, stakeholder obligations, critical infrastructure role, and risk appetite.",GV.RM-09.01,GOVERN / Risk Management Strategy  / Business Continuity & Resilience Risk Management
1: Cyber Risk Management & Oversight / 2: Risk Management / 1: Risk Management Program,"D1.RM.RMP.E.1: The risk management program incorporates cyber risk identification, measurement, mitigation, monitoring, and reporting.",Evolving,Full,"GV.RM-01.04: Technology and cybersecurity risk management programs incorporate risk identification, measurement, monitoring, and reporting.",GV.RM-01.04,GOVERN / Risk Management Strategy / Risk Management Objectives Agreement
1: Cyber Risk Management & Oversight / 2: Risk Management / 1: Risk Management Program,"D1.RM.RMP.E.2: Management reviews and uses the results of audits to improve existing cybersecurity policies, procedures, and controls.",Evolving,Full,"ID.IM-03.01: A formal process is in place to improve protection controls and processes by integrating recommendations, findings, and lessons learned from exercises, testing, audits, assessments, and incidents.",ID.IM-03.01,IDENTIFY / Improvement / Improvements from Lessons Learned
1: Cyber Risk Management & Oversight / 2: Risk Management / 1: Risk Management Program,D1.RM.RMP.E.3: Management monitors moderate and high residual risk issues from the cybersecurity risk assessment until items are addressed.,Evolving,Full,"ID.RA-07.04: Policy exceptions, risk mitigation plans, and risk acceptances resulting from assessments and evaluations, such as testing, exercises, audits, etc., are formally managed, approved, escalated to defined levels of management, and tracked to closure.",ID.RA-07.04,IDENTIFY / Risk Assessment / Change & Exception Management
1: Cyber Risk Management & Oversight / 2: Risk Management / 1: Risk Management Program,D1.RM.RMP.Int.1: The cybersecurity function has a clear reporting line that does not present a conflict of interest.,Intermediate,Full,"GV.RR-02.07: Technology and cybersecurity risk management frameworks provide for segregation of duties between policy development, implementation, and oversight.",GV.RR-02.07,"GOVERN / Roles, Responsibilities, and Authorities / Risk Management Roles & Responsibilities"
1: Cyber Risk Management & Oversight / 2: Risk Management / 1: Risk Management Program,"D1.RM.RMP.Int.2: The risk management program specifically addresses cyber risks beyond the boundaries of the technological impacts (e.g., financial, strategic, regulatory, compliance).",Intermediate,Full Summarily,"GV.OC-04.02: The organization documents the business processes that are critical for the delivery of services and the functioning of the organization, and the impacts to the business if those processes are degraded or not functioning.",GV.OC-04.02,GOVERN / Organizational Context / Stakeholder Service Expectations
1: Cyber Risk Management & Oversight / 2: Risk Management / 1: Risk Management Program,"D1.RM.RMP.Int.2: The risk management program specifically addresses cyber risks beyond the boundaries of the technological impacts (e.g., financial, strategic, regulatory, compliance).",Intermediate,Full Summarily,ID.RA-04.01: The organization's risk assessment approach includes the analysis and characterization of the likelihood and potential business impact of identified risks being realized.,ID.RA-04.01,IDENTIFY / Risk Assessment / Impact & Likelihood Analysis
1: Cyber Risk Management & Oversight / 2: Risk Management / 1: Risk Management Program,"D1.RM.RMP.Int.2: The risk management program specifically addresses cyber risks beyond the boundaries of the technological impacts (e.g., financial, strategic, regulatory, compliance).",Intermediate,Full Summarily,"ID.RA-05.04: The organization uses scenario planning, table-top-exercises, or similar event analysis techniques to identify vulnerabilities and determine potential impacts to critical infrastructure, technology, and business processes.",ID.RA-05.04,IDENTIFY / Risk Assessment / Risk Exposure Determination & Prioritization
1: Cyber Risk Management & Oversight / 2: Risk Management / 1: Risk Management Program,"D1.RM.RMP.Int.2: The risk management program specifically addresses cyber risks beyond the boundaries of the technological impacts (e.g., financial, strategic, regulatory, compliance).",Intermediate,Full Summarily,"ID.RA-06.04: The organization assesses the threats, impacts, and risks that could adversely affect the organization's ability to provide services on an ongoing basis, and develops its resilience requirements and plans to address those risks.",ID.RA-06.04,IDENTIFY / Risk Assessment / Risk Response Determination
1: Cyber Risk Management & Oversight / 2: Risk Management / 1: Risk Management Program,D1.RM.RMP.Int.3: Benchmarks or target performance metrics have been established for showing improvements or regressions of the security posture over time.,Intermediate,Full,"ID.IM-01.02: The organization implements a regular process to collect, store, report, benchmark, and assess trends in actionable performance indicators and risk metrics (e.g., threat KRIs, security incident metrics, vulnerability metrics, and operational measures).",ID.IM-01.02,IDENTIFY / Improvement / Continuous Improvements Evaluation
1: Cyber Risk Management & Oversight / 2: Risk Management / 1: Risk Management Program,D1.RM.RMP.Int.4: Management uses the results of independent audits and reviews to improve cybersecurity.,Intermediate,Full,"ID.IM-03.01: A formal process is in place to improve protection controls and processes by integrating recommendations, findings, and lessons learned from exercises, testing, audits, assessments, and incidents.",ID.IM-03.01,IDENTIFY / Improvement / Improvements from Lessons Learned
1: Cyber Risk Management & Oversight / 2: Risk Management / 1: Risk Management Program,"D1.RM.RMP.Int.5: There is a process to analyze and assign potential losses and related expenses, by cost center, associated with cybersecurity incidents.",Intermediate,Full,"RS.AN-08.01: Available incident information is assessed to determine the extent of impact to the organization and its stakeholders, the potential near- and long-term financial implications, and whether or not the incident constitutes a material event.",RS.AN-08.01,RESPOND / Incident Analysis / Incident Magnitude Determination
1: Cyber Risk Management & Oversight / 2: Risk Management / 1: Risk Management Program,D1.RM.RMP.A.1: Cybersecurity metrics are used to facilitate strategic decision-making and funding in areas of need.,Advanced,Full Summarily,"GV.RR-03.01: The organization's budgeting and resourcing processes identify, prioritize, and address resource needs to manage identified technology and cybersecurity risks (e.g., skill shortages, headcount, new tools, incident-related expenses, and unsupported systems).",GV.RR-03.01,"GOVERN / Roles, Responsibilities, and Authorities / Resource Adequacy"
1: Cyber Risk Management & Oversight / 2: Risk Management / 1: Risk Management Program,D1.RM.RMP.A.1: Cybersecurity metrics are used to facilitate strategic decision-making and funding in areas of need.,Advanced,Full Summarily,"GV.OV-03.01: The organization develops, implements, and reports to management and the governing body (e.g., the Board or one of its committees) key technology and cybersecurity risk and performance indicators and metrics to measure, monitor, and report actionable indicators.",GV.OV-03.01,GOVERN / Oversight / Risk Management Performance Measurement
1: Cyber Risk Management & Oversight / 2: Risk Management / 1: Risk Management Program,D1.RM.RMP.A.2: Independent risk management sets and monitors cyber-related risk limits for business units.,Advanced,Full Summarily,GV.IR-02.01: The independent risk management function regularly evaluates the appropriateness of the technology and cybersecurity risk management programs to the organization's risk appetite and inherent risk environment,GV.IR-02.01,GOVERN / Independent Risk Management Function / Independent Risk Management Evaluation
1: Cyber Risk Management & Oversight / 2: Risk Management / 1: Risk Management Program,D1.RM.RMP.A.2: Independent risk management sets and monitors cyber-related risk limits for business units.,Advanced,Full Summarily,"GV.IR-02.02: The independent risk management function regularly assesses the organization's controls and cybersecurity risk exposure, identifies opportunities for improvement based on assessment results, and recommends program improvements",GV.IR-02.02,GOVERN / Independent Risk Management Function / Independent Risk Management Evaluation
1: Cyber Risk Management & Oversight / 2: Risk Management / 1: Risk Management Program,D1.RM.RMP.A.3: Independent risk management staff escalates to management and the board or an appropriate board committee significant discrepancies from business unit’s assessments of cyber-related risk.,Advanced,Full,"GV.IR-03.01: The independent risk management function reports to the governing authority (e.g., the Board or one of its committees) and to the designated risk management officer within the organization on the implementation of the technology and cybersecurity risk management frameworks throughout the organization and its independent assessment of risk posture.",GV.IR-03.01,GOVERN / Independent Risk Management Function / Independent Risk Management Reporting
1: Cyber Risk Management & Oversight / 2: Risk Management / 1: Risk Management Program,D1.RM.RMP.A.4: A process is in place to analyze the financial impact cyber incidents have on the institution’s capital.,Advanced,Full,"RS.AN-08.01: Available incident information is assessed to determine the extent of impact to the organization and its stakeholders, the potential near- and long-term financial implications, and whether or not the incident constitutes a material event.",RS.AN-08.01,RESPOND / Incident Analysis / Incident Magnitude Determination
1: Cyber Risk Management & Oversight / 2: Risk Management / 1: Risk Management Program,"D1.RM.RMP.A.5: The cyber risk data aggregation and real-time reporting capabilities support the institution’s ongoing reporting needs, particularly during cyber incidents.",Advanced,Full Summarily,"DE.AE-02.01: The organization performs timely collection of event data, as well as advanced and automated analysis (including the use of security tools such as antivirus and IDS/IPS) on the detected events to:
(1) Assess and understand the nature, scope and method of the attack;
(2) Predict and block a similar future attack; and
(3) Report timely risk metrics.",DE.AE-02.01,DETECT / Adverse Event Analysis / Potentially Adverse Event Analysis
1: Cyber Risk Management & Oversight / 2: Risk Management / 1: Risk Management Program,"D1.RM.RMP.A.5: The cyber risk data aggregation and real-time reporting capabilities support the institution’s ongoing reporting needs, particularly during cyber incidents.",Advanced,Full Summarily,"DE.AE-03.02: The organization performs real-time central analysis, aggregation, and correlation of anomalous activities, network and system alerts, and relevant event and cyber threat intelligence, including both internal and external (cloud and outsourced) environments, to better detect and prevent multifaceted cyber attacks.",DE.AE-03.02,DETECT / Adverse Event Analysis / Event Information Correlation
1: Cyber Risk Management & Oversight / 2: Risk Management / 1: Risk Management Program,D1.RM.RMP.Inn.1: The risk management function identifies and analyzes commonalities in cyber events that occur both at the institution and across other sectors to enable more predictive risk management.,Innovative,Full,"DE.AE-03.02: The organization performs real-time central analysis, aggregation, and correlation of anomalous activities, network and system alerts, and relevant event and cyber threat intelligence, including both internal and external (cloud and outsourced) environments, to better detect and prevent multifaceted cyber attacks.",DE.AE-03.02,DETECT / Adverse Event Analysis / Event Information Correlation
1: Cyber Risk Management & Oversight / 2: Risk Management / 1: Risk Management Program,D1.RM.RMP.Inn.2: A process is in place to analyze the financial impact that a cyber incident at the institution may have across the financial sector.,Innovative,Partial,"RS.AN-08.01: Available incident information is assessed to determine the extent of impact to the organization and its stakeholders, the potential near- and long-term financial implications, and whether or not the incident constitutes a material event.",RS.AN-08.01,RESPOND / Incident Analysis / Incident Magnitude Determination
1: Cyber Risk Management & Oversight / 2: Risk Management / 2: Risk Assessment,"D1.RM.RA.B.1: A risk assessment focused on safeguarding customer information identifies reasonable and foreseeable internal and external threats, the likelihood and potential damage of threats, and the sufficiency of policies, procedures, and customer information syste",Baseline,Full Summarily,"ID.RA-01.01: The organization identifies, assesses, and documents risks and potential vulnerabilities associated with assets, to include workforce, data, technology, facilities, services, and connections.",ID.RA-01.01,IDENTIFY / Risk Assessment / Asset Vulnerability Identification
1: Cyber Risk Management & Oversight / 2: Risk Management / 2: Risk Assessment,"D1.RM.RA.B.1: A risk assessment focused on safeguarding customer information identifies reasonable and foreseeable internal and external threats, the likelihood and potential damage of threats, and the sufficiency of policies, procedures, and customer information syste",Baseline,Full Summarily,ID.RA-04.01: The organization's risk assessment approach includes the analysis and characterization of the likelihood and potential business impact of identified risks being realized.,ID.RA-04.01,IDENTIFY / Risk Assessment / Impact & Likelihood Analysis
1: Cyber Risk Management & Oversight / 2: Risk Management / 2: Risk Assessment,"D1.RM.RA.B.1: A risk assessment focused on safeguarding customer information identifies reasonable and foreseeable internal and external threats, the likelihood and potential damage of threats, and the sufficiency of policies, procedures, and customer information syste",Baseline,Full Summarily,"ID.RA-06.03: Technology and cybersecurity programs identify and implement controls to manage applicable risks within the risk appetite set by the governing authority (e.g., the Board or one of its committees).",ID.RA-06.03,IDENTIFY / Risk Assessment / Risk Response Determination
1: Cyber Risk Management & Oversight / 2: Risk Management / 2: Risk Assessment,D1.RM.RA.B.2: The risk assessment identifies internet-based systems and high-risk transactions that warrant additional authentication controls.,Baseline,Full Summarily,"ID.AM-05.02: The organization's hardware, software, and data assets are prioritized for protection based on their sensitivity, criticality, vulnerability, business value, and dependency role in the delivery of critical services.",ID.AM-05.02,IDENTIFY / Asset Management / Asset Protection Prioritization
1: Cyber Risk Management & Oversight / 2: Risk Management / 2: Risk Assessment,D1.RM.RA.B.2: The risk assessment identifies internet-based systems and high-risk transactions that warrant additional authentication controls.,Baseline,Full Summarily,"PR.AA-03.01: Based on the risk level of a user access or a specific transaction, the organization defines and implements authentication requirements, which may include multi-factor or out-of-band authentication, and may adopt other real-time risk prevention or mitigation tactics.",PR.AA-03.01,"PROTECT / Identity Management, Authentication, and Access Control / Authentication"
1: Cyber Risk Management & Oversight / 2: Risk Management / 2: Risk Assessment,"D1.RM.RA.B.3: The risk assessment is updated to address new technologies, products, services, and connections before deployment.",Baseline,Full,"GV.RM-08.01: Technology and cybersecurity risk management frameworks are applied to, and are adapted as needed by, the organization's innovations in technology use and adoption of emerging technologies.",GV.RM-08.01,GOVERN / Risk Management Strategy  / Technology Assimilation & Implementations
1: Cyber Risk Management & Oversight / 2: Risk Management / 2: Risk Assessment,"D1.RM.RA.E.1: Risk assessments are used to identify the cybersecurity risks stemming from new products, services, or relationships.",Evolving,Full Summarily,"GV.RM-08.01: Technology and cybersecurity risk management frameworks are applied to, and are adapted as needed by, the organization's innovations in technology use and adoption of emerging technologies.",GV.RM-08.01,GOVERN / Risk Management Strategy  / Technology Assimilation & Implementations
1: Cyber Risk Management & Oversight / 2: Risk Management / 2: Risk Assessment,"D1.RM.RA.E.1: Risk assessments are used to identify the cybersecurity risks stemming from new products, services, or relationships.",Evolving,Full Summarily,"GV.RM-08.02: Technology and cybersecurity risk management frameworks are applied to all technology projects and procurements to ensure that security requirements (e.g., data confidentiality, access control, event logging, etc.) are addressed consistently from project onset.",GV.RM-08.02,GOVERN / Risk Management Strategy  / Technology Assimilation & Implementations
1: Cyber Risk Management & Oversight / 2: Risk Management / 2: Risk Assessment,D1.RM.RA.E.2: The focus of the risk assessment has expanded beyond customer information to address all information assets.,Evolving,Full,"ID.RA-01.01: The organization identifies, assesses, and documents risks and potential vulnerabilities associated with assets, to include workforce, data, technology, facilities, services, and connections.",ID.RA-01.01,IDENTIFY / Risk Assessment / Asset Vulnerability Identification
1: Cyber Risk Management & Oversight / 2: Risk Management / 2: Risk Assessment,D1.RM.RA.E.3: The risk assessment considers the risk of using EOL software and hardware components.,Evolving,Full,"PR.PS-02.03: Technology obsolescence, unsupported systems, and end-of-life decommissioning/replacements are addressed in a risk-based manner and actively planned for, funded, managed, and securely executed.",PR.PS-02.03,PROTECT / Platform Security / Software Maintenance & Replacement
1: Cyber Risk Management & Oversight / 2: Risk Management / 2: Risk Assessment,D1.RM.RA.Int.1: The risk assessment is adjusted to consider widely known risks or risk management practices.,Intermediate,Full,"GV.RM-01.02: Technology and cybersecurity risk management strategies and frameworks are informed by applicable international, national, and financial services industry standards and guidelines.",GV.RM-01.02,GOVERN / Risk Management Strategy / Risk Management Objectives Agreement
1: Cyber Risk Management & Oversight / 2: Risk Management / 2: Risk Assessment,D1.RM.RA.A.1: An enterprise-wide risk management function incorporates cyber threat analysis and specific risk exposure as part of the enterprise risk assessment.,Advanced,Full Summarily,GV.RM-03.01: Technology and cybersecurity risk management frameworks and programs are integrated into the enterprise risk management framework.,GV.RM-03.01,GOVERN / Risk Management Strategy / Enterprise Risk Integration
1: Cyber Risk Management & Oversight / 2: Risk Management / 2: Risk Assessment,D1.RM.RA.A.1: An enterprise-wide risk management function incorporates cyber threat analysis and specific risk exposure as part of the enterprise risk assessment.,Advanced,Full Summarily,"GV.RM-03.03: Technology and cybersecurity risk management and risk assessment processes are consistent with the organization's enterprise risk management policies, procedures, and methodologies and include criteria for the evaluation and categorization of enterprise-specific risks and threats.",GV.RM-03.03,GOVERN / Risk Management Strategy / Enterprise Risk Integration
1: Cyber Risk Management & Oversight / 2: Risk Management / 2: Risk Assessment,"D1.RM.RA.Inn.1: The risk assessment is updated in real time as changes to the risk profile occur, new applicable standards are released or updated, and new exposures are anticipated.",Innovative,Partial,"ID.RA-03.01: The organization, on an ongoing basis, identifies, analyzes, correlates, characterizes, and reports threats that are internal and external to the firm.",ID.RA-03.01,IDENTIFY / Risk Assessment / Threat Identification
1: Cyber Risk Management & Oversight / 2: Risk Management / 2: Risk Assessment,"D1.RM.RA.Inn.1: The risk assessment is updated in real time as changes to the risk profile occur, new applicable standards are released or updated, and new exposures are anticipated.",Innovative,Partial,"ID.RA-05.03: The organization's business units assess, on an ongoing basis, the technology, cybersecurity, and resilience risks associated with the activities of the business unit.",ID.RA-05.03,IDENTIFY / Risk Assessment / Risk Exposure Determination & Prioritization
1: Cyber Risk Management & Oversight / 2: Risk Management / 2: Risk Assessment,"D1.RM.RA.Inn.1: The risk assessment is updated in real time as changes to the risk profile occur, new applicable standards are released or updated, and new exposures are anticipated.",Innovative,Partial,"DE.AE-03.02: The organization performs real-time central analysis, aggregation, and correlation of anomalous activities, network and system alerts, and relevant event and cyber threat intelligence, including both internal and external (cloud and outsourced) environments, to better detect and prevent multifaceted cyber attacks.",DE.AE-03.02,DETECT / Adverse Event Analysis / Event Information Correlation
1: Cyber Risk Management & Oversight / 2: Risk Management / 2: Risk Assessment,D1.RM.RA.Inn.2: The institution uses information from risk assessments to predict threats and drive real-time responses.,Innovative,Partial,"ID.RA-05.02: The organization has established threat modeling capabilities to identify how and why critical assets might be compromised by a threat actor, what level of protection is needed for those critical assets, and what the impact would be if that protection failed.",ID.RA-05.02,IDENTIFY / Risk Assessment / Risk Exposure Determination & Prioritization
1: Cyber Risk Management & Oversight / 2: Risk Management / 2: Risk Assessment,D1.RM.RA.Inn.2: The institution uses information from risk assessments to predict threats and drive real-time responses.,Innovative,Partial,"DE.AE-02.01: The organization performs timely collection of event data, as well as advanced and automated analysis (including the use of security tools such as antivirus and IDS/IPS) on the detected events to:
(1) Assess and understand the nature, scope and method of the attack;
(2) Predict and block a similar future attack; and
(3) Report timely risk metrics.",DE.AE-02.01,DETECT / Adverse Event Analysis / Potentially Adverse Event Analysis
1: Cyber Risk Management & Oversight / 2: Risk Management / 2: Risk Assessment,D1.RM.RA.Inn.2: The institution uses information from risk assessments to predict threats and drive real-time responses.,Innovative,Partial,"DE.AE-03.02: The organization performs real-time central analysis, aggregation, and correlation of anomalous activities, network and system alerts, and relevant event and cyber threat intelligence, including both internal and external (cloud and outsourced) environments, to better detect and prevent multifaceted cyber attacks.",DE.AE-03.02,DETECT / Adverse Event Analysis / Event Information Correlation
1: Cyber Risk Management & Oversight / 2: Risk Management / 2: Risk Assessment,D1.RM.RA.Inn.3: Advanced or automated analytics offer predictive information and real-time risk metrics.,Innovative,Full Summarily,"DE.AE-02.01: The organization performs timely collection of event data, as well as advanced and automated analysis (including the use of security tools such as antivirus and IDS/IPS) on the detected events to:
(1) Assess and understand the nature, scope and method of the attack;
(2) Predict and block a similar future attack; and
(3) Report timely risk metrics.",DE.AE-02.01,DETECT / Adverse Event Analysis / Potentially Adverse Event Analysis
1: Cyber Risk Management & Oversight / 2: Risk Management / 2: Risk Assessment,D1.RM.RA.Inn.3: Advanced or automated analytics offer predictive information and real-time risk metrics.,Innovative,Full Summarily,"DE.AE-03.02: The organization performs real-time central analysis, aggregation, and correlation of anomalous activities, network and system alerts, and relevant event and cyber threat intelligence, including both internal and external (cloud and outsourced) environments, to better detect and prevent multifaceted cyber attacks.",DE.AE-03.02,DETECT / Adverse Event Analysis / Event Information Correlation
1: Cyber Risk Management & Oversight / 2: Risk Management / 3: Audit,"D1.G.RM.Au.B.1: Independent audit or review evaluates policies, procedures, and controls across the institution for significant risks and control issues associated with the institution's operations, including risks in new products, emerging technologies, and information",Baseline,Full Summarily,"GV.AU-01.03: The independent audit function tests technology management, cybersecurity, incident response, and resilience policies and controls.",GV.AU-01.03,GOVERN / Independent Audit Function / Independent Audit Compliance Assessment
1: Cyber Risk Management & Oversight / 2: Risk Management / 3: Audit,"D1.G.RM.Au.B.1: Independent audit or review evaluates policies, procedures, and controls across the institution for significant risks and control issues associated with the institution's operations, including risks in new products, emerging technologies, and information",Baseline,Full Summarily,GV.AU-03.01: The independent audit function reviews technology and cybersecurity practices and identifies weaknesses and gaps.,GV.AU-03.01,GOVERN / Independent Audit Function / Independent Audit Reporting
1: Cyber Risk Management & Oversight / 2: Risk Management / 3: Audit,D1.RM.Au.B.2: The independent audit function validates controls related to the storage or transmission of confidential data.,Baseline,Full,"GV.AU-01.03: The independent audit function tests technology management, cybersecurity, incident response, and resilience policies and controls.",GV.AU-01.03,GOVERN / Independent Audit Function / Independent Audit Compliance Assessment
1: Cyber Risk Management & Oversight / 2: Risk Management / 3: Audit,"D1.RM.Au.B.3: Logging practices are independently reviewed periodically to ensure appropriate log management (e.g., access controls, retention, and maintenance).",Baseline,Partial,"PR.PS-04.01: The organization establishes and regularly reviews log management standards and practices, to include the types of events to be detected, log content, security and access considerations, monitoring protocols, integrity checking mechanisms, and retention periods.",PR.PS-04.01,PROTECT / Platform Security / Log Record Generation
1: Cyber Risk Management & Oversight / 2: Risk Management / 3: Audit,D1.RM.Au.B.4: Issues and corrective actions from internal audits and independent testing/assessments are formally tracked to ensure procedures and control lapses are resolved in a timely manner.,Baseline,Full Summarily,GV.AU-03.02: The independent audit function tracks identified issues and corrective actions from internal audits and independent testing/assessments to ensure timely resolution.,GV.AU-03.02,GOVERN / Independent Audit Function / Independent Audit Reporting
1: Cyber Risk Management & Oversight / 2: Risk Management / 3: Audit,D1.RM.Au.B.4: Issues and corrective actions from internal audits and independent testing/assessments are formally tracked to ensure procedures and control lapses are resolved in a timely manner.,Baseline,Full Summarily,"ID.RA-07.04: Policy exceptions, risk mitigation plans, and risk acceptances resulting from assessments and evaluations, such as testing, exercises, audits, etc., are formally managed, approved, escalated to defined levels of management, and tracked to closure.",ID.RA-07.04,IDENTIFY / Risk Assessment / Change & Exception Management
1: Cyber Risk Management & Oversight / 2: Risk Management / 3: Audit,D1.RM.Au.E.1: The independent audit function validates that the risk management function is commensurate with the institution’s risk and complexity.,Evolving,Full,"GV.AU-01.02: The organization has an independent audit plan that provides for the evaluation of technology and cybersecurity risk, including compliance with the approved risk management framework, policies, and processes for technology, cybersecurity, and resilience; and how well the organization adapts to the evolving risk environment while remaining within its stated risk appetite and tolerance.",GV.AU-01.02,GOVERN / Independent Audit Function / Independent Audit Compliance Assessment
1: Cyber Risk Management & Oversight / 2: Risk Management / 3: Audit,D1.RM.Au.E.2: The independent audit function validates that the institution’s threat information sharing is commensurate with the institution’s risk and complexity.,Evolving,Full Summarily,"GV.AU-01.03: The independent audit function tests technology management, cybersecurity, incident response, and resilience policies and controls.",GV.AU-01.03,GOVERN / Independent Audit Function / Independent Audit Compliance Assessment
1: Cyber Risk Management & Oversight / 2: Risk Management / 3: Audit,D1.RM.Au.E.2: The independent audit function validates that the institution’s threat information sharing is commensurate with the institution’s risk and complexity.,Evolving,Full Summarily,GV.AU-03.01: The independent audit function reviews technology and cybersecurity practices and identifies weaknesses and gaps.,GV.AU-03.01,GOVERN / Independent Audit Function / Independent Audit Reporting
1: Cyber Risk Management & Oversight / 2: Risk Management / 3: Audit,D1.RM.Au.E.3: The independent audit function validates that the institution’s cybersecurity controls function is commensurate with the institution’s risk and complexity.,Evolving,Full Summarily,"GV.AU-01.03: The independent audit function tests technology management, cybersecurity, incident response, and resilience policies and controls.",GV.AU-01.03,GOVERN / Independent Audit Function / Independent Audit Compliance Assessment
1: Cyber Risk Management & Oversight / 2: Risk Management / 3: Audit,D1.RM.Au.E.3: The independent audit function validates that the institution’s cybersecurity controls function is commensurate with the institution’s risk and complexity.,Evolving,Full Summarily,GV.AU-03.01: The independent audit function reviews technology and cybersecurity practices and identifies weaknesses and gaps.,GV.AU-03.01,GOVERN / Independent Audit Function / Independent Audit Reporting
1: Cyber Risk Management & Oversight / 2: Risk Management / 3: Audit,D1.RM.Au.E.4: The independent audit function validates that the institution’s third-party relationship management is commensurate with the institution’s risk and complexity.,Evolving,Full,"GV.AU-01.04: The independent audit function evaluates and tests third-party risk management policies and controls, identifies weaknesses and gaps, and recommends improvements to senior management and the governing authority (e.g., the Board or one of its committees).",GV.AU-01.04,GOVERN / Independent Audit Function / Independent Audit Compliance Assessment
1: Cyber Risk Management & Oversight / 2: Risk Management / 3: Audit,D1.RM.Au.E.5: The independent audit function validates that the institution’s incident response program and resilience are commensurate with the institution’s risk and complexity.,Evolving,Full Summarily,"GV.AU-01.03: The independent audit function tests technology management, cybersecurity, incident response, and resilience policies and controls.",GV.AU-01.03,GOVERN / Independent Audit Function / Independent Audit Compliance Assessment
1: Cyber Risk Management & Oversight / 2: Risk Management / 3: Audit,D1.RM.Au.E.5: The independent audit function validates that the institution’s incident response program and resilience are commensurate with the institution’s risk and complexity.,Evolving,Full Summarily,GV.AU-03.01: The independent audit function reviews technology and cybersecurity practices and identifies weaknesses and gaps.,GV.AU-03.01,GOVERN / Independent Audit Function / Independent Audit Reporting
1: Cyber Risk Management & Oversight / 2: Risk Management / 3: Audit,D1.RM.Au.Int.1: A formal process is in place for the independent audit function to update its procedures based on changes to the institution’s inherent risk profile.,Intermediate,Full,"GV.AU-02.02: A formal process is in place for the independent audit function to update its procedures and audit plans based on changes to the organization's risk appetite, risk tolerance, threat environment, and evolving risk profile.",GV.AU-02.02,GOVERN / Independent Audit Function / Independent Audit Procedures
1: Cyber Risk Management & Oversight / 2: Risk Management / 3: Audit,D1.RM.Au.Int.2: The independent audit function validates that the institution’s threat intelligence and collaboration are commensurate with the institution’s risk and complexity.,Intermediate,Full Summarily,"GV.AU-01.03: The independent audit function tests technology management, cybersecurity, incident response, and resilience policies and controls.",GV.AU-01.03,GOVERN / Independent Audit Function / Independent Audit Compliance Assessment
1: Cyber Risk Management & Oversight / 2: Risk Management / 3: Audit,D1.RM.Au.Int.2: The independent audit function validates that the institution’s threat intelligence and collaboration are commensurate with the institution’s risk and complexity.,Intermediate,Full Summarily,GV.AU-03.01: The independent audit function reviews technology and cybersecurity practices and identifies weaknesses and gaps.,GV.AU-03.01,GOVERN / Independent Audit Function / Independent Audit Reporting
1: Cyber Risk Management & Oversight / 2: Risk Management / 3: Audit,D1.RM.Au.Int.3: The independent audit function regularly reviews management’s cyber risk appetite statement.,Intermediate,Full,"GV.AU-01.02: The organization has an independent audit plan that provides for the evaluation of technology and cybersecurity risk, including compliance with the approved risk management framework, policies, and processes for technology, cybersecurity, and resilience; and how well the organization adapts to the evolving risk environment while remaining within its stated risk appetite and tolerance.",GV.AU-01.02,GOVERN / Independent Audit Function / Independent Audit Compliance Assessment
1: Cyber Risk Management & Oversight / 2: Risk Management / 3: Audit,D1.RM.Au.Int.4: Independent audits or reviews are used to identify gaps in existing security capabilities and expertise.,Intermediate,Full,GV.AU-03.01: The independent audit function reviews technology and cybersecurity practices and identifies weaknesses and gaps.,GV.AU-03.01,GOVERN / Independent Audit Function / Independent Audit Reporting
1: Cyber Risk Management & Oversight / 2: Risk Management / 3: Audit,D1.RM.Au.A.1: A formal process is in place for the independent audit function to update its procedures based on changes to the evolving threat landscape across the sector.,Advanced,Full,"GV.AU-02.01: A formal process is in place for the independent audit function to review and update its procedures and audit plans regularly or in response to changes in relevant standards, the technology environment, or the business environment.",GV.AU-02.01,GOVERN / Independent Audit Function / Independent Audit Procedures
1: Cyber Risk Management & Oversight / 2: Risk Management / 3: Audit,D1.RM.Au.A.2: The independent audit function regularly reviews the institution’s cyber risk appetite statement in comparison to assessment results and incorporates gaps into the audit strategy.,Advanced,Full,"GV.AU-01.02: The organization has an independent audit plan that provides for the evaluation of technology and cybersecurity risk, including compliance with the approved risk management framework, policies, and processes for technology, cybersecurity, and resilience; and how well the organization adapts to the evolving risk environment while remaining within its stated risk appetite and tolerance.",GV.AU-01.02,GOVERN / Independent Audit Function / Independent Audit Compliance Assessment
1: Cyber Risk Management & Oversight / 2: Risk Management / 3: Audit,"D1.RM.Au.A.3: Independent audits or reviews are used to identify cybersecurity weaknesses, root causes, and the potential impact to business units.",Advanced,Full Summarily,"GV.AU-01.03: The independent audit function tests technology management, cybersecurity, incident response, and resilience policies and controls.",GV.AU-01.03,GOVERN / Independent Audit Function / Independent Audit Compliance Assessment
1: Cyber Risk Management & Oversight / 2: Risk Management / 3: Audit,"D1.RM.Au.A.3: Independent audits or reviews are used to identify cybersecurity weaknesses, root causes, and the potential impact to business units.",Advanced,Full Summarily,GV.AU-03.01: The independent audit function reviews technology and cybersecurity practices and identifies weaknesses and gaps.,GV.AU-03.01,GOVERN / Independent Audit Function / Independent Audit Reporting
1: Cyber Risk Management & Oversight / 2: Risk Management / 3: Audit,D1.RM.Au.Inn.1: A formal process is in place for the independent audit function to update its procedures based on changes to the evolving threat landscape across other sectors the institution depends upon.,Innovative,Full,"GV.AU-02.02: A formal process is in place for the independent audit function to update its procedures and audit plans based on changes to the organization's risk appetite, risk tolerance, threat environment, and evolving risk profile.",GV.AU-02.02,GOVERN / Independent Audit Function / Independent Audit Procedures
1: Cyber Risk Management & Oversight / 2: Risk Management / 3: Audit,D1.RM.Au.Inn.2: The independent audit function uses sophisticated data mining tools to perform continuous monitoring of cybersecurity processes or controls.,Innovative,None,None,None,None
1: Cyber Risk Management & Oversight / 3: Resources / 1: Staffing,D1.R.St.B.1: Information security roles and responsibilities have been identified.,Baseline,Full,"GV.RR-02.01: The roles, responsibilities, qualifications, and skill requirements for personnel (employees and third parties) that implement, manage, and oversee the technology, cybersecurity, and resilience programs are defined, aligned, coordinated, and holistically managed.",GV.RR-02.01,"GOVERN / Roles, Responsibilities, and Authorities / Risk Management Roles & Responsibilities"
1: Cyber Risk Management & Oversight / 3: Resources / 1: Staffing,D1.R.St.B.2: Processes are in place to identify additional expertise needed to improve information security defenses.,Baseline,Full Summarily,"GV.RR-02.01: The roles, responsibilities, qualifications, and skill requirements for personnel (employees and third parties) that implement, manage, and oversee the technology, cybersecurity, and resilience programs are defined, aligned, coordinated, and holistically managed.",GV.RR-02.01,"GOVERN / Roles, Responsibilities, and Authorities / Risk Management Roles & Responsibilities"
1: Cyber Risk Management & Oversight / 3: Resources / 1: Staffing,D1.R.St.B.2: Processes are in place to identify additional expertise needed to improve information security defenses.,Baseline,Full Summarily,"GV.RR-03.01: The organization's budgeting and resourcing processes identify, prioritize, and address resource needs to manage identified technology and cybersecurity risks (e.g., skill shortages, headcount, new tools, incident-related expenses, and unsupported systems).",GV.RR-03.01,"GOVERN / Roles, Responsibilities, and Authorities / Resource Adequacy"
1: Cyber Risk Management & Oversight / 3: Resources / 1: Staffing,D1.R.St.B.2: Processes are in place to identify additional expertise needed to improve information security defenses.,Baseline,Full Summarily,"ID.IM-04.07: The organization pre-identifies, pre-qualifies, and retains third party incident management support and forensic service firms, as required, that can be called upon to quickly assist with incident response, investigation, and recovery.",ID.IM-04.07,IDENTIFY / Improvement / Plans Affecting Operations
1: Cyber Risk Management & Oversight / 3: Resources / 1: Staffing,D1.R.St.E.1: A formal process is used to identify cybersecurity tools and expertise that may be needed.,Evolving,Full,"GV.RR-03.01: The organization's budgeting and resourcing processes identify, prioritize, and address resource needs to manage identified technology and cybersecurity risks (e.g., skill shortages, headcount, new tools, incident-related expenses, and unsupported systems).",GV.RR-03.01,"GOVERN / Roles, Responsibilities, and Authorities / Resource Adequacy"
1: Cyber Risk Management & Oversight / 3: Resources / 1: Staffing,D1.R.St.E.2: Management with appropriate knowledge and experience leads the institution's cybersecurity efforts.,Evolving,Full,"GV.RR-01.04: The organization has designated a qualified Cybersecurity Officer (e.g., CISO) who is responsible and accountable for developing a cybersecurity strategy, overseeing and implementing its cybersecurity program, and enforcing its cybersecurity policy.",GV.RR-01.04,"GOVERN / Roles, Responsibilities, and Authorities / Organizational Leadership Responsibility"
1: Cyber Risk Management & Oversight / 3: Resources / 1: Staffing,D1.R.St.E.3: Staff with cybersecurity responsibilities have the requisite qualifications to perform the necessary tasks of the position.,Evolving,Full Summarily,"GV.RR-02.01: The roles, responsibilities, qualifications, and skill requirements for personnel (employees and third parties) that implement, manage, and oversee the technology, cybersecurity, and resilience programs are defined, aligned, coordinated, and holistically managed.",GV.RR-02.01,"GOVERN / Roles, Responsibilities, and Authorities / Risk Management Roles & Responsibilities"
1: Cyber Risk Management & Oversight / 3: Resources / 1: Staffing,D1.R.St.E.3: Staff with cybersecurity responsibilities have the requisite qualifications to perform the necessary tasks of the position.,Evolving,Full Summarily,"PR.AT-02.01: Mechanisms are in place to ensure that the personnel working with cybersecurity and technology (e.g., developers, DBAs, network admins, etc.) maintain current knowledge and skills related to changing threats, countermeasures, new tools, best practices, and their job responsibilities.",PR.AT-02.01,PROTECT / Awareness and Training / Specialized Role Awareness & Training
1: Cyber Risk Management & Oversight / 3: Resources / 1: Staffing,"D1.R.St.E.4: Employment candidates, contractors, and third parties are subject to background verification proportional to the confidentiality of the data accessed, business requirements, and acceptable risk.",Evolving,Full,"GV.RR-04.01: The organization conducts (or causes the conduct of) background/screening checks on all personnel (employees and third party) upon hire/retention, at regular intervals throughout employment, and upon a change in role commensurate with their access to critical data and systems.",GV.RR-04.01,"GOVERN / Roles, Responsibilities, and Authorities / Human Resource Practices"
1: Cyber Risk Management & Oversight / 3: Resources / 1: Staffing,"D1.R.St.Int.1: The institution has a program for talent recruitment, retention, and succession planning for the cybersecurity and resilience staffs.",Intermediate,Full Summarily,"GV.RR-02.01: The roles, responsibilities, qualifications, and skill requirements for personnel (employees and third parties) that implement, manage, and oversee the technology, cybersecurity, and resilience programs are defined, aligned, coordinated, and holistically managed.",GV.RR-02.01,"GOVERN / Roles, Responsibilities, and Authorities / Risk Management Roles & Responsibilities"
1: Cyber Risk Management & Oversight / 3: Resources / 1: Staffing,"D1.R.St.Int.1: The institution has a program for talent recruitment, retention, and succession planning for the cybersecurity and resilience staffs.",Intermediate,Full Summarily,"GV.RR-03.01: The organization's budgeting and resourcing processes identify, prioritize, and address resource needs to manage identified technology and cybersecurity risks (e.g., skill shortages, headcount, new tools, incident-related expenses, and unsupported systems).",GV.RR-03.01,"GOVERN / Roles, Responsibilities, and Authorities / Resource Adequacy"
1: Cyber Risk Management & Oversight / 3: Resources / 1: Staffing,"D1.R.St.A.1: The institution benchmarks its cybersecurity staffing against peers to identify whether its recruitment, retention, and succession planning are commensurate.",Advanced,Partial,"GV.RR-03.01: The organization's budgeting and resourcing processes identify, prioritize, and address resource needs to manage identified technology and cybersecurity risks (e.g., skill shortages, headcount, new tools, incident-related expenses, and unsupported systems).",GV.RR-03.01,"GOVERN / Roles, Responsibilities, and Authorities / Resource Adequacy"
1: Cyber Risk Management & Oversight / 3: Resources / 1: Staffing,"D1.R.St.A.1: The institution benchmarks its cybersecurity staffing against peers to identify whether its recruitment, retention, and succession planning are commensurate.",Advanced,Partial,"ID.IM-01.03: The organization establishes specific objectives, performance criteria, benchmarks, and tolerance limits to identify areas that have improved or are in need of improvement over time.",ID.IM-01.03,IDENTIFY / Improvement / Continuous Improvements Evaluation
1: Cyber Risk Management & Oversight / 3: Resources / 1: Staffing,"D1.R.St.A.2: Dedicated cybersecurity staff develops, or contributes to developing, integrated enterprise-level security and cyber defense strategies.",Advanced,Full Summarily,"GV.RR-02.01: The roles, responsibilities, qualifications, and skill requirements for personnel (employees and third parties) that implement, manage, and oversee the technology, cybersecurity, and resilience programs are defined, aligned, coordinated, and holistically managed.",GV.RR-02.01,"GOVERN / Roles, Responsibilities, and Authorities / Risk Management Roles & Responsibilities"
1: Cyber Risk Management & Oversight / 3: Resources / 1: Staffing,"D1.R.St.A.2: Dedicated cybersecurity staff develops, or contributes to developing, integrated enterprise-level security and cyber defense strategies.",Advanced,Full Summarily,"GV.RR-02.07: Technology and cybersecurity risk management frameworks provide for segregation of duties between policy development, implementation, and oversight.",GV.RR-02.07,"GOVERN / Roles, Responsibilities, and Authorities / Risk Management Roles & Responsibilities"
1: Cyber Risk Management & Oversight / 3: Resources / 1: Staffing,D1.R.St.Inn.1: The institution actively partners with industry associations and academia to inform curricula based on future cybersecurity staffing needs of the industry.,Innovative,Partial,ID.RA-02.02: The organization shares authorized information on its cyber resilience framework and the effectiveness of protection technologies bilaterally with trusted external stakeholders to promote the understanding of each party’s approach to securing systems.,ID.RA-02.02,IDENTIFY / Risk Assessment / Information Sharing Forums
1: Cyber Risk Management & Oversight / 4: Training & Culture / 1: Training,D1.TC.Tr.B.1: Annual information security training is provided.,Baseline,Full,PR.AT-01.01: All personnel receive cybersecurity awareness training upon hire and on a regular basis.,PR.AT-01.01,PROTECT / Awareness and Training / User Awareness & Training
1: Cyber Risk Management & Oversight / 4: Training & Culture / 1: Training,"D1.TC.Tr.B.2: Annual information security training includes incident response, current cyber threats (e.g., phishing, spear phishing, social engineering, and mobile security), and emerging issues.",Baseline,Full Summarily,"PR.AT-01.02: Cybersecurity awareness training includes, at a minimum, awareness of and competencies for data protection, personal data handling, compliance obligations, working with third parties, detecting cyber risks, and how to report any unusual activity or incidents.",PR.AT-01.02,PROTECT / Awareness and Training / User Awareness & Training
1: Cyber Risk Management & Oversight / 4: Training & Culture / 1: Training,"D1.TC.Tr.B.2: Annual information security training includes incident response, current cyber threats (e.g., phishing, spear phishing, social engineering, and mobile security), and emerging issues.",Baseline,Full Summarily,PR.AT-02.03: All personnel (employee and third party) are made aware of and are trained for their role and operational steps in response and recovery plans.,PR.AT-02.03,PROTECT / Awareness and Training / Specialized Role Awareness & Training
1: Cyber Risk Management & Oversight / 4: Training & Culture / 1: Training,D1.TC.Tr.B.3: Situational awareness materials are made available to employees when prompted by highly visible cyber events or by regulatory alerts.,Baseline,Full Summarily,"DE.AE-06.01: The organization has established processes and protocols to communicate, alert, and regularly report potential cyber attacks and incident information, including its corresponding analysis and cyber threat intelligence, to authorized internal and external stakeholders.",DE.AE-06.01,DETECT / Adverse Event Analysis / Event Information Sharing
1: Cyber Risk Management & Oversight / 4: Training & Culture / 1: Training,D1.TC.Tr.B.3: Situational awareness materials are made available to employees when prompted by highly visible cyber events or by regulatory alerts.,Baseline,Full Summarily,"RS.CO-03.01: The organization ensures that cyber threat intelligence is made available, in a secure manner, to authorized staff with responsibility for the mitigation of cyber risks at the strategic, tactical and operational levels within the organization.",RS.CO-03.01,RESPOND / Incident Response Reporting and Communication / Stakeholder Incident Information Sharing
1: Cyber Risk Management & Oversight / 4: Training & Culture / 1: Training,"D1.TC.Tr.B.4: Customer awareness materials are readily available (e.g., DHS’ Cybersecurity Awareness Month materials).",Baseline,Full,"PR.AT-02.06: The organization has established and maintains a cybersecurity awareness program through which the organization's customers are kept aware of new threats and vulnerabilities, basic cybersecurity hygiene practices, and their role in cybersecurity, as appropriate.",PR.AT-02.06,PROTECT / Awareness and Training / Specialized Role Awareness & Training
1: Cyber Risk Management & Oversight / 4: Training & Culture / 1: Training,D1.TC.Tr.E.1: The institution has a program for continuing cybersecurity training and skill development for cybersecurity staff.,Evolving,Full,"PR.AT-02.01: Mechanisms are in place to ensure that the personnel working with cybersecurity and technology (e.g., developers, DBAs, network admins, etc.) maintain current knowledge and skills related to changing threats, countermeasures, new tools, best practices, and their job responsibilities.",PR.AT-02.01,PROTECT / Awareness and Training / Specialized Role Awareness & Training
1: Cyber Risk Management & Oversight / 4: Training & Culture / 1: Training,D1.TC.Tr.E.2: Management is provided cybersecurity training relevant to their job responsibilities.,Evolving,Full,"PR.AT-02.02: High-risk groups, such as those with elevated privileges or in sensitive business functions (including privileged users, senior executives, cybersecurity personnel and third-party stakeholders), receive cybersecurity situational awareness training for their roles and responsibilities.",PR.AT-02.02,PROTECT / Awareness and Training / Specialized Role Awareness & Training
1: Cyber Risk Management & Oversight / 4: Training & Culture / 1: Training,D1.TC.Tr.E.3: Employees with privileged account permissions receive additional cybersecurity training commensurate with their levels of responsibility.,Evolving,Full,"PR.AT-02.02: High-risk groups, such as those with elevated privileges or in sensitive business functions (including privileged users, senior executives, cybersecurity personnel and third-party stakeholders), receive cybersecurity situational awareness training for their roles and responsibilities.",PR.AT-02.02,PROTECT / Awareness and Training / Specialized Role Awareness & Training
1: Cyber Risk Management & Oversight / 4: Training & Culture / 1: Training,D1.TC.Tr.E.4: Business units are provided cybersecurity training relevant to their particular business risks.,Evolving,Full Summarily,"PR.AT-01.02: Cybersecurity awareness training includes, at a minimum, awareness of and competencies for data protection, personal data handling, compliance obligations, working with third parties, detecting cyber risks, and how to report any unusual activity or incidents.",PR.AT-01.02,PROTECT / Awareness and Training / User Awareness & Training
1: Cyber Risk Management & Oversight / 4: Training & Culture / 1: Training,D1.TC.Tr.E.4: Business units are provided cybersecurity training relevant to their particular business risks.,Evolving,Full Summarily,"PR.AT-02.02: High-risk groups, such as those with elevated privileges or in sensitive business functions (including privileged users, senior executives, cybersecurity personnel and third-party stakeholders), receive cybersecurity situational awareness training for their roles and responsibilities.",PR.AT-02.02,PROTECT / Awareness and Training / Specialized Role Awareness & Training
1: Cyber Risk Management & Oversight / 4: Training & Culture / 1: Training,D1.TC.Tr.E.4: Business units are provided cybersecurity training relevant to their particular business risks.,Evolving,Full Summarily,"PR.AT-02.07: The organization's governing body (e.g., the Board or one of its committees) and senior management receive cybersecurity situational awareness training to include appropriate skills and knowledge to: 
(1) Evaluate and manage cyber risks;
(2) Promote a culture that recognizes that staff at all levels have important responsibilities in ensuring the organization's cyber resilience; and
(3) Lead by example.",PR.AT-02.07,PROTECT / Awareness and Training / Specialized Role Awareness & Training
1: Cyber Risk Management & Oversight / 4: Training & Culture / 1: Training,"D1.TC.Tr.E.5: The institution validates the effectiveness of training (e.g., social engineering or phishing tests).",Evolving,Full,"ID.IM-03.01: A formal process is in place to improve protection controls and processes by integrating recommendations, findings, and lessons learned from exercises, testing, audits, assessments, and incidents.",ID.IM-03.01,IDENTIFY / Improvement / Improvements from Lessons Learned
1: Cyber Risk Management & Oversight / 4: Training & Culture / 1: Training,D1.TC.Tr.Int.1: Management incorporates lessons learned from social engineering and phishing exercises to improve the employee awareness programs.,Intermediate,Full Summarily,"ID.IM-03.01: A formal process is in place to improve protection controls and processes by integrating recommendations, findings, and lessons learned from exercises, testing, audits, assessments, and incidents.",ID.IM-03.01,IDENTIFY / Improvement / Improvements from Lessons Learned
1: Cyber Risk Management & Oversight / 4: Training & Culture / 1: Training,D1.TC.Tr.Int.1: Management incorporates lessons learned from social engineering and phishing exercises to improve the employee awareness programs.,Intermediate,Full Summarily,"PR.AT-01.03: Cybersecurity awareness training is updated on a regular basis to reflect risks and threats identified by the organization, the organization's security policies and standards, applicable laws and regulations, and changes in individual responsibilities.",PR.AT-01.03,PROTECT / Awareness and Training / User Awareness & Training
1: Cyber Risk Management & Oversight / 4: Training & Culture / 1: Training,D1.TC.Tr.Int.2: Cybersecurity awareness information is provided to retail customers and commercial clients at least annually.,Intermediate,Full,"PR.AT-02.06: The organization has established and maintains a cybersecurity awareness program through which the organization's customers are kept aware of new threats and vulnerabilities, basic cybersecurity hygiene practices, and their role in cybersecurity, as appropriate.",PR.AT-02.06,PROTECT / Awareness and Training / Specialized Role Awareness & Training
1: Cyber Risk Management & Oversight / 4: Training & Culture / 1: Training,"D1.TC.Tr.Int.3: Business units are provided cybersecurity training relevant to their particular business risks, over and above what is required of the institution as a whole.",Intermediate,Full Summarily,"PR.AT-02.02: High-risk groups, such as those with elevated privileges or in sensitive business functions (including privileged users, senior executives, cybersecurity personnel and third-party stakeholders), receive cybersecurity situational awareness training for their roles and responsibilities.",PR.AT-02.02,PROTECT / Awareness and Training / Specialized Role Awareness & Training
1: Cyber Risk Management & Oversight / 4: Training & Culture / 1: Training,"D1.TC.Tr.Int.3: Business units are provided cybersecurity training relevant to their particular business risks, over and above what is required of the institution as a whole.",Intermediate,Full Summarily,"PR.AT-02.07: The organization's governing body (e.g., the Board or one of its committees) and senior management receive cybersecurity situational awareness training to include appropriate skills and knowledge to: 
(1) Evaluate and manage cyber risks;
(2) Promote a culture that recognizes that staff at all levels have important responsibilities in ensuring the organization's cyber resilience; and
(3) Lead by example.",PR.AT-02.07,PROTECT / Awareness and Training / Specialized Role Awareness & Training
1: Cyber Risk Management & Oversight / 4: Training & Culture / 1: Training,D1.TC.Tr.Int.4: The institution routinely updates its training to security staff to adapt to new threats.,Intermediate,Full,"PR.AT-02.01: Mechanisms are in place to ensure that the personnel working with cybersecurity and technology (e.g., developers, DBAs, network admins, etc.) maintain current knowledge and skills related to changing threats, countermeasures, new tools, best practices, and their job responsibilities.",PR.AT-02.01,PROTECT / Awareness and Training / Specialized Role Awareness & Training
1: Cyber Risk Management & Oversight / 4: Training & Culture / 1: Training,"D1.TC.Tr.A.1: Independent directors are provided with cybersecurity training that addresses how complex products, services, and lines of business affect the institution's cyber risk.",Advanced,Full Summarily,"PR.AT-02.07: The organization's governing body (e.g., the Board or one of its committees) and senior management receive cybersecurity situational awareness training to include appropriate skills and knowledge to: 
(1) Evaluate and manage cyber risks;
(2) Promote a culture that recognizes that staff at all levels have important responsibilities in ensuring the organization's cyber resilience; and
(3) Lead by example.",PR.AT-02.07,PROTECT / Awareness and Training / Specialized Role Awareness & Training
1: Cyber Risk Management & Oversight / 4: Training & Culture / 1: Training,"D1.TC.Tr.A.1: Independent directors are provided with cybersecurity training that addresses how complex products, services, and lines of business affect the institution's cyber risk.",Advanced,Full Summarily,"PR.AT-02.08: Where the organization's governing authority (e.g., the Board or one of its committees) does not have adequate cybersecurity expertise, they should have direct access to the senior officer responsible for cybersecurity and independent sources of expertise to discuss cybersecurity related matters.",PR.AT-02.08,PROTECT / Awareness and Training / Specialized Role Awareness & Training
1: Cyber Risk Management & Oversight / 4: Training & Culture / 1: Training,D1.TC.Tr.Inn.1: Key performance indicators are used to determine whether training and awareness programs positively influence behavior.,Innovative,Partial,"GV.OV-03.01: The organization develops, implements, and reports to management and the governing body (e.g., the Board or one of its committees) key technology and cybersecurity risk and performance indicators and metrics to measure, monitor, and report actionable indicators.",GV.OV-03.01,GOVERN / Oversight / Risk Management Performance Measurement
1: Cyber Risk Management & Oversight / 4: Training & Culture / 2: Culture,D1.TC.Cu.B.1: Management holds employees accountable for complying with the information security program.,Baseline,Full,"GV.PO-01.03: The organization's incentive programs are consistent with cyber risk management objectives, and technology and cybersecurity policies integrate with an employee accountability policy to ensure that all personnel are held accountable for complying with policies.",GV.PO-01.03,"GOVERN / Policies, Processes, and Procedures / Establishment of Policies & Procedures"
1: Cyber Risk Management & Oversight / 4: Training & Culture / 2: Culture,D1.TC.Cu.E.1: The institution has formal standards of conduct that hold all employees accountable for complying with cybersecurity policies and procedures.,Evolving,Full,"GV.PO-01.03: The organization's incentive programs are consistent with cyber risk management objectives, and technology and cybersecurity policies integrate with an employee accountability policy to ensure that all personnel are held accountable for complying with policies.",GV.PO-01.03,"GOVERN / Policies, Processes, and Procedures / Establishment of Policies & Procedures"
1: Cyber Risk Management & Oversight / 4: Training & Culture / 2: Culture,D1.TC.Cu.E.2: Cyber risks are actively discussed at business unit meetings.,Evolving,Full Summarily,"GV.RM-03.04: Technology and cybersecurity risk management considerations are integrated into daily operations, cultural norms, management discussions, and management decision-making, and are tailored to address enterprise-specific risks (both internal and external).",GV.RM-03.04,GOVERN / Risk Management Strategy / Enterprise Risk Integration
1: Cyber Risk Management & Oversight / 4: Training & Culture / 2: Culture,D1.TC.Cu.E.2: Cyber risks are actively discussed at business unit meetings.,Evolving,Full Summarily,"DE.AE-06.01: The organization has established processes and protocols to communicate, alert, and regularly report potential cyber attacks and incident information, including its corresponding analysis and cyber threat intelligence, to authorized internal and external stakeholders.",DE.AE-06.01,DETECT / Adverse Event Analysis / Event Information Sharing
1: Cyber Risk Management & Oversight / 4: Training & Culture / 2: Culture,D1.TC.Cu.E.3: Employees have a clear understanding of how to identify and escalate potential cybersecurity issues.,Evolving,Full,"PR.AT-01.02: Cybersecurity awareness training includes, at a minimum, awareness of and competencies for data protection, personal data handling, compliance obligations, working with third parties, detecting cyber risks, and how to report any unusual activity or incidents.",PR.AT-01.02,PROTECT / Awareness and Training / User Awareness & Training
1: Cyber Risk Management & Oversight / 4: Training & Culture / 2: Culture,D1.TC.Cu.Int.1: Management ensures performance plans are tied to compliance with cybersecurity policies and standards in order to hold employees accountable.,Intermediate,Full,"GV.PO-01.03: The organization's incentive programs are consistent with cyber risk management objectives, and technology and cybersecurity policies integrate with an employee accountability policy to ensure that all personnel are held accountable for complying with policies.",GV.PO-01.03,"GOVERN / Policies, Processes, and Procedures / Establishment of Policies & Procedures"
1: Cyber Risk Management & Oversight / 4: Training & Culture / 2: Culture,D1.TC.Cu.Int.2: The risk culture requires formal consideration of cyber risks in all business decisions.,Intermediate,Full Summarily,"GV.RM-03.04: Technology and cybersecurity risk management considerations are integrated into daily operations, cultural norms, management discussions, and management decision-making, and are tailored to address enterprise-specific risks (both internal and external).",GV.RM-03.04,GOVERN / Risk Management Strategy / Enterprise Risk Integration
1: Cyber Risk Management & Oversight / 4: Training & Culture / 2: Culture,D1.TC.Cu.Int.2: The risk culture requires formal consideration of cyber risks in all business decisions.,Intermediate,Full Summarily,"GV.RM-05.01: The organization has a process for monitoring its technology, cybersecurity, and third-party risks, including escalating those risks that exceed risk appetite to management and identifying risks with the potential to impact multiple operating units.",GV.RM-05.01,GOVERN / Risk Management Strategy / Lines of Communication
1: Cyber Risk Management & Oversight / 4: Training & Culture / 2: Culture,D1.TC.Cu.Int.3: Cyber risk reporting is presented and discussed at the independent risk management meetings.,Intermediate,Full,"GV.IR-03.01: The independent risk management function reports to the governing authority (e.g., the Board or one of its committees) and to the designated risk management officer within the organization on the implementation of the technology and cybersecurity risk management frameworks throughout the organization and its independent assessment of risk posture.",GV.IR-03.01,GOVERN / Independent Risk Management Function / Independent Risk Management Reporting
1: Cyber Risk Management & Oversight / 4: Training & Culture / 2: Culture,D1.TC.Cu.A.1: Management ensures continuous improvement of cyber risk cultural awareness.,Advanced,Full Summarily,"ID.IM-03.01: A formal process is in place to improve protection controls and processes by integrating recommendations, findings, and lessons learned from exercises, testing, audits, assessments, and incidents.",ID.IM-03.01,IDENTIFY / Improvement / Improvements from Lessons Learned
1: Cyber Risk Management & Oversight / 4: Training & Culture / 2: Culture,D1.TC.Cu.A.1: Management ensures continuous improvement of cyber risk cultural awareness.,Advanced,Full Summarily,"PR.AT-01.03: Cybersecurity awareness training is updated on a regular basis to reflect risks and threats identified by the organization, the organization's security policies and standards, applicable laws and regulations, and changes in individual responsibilities.",PR.AT-01.03,PROTECT / Awareness and Training / User Awareness & Training
1: Cyber Risk Management & Oversight / 4: Training & Culture / 2: Culture,D1.TC.Cu.Inn.1: The institution leads efforts to promote cybersecurity culture across the sector and to other sectors that they depend upon.,Innovative,Partial,ID.RA-02.02: The organization shares authorized information on its cyber resilience framework and the effectiveness of protection technologies bilaterally with trusted external stakeholders to promote the understanding of each party’s approach to securing systems.,ID.RA-02.02,IDENTIFY / Risk Assessment / Information Sharing Forums
2: Threat Intelligence & Collaboration / 1: Threat Intelligence / 1: Threat Intelligence and Information,"D2.TI.Ti.B.1: The institution belongs or subscribes to a threat and vulnerability information sharing source(s) that provides information on threats (e.g., Financial Services Information Sharing and Analysis Center [FS-ISAC], U.S. Computer Emergency Readiness Team [US-",Baseline,Full,"ID.RA-02.01: The organization participates actively (in alignment with its business operations, inherent risk, and complexity) in information-sharing groups and collectives (e.g., cross-industry, cross-government and cross-border groups) to gather, distribute and analyze information about cyber practices, cyber threats, and early warning indicators relating to cyber threats.",ID.RA-02.01,IDENTIFY / Risk Assessment / Information Sharing Forums
2: Threat Intelligence & Collaboration / 1: Threat Intelligence / 1: Threat Intelligence and Information,D2.TI.Ti.B.2: Threat information is used to monitor threats and vulnerabilities.,Baseline,Full,"DE.AE-03.02: The organization performs real-time central analysis, aggregation, and correlation of anomalous activities, network and system alerts, and relevant event and cyber threat intelligence, including both internal and external (cloud and outsourced) environments, to better detect and prevent multifaceted cyber attacks.",DE.AE-03.02,DETECT / Adverse Event Analysis / Event Information Correlation
2: Threat Intelligence & Collaboration / 1: Threat Intelligence / 1: Threat Intelligence and Information,D2.TI.Th.B.3: Threat information is used to enhance internal risk management and controls.,Baseline,Full Summarily,"ID.IM-04.08: The organization regularly reviews response strategy, incident management plans, recovery plans, and associated tests and exercises and updates them, as necessary, based on:
(1) Lessons learned from incidents that have occurred (both internal and external to the organization);
(2) Current cyber threat intelligence (both internal and external sources);
(3) Recent and wide-scale cyber attack scenarios;
(4) Operationally and technically plausible future cyber attacks;
(5) Organizational or technical environment changes; and,
(6) New technological developments.",ID.IM-04.08,IDENTIFY / Improvement / Plans Affecting Operations
2: Threat Intelligence & Collaboration / 1: Threat Intelligence / 1: Threat Intelligence and Information,D2.TI.Th.B.3: Threat information is used to enhance internal risk management and controls.,Baseline,Full Summarily,"RS.CO-03.01: The organization ensures that cyber threat intelligence is made available, in a secure manner, to authorized staff with responsibility for the mitigation of cyber risks at the strategic, tactical and operational levels within the organization.",RS.CO-03.01,RESPOND / Incident Response Reporting and Communication / Stakeholder Incident Information Sharing
2: Threat Intelligence & Collaboration / 1: Threat Intelligence / 1: Threat Intelligence and Information,"D2.TI.Ti.E.1: Threat information received by the institution includes analysis of tactics, patterns, and risk mitigation recommendations.",Evolving,Full,"ID.RA-03.02: The organization solicits and considers threat intelligence received from the organization's stakeholders, service and utility providers, and other industry and security organizations.",ID.RA-03.02,IDENTIFY / Risk Assessment / Threat Identification
2: Threat Intelligence & Collaboration / 1: Threat Intelligence / 1: Threat Intelligence and Information,D2.TI.Th.Int.1: A formal threat intelligence program is implemented and includes subscription to threat feeds from external providers and internal sources.,Intermediate,Full Summarily,"ID.RA-03.01: The organization, on an ongoing basis, identifies, analyzes, correlates, characterizes, and reports threats that are internal and external to the firm.",ID.RA-03.01,IDENTIFY / Risk Assessment / Threat Identification
2: Threat Intelligence & Collaboration / 1: Threat Intelligence / 1: Threat Intelligence and Information,D2.TI.Th.Int.1: A formal threat intelligence program is implemented and includes subscription to threat feeds from external providers and internal sources.,Intermediate,Full Summarily,"ID.RA-03.02: The organization solicits and considers threat intelligence received from the organization's stakeholders, service and utility providers, and other industry and security organizations.",ID.RA-03.02,IDENTIFY / Risk Assessment / Threat Identification
2: Threat Intelligence & Collaboration / 1: Threat Intelligence / 1: Threat Intelligence and Information,D2.TI.Th.Int.1: A formal threat intelligence program is implemented and includes subscription to threat feeds from external providers and internal sources.,Intermediate,Full Summarily,"ID.RA-03.04: The organization regularly reviews and updates its threat analysis methodology, threat information sources, and supporting tools.",ID.RA-03.04,IDENTIFY / Risk Assessment / Threat Identification
2: Threat Intelligence & Collaboration / 1: Threat Intelligence / 1: Threat Intelligence and Information,D2.TI.Th.Int.1: A formal threat intelligence program is implemented and includes subscription to threat feeds from external providers and internal sources.,Intermediate,Full Summarily,"ID.RA-05.02: The organization has established threat modeling capabilities to identify how and why critical assets might be compromised by a threat actor, what level of protection is needed for those critical assets, and what the impact would be if that protection failed.",ID.RA-05.02,IDENTIFY / Risk Assessment / Risk Exposure Determination & Prioritization
2: Threat Intelligence & Collaboration / 1: Threat Intelligence / 1: Threat Intelligence and Information,D2.TI.Th.Int.1: A formal threat intelligence program is implemented and includes subscription to threat feeds from external providers and internal sources.,Intermediate,Full Summarily,"ID.RA-06.04: The organization assesses the threats, impacts, and risks that could adversely affect the organization's ability to provide services on an ongoing basis, and develops its resilience requirements and plans to address those risks.",ID.RA-06.04,IDENTIFY / Risk Assessment / Risk Response Determination
2: Threat Intelligence & Collaboration / 1: Threat Intelligence / 1: Threat Intelligence and Information,D2.TI.Ti.Int.2: Protocols are implemented for collecting information from industry peers and government.,Intermediate,Full Summarily,"ID.RA-03.02: The organization solicits and considers threat intelligence received from the organization's stakeholders, service and utility providers, and other industry and security organizations.",ID.RA-03.02,IDENTIFY / Risk Assessment / Threat Identification
2: Threat Intelligence & Collaboration / 1: Threat Intelligence / 1: Threat Intelligence and Information,D2.TI.Ti.Int.2: Protocols are implemented for collecting information from industry peers and government.,Intermediate,Full Summarily,"ID.RA-03.04: The organization regularly reviews and updates its threat analysis methodology, threat information sources, and supporting tools.",ID.RA-03.04,IDENTIFY / Risk Assessment / Threat Identification
2: Threat Intelligence & Collaboration / 1: Threat Intelligence / 1: Threat Intelligence and Information,"D2.TI.Ti.Int.3: A read-only, central repository of cyber threat intelligence is maintained.",Intermediate,Full,"DE.AE-03.02: The organization performs real-time central analysis, aggregation, and correlation of anomalous activities, network and system alerts, and relevant event and cyber threat intelligence, including both internal and external (cloud and outsourced) environments, to better detect and prevent multifaceted cyber attacks.",DE.AE-03.02,DETECT / Adverse Event Analysis / Event Information Correlation
2: Threat Intelligence & Collaboration / 1: Threat Intelligence / 1: Threat Intelligence and Information,D2.TI.Ti.A.1: A cyber intelligence model is used for gathering threat information.,Advanced,Full,"ID.RA-05.02: The organization has established threat modeling capabilities to identify how and why critical assets might be compromised by a threat actor, what level of protection is needed for those critical assets, and what the impact would be if that protection failed.",ID.RA-05.02,IDENTIFY / Risk Assessment / Risk Exposure Determination & Prioritization
2: Threat Intelligence & Collaboration / 1: Threat Intelligence / 1: Threat Intelligence and Information,D2.TI.Ti.A.2: Threat intelligence is automatically received from multiple sources in real time.,Advanced,Full,"DE.AE-03.02: The organization performs real-time central analysis, aggregation, and correlation of anomalous activities, network and system alerts, and relevant event and cyber threat intelligence, including both internal and external (cloud and outsourced) environments, to better detect and prevent multifaceted cyber attacks.",DE.AE-03.02,DETECT / Adverse Event Analysis / Event Information Correlation
2: Threat Intelligence & Collaboration / 1: Threat Intelligence / 1: Threat Intelligence and Information,D2.TI.Ti.A.3: The institution’s threat intelligence includes information related to geopolitical events that could increase cybersecurity threat levels.,Advanced,Full Summarily,"ID.RA-02.01: The organization participates actively (in alignment with its business operations, inherent risk, and complexity) in information-sharing groups and collectives (e.g., cross-industry, cross-government and cross-border groups) to gather, distribute and analyze information about cyber practices, cyber threats, and early warning indicators relating to cyber threats.",ID.RA-02.01,IDENTIFY / Risk Assessment / Information Sharing Forums
2: Threat Intelligence & Collaboration / 1: Threat Intelligence / 1: Threat Intelligence and Information,D2.TI.Ti.A.3: The institution’s threat intelligence includes information related to geopolitical events that could increase cybersecurity threat levels.,Advanced,Full Summarily,"ID.RA-03.02: The organization solicits and considers threat intelligence received from the organization's stakeholders, service and utility providers, and other industry and security organizations.",ID.RA-03.02,IDENTIFY / Risk Assessment / Threat Identification
2: Threat Intelligence & Collaboration / 1: Threat Intelligence / 1: Threat Intelligence and Information,D2.TI.Ti.Inn.1: A threat analysis system automatically correlates threat data to specific risks and then takes risk-based automated actions while alerting management.,Innovative,Full Summarily,"DE.AE-02.01: The organization performs timely collection of event data, as well as advanced and automated analysis (including the use of security tools such as antivirus and IDS/IPS) on the detected events to:
(1) Assess and understand the nature, scope and method of the attack;
(2) Predict and block a similar future attack; and
(3) Report timely risk metrics.",DE.AE-02.01,DETECT / Adverse Event Analysis / Potentially Adverse Event Analysis
2: Threat Intelligence & Collaboration / 1: Threat Intelligence / 1: Threat Intelligence and Information,D2.TI.Ti.Inn.1: A threat analysis system automatically correlates threat data to specific risks and then takes risk-based automated actions while alerting management.,Innovative,Full Summarily,"DE.AE-02.02: The organization establishes, documents, and regularly reviews event alert parameters and thresholds, as well as rule-based triggers to support automated responses, when known attack patterns, signatures or behaviors are detected.",DE.AE-02.02,DETECT / Adverse Event Analysis / Potentially Adverse Event Analysis
2: Threat Intelligence & Collaboration / 1: Threat Intelligence / 1: Threat Intelligence and Information,D2.TI.Ti.Inn.1: A threat analysis system automatically correlates threat data to specific risks and then takes risk-based automated actions while alerting management.,Innovative,Full Summarily,"DE.AE-03.02: The organization performs real-time central analysis, aggregation, and correlation of anomalous activities, network and system alerts, and relevant event and cyber threat intelligence, including both internal and external (cloud and outsourced) environments, to better detect and prevent multifaceted cyber attacks.",DE.AE-03.02,DETECT / Adverse Event Analysis / Event Information Correlation
2: Threat Intelligence & Collaboration / 1: Threat Intelligence / 1: Threat Intelligence and Information,"D2.TI.Ti.Inn.2: The institution is investing in the development of new threat intelligence and collaboration mechanisms (e.g., technologies, business processes) that will transform how information is gathered and shared.",Innovative,Full,"ID.RA-03.04: The organization regularly reviews and updates its threat analysis methodology, threat information sources, and supporting tools.",ID.RA-03.04,IDENTIFY / Risk Assessment / Threat Identification
2: Threat Intelligence & Collaboration / 2: Monitoring & Analyzing / 1: Monitoring and Analyzing,D2.MA.Ma.B.1: Audit log records and other security event logs are reviewed and retained in a secure manner.,Baseline,Full,"PR.PS-04.03: The organization's activity logs and other security event logs are generated, reviewed, securely stored, and retained in accordance with data retention obligations and established standards.",PR.PS-04.03,PROTECT / Platform Security / Log Record Generation
2: Threat Intelligence & Collaboration / 2: Monitoring & Analyzing / 1: Monitoring and Analyzing,D2.MA.Ma.B.2: Computer event logs are used for investigations once an event has occurred.,Baseline,Full,"DE.AE-02.01: The organization performs timely collection of event data, as well as advanced and automated analysis (including the use of security tools such as antivirus and IDS/IPS) on the detected events to:
(1) Assess and understand the nature, scope and method of the attack;
(2) Predict and block a similar future attack; and
(3) Report timely risk metrics.",DE.AE-02.01,DETECT / Adverse Event Analysis / Potentially Adverse Event Analysis
2: Threat Intelligence & Collaboration / 2: Monitoring & Analyzing / 1: Monitoring and Analyzing,D2.MA.Ma.E.1: A process is implemented to monitor threat information to discover emerging threats.,Evolving,Full Summarily,"ID.RA-02.01: The organization participates actively (in alignment with its business operations, inherent risk, and complexity) in information-sharing groups and collectives (e.g., cross-industry, cross-government and cross-border groups) to gather, distribute and analyze information about cyber practices, cyber threats, and early warning indicators relating to cyber threats.",ID.RA-02.01,IDENTIFY / Risk Assessment / Information Sharing Forums
2: Threat Intelligence & Collaboration / 2: Monitoring & Analyzing / 1: Monitoring and Analyzing,D2.MA.Ma.E.1: A process is implemented to monitor threat information to discover emerging threats.,Evolving,Full Summarily,"ID.RA-03.01: The organization, on an ongoing basis, identifies, analyzes, correlates, characterizes, and reports threats that are internal and external to the firm.",ID.RA-03.01,IDENTIFY / Risk Assessment / Threat Identification
2: Threat Intelligence & Collaboration / 2: Monitoring & Analyzing / 1: Monitoring and Analyzing,D2.MA.Ma.E.1: A process is implemented to monitor threat information to discover emerging threats.,Evolving,Full Summarily,"ID.RA-03.02: The organization solicits and considers threat intelligence received from the organization's stakeholders, service and utility providers, and other industry and security organizations.",ID.RA-03.02,IDENTIFY / Risk Assessment / Threat Identification
2: Threat Intelligence & Collaboration / 2: Monitoring & Analyzing / 1: Monitoring and Analyzing,D2.MA.Ma.E.1: A process is implemented to monitor threat information to discover emerging threats.,Evolving,Full Summarily,"ID.RA-03.03: The organization includes in its threat analysis those cyber threats which could trigger extreme but plausible cyber events, even if they are considered unlikely to occur or have never occurred in the past.",ID.RA-03.03,IDENTIFY / Risk Assessment / Threat Identification
2: Threat Intelligence & Collaboration / 2: Monitoring & Analyzing / 1: Monitoring and Analyzing,D2.MA.Ma.E.1: A process is implemented to monitor threat information to discover emerging threats.,Evolving,Full Summarily,"ID.RA-05.02: The organization has established threat modeling capabilities to identify how and why critical assets might be compromised by a threat actor, what level of protection is needed for those critical assets, and what the impact would be if that protection failed.",ID.RA-05.02,IDENTIFY / Risk Assessment / Risk Exposure Determination & Prioritization
2: Threat Intelligence & Collaboration / 2: Monitoring & Analyzing / 1: Monitoring and Analyzing,D2.MA.Ma.E.2: The threat information and analysis process is assigned to a specific group or individual.,Evolving,Full,"GV.RR-02.02: The organization has established and assigned roles and responsibilities for systematic cybersecurity threat identification, monitoring, detection, and event reporting processes, and ensures adequate coverage and organizational alignment for these functions.",GV.RR-02.02,"GOVERN / Roles, Responsibilities, and Authorities / Risk Management Roles & Responsibilities"
2: Threat Intelligence & Collaboration / 2: Monitoring & Analyzing / 1: Monitoring and Analyzing,D2.MA.Ma.E.3: Security processes and technology are centralized and coordinated in a Security Operations Center (SOC) or equivalent.,Evolving,Full,"GV.RR-02.02: The organization has established and assigned roles and responsibilities for systematic cybersecurity threat identification, monitoring, detection, and event reporting processes, and ensures adequate coverage and organizational alignment for these functions.",GV.RR-02.02,"GOVERN / Roles, Responsibilities, and Authorities / Risk Management Roles & Responsibilities"
2: Threat Intelligence & Collaboration / 2: Monitoring & Analyzing / 1: Monitoring and Analyzing,D2.MA.Ma.E.4: Monitoring systems operate continuously with adequate support for efficient incident handling.,Evolving,Full Summarily,DE.CM-01.01: The organization deploys intrusion detection and intrusion prevention capabilities to detect and prevent a potential network intrusion in its early stages for timely containment and recovery.,DE.CM-01.01,DETECT / Continuous Monitoring / Network Monitoring
2: Threat Intelligence & Collaboration / 2: Monitoring & Analyzing / 1: Monitoring and Analyzing,D2.MA.Ma.E.4: Monitoring systems operate continuously with adequate support for efficient incident handling.,Evolving,Full Summarily,"DE.CM-01.02: The organization implements mechanisms, such as alerting and filtering of sudden high volumes and suspicious incoming traffic, to detect and mitigate Denial of Service, ""bot"", and credential stuffing attacks.",DE.CM-01.02,DETECT / Continuous Monitoring / Network Monitoring
2: Threat Intelligence & Collaboration / 2: Monitoring & Analyzing / 1: Monitoring and Analyzing,D2.MA.Ma.E.4: Monitoring systems operate continuously with adequate support for efficient incident handling.,Evolving,Full Summarily,"DE.AE-03.01: The organization implements systematic and real-time logging, collection, monitoring, detection, and alerting measures across multiple layers of the organization's infrastructure, including physical perimeters, network, operating systems, applications, data, and external (cloud and outsourced) environments, sufficient to protect the organization's information assets.",DE.AE-03.01,DETECT / Adverse Event Analysis / Event Information Correlation
2: Threat Intelligence & Collaboration / 2: Monitoring & Analyzing / 1: Monitoring and Analyzing,D2.MA.Ma.E.4: Monitoring systems operate continuously with adequate support for efficient incident handling.,Evolving,Full Summarily,"DE.AE-03.02: The organization performs real-time central analysis, aggregation, and correlation of anomalous activities, network and system alerts, and relevant event and cyber threat intelligence, including both internal and external (cloud and outsourced) environments, to better detect and prevent multifaceted cyber attacks.",DE.AE-03.02,DETECT / Adverse Event Analysis / Event Information Correlation
2: Threat Intelligence & Collaboration / 2: Monitoring & Analyzing / 1: Monitoring and Analyzing,D2.MA.Ma.E.4: Monitoring systems operate continuously with adequate support for efficient incident handling.,Evolving,Full Summarily,"RS.MA-02.01: Tools and processes are in place to ensure timely detection, inspection, assessment, and analysis of security event data for reliable activation of incident response processes.",RS.MA-02.01,RESPOND / Incident Management / Incident Triage & Validaton
2: Threat Intelligence & Collaboration / 2: Monitoring & Analyzing / 1: Monitoring and Analyzing,"D2.MA.Ma.Int.1: A threat intelligence team is in place that evaluates threat intelligence from multiple sources for credibility, relevance, and exposure.",Intermediate,Full,"GV.RR-02.02: The organization has established and assigned roles and responsibilities for systematic cybersecurity threat identification, monitoring, detection, and event reporting processes, and ensures adequate coverage and organizational alignment for these functions.",GV.RR-02.02,"GOVERN / Roles, Responsibilities, and Authorities / Risk Management Roles & Responsibilities"
2: Threat Intelligence & Collaboration / 2: Monitoring & Analyzing / 1: Monitoring and Analyzing,"D2.MA.Ma.Int.2: A profile is created for each threat that identifies the likely intent, capability, and target of the threat.",Intermediate,Full Summarily,"ID.RA-03.01: The organization, on an ongoing basis, identifies, analyzes, correlates, characterizes, and reports threats that are internal and external to the firm.",ID.RA-03.01,IDENTIFY / Risk Assessment / Threat Identification
2: Threat Intelligence & Collaboration / 2: Monitoring & Analyzing / 1: Monitoring and Analyzing,"D2.MA.Ma.Int.2: A profile is created for each threat that identifies the likely intent, capability, and target of the threat.",Intermediate,Full Summarily,"ID.RA-05.02: The organization has established threat modeling capabilities to identify how and why critical assets might be compromised by a threat actor, what level of protection is needed for those critical assets, and what the impact would be if that protection failed.",ID.RA-05.02,IDENTIFY / Risk Assessment / Risk Exposure Determination & Prioritization
2: Threat Intelligence & Collaboration / 2: Monitoring & Analyzing / 1: Monitoring and Analyzing,D2.MA.Ma.Int.3: Threat information sources that address all components of the threat profile are prioritized and monitored.,Intermediate,Full Summarily,"ID.RA-03.01: The organization, on an ongoing basis, identifies, analyzes, correlates, characterizes, and reports threats that are internal and external to the firm.",ID.RA-03.01,IDENTIFY / Risk Assessment / Threat Identification
2: Threat Intelligence & Collaboration / 2: Monitoring & Analyzing / 1: Monitoring and Analyzing,D2.MA.Ma.Int.3: Threat information sources that address all components of the threat profile are prioritized and monitored.,Intermediate,Full Summarily,"ID.RA-03.02: The organization solicits and considers threat intelligence received from the organization's stakeholders, service and utility providers, and other industry and security organizations.",ID.RA-03.02,IDENTIFY / Risk Assessment / Threat Identification
2: Threat Intelligence & Collaboration / 2: Monitoring & Analyzing / 1: Monitoring and Analyzing,D2.MA.Ma.Int.3: Threat information sources that address all components of the threat profile are prioritized and monitored.,Intermediate,Full Summarily,"ID.RA-03.04: The organization regularly reviews and updates its threat analysis methodology, threat information sources, and supporting tools.",ID.RA-03.04,IDENTIFY / Risk Assessment / Threat Identification
2: Threat Intelligence & Collaboration / 2: Monitoring & Analyzing / 1: Monitoring and Analyzing,D2.MA.Ma.Int.3: Threat information sources that address all components of the threat profile are prioritized and monitored.,Intermediate,Full Summarily,"RS.CO-03.02: In the event of an incident, the organization shares authorized information, in a defined manner and through trusted channels, to facilitate the detection, response, resumption and recovery of its own systems and those of other partners and critical sector participants.",RS.CO-03.02,RESPOND / Incident Response Reporting and Communication / Stakeholder Incident Information Sharing
2: Threat Intelligence & Collaboration / 2: Monitoring & Analyzing / 1: Monitoring and Analyzing,D2.MA.Ma.Int.4: Threat intelligence is analyzed to develop cyber threat summaries including risks to the institution and specific actions for the institution to consider.,Intermediate,Full Summarily,"ID.RA-03.01: The organization, on an ongoing basis, identifies, analyzes, correlates, characterizes, and reports threats that are internal and external to the firm.",ID.RA-03.01,IDENTIFY / Risk Assessment / Threat Identification
2: Threat Intelligence & Collaboration / 2: Monitoring & Analyzing / 1: Monitoring and Analyzing,D2.MA.Ma.Int.4: Threat intelligence is analyzed to develop cyber threat summaries including risks to the institution and specific actions for the institution to consider.,Intermediate,Full Summarily,"ID.RA-05.02: The organization has established threat modeling capabilities to identify how and why critical assets might be compromised by a threat actor, what level of protection is needed for those critical assets, and what the impact would be if that protection failed.",ID.RA-05.02,IDENTIFY / Risk Assessment / Risk Exposure Determination & Prioritization
2: Threat Intelligence & Collaboration / 2: Monitoring & Analyzing / 1: Monitoring and Analyzing,D2.MA.Ma.Int.4: Threat intelligence is analyzed to develop cyber threat summaries including risks to the institution and specific actions for the institution to consider.,Intermediate,Full Summarily,"DE.AE-04.01: The organization has a documented process to analyze and triage incidents to assess root cause, technical impact, mitigation priority, and business impact on the organization, as well as across the financial sector and other third party stakeholders.",DE.AE-04.01,DETECT / Adverse Event Analysis / Impact & Scope Determination
2: Threat Intelligence & Collaboration / 2: Monitoring & Analyzing / 1: Monitoring and Analyzing,D2.MA.Ma.A.1: A dedicated cyber threat identification and analysis committee or team exists to centralize and coordinate initiatives and communications.,Advanced,Full Summarily,"GV.RR-02.02: The organization has established and assigned roles and responsibilities for systematic cybersecurity threat identification, monitoring, detection, and event reporting processes, and ensures adequate coverage and organizational alignment for these functions.",GV.RR-02.02,"GOVERN / Roles, Responsibilities, and Authorities / Risk Management Roles & Responsibilities"
2: Threat Intelligence & Collaboration / 2: Monitoring & Analyzing / 1: Monitoring and Analyzing,D2.MA.Ma.A.1: A dedicated cyber threat identification and analysis committee or team exists to centralize and coordinate initiatives and communications.,Advanced,Full Summarily,"RS.CO-03.01: The organization ensures that cyber threat intelligence is made available, in a secure manner, to authorized staff with responsibility for the mitigation of cyber risks at the strategic, tactical and operational levels within the organization.",RS.CO-03.01,RESPOND / Incident Response Reporting and Communication / Stakeholder Incident Information Sharing
2: Threat Intelligence & Collaboration / 2: Monitoring & Analyzing / 1: Monitoring and Analyzing,D2.MA.Ma.A.2: Formal processes have been defined to resolve potential conflicts in information received from sharing and analysis centers or other sources.,Advanced,Partial,"ID.RA-03.01: The organization, on an ongoing basis, identifies, analyzes, correlates, characterizes, and reports threats that are internal and external to the firm.",ID.RA-03.01,IDENTIFY / Risk Assessment / Threat Identification
2: Threat Intelligence & Collaboration / 2: Monitoring & Analyzing / 1: Monitoring and Analyzing,D2.MA.Ma.A.3: Emerging internal and external threat intelligence and correlated log analysis are used to predict future attacks.,Advanced,Full Summarily,"ID.RA-03.01: The organization, on an ongoing basis, identifies, analyzes, correlates, characterizes, and reports threats that are internal and external to the firm.",ID.RA-03.01,IDENTIFY / Risk Assessment / Threat Identification
2: Threat Intelligence & Collaboration / 2: Monitoring & Analyzing / 1: Monitoring and Analyzing,D2.MA.Ma.A.3: Emerging internal and external threat intelligence and correlated log analysis are used to predict future attacks.,Advanced,Full Summarily,"DE.AE-02.01: The organization performs timely collection of event data, as well as advanced and automated analysis (including the use of security tools such as antivirus and IDS/IPS) on the detected events to:
(1) Assess and understand the nature, scope and method of the attack;
(2) Predict and block a similar future attack; and
(3) Report timely risk metrics.",DE.AE-02.01,DETECT / Adverse Event Analysis / Potentially Adverse Event Analysis
2: Threat Intelligence & Collaboration / 2: Monitoring & Analyzing / 1: Monitoring and Analyzing,D2.MA.Ma.A.3: Emerging internal and external threat intelligence and correlated log analysis are used to predict future attacks.,Advanced,Full Summarily,"DE.AE-03.02: The organization performs real-time central analysis, aggregation, and correlation of anomalous activities, network and system alerts, and relevant event and cyber threat intelligence, including both internal and external (cloud and outsourced) environments, to better detect and prevent multifaceted cyber attacks.",DE.AE-03.02,DETECT / Adverse Event Analysis / Event Information Correlation
2: Threat Intelligence & Collaboration / 2: Monitoring & Analyzing / 1: Monitoring and Analyzing,D2.MA.Ma.A.4: Threat intelligence is viewed within the context of the institution's risk profile and risk appetite to prioritize mitigating actions in anticipation of threats.,Advanced,Full Summarily,"GV.RM-05.01: The organization has a process for monitoring its technology, cybersecurity, and third-party risks, including escalating those risks that exceed risk appetite to management and identifying risks with the potential to impact multiple operating units.",GV.RM-05.01,GOVERN / Risk Management Strategy / Lines of Communication
2: Threat Intelligence & Collaboration / 2: Monitoring & Analyzing / 1: Monitoring and Analyzing,D2.MA.Ma.A.4: Threat intelligence is viewed within the context of the institution's risk profile and risk appetite to prioritize mitigating actions in anticipation of threats.,Advanced,Full Summarily,"ID.RA-05.02: The organization has established threat modeling capabilities to identify how and why critical assets might be compromised by a threat actor, what level of protection is needed for those critical assets, and what the impact would be if that protection failed.",ID.RA-05.02,IDENTIFY / Risk Assessment / Risk Exposure Determination & Prioritization
2: Threat Intelligence & Collaboration / 2: Monitoring & Analyzing / 1: Monitoring and Analyzing,D2.MA.Ma.A.5: Threat intelligence is used to update architecture and configuration standards.,Advanced,Partial,"GV.RM-08.05: The technology architecture and associated management processes should be comprehensive (e.g., consider the full life cycle of infrastructure, applications, emerging technologies, and relevant data) and designed to achieve security and resilience commensurate with business needs.",GV.RM-08.05,GOVERN / Risk Management Strategy  / Technology Assimilation & Implementations
2: Threat Intelligence & Collaboration / 2: Monitoring & Analyzing / 1: Monitoring and Analyzing,D2.MA.Ma.A.5: Threat intelligence is used to update architecture and configuration standards.,Advanced,Partial,"PR.PS-01.01: The organization establishes and maintains standard system security configuration baselines, informed by industry standards and hardening guidelines, to facilitate the consistent application of security settings, configurations, and versions.",PR.PS-01.01,PROTECT / Platform Security / Configuration Management
2: Threat Intelligence & Collaboration / 2: Monitoring & Analyzing / 1: Monitoring and Analyzing,"D2.MA.Ma.Inn.1: The institution uses multiple sources of intelligence, correlated log analysis, alerts, internal traffic flows, and geopolitical events to predict potential future attacks and attack trends.",Innovative,Full Summarily,"DE.AE-02.01: The organization performs timely collection of event data, as well as advanced and automated analysis (including the use of security tools such as antivirus and IDS/IPS) on the detected events to:
(1) Assess and understand the nature, scope and method of the attack;
(2) Predict and block a similar future attack; and
(3) Report timely risk metrics.",DE.AE-02.01,DETECT / Adverse Event Analysis / Potentially Adverse Event Analysis
2: Threat Intelligence & Collaboration / 2: Monitoring & Analyzing / 1: Monitoring and Analyzing,"D2.MA.Ma.Inn.1: The institution uses multiple sources of intelligence, correlated log analysis, alerts, internal traffic flows, and geopolitical events to predict potential future attacks and attack trends.",Innovative,Full Summarily,"DE.AE-03.02: The organization performs real-time central analysis, aggregation, and correlation of anomalous activities, network and system alerts, and relevant event and cyber threat intelligence, including both internal and external (cloud and outsourced) environments, to better detect and prevent multifaceted cyber attacks.",DE.AE-03.02,DETECT / Adverse Event Analysis / Event Information Correlation
2: Threat Intelligence & Collaboration / 2: Monitoring & Analyzing / 1: Monitoring and Analyzing,"D2.MA.Ma.Inn.1: The institution uses multiple sources of intelligence, correlated log analysis, alerts, internal traffic flows, and geopolitical events to predict potential future attacks and attack trends.",Innovative,Full Summarily,"DE.AE-07.01: The organization implements measures for monitoring external sources (e.g., social media, the dark web, etc.) to integrate with other intelligence information to better detect and evaluate potential threats and compromises.",DE.AE-07.01,DETECT / Adverse Event Analysis / Contextual Analysis
2: Threat Intelligence & Collaboration / 2: Monitoring & Analyzing / 1: Monitoring and Analyzing,D2.MA.Ma.Inn.2: Highest risk scenarios are used to predict threats against specific business targets.,Innovative,Full Summarily,"ID.RA-03.03: The organization includes in its threat analysis those cyber threats which could trigger extreme but plausible cyber events, even if they are considered unlikely to occur or have never occurred in the past.",ID.RA-03.03,IDENTIFY / Risk Assessment / Threat Identification
2: Threat Intelligence & Collaboration / 2: Monitoring & Analyzing / 1: Monitoring and Analyzing,D2.MA.Ma.Inn.2: Highest risk scenarios are used to predict threats against specific business targets.,Innovative,Full Summarily,"ID.IM-02.05: The organization establishes testing programs that include a range of scenarios, including severe but plausible scenarios (e.g., disruptive, destructive, corruptive), that could affect the organization's ability to service internal and external stakeholders.",ID.IM-02.05,IDENTIFY / Improvement / Tests & Exercises
2: Threat Intelligence & Collaboration / 2: Monitoring & Analyzing / 1: Monitoring and Analyzing,D2.MA.Ma.Inn.3: IT systems automatically detect configuration weaknesses based on threat intelligence and alert management so actions can be prioritized.,Innovative,Partial,"DE.AE-02.02: The organization establishes, documents, and regularly reviews event alert parameters and thresholds, as well as rule-based triggers to support automated responses, when known attack patterns, signatures or behaviors are detected.",DE.AE-02.02,DETECT / Adverse Event Analysis / Potentially Adverse Event Analysis
2: Threat Intelligence & Collaboration / 3: Information Sharing / 1: Information Sharing,D2.IS.Is.B.1: Information security threats are gathered and shared with applicable internal employees.,Baseline,Full,"RS.CO-03.01: The organization ensures that cyber threat intelligence is made available, in a secure manner, to authorized staff with responsibility for the mitigation of cyber risks at the strategic, tactical and operational levels within the organization.",RS.CO-03.01,RESPOND / Incident Response Reporting and Communication / Stakeholder Incident Information Sharing
2: Threat Intelligence & Collaboration / 3: Information Sharing / 1: Information Sharing,D2.IS.Is.B.2: Contact information for law enforcement and the regulator(s) is maintained and updated regularly.,Baseline,Full,"RS.CO-02.03: The organization maintains and regularly tests incident response communication procedures, with associated contact lists, call trees, and automatic notifications, to quickly coordinate and communicate with internal and external stakeholders during or following an incident.",RS.CO-02.03,RESPOND / Incident Response Reporting and Communication / Stakeholder Incident Notification
2: Threat Intelligence & Collaboration / 3: Information Sharing / 1: Information Sharing,D2.IS.Is.B.3: Information about threats is shared with law enforcement and regulators when required or prompted.,Baseline,Full,"RS.CO-02.02: In the event of an incident, the organization notifies impacted stakeholders including, as required, government bodies, self-regulatory agencies and/or other supervisory bodies, within required timeframes.",RS.CO-02.02,RESPOND / Incident Response Reporting and Communication / Stakeholder Incident Notification
2: Threat Intelligence & Collaboration / 3: Information Sharing / 1: Information Sharing,D2.IS.Is.E.1: A formal and secure process is in place to share threat and vulnerability information with other entities.,Evolving,Full Summarily,"ID.RA-02.01: The organization participates actively (in alignment with its business operations, inherent risk, and complexity) in information-sharing groups and collectives (e.g., cross-industry, cross-government and cross-border groups) to gather, distribute and analyze information about cyber practices, cyber threats, and early warning indicators relating to cyber threats.",ID.RA-02.01,IDENTIFY / Risk Assessment / Information Sharing Forums
2: Threat Intelligence & Collaboration / 3: Information Sharing / 1: Information Sharing,D2.IS.Is.E.1: A formal and secure process is in place to share threat and vulnerability information with other entities.,Evolving,Full Summarily,ID.RA-02.02: The organization shares authorized information on its cyber resilience framework and the effectiveness of protection technologies bilaterally with trusted external stakeholders to promote the understanding of each party’s approach to securing systems.,ID.RA-02.02,IDENTIFY / Risk Assessment / Information Sharing Forums
2: Threat Intelligence & Collaboration / 3: Information Sharing / 1: Information Sharing,D2.IS.Is.E.1: A formal and secure process is in place to share threat and vulnerability information with other entities.,Evolving,Full Summarily,"DE.AE-06.01: The organization has established processes and protocols to communicate, alert, and regularly report potential cyber attacks and incident information, including its corresponding analysis and cyber threat intelligence, to authorized internal and external stakeholders.",DE.AE-06.01,DETECT / Adverse Event Analysis / Event Information Sharing
2: Threat Intelligence & Collaboration / 3: Information Sharing / 1: Information Sharing,D2.IS.Is.E.1: A formal and secure process is in place to share threat and vulnerability information with other entities.,Evolving,Full Summarily,"RS.CO-03.02: In the event of an incident, the organization shares authorized information, in a defined manner and through trusted channels, to facilitate the detection, response, resumption and recovery of its own systems and those of other partners and critical sector participants.",RS.CO-03.02,RESPOND / Incident Response Reporting and Communication / Stakeholder Incident Information Sharing
2: Threat Intelligence & Collaboration / 3: Information Sharing / 1: Information Sharing,D2.IS.Is.E.2: A representative from the institution participates in law enforcement or information-sharing organization meetings.,Evolving,Full,"ID.RA-02.01: The organization participates actively (in alignment with its business operations, inherent risk, and complexity) in information-sharing groups and collectives (e.g., cross-industry, cross-government and cross-border groups) to gather, distribute and analyze information about cyber practices, cyber threats, and early warning indicators relating to cyber threats.",ID.RA-02.01,IDENTIFY / Risk Assessment / Information Sharing Forums
2: Threat Intelligence & Collaboration / 3: Information Sharing / 1: Information Sharing,"D2.IS.Is.Int.1: A formal protocol is in place for sharing threat, vulnerability, and incident information to employees based on their specific job function.",Intermediate,Full Summarily,"DE.AE-06.01: The organization has established processes and protocols to communicate, alert, and regularly report potential cyber attacks and incident information, including its corresponding analysis and cyber threat intelligence, to authorized internal and external stakeholders.",DE.AE-06.01,DETECT / Adverse Event Analysis / Event Information Sharing
2: Threat Intelligence & Collaboration / 3: Information Sharing / 1: Information Sharing,"D2.IS.Is.Int.1: A formal protocol is in place for sharing threat, vulnerability, and incident information to employees based on their specific job function.",Intermediate,Full Summarily,"RS.CO-02.01: The organization's incident response program includes defined and approved escalation protocols, linked to organizational decision levels and communication strategies, including which types of information will be shared, with whom (e.g., the organization's governing authority and senior management), and how information provided to the organization will be acted upon.",RS.CO-02.01,RESPOND / Incident Response Reporting and Communication / Stakeholder Incident Notification
2: Threat Intelligence & Collaboration / 3: Information Sharing / 1: Information Sharing,"D2.IS.Is.Int.1: A formal protocol is in place for sharing threat, vulnerability, and incident information to employees based on their specific job function.",Intermediate,Full Summarily,"RS.CO-03.01: The organization ensures that cyber threat intelligence is made available, in a secure manner, to authorized staff with responsibility for the mitigation of cyber risks at the strategic, tactical and operational levels within the organization.",RS.CO-03.01,RESPOND / Incident Response Reporting and Communication / Stakeholder Incident Information Sharing
2: Threat Intelligence & Collaboration / 3: Information Sharing / 1: Information Sharing,D2.IS.Is.Int.2: Information-sharing agreements are used as needed or required to facilitate sharing threat information with other financial sector organizations or third parties.,Intermediate,Full Summarily,"ID.RA-02.01: The organization participates actively (in alignment with its business operations, inherent risk, and complexity) in information-sharing groups and collectives (e.g., cross-industry, cross-government and cross-border groups) to gather, distribute and analyze information about cyber practices, cyber threats, and early warning indicators relating to cyber threats.",ID.RA-02.01,IDENTIFY / Risk Assessment / Information Sharing Forums
2: Threat Intelligence & Collaboration / 3: Information Sharing / 1: Information Sharing,D2.IS.Is.Int.2: Information-sharing agreements are used as needed or required to facilitate sharing threat information with other financial sector organizations or third parties.,Intermediate,Full Summarily,ID.RA-02.02: The organization shares authorized information on its cyber resilience framework and the effectiveness of protection technologies bilaterally with trusted external stakeholders to promote the understanding of each party’s approach to securing systems.,ID.RA-02.02,IDENTIFY / Risk Assessment / Information Sharing Forums
2: Threat Intelligence & Collaboration / 3: Information Sharing / 1: Information Sharing,D2.IS.Is.Int.2: Information-sharing agreements are used as needed or required to facilitate sharing threat information with other financial sector organizations or third parties.,Intermediate,Full Summarily,"RS.CO-03.02: In the event of an incident, the organization shares authorized information, in a defined manner and through trusted channels, to facilitate the detection, response, resumption and recovery of its own systems and those of other partners and critical sector participants.",RS.CO-03.02,RESPOND / Incident Response Reporting and Communication / Stakeholder Incident Information Sharing
2: Threat Intelligence & Collaboration / 3: Information Sharing / 1: Information Sharing,"D2.IS.Is.Int.3: Information is shared proactively with the industry, law enforcement, regulators, and information-sharing forums.",Intermediate,Full Summarily,"ID.RA-02.01: The organization participates actively (in alignment with its business operations, inherent risk, and complexity) in information-sharing groups and collectives (e.g., cross-industry, cross-government and cross-border groups) to gather, distribute and analyze information about cyber practices, cyber threats, and early warning indicators relating to cyber threats.",ID.RA-02.01,IDENTIFY / Risk Assessment / Information Sharing Forums
2: Threat Intelligence & Collaboration / 3: Information Sharing / 1: Information Sharing,"D2.IS.Is.Int.3: Information is shared proactively with the industry, law enforcement, regulators, and information-sharing forums.",Intermediate,Full Summarily,"DE.AE-06.01: The organization has established processes and protocols to communicate, alert, and regularly report potential cyber attacks and incident information, including its corresponding analysis and cyber threat intelligence, to authorized internal and external stakeholders.",DE.AE-06.01,DETECT / Adverse Event Analysis / Event Information Sharing
2: Threat Intelligence & Collaboration / 3: Information Sharing / 1: Information Sharing,"D2.IS.Is.Int.3: Information is shared proactively with the industry, law enforcement, regulators, and information-sharing forums.",Intermediate,Full Summarily,"RS.CO-02.02: In the event of an incident, the organization notifies impacted stakeholders including, as required, government bodies, self-regulatory agencies and/or other supervisory bodies, within required timeframes.",RS.CO-02.02,RESPOND / Incident Response Reporting and Communication / Stakeholder Incident Notification
2: Threat Intelligence & Collaboration / 3: Information Sharing / 1: Information Sharing,"D2.IS.Is.Int.3: Information is shared proactively with the industry, law enforcement, regulators, and information-sharing forums.",Intermediate,Full Summarily,"RS.CO-03.02: In the event of an incident, the organization shares authorized information, in a defined manner and through trusted channels, to facilitate the detection, response, resumption and recovery of its own systems and those of other partners and critical sector participants.",RS.CO-03.02,RESPOND / Incident Response Reporting and Communication / Stakeholder Incident Information Sharing
2: Threat Intelligence & Collaboration / 3: Information Sharing / 1: Information Sharing,D2.IS.Is.Int.4: A process is in place to communicate and collaborate with the public sector regarding cyber threats.,Intermediate,Full,"RC.CO-04.01: Pre-established communication plans and message templates, and authorized protocols, contacts, media, and communications, are used to notify and inform the public and key external stakeholders about an incident.",RC.CO-04.01,RECOVER / Incident Recovery Communication / Public Information Sharing
2: Threat Intelligence & Collaboration / 3: Information Sharing / 1: Information Sharing,D2.IS.Is.A.1: Management communicates threat intelligence with business risk context and specific risk management recommendations to the business units.,Advanced,Full Summarily,"DE.AE-06.01: The organization has established processes and protocols to communicate, alert, and regularly report potential cyber attacks and incident information, including its corresponding analysis and cyber threat intelligence, to authorized internal and external stakeholders.",DE.AE-06.01,DETECT / Adverse Event Analysis / Event Information Sharing
2: Threat Intelligence & Collaboration / 3: Information Sharing / 1: Information Sharing,D2.IS.Is.A.1: Management communicates threat intelligence with business risk context and specific risk management recommendations to the business units.,Advanced,Full Summarily,"RS.CO-03.01: The organization ensures that cyber threat intelligence is made available, in a secure manner, to authorized staff with responsibility for the mitigation of cyber risks at the strategic, tactical and operational levels within the organization.",RS.CO-03.01,RESPOND / Incident Response Reporting and Communication / Stakeholder Incident Information Sharing
2: Threat Intelligence & Collaboration / 3: Information Sharing / 1: Information Sharing,D2.IS.Is.A.2: Relationships exist with employees of peer institutions for sharing cyber threat intelligence.,Advanced,Full Summarily,"ID.RA-02.01: The organization participates actively (in alignment with its business operations, inherent risk, and complexity) in information-sharing groups and collectives (e.g., cross-industry, cross-government and cross-border groups) to gather, distribute and analyze information about cyber practices, cyber threats, and early warning indicators relating to cyber threats.",ID.RA-02.01,IDENTIFY / Risk Assessment / Information Sharing Forums
2: Threat Intelligence & Collaboration / 3: Information Sharing / 1: Information Sharing,D2.IS.Is.A.2: Relationships exist with employees of peer institutions for sharing cyber threat intelligence.,Advanced,Full Summarily,ID.RA-02.02: The organization shares authorized information on its cyber resilience framework and the effectiveness of protection technologies bilaterally with trusted external stakeholders to promote the understanding of each party’s approach to securing systems.,ID.RA-02.02,IDENTIFY / Risk Assessment / Information Sharing Forums
2: Threat Intelligence & Collaboration / 3: Information Sharing / 1: Information Sharing,D2.IS.Is.A.2: Relationships exist with employees of peer institutions for sharing cyber threat intelligence.,Advanced,Full Summarily,"RS.CO-03.02: In the event of an incident, the organization shares authorized information, in a defined manner and through trusted channels, to facilitate the detection, response, resumption and recovery of its own systems and those of other partners and critical sector participants.",RS.CO-03.02,RESPOND / Incident Response Reporting and Communication / Stakeholder Incident Information Sharing
2: Threat Intelligence & Collaboration / 3: Information Sharing / 1: Information Sharing,D2.IS.Is.A.3: A network of trust relationships (formal and/or informal) has been established to evaluate information about cyber threats.,Advanced,Full Summarily,"ID.RA-02.01: The organization participates actively (in alignment with its business operations, inherent risk, and complexity) in information-sharing groups and collectives (e.g., cross-industry, cross-government and cross-border groups) to gather, distribute and analyze information about cyber practices, cyber threats, and early warning indicators relating to cyber threats.",ID.RA-02.01,IDENTIFY / Risk Assessment / Information Sharing Forums
2: Threat Intelligence & Collaboration / 3: Information Sharing / 1: Information Sharing,D2.IS.Is.A.3: A network of trust relationships (formal and/or informal) has been established to evaluate information about cyber threats.,Advanced,Full Summarily,ID.RA-02.02: The organization shares authorized information on its cyber resilience framework and the effectiveness of protection technologies bilaterally with trusted external stakeholders to promote the understanding of each party’s approach to securing systems.,ID.RA-02.02,IDENTIFY / Risk Assessment / Information Sharing Forums
2: Threat Intelligence & Collaboration / 3: Information Sharing / 1: Information Sharing,D2.IS.Is.A.3: A network of trust relationships (formal and/or informal) has been established to evaluate information about cyber threats.,Advanced,Full Summarily,"RS.CO-03.02: In the event of an incident, the organization shares authorized information, in a defined manner and through trusted channels, to facilitate the detection, response, resumption and recovery of its own systems and those of other partners and critical sector participants.",RS.CO-03.02,RESPOND / Incident Response Reporting and Communication / Stakeholder Incident Information Sharing
2: Threat Intelligence & Collaboration / 3: Information Sharing / 1: Information Sharing,D2.IS.Is.Inn.1: A mechanism is in place for sharing cyber threat intelligence with business units in real time including the potential financial and operational impact of inaction.,Innovative,Full Summarily,"DE.AE-04.01: The organization has a documented process to analyze and triage incidents to assess root cause, technical impact, mitigation priority, and business impact on the organization, as well as across the financial sector and other third party stakeholders.",DE.AE-04.01,DETECT / Adverse Event Analysis / Impact & Scope Determination
2: Threat Intelligence & Collaboration / 3: Information Sharing / 1: Information Sharing,D2.IS.Is.Inn.1: A mechanism is in place for sharing cyber threat intelligence with business units in real time including the potential financial and operational impact of inaction.,Innovative,Full Summarily,"DE.AE-06.01: The organization has established processes and protocols to communicate, alert, and regularly report potential cyber attacks and incident information, including its corresponding analysis and cyber threat intelligence, to authorized internal and external stakeholders.",DE.AE-06.01,DETECT / Adverse Event Analysis / Event Information Sharing
2: Threat Intelligence & Collaboration / 3: Information Sharing / 1: Information Sharing,D2.IS.Is.Inn.1: A mechanism is in place for sharing cyber threat intelligence with business units in real time including the potential financial and operational impact of inaction.,Innovative,Full Summarily,"RS.CO-02.01: The organization's incident response program includes defined and approved escalation protocols, linked to organizational decision levels and communication strategies, including which types of information will be shared, with whom (e.g., the organization's governing authority and senior management), and how information provided to the organization will be acted upon.",RS.CO-02.01,RESPOND / Incident Response Reporting and Communication / Stakeholder Incident Notification
2: Threat Intelligence & Collaboration / 3: Information Sharing / 1: Information Sharing,D2.IS.Is.Inn.2: A system automatically informs management of the level of business risk specific to the institution and the progress of recommended steps taken to mitigate the risks.,Innovative,Partial,"DE.AE-06.01: The organization has established processes and protocols to communicate, alert, and regularly report potential cyber attacks and incident information, including its corresponding analysis and cyber threat intelligence, to authorized internal and external stakeholders.",DE.AE-06.01,DETECT / Adverse Event Analysis / Event Information Sharing
2: Threat Intelligence & Collaboration / 3: Information Sharing / 1: Information Sharing,D2.IS.Is.Inn.3: The institution is leading efforts to create new sector-wide information- sharing channels to address gaps in external-facing information-sharing mechanisms.,Innovative,Partial,"RS.CO-03.02: In the event of an incident, the organization shares authorized information, in a defined manner and through trusted channels, to facilitate the detection, response, resumption and recovery of its own systems and those of other partners and critical sector participants.",RS.CO-03.02,RESPOND / Incident Response Reporting and Communication / Stakeholder Incident Information Sharing
3: Cybersecurity Controls / 1: Preventative Controls / 1: Infrastructure Management,"D3.PC.Im.B.1: Network perimeter defense tools (e.g., border router and firewall) are used.",Baseline,Full Summarily,"PR.IR-01.01: Networks, systems, and external connections are segmented (e.g., using firewalls, software-defined networks, guest wireless networks, etc.) to implement defense-in-depth and access isolation principles.",PR.IR-01.01,PROTECT / Technology Infrastructure Resilience / Logical Access Protections
3: Cybersecurity Controls / 1: Preventative Controls / 1: Infrastructure Management,"D3.PC.Im.B.1: Network perimeter defense tools (e.g., border router and firewall) are used.",Baseline,Full Summarily,"PR.IR-01.02: Network device configurations (e.g., firewall rules, ports, and protocols) are documented, reviewed and updated regularly and upon change to ensure alignment with network access, segmentation, traversal, and deny-all default requirements.",PR.IR-01.02,PROTECT / Technology Infrastructure Resilience / Logical Access Protections
3: Cybersecurity Controls / 1: Preventative Controls / 1: Infrastructure Management,D3.PC.Im.B.2: Systems that are accessed from the Internet or by external parties are protected by firewalls or other similar devices.,Baseline,Full Summarily,"PR.IR-01.01: Networks, systems, and external connections are segmented (e.g., using firewalls, software-defined networks, guest wireless networks, etc.) to implement defense-in-depth and access isolation principles.",PR.IR-01.01,PROTECT / Technology Infrastructure Resilience / Logical Access Protections
3: Cybersecurity Controls / 1: Preventative Controls / 1: Infrastructure Management,D3.PC.Im.B.2: Systems that are accessed from the Internet or by external parties are protected by firewalls or other similar devices.,Baseline,Full Summarily,"PR.IR-01.02: Network device configurations (e.g., firewall rules, ports, and protocols) are documented, reviewed and updated regularly and upon change to ensure alignment with network access, segmentation, traversal, and deny-all default requirements.",PR.IR-01.02,PROTECT / Technology Infrastructure Resilience / Logical Access Protections
3: Cybersecurity Controls / 1: Preventative Controls / 1: Infrastructure Management,D3.PC.Im.B.3: All ports are monitored.,Baseline,Full Summarily,"PR.IR-01.02: Network device configurations (e.g., firewall rules, ports, and protocols) are documented, reviewed and updated regularly and upon change to ensure alignment with network access, segmentation, traversal, and deny-all default requirements.",PR.IR-01.02,PROTECT / Technology Infrastructure Resilience / Logical Access Protections
3: Cybersecurity Controls / 1: Preventative Controls / 1: Infrastructure Management,D3.PC.Im.B.3: All ports are monitored.,Baseline,Full Summarily,"DE.AE-03.01: The organization implements systematic and real-time logging, collection, monitoring, detection, and alerting measures across multiple layers of the organization's infrastructure, including physical perimeters, network, operating systems, applications, data, and external (cloud and outsourced) environments, sufficient to protect the organization's information assets.",DE.AE-03.01,DETECT / Adverse Event Analysis / Event Information Correlation
3: Cybersecurity Controls / 1: Preventative Controls / 1: Infrastructure Management,D3.PC.Im.B.4: Up to date antivirus and anti-malware tools are used.,Baseline,Full Summarily,"PR.PS-05.01: The organization has policies, procedures, and tools in place to detect and block malware from infecting networks and systems, including automatically updating malware signatures and behavior profiles on all endpoints.",PR.PS-05.01,PROTECT / Platform Security / Unauthorized Software Installation & Execution
3: Cybersecurity Controls / 1: Preventative Controls / 1: Infrastructure Management,D3.PC.Im.B.4: Up to date antivirus and anti-malware tools are used.,Baseline,Full Summarily,"PR.PS-05.03: The organization has policies, procedures, and tools in place to detect, isolate, and block the use of attached malware or malicious links present in email or message services.",PR.PS-05.03,PROTECT / Platform Security / Unauthorized Software Installation & Execution
3: Cybersecurity Controls / 1: Preventative Controls / 1: Infrastructure Management,"D3.PC.Im.B.5: Systems configurations (for servers, desktops, routers, etc.) follow industry standards and are enforced.",Baseline,Full Summarily,"PR.PS-01.01: The organization establishes and maintains standard system security configuration baselines, informed by industry standards and hardening guidelines, to facilitate the consistent application of security settings, configurations, and versions.",PR.PS-01.01,PROTECT / Platform Security / Configuration Management
3: Cybersecurity Controls / 1: Preventative Controls / 1: Infrastructure Management,"D3.PC.Im.B.5: Systems configurations (for servers, desktops, routers, etc.) follow industry standards and are enforced.",Baseline,Full Summarily,PR.PS-01.02: The organization's systems are configured to provide only essential capabilities to implement the principle of least functionality.,PR.PS-01.02,PROTECT / Platform Security / Configuration Management
3: Cybersecurity Controls / 1: Preventative Controls / 1: Infrastructure Management,"D3.PC.Im.B.6: Ports, functions, protocols and services are prohibited if no longer needed for business purposes.",Baseline,Full Summarily,PR.PS-01.02: The organization's systems are configured to provide only essential capabilities to implement the principle of least functionality.,PR.PS-01.02,PROTECT / Platform Security / Configuration Management
3: Cybersecurity Controls / 1: Preventative Controls / 1: Infrastructure Management,"D3.PC.Im.B.6: Ports, functions, protocols and services are prohibited if no longer needed for business purposes.",Baseline,Full Summarily,"PR.IR-01.02: Network device configurations (e.g., firewall rules, ports, and protocols) are documented, reviewed and updated regularly and upon change to ensure alignment with network access, segmentation, traversal, and deny-all default requirements.",PR.IR-01.02,PROTECT / Technology Infrastructure Resilience / Logical Access Protections
3: Cybersecurity Controls / 1: Preventative Controls / 1: Infrastructure Management,D3.PC.Im.B.7: Access to make changes to systems configurations (including virtual machines and hypervisors) is controlled and monitored.,Baseline,Full,"PR.AA-05.02: The organization institutes controls over privileged system access by strictly limiting and closely managing staff and services with elevated system entitlements (e.g., multi-factor authentication, dual accounts, privilege and time constraints, etc.)",PR.AA-05.02,"PROTECT / Identity Management, Authentication, and Access Control / Access Authorizations"
3: Cybersecurity Controls / 1: Preventative Controls / 1: Infrastructure Management,"D3.PC.Im.B.8: Programs that can override system, object, network, virtual machine, and application controls are restricted.",Baseline,Full Summarily,"PR.PS-05.01: The organization has policies, procedures, and tools in place to detect and block malware from infecting networks and systems, including automatically updating malware signatures and behavior profiles on all endpoints.",PR.PS-05.01,PROTECT / Platform Security / Unauthorized Software Installation & Execution
3: Cybersecurity Controls / 1: Preventative Controls / 1: Infrastructure Management,"D3.PC.Im.B.8: Programs that can override system, object, network, virtual machine, and application controls are restricted.",Baseline,Full Summarily,"PR.PS-05.02: The organization implements safeguards against unauthorized mobile code (e.g., JavaScript, ActiveX, VBScript, PowerShell, etc.) on mobile, end point, and server systems.",PR.PS-05.02,PROTECT / Platform Security / Unauthorized Software Installation & Execution
3: Cybersecurity Controls / 1: Preventative Controls / 1: Infrastructure Management,"D3.PC.Im.B.8: Programs that can override system, object, network, virtual machine, and application controls are restricted.",Baseline,Full Summarily,"DE.CM-09.03: The organization has policies, procedures, and tools in place to monitor for, detect, and block the use of unsupported or unauthorized software, hardware, or configuration changes.",DE.CM-09.03,"DETECT / Continuous Monitoring / Hardware, Software, & Data Monitoring"
3: Cybersecurity Controls / 1: Preventative Controls / 1: Infrastructure Management,D3.PC.Im.B.9: System sessions are locked after a pre-defined period of inactivity and are terminated after pre-defined conditions are met.,Baseline,Full,"PR.AA-06.02: The organization manages and protects physical and visual access to sensitive information assets and physical records (e.g., session lockout, clean desk policies, printer/facsimile output trays, file cabinet/room security, document labelling, etc.)",PR.AA-06.02,"PROTECT / Identity Management, Authentication, and Access Control / Physical Access"
3: Cybersecurity Controls / 1: Preventative Controls / 1: Infrastructure Management,D3.PC.Im.B.10: Wireless network environments require security settings with strong encryption for authentication and transmission. (*N/A if there are no wireless networks.),Baseline,Full,"PR.IR-01.04: The organization controls access to its wireless networks and the information that these networks process by implementing appropriate mechanisms (e.g., strong authentication for authentication and transmission, preventing unauthorized devices from connecting to the internal networks, restricting unauthorized traffic, and segregating guest wireless networks).",PR.IR-01.04,PROTECT / Technology Infrastructure Resilience / Logical Access Protections
3: Cybersecurity Controls / 1: Preventative Controls / 1: Infrastructure Management,D3.PC.Im.E.1: There is a firewall at each Internet connection and between any Demilitarized Zone (DMZ) and internal network(s).,Evolving,Full,"PR.IR-01.01: Networks, systems, and external connections are segmented (e.g., using firewalls, software-defined networks, guest wireless networks, etc.) to implement defense-in-depth and access isolation principles.",PR.IR-01.01,PROTECT / Technology Infrastructure Resilience / Logical Access Protections
3: Cybersecurity Controls / 1: Preventative Controls / 1: Infrastructure Management,D3.PC.Im.E.2: Antivirus and intrusion detection/prevention systems (IDS/IPS) detect and block actual and attempted attacks or intrusions.,Evolving,Full Summarily,"PR.PS-05.01: The organization has policies, procedures, and tools in place to detect and block malware from infecting networks and systems, including automatically updating malware signatures and behavior profiles on all endpoints.",PR.PS-05.01,PROTECT / Platform Security / Unauthorized Software Installation & Execution
3: Cybersecurity Controls / 1: Preventative Controls / 1: Infrastructure Management,D3.PC.Im.E.2: Antivirus and intrusion detection/prevention systems (IDS/IPS) detect and block actual and attempted attacks or intrusions.,Evolving,Full Summarily,DE.CM-01.01: The organization deploys intrusion detection and intrusion prevention capabilities to detect and prevent a potential network intrusion in its early stages for timely containment and recovery.,DE.CM-01.01,DETECT / Continuous Monitoring / Network Monitoring
3: Cybersecurity Controls / 1: Preventative Controls / 1: Infrastructure Management,"D3.PC.Im.E.3: Technical controls prevent unauthorized devices, including rogue wireless access devices and removable media, from connecting to the internal network(s).",Evolving,Full Summarily,"PR.IR-01.04: The organization controls access to its wireless networks and the information that these networks process by implementing appropriate mechanisms (e.g., strong authentication for authentication and transmission, preventing unauthorized devices from connecting to the internal networks, restricting unauthorized traffic, and segregating guest wireless networks).",PR.IR-01.04,PROTECT / Technology Infrastructure Resilience / Logical Access Protections
3: Cybersecurity Controls / 1: Preventative Controls / 1: Infrastructure Management,"D3.PC.Im.E.3: Technical controls prevent unauthorized devices, including rogue wireless access devices and removable media, from connecting to the internal network(s).",Evolving,Full Summarily,"DE.CM-01.04: The organization has policies, procedures, and tools in place to monitor for, detect, and block access from/to devices that are not authorized or do not conform to security policy (e.g., unpatched systems).",DE.CM-01.04,DETECT / Continuous Monitoring / Network Monitoring
3: Cybersecurity Controls / 1: Preventative Controls / 1: Infrastructure Management,"D3.PC.Im.E.4: A risk-based solution is in place at the institution or Internet hosting provider to mitigate disruptive cyber attacks (e.g., DDoS attacks).",Evolving,Full Summarily,"PR.IR-01.03: The integrity and resilience of the organization's communications and control network services are enhanced through controls such as denial of service protections, secure name/address resolution, and/or alternate communications paths.",PR.IR-01.03,PROTECT / Technology Infrastructure Resilience / Logical Access Protections
3: Cybersecurity Controls / 1: Preventative Controls / 1: Infrastructure Management,"D3.PC.Im.E.4: A risk-based solution is in place at the institution or Internet hosting provider to mitigate disruptive cyber attacks (e.g., DDoS attacks).",Evolving,Full Summarily,"DE.CM-01.02: The organization implements mechanisms, such as alerting and filtering of sudden high volumes and suspicious incoming traffic, to detect and mitigate Denial of Service, ""bot"", and credential stuffing attacks.",DE.CM-01.02,DETECT / Continuous Monitoring / Network Monitoring
3: Cybersecurity Controls / 1: Preventative Controls / 1: Infrastructure Management,D3.PC.Im.E.5: Guest wireless networks are fully segregated from the internal network(s). (*N/A if there are no wireless networks.),Evolving,Full,"PR.IR-01.04: The organization controls access to its wireless networks and the information that these networks process by implementing appropriate mechanisms (e.g., strong authentication for authentication and transmission, preventing unauthorized devices from connecting to the internal networks, restricting unauthorized traffic, and segregating guest wireless networks).",PR.IR-01.04,PROTECT / Technology Infrastructure Resilience / Logical Access Protections
3: Cybersecurity Controls / 1: Preventative Controls / 1: Infrastructure Management,D3.PC.Im.E.6: Domain Name System Security Extensions (DNSSEC) is deployed across the enterprise.,Evolving,Full,"PR.IR-01.03: The integrity and resilience of the organization's communications and control network services are enhanced through controls such as denial of service protections, secure name/address resolution, and/or alternate communications paths.",PR.IR-01.03,PROTECT / Technology Infrastructure Resilience / Logical Access Protections
3: Cybersecurity Controls / 1: Preventative Controls / 1: Infrastructure Management,"D3.PC.Im.E.7: Critical systems supported by legacy technologies are regularly reviewed to identify for potential vulnerabilities, upgrade opportunities, or new defense layers.",Evolving,Full Summarily,"ID.AM-08.01: The organization establishes and maintains asset lifecycle management policies and procedures to ensure that assets are acquired, tracked, implemented, used, decommissioned, and protected commensurate with their sensitivity, criticality, and business value.",ID.AM-08.01,IDENTIFY / Asset Management / Asset Life Cycle Management
3: Cybersecurity Controls / 1: Preventative Controls / 1: Infrastructure Management,"D3.PC.Im.E.7: Critical systems supported by legacy technologies are regularly reviewed to identify for potential vulnerabilities, upgrade opportunities, or new defense layers.",Evolving,Full Summarily,"PR.PS-02.03: Technology obsolescence, unsupported systems, and end-of-life decommissioning/replacements are addressed in a risk-based manner and actively planned for, funded, managed, and securely executed.",PR.PS-02.03,PROTECT / Platform Security / Software Maintenance & Replacement
3: Cybersecurity Controls / 1: Preventative Controls / 1: Infrastructure Management,D3.PC.Im.E.8: Controls for unsupported systems are implemented and tested.,Evolving,Full Summarily,"ID.AM-08.01: The organization establishes and maintains asset lifecycle management policies and procedures to ensure that assets are acquired, tracked, implemented, used, decommissioned, and protected commensurate with their sensitivity, criticality, and business value.",ID.AM-08.01,IDENTIFY / Asset Management / Asset Life Cycle Management
3: Cybersecurity Controls / 1: Preventative Controls / 1: Infrastructure Management,D3.PC.Im.E.8: Controls for unsupported systems are implemented and tested.,Evolving,Full Summarily,"PR.PS-02.03: Technology obsolescence, unsupported systems, and end-of-life decommissioning/replacements are addressed in a risk-based manner and actively planned for, funded, managed, and securely executed.",PR.PS-02.03,PROTECT / Platform Security / Software Maintenance & Replacement
3: Cybersecurity Controls / 1: Preventative Controls / 1: Infrastructure Management,D3.PC.Im.E.8: Controls for unsupported systems are implemented and tested.,Evolving,Full Summarily,"DE.CM-09.03: The organization has policies, procedures, and tools in place to monitor for, detect, and block the use of unsupported or unauthorized software, hardware, or configuration changes.",DE.CM-09.03,"DETECT / Continuous Monitoring / Hardware, Software, & Data Monitoring"
3: Cybersecurity Controls / 1: Preventative Controls / 1: Infrastructure Management,"D3.PC.Im.Int.1: The enterprise network is segmented in multiple, separate trust/security zones with defense-in-depth strategies (e.g., logical network segmentation, hard backups, air-gapping) to mitigate attacks.",Intermediate,Full,"PR.IR-01.01: Networks, systems, and external connections are segmented (e.g., using firewalls, software-defined networks, guest wireless networks, etc.) to implement defense-in-depth and access isolation principles.",PR.IR-01.01,PROTECT / Technology Infrastructure Resilience / Logical Access Protections
3: Cybersecurity Controls / 1: Preventative Controls / 1: Infrastructure Management,"D3.PC.Im.Int.2: Security controls are used for remote access to all administrative consoles, including restricted virtual systems.",Intermediate,Full Summarily,"PR.AA-05.02: The organization institutes controls over privileged system access by strictly limiting and closely managing staff and services with elevated system entitlements (e.g., multi-factor authentication, dual accounts, privilege and time constraints, etc.)",PR.AA-05.02,"PROTECT / Identity Management, Authentication, and Access Control / Access Authorizations"
3: Cybersecurity Controls / 1: Preventative Controls / 1: Infrastructure Management,"D3.PC.Im.Int.2: Security controls are used for remote access to all administrative consoles, including restricted virtual systems.",Intermediate,Full Summarily,"PR.PS-01.09: Endpoint systems implemented using virtualization technologies employ mechanisms to protect network, application, and data integrity, such as restricting access to local network and peripheral devices, multi-factor authentication, locking-down device source network locations, and data leakage protections.",PR.PS-01.09,PROTECT / Platform Security / Configuration Management
3: Cybersecurity Controls / 1: Preventative Controls / 1: Infrastructure Management,"D3.PC.Im.Int.2: Security controls are used for remote access to all administrative consoles, including restricted virtual systems.",Intermediate,Full Summarily,"PR.IR-01.05: Remote access is carefully controlled (e.g., restricted to defined systems, access is actively managed (e.g., session timeouts, logging, forced disconnect, etc.), and encrypted connections with multi-factor authentication are used).",PR.IR-01.05,PROTECT / Technology Infrastructure Resilience / Logical Access Protections
3: Cybersecurity Controls / 1: Preventative Controls / 1: Infrastructure Management,D3.PC.Im.Int.3: Wireless network environments have perimeter firewalls that are implemented and configured to restrict unauthorized traffic. (*N/A if there are no wireless networks.),Intermediate,Full Summarily,"PR.IR-01.01: Networks, systems, and external connections are segmented (e.g., using firewalls, software-defined networks, guest wireless networks, etc.) to implement defense-in-depth and access isolation principles.",PR.IR-01.01,PROTECT / Technology Infrastructure Resilience / Logical Access Protections
3: Cybersecurity Controls / 1: Preventative Controls / 1: Infrastructure Management,D3.PC.Im.Int.3: Wireless network environments have perimeter firewalls that are implemented and configured to restrict unauthorized traffic. (*N/A if there are no wireless networks.),Intermediate,Full Summarily,"PR.IR-01.04: The organization controls access to its wireless networks and the information that these networks process by implementing appropriate mechanisms (e.g., strong authentication for authentication and transmission, preventing unauthorized devices from connecting to the internal networks, restricting unauthorized traffic, and segregating guest wireless networks).",PR.IR-01.04,PROTECT / Technology Infrastructure Resilience / Logical Access Protections
3: Cybersecurity Controls / 1: Preventative Controls / 1: Infrastructure Management,D3.PC.Im.Int.4: Wireless networks use strong encryption with encryption keys that are changed frequently. (*N/A if there are no wireless networks.),Intermediate,Full,"PR.IR-01.04: The organization controls access to its wireless networks and the information that these networks process by implementing appropriate mechanisms (e.g., strong authentication for authentication and transmission, preventing unauthorized devices from connecting to the internal networks, restricting unauthorized traffic, and segregating guest wireless networks).",PR.IR-01.04,PROTECT / Technology Infrastructure Resilience / Logical Access Protections
3: Cybersecurity Controls / 1: Preventative Controls / 1: Infrastructure Management,D3.PC.Im.Int.5: The broadcast range of the wireless network(s) is confined to institution-controlled boundaries. (*N/A if there are no wireless networks.),Intermediate,Full,"PR.IR-01.04: The organization controls access to its wireless networks and the information that these networks process by implementing appropriate mechanisms (e.g., strong authentication for authentication and transmission, preventing unauthorized devices from connecting to the internal networks, restricting unauthorized traffic, and segregating guest wireless networks).",PR.IR-01.04,PROTECT / Technology Infrastructure Resilience / Logical Access Protections
3: Cybersecurity Controls / 1: Preventative Controls / 1: Infrastructure Management,"D3.PC.Im.Int.6: Technical measures are in place to prevent the execution of unauthorized code on institution owned or managed devices, network infrastructure, and systems components.",Intermediate,Full Summarily,"PR.PS-05.01: The organization has policies, procedures, and tools in place to detect and block malware from infecting networks and systems, including automatically updating malware signatures and behavior profiles on all endpoints.",PR.PS-05.01,PROTECT / Platform Security / Unauthorized Software Installation & Execution
3: Cybersecurity Controls / 1: Preventative Controls / 1: Infrastructure Management,"D3.PC.Im.Int.6: Technical measures are in place to prevent the execution of unauthorized code on institution owned or managed devices, network infrastructure, and systems components.",Intermediate,Full Summarily,"PR.PS-05.02: The organization implements safeguards against unauthorized mobile code (e.g., JavaScript, ActiveX, VBScript, PowerShell, etc.) on mobile, end point, and server systems.",PR.PS-05.02,PROTECT / Platform Security / Unauthorized Software Installation & Execution
3: Cybersecurity Controls / 1: Preventative Controls / 1: Infrastructure Management,"D3.PC.Im.Int.6: Technical measures are in place to prevent the execution of unauthorized code on institution owned or managed devices, network infrastructure, and systems components.",Intermediate,Full Summarily,"PR.PS-05.03: The organization has policies, procedures, and tools in place to detect, isolate, and block the use of attached malware or malicious links present in email or message services.",PR.PS-05.03,PROTECT / Platform Security / Unauthorized Software Installation & Execution
3: Cybersecurity Controls / 1: Preventative Controls / 1: Infrastructure Management,"D3.PC.Im.Int.6: Technical measures are in place to prevent the execution of unauthorized code on institution owned or managed devices, network infrastructure, and systems components.",Intermediate,Full Summarily,"DE.CM-09.03: The organization has policies, procedures, and tools in place to monitor for, detect, and block the use of unsupported or unauthorized software, hardware, or configuration changes.",DE.CM-09.03,"DETECT / Continuous Monitoring / Hardware, Software, & Data Monitoring"
3: Cybersecurity Controls / 1: Preventative Controls / 1: Infrastructure Management,D3.PC.Im.A.1: Network environments and virtual instances are designed and configured to restrict and monitor traffic between trusted and untrusted zones.,Advanced,Full Summarily,"PR.IR-01.01: Networks, systems, and external connections are segmented (e.g., using firewalls, software-defined networks, guest wireless networks, etc.) to implement defense-in-depth and access isolation principles.",PR.IR-01.01,PROTECT / Technology Infrastructure Resilience / Logical Access Protections
3: Cybersecurity Controls / 1: Preventative Controls / 1: Infrastructure Management,D3.PC.Im.A.1: Network environments and virtual instances are designed and configured to restrict and monitor traffic between trusted and untrusted zones.,Advanced,Full Summarily,"PR.IR-01.02: Network device configurations (e.g., firewall rules, ports, and protocols) are documented, reviewed and updated regularly and upon change to ensure alignment with network access, segmentation, traversal, and deny-all default requirements.",PR.IR-01.02,PROTECT / Technology Infrastructure Resilience / Logical Access Protections
3: Cybersecurity Controls / 1: Preventative Controls / 1: Infrastructure Management,D3.PC.Im.A.2: Only one primary function is permitted per server to prevent functions that require different security levels from co-existing on the same server.,Advanced,Full Summarily,"PR.PS-01.01: The organization establishes and maintains standard system security configuration baselines, informed by industry standards and hardening guidelines, to facilitate the consistent application of security settings, configurations, and versions.",PR.PS-01.01,PROTECT / Platform Security / Configuration Management
3: Cybersecurity Controls / 1: Preventative Controls / 1: Infrastructure Management,D3.PC.Im.A.2: Only one primary function is permitted per server to prevent functions that require different security levels from co-existing on the same server.,Advanced,Full Summarily,PR.PS-01.02: The organization's systems are configured to provide only essential capabilities to implement the principle of least functionality.,PR.PS-01.02,PROTECT / Platform Security / Configuration Management
3: Cybersecurity Controls / 1: Preventative Controls / 1: Infrastructure Management,D3.PC.Im.A.3: Anti-spoofing measures are in place to detect and block forged source IP addresses from entering the network.,Advanced,Full Summarily,DE.CM-01.01: The organization deploys intrusion detection and intrusion prevention capabilities to detect and prevent a potential network intrusion in its early stages for timely containment and recovery.,DE.CM-01.01,DETECT / Continuous Monitoring / Network Monitoring
3: Cybersecurity Controls / 1: Preventative Controls / 1: Infrastructure Management,D3.PC.Im.A.3: Anti-spoofing measures are in place to detect and block forged source IP addresses from entering the network.,Advanced,Full Summarily,"DE.CM-01.02: The organization implements mechanisms, such as alerting and filtering of sudden high volumes and suspicious incoming traffic, to detect and mitigate Denial of Service, ""bot"", and credential stuffing attacks.",DE.CM-01.02,DETECT / Continuous Monitoring / Network Monitoring
3: Cybersecurity Controls / 1: Preventative Controls / 1: Infrastructure Management,"D3.PC.Im.Inn.1: The institution risk scores all of its infrastructure assets and updates in real time based on threats, vulnerabilities, or operational changes.",Innovative,Partial,"ID.AM-05.01: The organization establishes and maintains risk-based policies and procedures for the classification of hardware, software, and data assets based on sensitivity and criticality.",ID.AM-05.01,IDENTIFY / Asset Management / Asset Protection Prioritization
3: Cybersecurity Controls / 1: Preventative Controls / 1: Infrastructure Management,"D3.PC.Im.Inn.1: The institution risk scores all of its infrastructure assets and updates in real time based on threats, vulnerabilities, or operational changes.",Innovative,Partial,"ID.AM-05.02: The organization's hardware, software, and data assets are prioritized for protection based on their sensitivity, criticality, vulnerability, business value, and dependency role in the delivery of critical services.",ID.AM-05.02,IDENTIFY / Asset Management / Asset Protection Prioritization
3: Cybersecurity Controls / 1: Preventative Controls / 1: Infrastructure Management,"D3.PC.Im.Inn.2: Automated controls are put in place based on risk scores to infrastructure assets, including automatically disconnecting affected assets.",Innovative,Full Summarily,"ID.AM-05.02: The organization's hardware, software, and data assets are prioritized for protection based on their sensitivity, criticality, vulnerability, business value, and dependency role in the delivery of critical services.",ID.AM-05.02,IDENTIFY / Asset Management / Asset Protection Prioritization
3: Cybersecurity Controls / 1: Preventative Controls / 1: Infrastructure Management,"D3.PC.Im.Inn.2: Automated controls are put in place based on risk scores to infrastructure assets, including automatically disconnecting affected assets.",Innovative,Full Summarily,"DE.CM-01.03: The organization has policies, procedures, and tools in place to monitor for, detect, and block unauthorized network connections and data transfers.",DE.CM-01.03,DETECT / Continuous Monitoring / Network Monitoring
3: Cybersecurity Controls / 1: Preventative Controls / 1: Infrastructure Management,"D3.PC.Im.Inn.2: Automated controls are put in place based on risk scores to infrastructure assets, including automatically disconnecting affected assets.",Innovative,Full Summarily,"DE.CM-01.04: The organization has policies, procedures, and tools in place to monitor for, detect, and block access from/to devices that are not authorized or do not conform to security policy (e.g., unpatched systems).",DE.CM-01.04,DETECT / Continuous Monitoring / Network Monitoring
3: Cybersecurity Controls / 1: Preventative Controls / 1: Infrastructure Management,"D3.PC.Im.Inn.2: Automated controls are put in place based on risk scores to infrastructure assets, including automatically disconnecting affected assets.",Innovative,Full Summarily,"DE.CM-09.03: The organization has policies, procedures, and tools in place to monitor for, detect, and block the use of unsupported or unauthorized software, hardware, or configuration changes.",DE.CM-09.03,"DETECT / Continuous Monitoring / Hardware, Software, & Data Monitoring"
3: Cybersecurity Controls / 1: Preventative Controls / 1: Infrastructure Management,D3.PC.Im.Inn.3: The institution proactively seeks to identify control gaps that may be used as part of a zero-day attack.,Innovative,Full,"ID.RA-06.05: The organization defines and implements standards and procedures to prioritize and remediate issues identified in vulnerability scanning or penetration testing, including emergency or zero-day threats and vulnerabilities.",ID.RA-06.05,IDENTIFY / Risk Assessment / Risk Response Determination
3: Cybersecurity Controls / 1: Preventative Controls / 1: Infrastructure Management,D3.PC.Im.Inn.4: Public-facing servers are routinely rotated and restored to a known clean state to limit the window of time a system is exposed to potential threats.,Innovative,Partial,"PR.PS-01.01: The organization establishes and maintains standard system security configuration baselines, informed by industry standards and hardening guidelines, to facilitate the consistent application of security settings, configurations, and versions.",PR.PS-01.01,PROTECT / Platform Security / Configuration Management
3: Cybersecurity Controls / 1: Preventative Controls / 2: Access and Data Management,D3.PC.Am.B.1: Employee access is granted to systems and confidential data based on job responsibilities and the principles of least privilege.,Baseline,Full Summarily,"PR.AA-01.02: Physical and logical access to systems is permitted only for individuals who have a legitimate business requirement, have been authorized, and who are adequately trained and monitored.",PR.AA-01.02,"PROTECT / Identity Management, Authentication, and Access Control / Identity & Credential Management"
3: Cybersecurity Controls / 1: Preventative Controls / 2: Access and Data Management,D3.PC.Am.B.1: Employee access is granted to systems and confidential data based on job responsibilities and the principles of least privilege.,Baseline,Full Summarily,"PR.AA-05.01: The organization limits access privileges to the minimum necessary and with consideration of separation of duties (e.g., through role-based access control, asset owner access recertifications, etc.).",PR.AA-05.01,"PROTECT / Identity Management, Authentication, and Access Control / Access Authorizations"
3: Cybersecurity Controls / 1: Preventative Controls / 2: Access and Data Management,D3.PC.Am.B.2: Employee access to systems and confidential data provides for separation of duties.,Baseline,Full,"PR.AA-05.01: The organization limits access privileges to the minimum necessary and with consideration of separation of duties (e.g., through role-based access control, asset owner access recertifications, etc.).",PR.AA-05.01,"PROTECT / Identity Management, Authentication, and Access Control / Access Authorizations"
3: Cybersecurity Controls / 1: Preventative Controls / 2: Access and Data Management,"D3.PC.Am.B.3: Elevated privileges (e.g., administrator privileges) are limited and tightly controlled (e.g., assigned to individuals, not shared, and require stronger password controls).",Baseline,Full,"PR.AA-05.02: The organization institutes controls over privileged system access by strictly limiting and closely managing staff and services with elevated system entitlements (e.g., multi-factor authentication, dual accounts, privilege and time constraints, etc.)",PR.AA-05.02,"PROTECT / Identity Management, Authentication, and Access Control / Access Authorizations"
3: Cybersecurity Controls / 1: Preventative Controls / 2: Access and Data Management,D3.PC.Am.B.4: User access reviews are performed periodically for all systems and applications based on the risk to the application or system.,Baseline,Full,"PR.AA-01.01: Identities and credentials are actively managed or automated for authorized devices and users (e.g., removal of default and factory passwords, password strength requirements, automatic revocation of credentials under defined conditions, regular asset owner access review, etc.).",PR.AA-01.01,"PROTECT / Identity Management, Authentication, and Access Control / Identity & Credential Management"
3: Cybersecurity Controls / 1: Preventative Controls / 2: Access and Data Management,"D3.PC.Am.B.5: Changes to physical and logical user access, including those that result from voluntary and involuntary terminations, are submitted to and approved by appropriate personnel.",Baseline,Full,"PR.AA-01.01: Identities and credentials are actively managed or automated for authorized devices and users (e.g., removal of default and factory passwords, password strength requirements, automatic revocation of credentials under defined conditions, regular asset owner access review, etc.).",PR.AA-01.01,"PROTECT / Identity Management, Authentication, and Access Control / Identity & Credential Management"
3: Cybersecurity Controls / 1: Preventative Controls / 2: Access and Data Management,"D3.PC.Am.B.6: Identification and authentication are required and managed for access to systems, applications, and hardware.",Baseline,Full,"PR.AA-02.01: The organization authenticates identity, validates the authorization level of a user before granting access to its systems, limits the use of an account to a single individual, and attributes activities to the user in logs and transactions.",PR.AA-02.01,"PROTECT / Identity Management, Authentication, and Access Control / Identity Binding to Credentials"
3: Cybersecurity Controls / 1: Preventative Controls / 2: Access and Data Management,D3.PC.Am.B.7: Access controls include password complexity and limits to password attempts and reuse.,Baseline,Full,"PR.AA-01.01: Identities and credentials are actively managed or automated for authorized devices and users (e.g., removal of default and factory passwords, password strength requirements, automatic revocation of credentials under defined conditions, regular asset owner access review, etc.).",PR.AA-01.01,"PROTECT / Identity Management, Authentication, and Access Control / Identity & Credential Management"
3: Cybersecurity Controls / 1: Preventative Controls / 2: Access and Data Management,D3.PC.Am.B.8: All default passwords and unnecessary default accounts are changed before system implementation.,Baseline,Full,"PR.AA-01.01: Identities and credentials are actively managed or automated for authorized devices and users (e.g., removal of default and factory passwords, password strength requirements, automatic revocation of credentials under defined conditions, regular asset owner access review, etc.).",PR.AA-01.01,"PROTECT / Identity Management, Authentication, and Access Control / Identity & Credential Management"
3: Cybersecurity Controls / 1: Preventative Controls / 2: Access and Data Management,"D3.PC.Am.B.9: Customer access to Internet-based products or services requires authentication controls (e.g., layered controls, multifactor) that are commensurate with the risk.",Baseline,Full,"PR.AA-03.01: Based on the risk level of a user access or a specific transaction, the organization defines and implements authentication requirements, which may include multi-factor or out-of-band authentication, and may adopt other real-time risk prevention or mitigation tactics.",PR.AA-03.01,"PROTECT / Identity Management, Authentication, and Access Control / Authentication"
3: Cybersecurity Controls / 1: Preventative Controls / 2: Access and Data Management,D3.PC.Am.B.10: Production and non-production environments are segregated to prevent unauthorized access or changes to information assets. (*N/A if no production environment exists at the institution or the institution’s third party.),Baseline,Full,PR.IR-01.06: The organization's production and non-production environments and data are segregated and managed to prevent unauthorized access or changes to the information assets.,PR.IR-01.06,PROTECT / Technology Infrastructure Resilience / Logical Access Protections
3: Cybersecurity Controls / 1: Preventative Controls / 2: Access and Data Management,D3.PC.Am.B.11: Physical security controls are used to prevent unauthorized access to information systems and telecommunication systems.,Baseline,Full Summarily,"PR.AA-01.02: Physical and logical access to systems is permitted only for individuals who have a legitimate business requirement, have been authorized, and who are adequately trained and monitored.",PR.AA-01.02,"PROTECT / Identity Management, Authentication, and Access Control / Identity & Credential Management"
3: Cybersecurity Controls / 1: Preventative Controls / 2: Access and Data Management,D3.PC.Am.B.11: Physical security controls are used to prevent unauthorized access to information systems and telecommunication systems.,Baseline,Full Summarily,"PR.AA-06.02: The organization manages and protects physical and visual access to sensitive information assets and physical records (e.g., session lockout, clean desk policies, printer/facsimile output trays, file cabinet/room security, document labelling, etc.)",PR.AA-06.02,"PROTECT / Identity Management, Authentication, and Access Control / Physical Access"
3: Cybersecurity Controls / 1: Preventative Controls / 2: Access and Data Management,D3.PC.Am.B.12: All passwords are encrypted in storage and in transit.,Baseline,Full,"PR.AA-01.01: Identities and credentials are actively managed or automated for authorized devices and users (e.g., removal of default and factory passwords, password strength requirements, automatic revocation of credentials under defined conditions, regular asset owner access review, etc.).",PR.AA-01.01,"PROTECT / Identity Management, Authentication, and Access Control / Identity & Credential Management"
3: Cybersecurity Controls / 1: Preventative Controls / 2: Access and Data Management,"D3.PC.Am.B.13: Confidential data are encrypted when transmitted across public or untrusted networks (e.g., Internet).",Baseline,Full,"PR.DS-02.01: Data-in-transit is protected commensurate with the criticality and sensitivity of the information and in alignment with the data classification and protection policy (e.g., through the use of encryption, authentication, access control, masking, tokenization, and alternate transit paths).",PR.DS-02.01,PROTECT / Data Security / Protection of Data in Transit
3: Cybersecurity Controls / 1: Preventative Controls / 2: Access and Data Management,"D3.PC.Am.B.14: Mobile devices (e.g., laptops, tablets, and removable media) are encrypted if used to store confidential data. (*N/A if mobile devices are not used.)",Baseline,Full,"PR.PS-01.08: End-user mobile or personal computing devices accessing the organization's network employ mechanisms to protect network, application, and data integrity, such as ""Mobile Device Management (MDM)"" and ""Mobile Application Management (MAM)"" technologies, device fingerprinting, storage containerization and encryption, integrity scanning, automated patch application, remote wipe, and data leakage protections.",PR.PS-01.08,PROTECT / Platform Security / Configuration Management
3: Cybersecurity Controls / 1: Preventative Controls / 2: Access and Data Management,"D3.PC.Am.B.15: Remote access to critical systems by employees, contractors, and third parties uses encrypted connections and multifactor authentication.",Baseline,Full,"PR.IR-01.05: Remote access is carefully controlled (e.g., restricted to defined systems, access is actively managed (e.g., session timeouts, logging, forced disconnect, etc.), and encrypted connections with multi-factor authentication are used).",PR.IR-01.05,PROTECT / Technology Infrastructure Resilience / Logical Access Protections
3: Cybersecurity Controls / 1: Preventative Controls / 2: Access and Data Management,"D3.PC.Am.B.16: Administrative, physical, or technical controls are in place to prevent users without administrative responsibilities from installing unauthorized software.",Baseline,Full,"DE.CM-09.03: The organization has policies, procedures, and tools in place to monitor for, detect, and block the use of unsupported or unauthorized software, hardware, or configuration changes.",DE.CM-09.03,"DETECT / Continuous Monitoring / Hardware, Software, & Data Monitoring"
3: Cybersecurity Controls / 1: Preventative Controls / 2: Access and Data Management,"D3.PC.Am.B.17: Customer service (e.g., the call center) utilizes formal procedures to authenticate customers commensurate with the risk of the transaction or request.",Baseline,Full,"PR.AA-03.01: Based on the risk level of a user access or a specific transaction, the organization defines and implements authentication requirements, which may include multi-factor or out-of-band authentication, and may adopt other real-time risk prevention or mitigation tactics.",PR.AA-03.01,"PROTECT / Identity Management, Authentication, and Access Control / Authentication"
3: Cybersecurity Controls / 1: Preventative Controls / 2: Access and Data Management,D3.PC.Am.B.18: Data is disposed of or destroyed according to documented requirements and within expected time frames.,Baseline,Full,"ID.AM-08.05: The organization defines and implements standards and procedures, consistent with its data retention policy, for destroying or securely erasing data, media, and storage devices when the data is no longer needed.",ID.AM-08.05,IDENTIFY / Asset Management / Asset Life Cycle Management
3: Cybersecurity Controls / 1: Preventative Controls / 2: Access and Data Management,D3.PC.Am.E.1: Changes to user access permissions trigger automated notices to appropriate personnel.,Evolving,Partial,"PR.AA-01.01: Identities and credentials are actively managed or automated for authorized devices and users (e.g., removal of default and factory passwords, password strength requirements, automatic revocation of credentials under defined conditions, regular asset owner access review, etc.).",PR.AA-01.01,"PROTECT / Identity Management, Authentication, and Access Control / Identity & Credential Management"
3: Cybersecurity Controls / 1: Preventative Controls / 2: Access and Data Management,"D3.PC.Am.E.2: Administrators have two accounts: one for administrative use and one for general purpose, non-administrative tasks.",Evolving,Full,"PR.AA-05.02: The organization institutes controls over privileged system access by strictly limiting and closely managing staff and services with elevated system entitlements (e.g., multi-factor authentication, dual accounts, privilege and time constraints, etc.)",PR.AA-05.02,"PROTECT / Identity Management, Authentication, and Access Control / Access Authorizations"
3: Cybersecurity Controls / 1: Preventative Controls / 2: Access and Data Management,"D3.PC.Am.E.3: Use of customer data in non-production environments complies with legal, regulatory, and internal policy requirements for concealing or removing of sensitive data elements.",Evolving,Full,PR.IR-01.06: The organization's production and non-production environments and data are segregated and managed to prevent unauthorized access or changes to the information assets.,PR.IR-01.06,PROTECT / Technology Infrastructure Resilience / Logical Access Protections
3: Cybersecurity Controls / 1: Preventative Controls / 2: Access and Data Management,"D3.PC.Am.E.4: Physical access to high-risk or confidential systems is restricted, logged, and unauthorized access is blocked.",Evolving,Full Summarily,"PR.AA-01.02: Physical and logical access to systems is permitted only for individuals who have a legitimate business requirement, have been authorized, and who are adequately trained and monitored.",PR.AA-01.02,"PROTECT / Identity Management, Authentication, and Access Control / Identity & Credential Management"
3: Cybersecurity Controls / 1: Preventative Controls / 2: Access and Data Management,"D3.PC.Am.E.4: Physical access to high-risk or confidential systems is restricted, logged, and unauthorized access is blocked.",Evolving,Full Summarily,"PR.AA-06.01: The organization manages, protects, and logs physical access to sensitive areas, devices, consoles, equipment, and network cabling and infrastructure.",PR.AA-06.01,"PROTECT / Identity Management, Authentication, and Access Control / Physical Access"
3: Cybersecurity Controls / 1: Preventative Controls / 2: Access and Data Management,"D3.PC.Am.E.4: Physical access to high-risk or confidential systems is restricted, logged, and unauthorized access is blocked.",Evolving,Full Summarily,"PR.AA-06.02: The organization manages and protects physical and visual access to sensitive information assets and physical records (e.g., session lockout, clean desk policies, printer/facsimile output trays, file cabinet/room security, document labelling, etc.)",PR.AA-06.02,"PROTECT / Identity Management, Authentication, and Access Control / Physical Access"
3: Cybersecurity Controls / 1: Preventative Controls / 2: Access and Data Management,"D3.PC.Am.E.4: Physical access to high-risk or confidential systems is restricted, logged, and unauthorized access is blocked.",Evolving,Full Summarily,"DE.CM-02.01: The organization's controls include monitoring and detection of anomalous activities and potential intrusion events across the organization's physical environment and infrastructure, including the detection of environmental threats (fire, water, service outages, etc.) and unauthorized physical access to high-risk system components and locations.",DE.CM-02.01,DETECT / Continuous Monitoring / Physical Environment Monitoring
3: Cybersecurity Controls / 1: Preventative Controls / 2: Access and Data Management,D3.PC.Am.E.5: Controls are in place to prevent unauthorized access to cryptographic keys.,Evolving,Full,"PR.PS-01.07: Cryptographic keys and certificates are tracked, managed, and protected throughout their lifecycles, to include for compromise and revocation.",PR.PS-01.07,PROTECT / Platform Security / Configuration Management
3: Cybersecurity Controls / 1: Preventative Controls / 2: Access and Data Management,D3.PC.Am.Int.1: The institution has implemented tools to prevent unauthorized access to or exfiltration of confidential data.,Intermediate,Full,PR.DS-01.02: The organization implements data loss identification and prevention tools to monitor and protect against confidential data theft or destruction by an employee or an external actor.,PR.DS-01.02,PROTECT / Data Security / Protection of Data at Rest
3: Cybersecurity Controls / 1: Preventative Controls / 2: Access and Data Management,D3.PC.Am.Int.2: Controls are in place to prevent unauthorized escalation of user privileges.,Intermediate,Full Summarily,"PR.AA-05.03: The organization institutes controls over service account (i.e., accounts used by systems to access other systems) lifecycles to ensure strict security over creation, use, and termination; access credentials (e.g., no embedded passwords in code); frequent reviews of account ownership; visibility for unauthorized use; and hardening against malicious insider use.",PR.AA-05.03,"PROTECT / Identity Management, Authentication, and Access Control / Access Authorizations"
3: Cybersecurity Controls / 1: Preventative Controls / 2: Access and Data Management,D3.PC.Am.Int.2: Controls are in place to prevent unauthorized escalation of user privileges.,Intermediate,Full Summarily,"DE.CM-03.02: The organization's controls actively monitor personnel (both authorized and unauthorized) for access, authentication, usage, connections, devices, and anomalous behavior to rapidly detect potential cybersecurity events.",DE.CM-03.02,DETECT / Continuous Monitoring / Personnel Activity Monitoring
3: Cybersecurity Controls / 1: Preventative Controls / 2: Access and Data Management,D3.PC.Am.Int.2: Controls are in place to prevent unauthorized escalation of user privileges.,Intermediate,Full Summarily,"DE.CM-03.03: The organization logs and reviews the activities of privileged users and accounts, and monitoring for anomalous behaviors is implemented.",DE.CM-03.03,DETECT / Continuous Monitoring / Personnel Activity Monitoring
3: Cybersecurity Controls / 1: Preventative Controls / 2: Access and Data Management,D3.PC.Am.Int.3: Access controls are in place for database administrators to prevent unauthorized downloading or transmission of confidential data.,Intermediate,Full Summarily,"GV.RR-04.03: The organization integrates insider threat considerations into its human resource, risk management, and control programs to address the potential for malicious or unintentional harm by trusted employees or third parties.",GV.RR-04.03,"GOVERN / Roles, Responsibilities, and Authorities / Human Resource Practices"
3: Cybersecurity Controls / 1: Preventative Controls / 2: Access and Data Management,D3.PC.Am.Int.3: Access controls are in place for database administrators to prevent unauthorized downloading or transmission of confidential data.,Intermediate,Full Summarily,"PR.AA-05.02: The organization institutes controls over privileged system access by strictly limiting and closely managing staff and services with elevated system entitlements (e.g., multi-factor authentication, dual accounts, privilege and time constraints, etc.)",PR.AA-05.02,"PROTECT / Identity Management, Authentication, and Access Control / Access Authorizations"
3: Cybersecurity Controls / 1: Preventative Controls / 2: Access and Data Management,D3.PC.Am.Int.3: Access controls are in place for database administrators to prevent unauthorized downloading or transmission of confidential data.,Intermediate,Full Summarily,PR.DS-01.02: The organization implements data loss identification and prevention tools to monitor and protect against confidential data theft or destruction by an employee or an external actor.,PR.DS-01.02,PROTECT / Data Security / Protection of Data at Rest
3: Cybersecurity Controls / 1: Preventative Controls / 2: Access and Data Management,D3.PC.Am.Int.3: Access controls are in place for database administrators to prevent unauthorized downloading or transmission of confidential data.,Intermediate,Full Summarily,"PR.PS-06.10: The organization establishes policies and procedures for the secure design, configuration, modification, and operation of databases, data stores, and data analytics platforms consistent with the criticality of the data being managed.",PR.PS-06.10,PROTECT / Platform Security / Secure Systems Development Practices
3: Cybersecurity Controls / 1: Preventative Controls / 2: Access and Data Management,D3.PC.Am.Int.4: All physical and logical access is removed immediately upon notification of involuntary termination and within 24 hours of an employee’s voluntary departure.,Intermediate,Full Summarily,"GV.RR-04.02: The organization establishes processes and controls to mitigate cyber risks related to employment termination, as permitted by law, to include the return or disposition of all organizational assets.",GV.RR-04.02,"GOVERN / Roles, Responsibilities, and Authorities / Human Resource Practices"
3: Cybersecurity Controls / 1: Preventative Controls / 2: Access and Data Management,D3.PC.Am.Int.4: All physical and logical access is removed immediately upon notification of involuntary termination and within 24 hours of an employee’s voluntary departure.,Intermediate,Full Summarily,"PR.AA-01.01: Identities and credentials are actively managed or automated for authorized devices and users (e.g., removal of default and factory passwords, password strength requirements, automatic revocation of credentials under defined conditions, regular asset owner access review, etc.).",PR.AA-01.01,"PROTECT / Identity Management, Authentication, and Access Control / Identity & Credential Management"
3: Cybersecurity Controls / 1: Preventative Controls / 2: Access and Data Management,D3.PC.Am.Int.5: Multifactor authentication and/or layered controls have been implemented to secure all third-party access to the institution's network and/or systems and applications.,Intermediate,Full Summarily,"PR.AA-05.04: Specific roles, responsibilities, and procedures to manage the risk of third-party access to organizational systems and facilities are defined and implemented.",PR.AA-05.04,"PROTECT / Identity Management, Authentication, and Access Control / Access Authorizations"
3: Cybersecurity Controls / 1: Preventative Controls / 2: Access and Data Management,D3.PC.Am.Int.5: Multifactor authentication and/or layered controls have been implemented to secure all third-party access to the institution's network and/or systems and applications.,Intermediate,Full Summarily,"DE.CM-06.01: The organization reviews, documents, authorizes, and monitors all third-party connections, data transfer mechanisms, and Application Programming Interfaces (APIs).",DE.CM-06.01,DETECT / Continuous Monitoring / Service Provider Monitoring
3: Cybersecurity Controls / 1: Preventative Controls / 2: Access and Data Management,D3.PC.Am.Int.5: Multifactor authentication and/or layered controls have been implemented to secure all third-party access to the institution's network and/or systems and applications.,Intermediate,Full Summarily,DE.CM-06.02: The organization implements an explicit approval and logging process and sets up automated alerts to monitor and prevent any unauthorized access to a critical system by a third-party service provider.,DE.CM-06.02,DETECT / Continuous Monitoring / Service Provider Monitoring
3: Cybersecurity Controls / 1: Preventative Controls / 2: Access and Data Management,"D3.PC.Am.Int.6: Multifactor authentication (e.g., tokens, digital certificates) techniques are used for employee access to high-risk systems as identified in the risk assessment(s). (*N/A if no high risk systems.)",Intermediate,Full Summarily,"PR.AA-03.01: Based on the risk level of a user access or a specific transaction, the organization defines and implements authentication requirements, which may include multi-factor or out-of-band authentication, and may adopt other real-time risk prevention or mitigation tactics.",PR.AA-03.01,"PROTECT / Identity Management, Authentication, and Access Control / Authentication"
3: Cybersecurity Controls / 1: Preventative Controls / 2: Access and Data Management,"D3.PC.Am.Int.6: Multifactor authentication (e.g., tokens, digital certificates) techniques are used for employee access to high-risk systems as identified in the risk assessment(s). (*N/A if no high risk systems.)",Intermediate,Full Summarily,"PR.PS-01.09: Endpoint systems implemented using virtualization technologies employ mechanisms to protect network, application, and data integrity, such as restricting access to local network and peripheral devices, multi-factor authentication, locking-down device source network locations, and data leakage protections.",PR.PS-01.09,PROTECT / Platform Security / Configuration Management
3: Cybersecurity Controls / 1: Preventative Controls / 2: Access and Data Management,"D3.PC.Am.Int.6: Multifactor authentication (e.g., tokens, digital certificates) techniques are used for employee access to high-risk systems as identified in the risk assessment(s). (*N/A if no high risk systems.)",Intermediate,Full Summarily,"PR.IR-01.05: Remote access is carefully controlled (e.g., restricted to defined systems, access is actively managed (e.g., session timeouts, logging, forced disconnect, etc.), and encrypted connections with multi-factor authentication are used).",PR.IR-01.05,PROTECT / Technology Infrastructure Resilience / Logical Access Protections
3: Cybersecurity Controls / 1: Preventative Controls / 2: Access and Data Management,"D3.PC.Am.Int.7: Confidential data are encrypted in transit across private connections (e.g., frame relay and T1) and within the institution’s trusted zones.",Intermediate,Full,"PR.DS-02.01: Data-in-transit is protected commensurate with the criticality and sensitivity of the information and in alignment with the data classification and protection policy (e.g., through the use of encryption, authentication, access control, masking, tokenization, and alternate transit paths).",PR.DS-02.01,PROTECT / Data Security / Protection of Data in Transit
3: Cybersecurity Controls / 1: Preventative Controls / 2: Access and Data Management,"D3.PC.Am.Int.8: Controls are in place to prevent unauthorized access to collaborative computing devices and applications (e.g., networked white boards, cameras, microphones, online applications such as instant messaging and document sharing). (* N/A if collaborative comp",Intermediate,Full,"PR.IR-01.07: The organization defines and implements controls for securely configuring and operating Operational Technologies, Industrial Control Systems, and Internet-of-Things (IoT) devices (e.g., segregated printer networks, resetting of default passwords, etc.)",PR.IR-01.07,PROTECT / Technology Infrastructure Resilience / Logical Access Protections
3: Cybersecurity Controls / 1: Preventative Controls / 2: Access and Data Management,D3.PC.Am.A.1: Encryption of select data at rest is determined by the institution’s data classification and risk assessment.,Advanced,Full,"PR.DS-01.01: Data-at-rest is protected commensurate with the criticality and sensitivity of the information and in alignment with the data classification and protection policy (e.g., through the use of encryption, authentication, access control, segregation, masking, tokenization, and file integrity monitoring).",PR.DS-01.01,PROTECT / Data Security / Protection of Data at Rest
3: Cybersecurity Controls / 1: Preventative Controls / 2: Access and Data Management,"D3.PC.Am.A.2: Customer authentication for high-risk transactions includes methods to prevent malware and man-in-the-middle attacks (e.g., using visual transaction signing).",Advanced,Full,"PR.AA-03.01: Based on the risk level of a user access or a specific transaction, the organization defines and implements authentication requirements, which may include multi-factor or out-of-band authentication, and may adopt other real-time risk prevention or mitigation tactics.",PR.AA-03.01,"PROTECT / Identity Management, Authentication, and Access Control / Authentication"
3: Cybersecurity Controls / 1: Preventative Controls / 2: Access and Data Management,"D3.PC.Am.Inn.1: Adaptive access controls de-provision or isolate an employee, third-party, or customer credentials to minimize potential damage if malicious behavior is suspected.",Innovative,Full,"PR.AA-01.01: Identities and credentials are actively managed or automated for authorized devices and users (e.g., removal of default and factory passwords, password strength requirements, automatic revocation of credentials under defined conditions, regular asset owner access review, etc.).",PR.AA-01.01,"PROTECT / Identity Management, Authentication, and Access Control / Identity & Credential Management"
3: Cybersecurity Controls / 1: Preventative Controls / 2: Access and Data Management,"D3.PC.Am.Inn.2: Unstructured confidential data are tracked and secured through an identity-aware, cross-platform storage system that protects against internal threats, monitors user access, and tracks changes.",Innovative,Partial,"PR.PS-06.10: The organization establishes policies and procedures for the secure design, configuration, modification, and operation of databases, data stores, and data analytics platforms consistent with the criticality of the data being managed.",PR.PS-06.10,PROTECT / Platform Security / Secure Systems Development Practices
3: Cybersecurity Controls / 1: Preventative Controls / 2: Access and Data Management,"D3.PC.Am.Inn.3: Tokenization is used to substitute unique values for confidential information (e.g., virtual credit card).",Innovative,Full Summarily,"PR.DS-01.01: Data-at-rest is protected commensurate with the criticality and sensitivity of the information and in alignment with the data classification and protection policy (e.g., through the use of encryption, authentication, access control, segregation, masking, tokenization, and file integrity monitoring).",PR.DS-01.01,PROTECT / Data Security / Protection of Data at Rest
3: Cybersecurity Controls / 1: Preventative Controls / 2: Access and Data Management,"D3.PC.Am.Inn.3: Tokenization is used to substitute unique values for confidential information (e.g., virtual credit card).",Innovative,Full Summarily,"PR.DS-02.01: Data-in-transit is protected commensurate with the criticality and sensitivity of the information and in alignment with the data classification and protection policy (e.g., through the use of encryption, authentication, access control, masking, tokenization, and alternate transit paths).",PR.DS-02.01,PROTECT / Data Security / Protection of Data in Transit
3: Cybersecurity Controls / 1: Preventative Controls / 2: Access and Data Management,"D3.PC.Am.Inn.4: The institution is leading efforts to create new technologies and processes for managing customer, employee, and third-party authentication and access.",Innovative,Partial,ID.RA-02.02: The organization shares authorized information on its cyber resilience framework and the effectiveness of protection technologies bilaterally with trusted external stakeholders to promote the understanding of each party’s approach to securing systems.,ID.RA-02.02,IDENTIFY / Risk Assessment / Information Sharing Forums
3: Cybersecurity Controls / 1: Preventative Controls / 2: Access and Data Management,"D3.PC.Am.Inn.4: The institution is leading efforts to create new technologies and processes for managing customer, employee, and third-party authentication and access.",Innovative,Partial,"ID.IM-01.04: Technology and cybersecurity programs include elements designed to assess, manage, and continually improve the quality of program delivery in addressing stakeholder requirements and risk reduction.",ID.IM-01.04,IDENTIFY / Improvement / Continuous Improvements Evaluation
3: Cybersecurity Controls / 1: Preventative Controls / 2: Access and Data Management,D3.PC.Am.Inn.5: Real-time risk mitigation is taken based on automated risk scoring of user credentials.,Innovative,Full,"PR.AA-03.01: Based on the risk level of a user access or a specific transaction, the organization defines and implements authentication requirements, which may include multi-factor or out-of-band authentication, and may adopt other real-time risk prevention or mitigation tactics.",PR.AA-03.01,"PROTECT / Identity Management, Authentication, and Access Control / Authentication"
3: Cybersecurity Controls / 1: Preventative Controls / 3: Device / End-Point Security,D3.PC.De.B.1: Controls are in place to restrict the use of removable media to authorized personnel.,Baseline,Full,"PR.DS-01.03: The organization defines and implements controls for the protection and use of removable media (e.g., access/use restrictions, encryption, malware scanning, data loss prevention, etc.)",PR.DS-01.03,PROTECT / Data Security / Protection of Data at Rest
3: Cybersecurity Controls / 1: Preventative Controls / 3: Device / End-Point Security,D3.PC.De.E.1: Tools automatically block attempted access from unpatched employee and third-party devices.,Evolving,Full,"DE.CM-01.04: The organization has policies, procedures, and tools in place to monitor for, detect, and block access from/to devices that are not authorized or do not conform to security policy (e.g., unpatched systems).",DE.CM-01.04,DETECT / Continuous Monitoring / Network Monitoring
3: Cybersecurity Controls / 1: Preventative Controls / 3: Device / End-Point Security,D3.PC.De.E.2: Tools automatically block attempted access by unregistered devices to internal networks.,Evolving,Full Summarily,"DE.CM-01.03: The organization has policies, procedures, and tools in place to monitor for, detect, and block unauthorized network connections and data transfers.",DE.CM-01.03,DETECT / Continuous Monitoring / Network Monitoring
3: Cybersecurity Controls / 1: Preventative Controls / 3: Device / End-Point Security,D3.PC.De.E.2: Tools automatically block attempted access by unregistered devices to internal networks.,Evolving,Full Summarily,"DE.CM-01.04: The organization has policies, procedures, and tools in place to monitor for, detect, and block access from/to devices that are not authorized or do not conform to security policy (e.g., unpatched systems).",DE.CM-01.04,DETECT / Continuous Monitoring / Network Monitoring
3: Cybersecurity Controls / 1: Preventative Controls / 3: Device / End-Point Security,D3.PC.De.E.3: The institution has controls to prevent the unauthorized addition of new connections.,Evolving,Full Summarily,"DE.CM-01.03: The organization has policies, procedures, and tools in place to monitor for, detect, and block unauthorized network connections and data transfers.",DE.CM-01.03,DETECT / Continuous Monitoring / Network Monitoring
3: Cybersecurity Controls / 1: Preventative Controls / 3: Device / End-Point Security,D3.PC.De.E.3: The institution has controls to prevent the unauthorized addition of new connections.,Evolving,Full Summarily,"DE.CM-06.01: The organization reviews, documents, authorizes, and monitors all third-party connections, data transfer mechanisms, and Application Programming Interfaces (APIs).",DE.CM-06.01,DETECT / Continuous Monitoring / Service Provider Monitoring
3: Cybersecurity Controls / 1: Preventative Controls / 3: Device / End-Point Security,D3.PC.De.E.4: Controls are in place to prevent unauthorized individuals from copying confidential data to removable media.,Evolving,Full,"PR.DS-01.03: The organization defines and implements controls for the protection and use of removable media (e.g., access/use restrictions, encryption, malware scanning, data loss prevention, etc.)",PR.DS-01.03,PROTECT / Data Security / Protection of Data at Rest
3: Cybersecurity Controls / 1: Preventative Controls / 3: Device / End-Point Security,"D3.PC.De.E.5: Antivirus and anti-malware tools are deployed on end-point devices (e.g., workstations, laptops, and mobile devices).",Evolving,Full Summarily,"PR.PS-01.08: End-user mobile or personal computing devices accessing the organization's network employ mechanisms to protect network, application, and data integrity, such as ""Mobile Device Management (MDM)"" and ""Mobile Application Management (MAM)"" technologies, device fingerprinting, storage containerization and encryption, integrity scanning, automated patch application, remote wipe, and data leakage protections.",PR.PS-01.08,PROTECT / Platform Security / Configuration Management
3: Cybersecurity Controls / 1: Preventative Controls / 3: Device / End-Point Security,"D3.PC.De.E.5: Antivirus and anti-malware tools are deployed on end-point devices (e.g., workstations, laptops, and mobile devices).",Evolving,Full Summarily,"PR.PS-05.01: The organization has policies, procedures, and tools in place to detect and block malware from infecting networks and systems, including automatically updating malware signatures and behavior profiles on all endpoints.",PR.PS-05.01,PROTECT / Platform Security / Unauthorized Software Installation & Execution
3: Cybersecurity Controls / 1: Preventative Controls / 3: Device / End-Point Security,"D3.PC.De.E.5: Antivirus and anti-malware tools are deployed on end-point devices (e.g., workstations, laptops, and mobile devices).",Evolving,Full Summarily,"PR.PS-05.02: The organization implements safeguards against unauthorized mobile code (e.g., JavaScript, ActiveX, VBScript, PowerShell, etc.) on mobile, end point, and server systems.",PR.PS-05.02,PROTECT / Platform Security / Unauthorized Software Installation & Execution
3: Cybersecurity Controls / 1: Preventative Controls / 3: Device / End-Point Security,D3.PC.De.E.6: Mobile devices with access to the institution’s data are centrally managed for antivirus and patch deployment. (*N/A if mobile devices are not used.),Evolving,Full Summarily,"PR.PS-01.08: End-user mobile or personal computing devices accessing the organization's network employ mechanisms to protect network, application, and data integrity, such as ""Mobile Device Management (MDM)"" and ""Mobile Application Management (MAM)"" technologies, device fingerprinting, storage containerization and encryption, integrity scanning, automated patch application, remote wipe, and data leakage protections.",PR.PS-01.08,PROTECT / Platform Security / Configuration Management
3: Cybersecurity Controls / 1: Preventative Controls / 3: Device / End-Point Security,D3.PC.De.E.6: Mobile devices with access to the institution’s data are centrally managed for antivirus and patch deployment. (*N/A if mobile devices are not used.),Evolving,Full Summarily,"PR.IR-01.08: The organization implements policies, procedures, end-user agreements, and technical controls to address the risks of end-user mobile or personal computing devices accessing the organization's network and resources.",PR.IR-01.08,PROTECT / Technology Infrastructure Resilience / Logical Access Protections
3: Cybersecurity Controls / 1: Preventative Controls / 3: Device / End-Point Security,D3.PC.De.E.7: The institution wipes data remotely on mobile devices when a device is missing or stolen. (*N/A if mobile devices are not used.),Evolving,Full,"PR.PS-01.08: End-user mobile or personal computing devices accessing the organization's network employ mechanisms to protect network, application, and data integrity, such as ""Mobile Device Management (MDM)"" and ""Mobile Application Management (MAM)"" technologies, device fingerprinting, storage containerization and encryption, integrity scanning, automated patch application, remote wipe, and data leakage protections.",PR.PS-01.08,PROTECT / Platform Security / Configuration Management
3: Cybersecurity Controls / 1: Preventative Controls / 3: Device / End-Point Security,"D3.PC.De.Int.1: Data loss prevention controls or devices are implemented for inbound and outbound communications (e.g., e-mail, FTP, Telnet, prevention of large file transfers).",Intermediate,Full,PR.DS-01.02: The organization implements data loss identification and prevention tools to monitor and protect against confidential data theft or destruction by an employee or an external actor.,PR.DS-01.02,PROTECT / Data Security / Protection of Data at Rest
3: Cybersecurity Controls / 1: Preventative Controls / 3: Device / End-Point Security,"D3.PC.De.Int.2: Mobile device management includes integrity scanning (e.g., jailbreak/rooted detection). (*N/A if mobile devices are not used.)",Intermediate,Full,"PR.PS-01.08: End-user mobile or personal computing devices accessing the organization's network employ mechanisms to protect network, application, and data integrity, such as ""Mobile Device Management (MDM)"" and ""Mobile Application Management (MAM)"" technologies, device fingerprinting, storage containerization and encryption, integrity scanning, automated patch application, remote wipe, and data leakage protections.",PR.PS-01.08,PROTECT / Platform Security / Configuration Management
3: Cybersecurity Controls / 1: Preventative Controls / 3: Device / End-Point Security,D3.PC.De.Int.3: Mobile devices connecting to the corporate network for storing and accessing company information allow for remote software version/patch validation. (*N/A if mobile devices are not used.),Intermediate,Full,"PR.PS-01.08: End-user mobile or personal computing devices accessing the organization's network employ mechanisms to protect network, application, and data integrity, such as ""Mobile Device Management (MDM)"" and ""Mobile Application Management (MAM)"" technologies, device fingerprinting, storage containerization and encryption, integrity scanning, automated patch application, remote wipe, and data leakage protections.",PR.PS-01.08,PROTECT / Platform Security / Configuration Management
3: Cybersecurity Controls / 1: Preventative Controls / 3: Device / End-Point Security,D3.PC.De.A.1: Employees’ and third parties’ devices (including mobile) without the latest security patches are quarantined and patched before the device is granted access to the network.,Advanced,Full Summarily,"PR.PS-01.08: End-user mobile or personal computing devices accessing the organization's network employ mechanisms to protect network, application, and data integrity, such as ""Mobile Device Management (MDM)"" and ""Mobile Application Management (MAM)"" technologies, device fingerprinting, storage containerization and encryption, integrity scanning, automated patch application, remote wipe, and data leakage protections.",PR.PS-01.08,PROTECT / Platform Security / Configuration Management
3: Cybersecurity Controls / 1: Preventative Controls / 3: Device / End-Point Security,D3.PC.De.A.1: Employees’ and third parties’ devices (including mobile) without the latest security patches are quarantined and patched before the device is granted access to the network.,Advanced,Full Summarily,"DE.CM-01.04: The organization has policies, procedures, and tools in place to monitor for, detect, and block access from/to devices that are not authorized or do not conform to security policy (e.g., unpatched systems).",DE.CM-01.04,DETECT / Continuous Monitoring / Network Monitoring
3: Cybersecurity Controls / 1: Preventative Controls / 3: Device / End-Point Security,"D3.PC.De.A.2: Confidential data and applications on mobile devices are only accessible via a secure, isolated sandbox or a secure container.",Advanced,Full,"PR.PS-01.08: End-user mobile or personal computing devices accessing the organization's network employ mechanisms to protect network, application, and data integrity, such as ""Mobile Device Management (MDM)"" and ""Mobile Application Management (MAM)"" technologies, device fingerprinting, storage containerization and encryption, integrity scanning, automated patch application, remote wipe, and data leakage protections.",PR.PS-01.08,PROTECT / Platform Security / Configuration Management
3: Cybersecurity Controls / 1: Preventative Controls / 3: Device / End-Point Security,"D3.PC.De.Inn.1: A centralized end-point management tool provides fully integrated patch, configuration, and vulnerability management, while also being able to detect malware upon arrival to prevent an exploit.",Innovative,Full,"PR.PS-01.08: End-user mobile or personal computing devices accessing the organization's network employ mechanisms to protect network, application, and data integrity, such as ""Mobile Device Management (MDM)"" and ""Mobile Application Management (MAM)"" technologies, device fingerprinting, storage containerization and encryption, integrity scanning, automated patch application, remote wipe, and data leakage protections.",PR.PS-01.08,PROTECT / Platform Security / Configuration Management
3: Cybersecurity Controls / 1: Preventative Controls / 4: Secure Coding,"D3.PC.Se.B.1: Developers working for the institution follow secure program coding practices, as part of a system development life cycle (SDLC), that meet industry standards.",Baseline,Full,"PR.PS-06.01: The organization implements Secure Systems Development Lifecycle processes for in-house software design, configuration, and development, employing best practices from secure-by-design methodologies (e.g., secure coding, code review, application security testing, etc.) during all phases of both traditional and agile projects.",PR.PS-06.01,PROTECT / Platform Security / Secure Systems Development Practices
3: Cybersecurity Controls / 1: Preventative Controls / 4: Secure Coding,D3.PC.Se.B.2: The security controls of internally developed software are periodically reviewed and tested. (*N/A if there is no software development.),Baseline,Full,"PR.PS-06.05: A software security testing and validation strategy is developed and implemented in the development lifecycle of all software projects, defining testing requirements and plans; performing/automating testing, vulnerability scanning, and migration activities; and supporting code integrity verification (e.g., using digital signatures).",PR.PS-06.05,PROTECT / Platform Security / Secure Systems Development Practices
3: Cybersecurity Controls / 1: Preventative Controls / 4: Secure Coding,D3.PC.Se.B.3: The security controls in internally developed software code are independently reviewed before migrating the code to production. (*N/A if there is no software development.),Baseline,Full,"PR.PS-06.05: A software security testing and validation strategy is developed and implemented in the development lifecycle of all software projects, defining testing requirements and plans; performing/automating testing, vulnerability scanning, and migration activities; and supporting code integrity verification (e.g., using digital signatures).",PR.PS-06.05,PROTECT / Platform Security / Secure Systems Development Practices
3: Cybersecurity Controls / 1: Preventative Controls / 4: Secure Coding,D3.PC.Se.B.4: Intellectual property and production code are held in escrow. (*N/A if there is no production code to hold in escrow.),Baseline,Partial,EX.TR-01.02: The organization periodically identifies and tests alternative solutions in case a critical external partner fails to perform as expected.,EX.TR-01.02,EXTEND / Relationship Termination / Termination Planning
3: Cybersecurity Controls / 1: Preventative Controls / 4: Secure Coding,"D3.PC.Se.E.1: Security testing occurs at all post-design phases of the SDLC for all applications, including mobile applications. (*N/A if there is no software development.)",Evolving,Full Summarily,"PR.PS-06.01: The organization implements Secure Systems Development Lifecycle processes for in-house software design, configuration, and development, employing best practices from secure-by-design methodologies (e.g., secure coding, code review, application security testing, etc.) during all phases of both traditional and agile projects.",PR.PS-06.01,PROTECT / Platform Security / Secure Systems Development Practices
3: Cybersecurity Controls / 1: Preventative Controls / 4: Secure Coding,"D3.PC.Se.E.1: Security testing occurs at all post-design phases of the SDLC for all applications, including mobile applications. (*N/A if there is no software development.)",Evolving,Full Summarily,"PR.PS-06.05: A software security testing and validation strategy is developed and implemented in the development lifecycle of all software projects, defining testing requirements and plans; performing/automating testing, vulnerability scanning, and migration activities; and supporting code integrity verification (e.g., using digital signatures).",PR.PS-06.05,PROTECT / Platform Security / Secure Systems Development Practices
3: Cybersecurity Controls / 1: Preventative Controls / 4: Secure Coding,"D3.PC.Se.E.1: Security testing occurs at all post-design phases of the SDLC for all applications, including mobile applications. (*N/A if there is no software development.)",Evolving,Full Summarily,"PR.PS-06.06: The system development lifecycle remediates known critical vulnerabilities, and critical vulnerabilities discovered during testing, prior to production deployment.",PR.PS-06.06,PROTECT / Platform Security / Secure Systems Development Practices
3: Cybersecurity Controls / 1: Preventative Controls / 4: Secure Coding,D3.PC.Se.Int.1: Processes are in place to mitigate vulnerabilities identified as part of the secure development of systems and applications.,Intermediate,Full,"PR.PS-06.06: The system development lifecycle remediates known critical vulnerabilities, and critical vulnerabilities discovered during testing, prior to production deployment.",PR.PS-06.06,PROTECT / Platform Security / Secure Systems Development Practices
3: Cybersecurity Controls / 1: Preventative Controls / 4: Secure Coding,"D3.PC.Se.Int.2: The security of applications, including Web-based applications connected to the Internet, is tested against known types of cyber attacks (e.g., SQL injection, cross-site scripting, buffer overflow) before implementation or following significant changes.",Intermediate,Full Summarily,"PR.PS-06.02: The architecture, design, coding, testing, and operationalization of system solutions address the unique security, resilience, technical, and operational characteristics of the target platform environment(s) (e.g., distributed system, mainframe, cloud, API, mobile, database, etc.)",PR.PS-06.02,PROTECT / Platform Security / Secure Systems Development Practices
3: Cybersecurity Controls / 1: Preventative Controls / 4: Secure Coding,"D3.PC.Se.Int.2: The security of applications, including Web-based applications connected to the Internet, is tested against known types of cyber attacks (e.g., SQL injection, cross-site scripting, buffer overflow) before implementation or following significant changes.",Intermediate,Full Summarily,"PR.PS-06.05: A software security testing and validation strategy is developed and implemented in the development lifecycle of all software projects, defining testing requirements and plans; performing/automating testing, vulnerability scanning, and migration activities; and supporting code integrity verification (e.g., using digital signatures).",PR.PS-06.05,PROTECT / Platform Security / Secure Systems Development Practices
3: Cybersecurity Controls / 1: Preventative Controls / 4: Secure Coding,"D3.PC.Se.Int.2: The security of applications, including Web-based applications connected to the Internet, is tested against known types of cyber attacks (e.g., SQL injection, cross-site scripting, buffer overflow) before implementation or following significant changes.",Intermediate,Full Summarily,"PR.PS-06.06: The system development lifecycle remediates known critical vulnerabilities, and critical vulnerabilities discovered during testing, prior to production deployment.",PR.PS-06.06,PROTECT / Platform Security / Secure Systems Development Practices
3: Cybersecurity Controls / 1: Preventative Controls / 4: Secure Coding,D3.PC.Se.Int.3: Software code executables and scripts are digitally signed to confirm the software author and guarantee that the code has not been altered or corrupted.,Intermediate,Full,"DE.CM-09.01: The organization uses integrity checking mechanisms to verify software, firmware and information integrity and provenance (e.g., checksums, Software Bill of Materials, etc.)",DE.CM-09.01,"DETECT / Continuous Monitoring / Hardware, Software, & Data Monitoring"
3: Cybersecurity Controls / 1: Preventative Controls / 4: Secure Coding,"D3.PC.Se.Int.4: A risk-based, independent information assurance function evaluates the security of internal applications.",Intermediate,Partial,"GV.IR-02.02: The independent risk management function regularly assesses the organization's controls and cybersecurity risk exposure, identifies opportunities for improvement based on assessment results, and recommends program improvements",GV.IR-02.02,GOVERN / Independent Risk Management Function / Independent Risk Management Evaluation
3: Cybersecurity Controls / 1: Preventative Controls / 4: Secure Coding,"D3.PC.Se.Int.4: A risk-based, independent information assurance function evaluates the security of internal applications.",Intermediate,Partial,"ID.IM-02.01: The organization conducts regular, independent penetration testing and red team testing on the organization's network, internet-facing systems, critical applications, and associated controls to identify gaps in cybersecurity defenses.",ID.IM-02.01,IDENTIFY / Improvement / Tests & Exercises
3: Cybersecurity Controls / 1: Preventative Controls / 4: Secure Coding,D3.PC.Se.A.1: Vulnerabilities identified through a static code analysis are remediated before implementing newly developed or changed applications into production.,Advanced,Full,"PR.PS-06.06: The system development lifecycle remediates known critical vulnerabilities, and critical vulnerabilities discovered during testing, prior to production deployment.",PR.PS-06.06,PROTECT / Platform Security / Secure Systems Development Practices
3: Cybersecurity Controls / 1: Preventative Controls / 4: Secure Coding,D3.PC.Se.A.2: All interdependencies between applications and services have been identified.,Advanced,Full,"GV.OC-05.01: The organization identifies, assesses, and documents the key dependencies, interdependencies, and potential points of failure to support the delivery of critical services (e.g., systems, business processes, workforce, third parties, facilities, etc.)",GV.OC-05.01,GOVERN / Organizational Context / Organizational Service Dependencies
3: Cybersecurity Controls / 1: Preventative Controls / 4: Secure Coding,D3.PC.Se.A.3: The security controls in internally developed software code are independently reviewed before migrating the code to production.,Advanced,Full Summarily,"ID.IM-02.01: The organization conducts regular, independent penetration testing and red team testing on the organization's network, internet-facing systems, critical applications, and associated controls to identify gaps in cybersecurity defenses.",ID.IM-02.01,IDENTIFY / Improvement / Tests & Exercises
3: Cybersecurity Controls / 1: Preventative Controls / 4: Secure Coding,D3.PC.Se.A.3: The security controls in internally developed software code are independently reviewed before migrating the code to production.,Advanced,Full Summarily,"PR.PS-06.05: A software security testing and validation strategy is developed and implemented in the development lifecycle of all software projects, defining testing requirements and plans; performing/automating testing, vulnerability scanning, and migration activities; and supporting code integrity verification (e.g., using digital signatures).",PR.PS-06.05,PROTECT / Platform Security / Secure Systems Development Practices
3: Cybersecurity Controls / 1: Preventative Controls / 4: Secure Coding,D3.PC.Se.Inn.1: Software code is actively scanned by automated tools in the development environment so that security weaknesses can be resolved immediately during the design phase.,Innovative,Full Summarily,"PR.PS-06.01: The organization implements Secure Systems Development Lifecycle processes for in-house software design, configuration, and development, employing best practices from secure-by-design methodologies (e.g., secure coding, code review, application security testing, etc.) during all phases of both traditional and agile projects.",PR.PS-06.01,PROTECT / Platform Security / Secure Systems Development Practices
3: Cybersecurity Controls / 1: Preventative Controls / 4: Secure Coding,D3.PC.Se.Inn.1: Software code is actively scanned by automated tools in the development environment so that security weaknesses can be resolved immediately during the design phase.,Innovative,Full Summarily,"PR.PS-06.05: A software security testing and validation strategy is developed and implemented in the development lifecycle of all software projects, defining testing requirements and plans; performing/automating testing, vulnerability scanning, and migration activities; and supporting code integrity verification (e.g., using digital signatures).",PR.PS-06.05,PROTECT / Platform Security / Secure Systems Development Practices
3: Cybersecurity Controls / 1: Preventative Controls / 4: Secure Coding,D3.PC.Se.Inn.1: Software code is actively scanned by automated tools in the development environment so that security weaknesses can be resolved immediately during the design phase.,Innovative,Full Summarily,"PR.PS-06.07: DevOps/DevSecOps practices and procedures are aligned with Systems Development Lifecycle, security operations, and technology service management processes.",PR.PS-06.07,PROTECT / Platform Security / Secure Systems Development Practices
3: Cybersecurity Controls / 2: Detective Controls / 1: Threat and Vulnerability Detection,D3.DC.Th.B.1: Independent testing (including penetration testing and vulnerability scanning) is conducted according to the risk assessment for external-facing systems and the internal network.,Baseline,Full Summarily,"ID.RA-01.03: The organization establishes and maintains standards and capabilities for ongoing vulnerability management, including systematic scans, or reviews reasonably designed to identify known cyber vulnerabilities and upgrade opportunities, across the organization's environments and assets.",ID.RA-01.03,IDENTIFY / Risk Assessment / Asset Vulnerability Identification
3: Cybersecurity Controls / 2: Detective Controls / 1: Threat and Vulnerability Detection,D3.DC.Th.B.1: Independent testing (including penetration testing and vulnerability scanning) is conducted according to the risk assessment for external-facing systems and the internal network.,Baseline,Full Summarily,"ID.IM-02.01: The organization conducts regular, independent penetration testing and red team testing on the organization's network, internet-facing systems, critical applications, and associated controls to identify gaps in cybersecurity defenses.",ID.IM-02.01,IDENTIFY / Improvement / Tests & Exercises
3: Cybersecurity Controls / 2: Detective Controls / 1: Threat and Vulnerability Detection,D3.DC.Th.B.2: Antivirus and anti-malware tools are used to detect attacks.,Baseline,Full Summarily,"PR.PS-05.01: The organization has policies, procedures, and tools in place to detect and block malware from infecting networks and systems, including automatically updating malware signatures and behavior profiles on all endpoints.",PR.PS-05.01,PROTECT / Platform Security / Unauthorized Software Installation & Execution
3: Cybersecurity Controls / 2: Detective Controls / 1: Threat and Vulnerability Detection,D3.DC.Th.B.2: Antivirus and anti-malware tools are used to detect attacks.,Baseline,Full Summarily,"PR.PS-05.02: The organization implements safeguards against unauthorized mobile code (e.g., JavaScript, ActiveX, VBScript, PowerShell, etc.) on mobile, end point, and server systems.",PR.PS-05.02,PROTECT / Platform Security / Unauthorized Software Installation & Execution
3: Cybersecurity Controls / 2: Detective Controls / 1: Threat and Vulnerability Detection,D3.DC.Th.B.2: Antivirus and anti-malware tools are used to detect attacks.,Baseline,Full Summarily,"PR.PS-05.03: The organization has policies, procedures, and tools in place to detect, isolate, and block the use of attached malware or malicious links present in email or message services.",PR.PS-05.03,PROTECT / Platform Security / Unauthorized Software Installation & Execution
3: Cybersecurity Controls / 2: Detective Controls / 1: Threat and Vulnerability Detection,D3.DC.Th.B.3: Firewall rules are audited or verified at least quarterly.,Baseline,Full,"PR.IR-01.02: Network device configurations (e.g., firewall rules, ports, and protocols) are documented, reviewed and updated regularly and upon change to ensure alignment with network access, segmentation, traversal, and deny-all default requirements.",PR.IR-01.02,PROTECT / Technology Infrastructure Resilience / Logical Access Protections
3: Cybersecurity Controls / 2: Detective Controls / 1: Threat and Vulnerability Detection,"D3.DC.Th.B.4: E-mail protection mechanisms are used to filter for common cyber threats (e.g., attached malware or malicious links).",Baseline,Full,"PR.PS-05.03: The organization has policies, procedures, and tools in place to detect, isolate, and block the use of attached malware or malicious links present in email or message services.",PR.PS-05.03,PROTECT / Platform Security / Unauthorized Software Installation & Execution
3: Cybersecurity Controls / 2: Detective Controls / 1: Threat and Vulnerability Detection,D3.DC.Th.E.1: Independent penetration testing of network boundary and critical Web-facing applications is performed routinely to identify security control gaps.,Evolving,Full,"ID.IM-02.01: The organization conducts regular, independent penetration testing and red team testing on the organization's network, internet-facing systems, critical applications, and associated controls to identify gaps in cybersecurity defenses.",ID.IM-02.01,IDENTIFY / Improvement / Tests & Exercises
3: Cybersecurity Controls / 2: Detective Controls / 1: Threat and Vulnerability Detection,D3.DC.Th.E.2: Independent penetration testing is performed on Internet-facing applications or systems before they are launched or undergo significant change.,Evolving,Full Summarily,"ID.RA-07.02: Risk-based criteria are used to categorize each system change, to include emergency changes, to determine the necessary change process standards to apply for change planning, rollback planning, pre-change testing, change access control, post-change verification, and change review and approval.",ID.RA-07.02,IDENTIFY / Risk Assessment / Change & Exception Management
3: Cybersecurity Controls / 2: Detective Controls / 1: Threat and Vulnerability Detection,D3.DC.Th.E.2: Independent penetration testing is performed on Internet-facing applications or systems before they are launched or undergo significant change.,Evolving,Full Summarily,"ID.IM-02.01: The organization conducts regular, independent penetration testing and red team testing on the organization's network, internet-facing systems, critical applications, and associated controls to identify gaps in cybersecurity defenses.",ID.IM-02.01,IDENTIFY / Improvement / Tests & Exercises
3: Cybersecurity Controls / 2: Detective Controls / 1: Threat and Vulnerability Detection,D3.DC.Th.E.3: Antivirus and anti-malware tools are updated automatically.,Evolving,Full,"PR.PS-05.01: The organization has policies, procedures, and tools in place to detect and block malware from infecting networks and systems, including automatically updating malware signatures and behavior profiles on all endpoints.",PR.PS-05.01,PROTECT / Platform Security / Unauthorized Software Installation & Execution
3: Cybersecurity Controls / 2: Detective Controls / 1: Threat and Vulnerability Detection,D3.DC.Th.E.4: Firewall rules are updated routinely.,Evolving,Full,"PR.IR-01.02: Network device configurations (e.g., firewall rules, ports, and protocols) are documented, reviewed and updated regularly and upon change to ensure alignment with network access, segmentation, traversal, and deny-all default requirements.",PR.IR-01.02,PROTECT / Technology Infrastructure Resilience / Logical Access Protections
3: Cybersecurity Controls / 2: Detective Controls / 1: Threat and Vulnerability Detection,D3.DC.Th.E.5: Vulnerability scanning is conducted and analyzed before deployment/redeployment of new/existing devices.,Evolving,Full,"ID.RA-01.03: The organization establishes and maintains standards and capabilities for ongoing vulnerability management, including systematic scans, or reviews reasonably designed to identify known cyber vulnerabilities and upgrade opportunities, across the organization's environments and assets.",ID.RA-01.03,IDENTIFY / Risk Assessment / Asset Vulnerability Identification
3: Cybersecurity Controls / 2: Detective Controls / 1: Threat and Vulnerability Detection,D3.DC.Th.E.6: Processes are in place to monitor potential insider activity that could lead to data theft or destruction.,Evolving,Full Summarily,"GV.RR-04.03: The organization integrates insider threat considerations into its human resource, risk management, and control programs to address the potential for malicious or unintentional harm by trusted employees or third parties.",GV.RR-04.03,"GOVERN / Roles, Responsibilities, and Authorities / Human Resource Practices"
3: Cybersecurity Controls / 2: Detective Controls / 1: Threat and Vulnerability Detection,D3.DC.Th.E.6: Processes are in place to monitor potential insider activity that could lead to data theft or destruction.,Evolving,Full Summarily,"DE.CM-03.03: The organization logs and reviews the activities of privileged users and accounts, and monitoring for anomalous behaviors is implemented.",DE.CM-03.03,DETECT / Continuous Monitoring / Personnel Activity Monitoring
3: Cybersecurity Controls / 2: Detective Controls / 1: Threat and Vulnerability Detection,D3.DC.Th.Int.1: Audit or risk management resources review the penetration testing scope and results to help determine the need for rotating companies based on the quality of the work.,Intermediate,Full,ID.IM-02.02: The thoroughness and results of independent penetration testing are regularly reviewed to help determine the need to rotate testing vendors to obtain fresh independent perspectives.,ID.IM-02.02,IDENTIFY / Improvement / Tests & Exercises
3: Cybersecurity Controls / 2: Detective Controls / 1: Threat and Vulnerability Detection,D3.DC.Th.Int.2: E-mails and attachments are automatically scanned to detect malware and are blocked when malware is present.,Intermediate,Full,"PR.PS-05.03: The organization has policies, procedures, and tools in place to detect, isolate, and block the use of attached malware or malicious links present in email or message services.",PR.PS-05.03,PROTECT / Platform Security / Unauthorized Software Installation & Execution
3: Cybersecurity Controls / 2: Detective Controls / 1: Threat and Vulnerability Detection,D3.DC.Th.A.1: Weekly vulnerability scanning is rotated among environments to scan all environments throughout the year.,Advanced,Full,"ID.RA-01.03: The organization establishes and maintains standards and capabilities for ongoing vulnerability management, including systematic scans, or reviews reasonably designed to identify known cyber vulnerabilities and upgrade opportunities, across the organization's environments and assets.",ID.RA-01.03,IDENTIFY / Risk Assessment / Asset Vulnerability Identification
3: Cybersecurity Controls / 2: Detective Controls / 1: Threat and Vulnerability Detection,"D3.DC.Th.A.2: Penetration tests include cyber attack simulations and/or real-world tactics and techniques such as red team testing to detect control gaps in employee behavior, security defenses, policies, and resources.",Advanced,Full Summarily,"ID.RA-05.04: The organization uses scenario planning, table-top-exercises, or similar event analysis techniques to identify vulnerabilities and determine potential impacts to critical infrastructure, technology, and business processes.",ID.RA-05.04,IDENTIFY / Risk Assessment / Risk Exposure Determination & Prioritization
3: Cybersecurity Controls / 2: Detective Controls / 1: Threat and Vulnerability Detection,"D3.DC.Th.A.2: Penetration tests include cyber attack simulations and/or real-world tactics and techniques such as red team testing to detect control gaps in employee behavior, security defenses, policies, and resources.",Advanced,Full Summarily,"ID.IM-02.01: The organization conducts regular, independent penetration testing and red team testing on the organization's network, internet-facing systems, critical applications, and associated controls to identify gaps in cybersecurity defenses.",ID.IM-02.01,IDENTIFY / Improvement / Tests & Exercises
3: Cybersecurity Controls / 2: Detective Controls / 1: Threat and Vulnerability Detection,D3.DC.Th.A.3: Automated tool(s) proactively identifies high-risk behavior signaling an employee who may pose an insider threat.,Advanced,Full Summarily,"GV.RR-04.03: The organization integrates insider threat considerations into its human resource, risk management, and control programs to address the potential for malicious or unintentional harm by trusted employees or third parties.",GV.RR-04.03,"GOVERN / Roles, Responsibilities, and Authorities / Human Resource Practices"
3: Cybersecurity Controls / 2: Detective Controls / 1: Threat and Vulnerability Detection,D3.DC.Th.A.3: Automated tool(s) proactively identifies high-risk behavior signaling an employee who may pose an insider threat.,Advanced,Full Summarily,"DE.CM-03.02: The organization's controls actively monitor personnel (both authorized and unauthorized) for access, authentication, usage, connections, devices, and anomalous behavior to rapidly detect potential cybersecurity events.",DE.CM-03.02,DETECT / Continuous Monitoring / Personnel Activity Monitoring
3: Cybersecurity Controls / 2: Detective Controls / 1: Threat and Vulnerability Detection,D3.DC.Th.A.3: Automated tool(s) proactively identifies high-risk behavior signaling an employee who may pose an insider threat.,Advanced,Full Summarily,"DE.CM-03.03: The organization logs and reviews the activities of privileged users and accounts, and monitoring for anomalous behaviors is implemented.",DE.CM-03.03,DETECT / Continuous Monitoring / Personnel Activity Monitoring
3: Cybersecurity Controls / 2: Detective Controls / 1: Threat and Vulnerability Detection,"D3.DC.Th.Inn.1: User tasks and content (e.g., opening an e-mail attachment) are automatically isolated in a secure container or virtual environment so that malware can be analyzed but cannot access vital data, end-point operating systems, or applications on the instituti",Innovative,Full Summarily,"PR.PS-01.08: End-user mobile or personal computing devices accessing the organization's network employ mechanisms to protect network, application, and data integrity, such as ""Mobile Device Management (MDM)"" and ""Mobile Application Management (MAM)"" technologies, device fingerprinting, storage containerization and encryption, integrity scanning, automated patch application, remote wipe, and data leakage protections.",PR.PS-01.08,PROTECT / Platform Security / Configuration Management
3: Cybersecurity Controls / 2: Detective Controls / 1: Threat and Vulnerability Detection,"D3.DC.Th.Inn.1: User tasks and content (e.g., opening an e-mail attachment) are automatically isolated in a secure container or virtual environment so that malware can be analyzed but cannot access vital data, end-point operating systems, or applications on the instituti",Innovative,Full Summarily,"PR.PS-05.03: The organization has policies, procedures, and tools in place to detect, isolate, and block the use of attached malware or malicious links present in email or message services.",PR.PS-05.03,PROTECT / Platform Security / Unauthorized Software Installation & Execution
3: Cybersecurity Controls / 2: Detective Controls / 1: Threat and Vulnerability Detection,D3.DC.Th.Inn.2: Vulnerability scanning is performed on a weekly basis across all environments.,Innovative,Full,"ID.RA-01.03: The organization establishes and maintains standards and capabilities for ongoing vulnerability management, including systematic scans, or reviews reasonably designed to identify known cyber vulnerabilities and upgrade opportunities, across the organization's environments and assets.",ID.RA-01.03,IDENTIFY / Risk Assessment / Asset Vulnerability Identification
3: Cybersecurity Controls / 2: Detective Controls / 2: Anomalous Activity Detection,D3.DC.An.B.1: The institution is able to detect anomalous activities through monitoring across the environment.,Baseline,Full Summarily,"PR.PS-04.02: The organization defines the scope and coverage of audit/log records to be created and monitored (i.e., internal and external environments, devices, and applications/services/software to be monitored) and has controls in place to ensure that the intended scope is fully covered and that no logging failures are inhibiting the collection of required logs.",PR.PS-04.02,PROTECT / Platform Security / Log Record Generation
3: Cybersecurity Controls / 2: Detective Controls / 2: Anomalous Activity Detection,D3.DC.An.B.1: The institution is able to detect anomalous activities through monitoring across the environment.,Baseline,Full Summarily,"DE.AE-03.02: The organization performs real-time central analysis, aggregation, and correlation of anomalous activities, network and system alerts, and relevant event and cyber threat intelligence, including both internal and external (cloud and outsourced) environments, to better detect and prevent multifaceted cyber attacks.",DE.AE-03.02,DETECT / Adverse Event Analysis / Event Information Correlation
3: Cybersecurity Controls / 2: Detective Controls / 2: Anomalous Activity Detection,D3.DC.An.B.2: Customer transactions generating anomalous activity alerts are monitored and reviewed.,Baseline,Partial,"DE.AE-03.02: The organization performs real-time central analysis, aggregation, and correlation of anomalous activities, network and system alerts, and relevant event and cyber threat intelligence, including both internal and external (cloud and outsourced) environments, to better detect and prevent multifaceted cyber attacks.",DE.AE-03.02,DETECT / Adverse Event Analysis / Event Information Correlation
3: Cybersecurity Controls / 2: Detective Controls / 2: Anomalous Activity Detection,D3.DC.An.B.3: Logs of physical and/or logical access are reviewed following events.,Baseline,Full Summarily,"DE.CM-02.01: The organization's controls include monitoring and detection of anomalous activities and potential intrusion events across the organization's physical environment and infrastructure, including the detection of environmental threats (fire, water, service outages, etc.) and unauthorized physical access to high-risk system components and locations.",DE.CM-02.01,DETECT / Continuous Monitoring / Physical Environment Monitoring
3: Cybersecurity Controls / 2: Detective Controls / 2: Anomalous Activity Detection,D3.DC.An.B.3: Logs of physical and/or logical access are reviewed following events.,Baseline,Full Summarily,"RS.AN-03.01: The organization performs a thorough investigation to determine the nature and scope of an event, possible root causes, and the potential damage inflicted.",RS.AN-03.01,RESPOND / Incident Analysis / Incident Analysis & Root Cause Determination
3: Cybersecurity Controls / 2: Detective Controls / 2: Anomalous Activity Detection,D3.DC.An.B.4: Access to critical systems by third parties is monitored for unauthorized or unusual activity.,Baseline,Full,DE.CM-06.02: The organization implements an explicit approval and logging process and sets up automated alerts to monitor and prevent any unauthorized access to a critical system by a third-party service provider.,DE.CM-06.02,DETECT / Continuous Monitoring / Service Provider Monitoring
3: Cybersecurity Controls / 2: Detective Controls / 2: Anomalous Activity Detection,D3.DC.An.B.5: Elevated privileges are monitored.,Baseline,Full,"DE.CM-03.03: The organization logs and reviews the activities of privileged users and accounts, and monitoring for anomalous behaviors is implemented.",DE.CM-03.03,DETECT / Continuous Monitoring / Personnel Activity Monitoring
3: Cybersecurity Controls / 2: Detective Controls / 2: Anomalous Activity Detection,"D3.DC.An.E.1: Systems are in place to detect anomalous behavior automatically during customer, employee, and third-party authentication.",Evolving,Full Summarily,"DE.CM-03.02: The organization's controls actively monitor personnel (both authorized and unauthorized) for access, authentication, usage, connections, devices, and anomalous behavior to rapidly detect potential cybersecurity events.",DE.CM-03.02,DETECT / Continuous Monitoring / Personnel Activity Monitoring
3: Cybersecurity Controls / 2: Detective Controls / 2: Anomalous Activity Detection,"D3.DC.An.E.1: Systems are in place to detect anomalous behavior automatically during customer, employee, and third-party authentication.",Evolving,Full Summarily,DE.CM-06.02: The organization implements an explicit approval and logging process and sets up automated alerts to monitor and prevent any unauthorized access to a critical system by a third-party service provider.,DE.CM-06.02,DETECT / Continuous Monitoring / Service Provider Monitoring
3: Cybersecurity Controls / 2: Detective Controls / 2: Anomalous Activity Detection,D3.DC.An.E.2: Security logs are reviewed regularly.,Evolving,Full,"DE.AE-03.01: The organization implements systematic and real-time logging, collection, monitoring, detection, and alerting measures across multiple layers of the organization's infrastructure, including physical perimeters, network, operating systems, applications, data, and external (cloud and outsourced) environments, sufficient to protect the organization's information assets.",DE.AE-03.01,DETECT / Adverse Event Analysis / Event Information Correlation
3: Cybersecurity Controls / 2: Detective Controls / 2: Anomalous Activity Detection,D3.DC.An.E.3: Logs provide traceability for all system access by individual users.,Evolving,Full,"DE.CM-03.02: The organization's controls actively monitor personnel (both authorized and unauthorized) for access, authentication, usage, connections, devices, and anomalous behavior to rapidly detect potential cybersecurity events.",DE.CM-03.02,DETECT / Continuous Monitoring / Personnel Activity Monitoring
3: Cybersecurity Controls / 2: Detective Controls / 2: Anomalous Activity Detection,D3.DC.An.E.4: Thresholds have been established to determine activity within logs that would warrant management response.,Evolving,Full,"DE.AE-02.02: The organization establishes, documents, and regularly reviews event alert parameters and thresholds, as well as rule-based triggers to support automated responses, when known attack patterns, signatures or behaviors are detected.",DE.AE-02.02,DETECT / Adverse Event Analysis / Potentially Adverse Event Analysis
3: Cybersecurity Controls / 2: Detective Controls / 2: Anomalous Activity Detection,D3.DC.An.Int.1: Online customer transactions are actively monitored for anomalous behavior.,Intermediate,Partial,"DE.AE-03.02: The organization performs real-time central analysis, aggregation, and correlation of anomalous activities, network and system alerts, and relevant event and cyber threat intelligence, including both internal and external (cloud and outsourced) environments, to better detect and prevent multifaceted cyber attacks.",DE.AE-03.02,DETECT / Adverse Event Analysis / Event Information Correlation
3: Cybersecurity Controls / 2: Detective Controls / 2: Anomalous Activity Detection,D3.DC.An.Int.2: Tools to detect unauthorized data mining are used.,Intermediate,Partial,"PR.PS-06.10: The organization establishes policies and procedures for the secure design, configuration, modification, and operation of databases, data stores, and data analytics platforms consistent with the criticality of the data being managed.",PR.PS-06.10,PROTECT / Platform Security / Secure Systems Development Practices
3: Cybersecurity Controls / 2: Detective Controls / 2: Anomalous Activity Detection,D3.DC.An.Int.2: Tools to detect unauthorized data mining are used.,Intermediate,Partial,"DE.CM-03.02: The organization's controls actively monitor personnel (both authorized and unauthorized) for access, authentication, usage, connections, devices, and anomalous behavior to rapidly detect potential cybersecurity events.",DE.CM-03.02,DETECT / Continuous Monitoring / Personnel Activity Monitoring
3: Cybersecurity Controls / 2: Detective Controls / 2: Anomalous Activity Detection,D3.DC.An.Int.3: Tools actively monitor security logs for anomalous behavior and alert within established parameters.,Intermediate,Full,"DE.CM-02.01: The organization's controls include monitoring and detection of anomalous activities and potential intrusion events across the organization's physical environment and infrastructure, including the detection of environmental threats (fire, water, service outages, etc.) and unauthorized physical access to high-risk system components and locations.",DE.CM-02.01,DETECT / Continuous Monitoring / Physical Environment Monitoring
3: Cybersecurity Controls / 2: Detective Controls / 2: Anomalous Activity Detection,D3.DC.An.Int.4: Audit logs are backed up to a centralized log server or media that is difficult to alter.,Intermediate,Full,"PR.PS-04.03: The organization's activity logs and other security event logs are generated, reviewed, securely stored, and retained in accordance with data retention obligations and established standards.",PR.PS-04.03,PROTECT / Platform Security / Log Record Generation
3: Cybersecurity Controls / 2: Detective Controls / 2: Anomalous Activity Detection,D3.DC.An.Int.5: Thresholds for security logging are evaluated periodically.,Intermediate,Full Summarily,"ID.IM-03.02: The organization establishes a systematic and comprehensive program to regularly evaluate and improve its monitoring and detection processes and controls as the threat environment changes, tools and techniques evolve, and lessons are learned.",ID.IM-03.02,IDENTIFY / Improvement / Improvements from Lessons Learned
3: Cybersecurity Controls / 2: Detective Controls / 2: Anomalous Activity Detection,D3.DC.An.Int.5: Thresholds for security logging are evaluated periodically.,Intermediate,Full Summarily,"DE.AE-02.02: The organization establishes, documents, and regularly reviews event alert parameters and thresholds, as well as rule-based triggers to support automated responses, when known attack patterns, signatures or behaviors are detected.",DE.AE-02.02,DETECT / Adverse Event Analysis / Potentially Adverse Event Analysis
3: Cybersecurity Controls / 2: Detective Controls / 2: Anomalous Activity Detection,"D3.DC.An.Int.6: Anomalous activity and other network and system alerts are correlated across business units to detect and prevent multifaceted attacks (e.g., simultaneous account takeover and DDoS attack).",Intermediate,Full,"DE.AE-03.02: The organization performs real-time central analysis, aggregation, and correlation of anomalous activities, network and system alerts, and relevant event and cyber threat intelligence, including both internal and external (cloud and outsourced) environments, to better detect and prevent multifaceted cyber attacks.",DE.AE-03.02,DETECT / Adverse Event Analysis / Event Information Correlation
3: Cybersecurity Controls / 2: Detective Controls / 2: Anomalous Activity Detection,D3.DC.An.A.1: An automated tool triggers system and/or fraud alerts when customer logins occur within a short period of time but from physically distant IP locations.,Advanced,Partial,"DE.AE-02.02: The organization establishes, documents, and regularly reviews event alert parameters and thresholds, as well as rule-based triggers to support automated responses, when known attack patterns, signatures or behaviors are detected.",DE.AE-02.02,DETECT / Adverse Event Analysis / Potentially Adverse Event Analysis
3: Cybersecurity Controls / 2: Detective Controls / 2: Anomalous Activity Detection,D3.DC.An.A.2: External transfers from customer accounts generate alerts and require review and authorization if anomalous behavior is detected.,Advanced,Partial,"DE.CM-02.01: The organization's controls include monitoring and detection of anomalous activities and potential intrusion events across the organization's physical environment and infrastructure, including the detection of environmental threats (fire, water, service outages, etc.) and unauthorized physical access to high-risk system components and locations.",DE.CM-02.01,DETECT / Continuous Monitoring / Physical Environment Monitoring
3: Cybersecurity Controls / 2: Detective Controls / 2: Anomalous Activity Detection,"D3.DC.An.A.3: A system is in place to monitor and analyze employee behavior (network use patterns, work hours, and known devices) to alert on anomalous activities.",Advanced,Full,"DE.CM-03.02: The organization's controls actively monitor personnel (both authorized and unauthorized) for access, authentication, usage, connections, devices, and anomalous behavior to rapidly detect potential cybersecurity events.",DE.CM-03.02,DETECT / Continuous Monitoring / Personnel Activity Monitoring
3: Cybersecurity Controls / 2: Detective Controls / 2: Anomalous Activity Detection,D3.DC.An.A.4: An automated tool(s) is in place to detect and prevent data mining by insider threats.,Advanced,Full Summarily,"GV.RR-04.03: The organization integrates insider threat considerations into its human resource, risk management, and control programs to address the potential for malicious or unintentional harm by trusted employees or third parties.",GV.RR-04.03,"GOVERN / Roles, Responsibilities, and Authorities / Human Resource Practices"
3: Cybersecurity Controls / 2: Detective Controls / 2: Anomalous Activity Detection,D3.DC.An.A.4: An automated tool(s) is in place to detect and prevent data mining by insider threats.,Advanced,Full Summarily,PR.DS-01.02: The organization implements data loss identification and prevention tools to monitor and protect against confidential data theft or destruction by an employee or an external actor.,PR.DS-01.02,PROTECT / Data Security / Protection of Data at Rest
3: Cybersecurity Controls / 2: Detective Controls / 2: Anomalous Activity Detection,D3.DC.An.A.4: An automated tool(s) is in place to detect and prevent data mining by insider threats.,Advanced,Full Summarily,"PR.PS-06.10: The organization establishes policies and procedures for the secure design, configuration, modification, and operation of databases, data stores, and data analytics platforms consistent with the criticality of the data being managed.",PR.PS-06.10,PROTECT / Platform Security / Secure Systems Development Practices
3: Cybersecurity Controls / 2: Detective Controls / 2: Anomalous Activity Detection,D3.DC.An.A.4: An automated tool(s) is in place to detect and prevent data mining by insider threats.,Advanced,Full Summarily,"DE.CM-03.02: The organization's controls actively monitor personnel (both authorized and unauthorized) for access, authentication, usage, connections, devices, and anomalous behavior to rapidly detect potential cybersecurity events.",DE.CM-03.02,DETECT / Continuous Monitoring / Personnel Activity Monitoring
3: Cybersecurity Controls / 2: Detective Controls / 2: Anomalous Activity Detection,D3.DC.An.A.5: Tags on fictitious confidential data or files are used to provide advanced alerts of potential malicious activity when the data is accessed.,Advanced,Full,"DE.CM-01.06: The organization employs deception techniques and technologies (e.g., honeypots) to detect and prevent a potential intrusion in its early stages to support timely containment and recovery.",DE.CM-01.06,DETECT / Continuous Monitoring / Network Monitoring
3: Cybersecurity Controls / 2: Detective Controls / 2: Anomalous Activity Detection,D3.DC.An.Inn.1: The institution has a mechanism for real-time automated risk scoring of threats.,Innovative,Partial,"DE.AE-03.02: The organization performs real-time central analysis, aggregation, and correlation of anomalous activities, network and system alerts, and relevant event and cyber threat intelligence, including both internal and external (cloud and outsourced) environments, to better detect and prevent multifaceted cyber attacks.",DE.AE-03.02,DETECT / Adverse Event Analysis / Event Information Correlation
3: Cybersecurity Controls / 2: Detective Controls / 2: Anomalous Activity Detection,D3.DC.An.Inn.2: The institution is developing new technologies that will detect potential insider threats and block activity in real time.,Innovative,Partial,"GV.RR-04.03: The organization integrates insider threat considerations into its human resource, risk management, and control programs to address the potential for malicious or unintentional harm by trusted employees or third parties.",GV.RR-04.03,"GOVERN / Roles, Responsibilities, and Authorities / Human Resource Practices"
3: Cybersecurity Controls / 2: Detective Controls / 2: Anomalous Activity Detection,D3.DC.An.Inn.2: The institution is developing new technologies that will detect potential insider threats and block activity in real time.,Innovative,Partial,"ID.IM-03.01: A formal process is in place to improve protection controls and processes by integrating recommendations, findings, and lessons learned from exercises, testing, audits, assessments, and incidents.",ID.IM-03.01,IDENTIFY / Improvement / Improvements from Lessons Learned
3: Cybersecurity Controls / 2: Detective Controls / 3: Event Detection,D3.DC.Ev.B.1: A normal network activity baseline is established.,Baseline,Full,PR.IR-04.01: Baseline measures of network and system utilization and transaction activity are captured to support capacity planning and anomalous activity detection.,PR.IR-04.01,PROTECT / Technology Infrastructure Resilience / Capacity Management
3: Cybersecurity Controls / 2: Detective Controls / 3: Event Detection,"D3.DC.Ev.B.2: Mechanisms (e.g., antivirus alerts, log event alerts) are in place to alert management to potential attacks.",Baseline,Full,"DE.AE-02.01: The organization performs timely collection of event data, as well as advanced and automated analysis (including the use of security tools such as antivirus and IDS/IPS) on the detected events to:
(1) Assess and understand the nature, scope and method of the attack;
(2) Predict and block a similar future attack; and
(3) Report timely risk metrics.",DE.AE-02.01,DETECT / Adverse Event Analysis / Potentially Adverse Event Analysis
3: Cybersecurity Controls / 2: Detective Controls / 3: Event Detection,"D3.DC.Ev.B.3: Processes are in place to monitor for the presence of unauthorized users, devices, connections, and software.",Baseline,Full Summarily,"DE.CM-01.03: The organization has policies, procedures, and tools in place to monitor for, detect, and block unauthorized network connections and data transfers.",DE.CM-01.03,DETECT / Continuous Monitoring / Network Monitoring
3: Cybersecurity Controls / 2: Detective Controls / 3: Event Detection,"D3.DC.Ev.B.3: Processes are in place to monitor for the presence of unauthorized users, devices, connections, and software.",Baseline,Full Summarily,"DE.CM-01.04: The organization has policies, procedures, and tools in place to monitor for, detect, and block access from/to devices that are not authorized or do not conform to security policy (e.g., unpatched systems).",DE.CM-01.04,DETECT / Continuous Monitoring / Network Monitoring
3: Cybersecurity Controls / 2: Detective Controls / 3: Event Detection,"D3.DC.Ev.B.3: Processes are in place to monitor for the presence of unauthorized users, devices, connections, and software.",Baseline,Full Summarily,"DE.CM-03.02: The organization's controls actively monitor personnel (both authorized and unauthorized) for access, authentication, usage, connections, devices, and anomalous behavior to rapidly detect potential cybersecurity events.",DE.CM-03.02,DETECT / Continuous Monitoring / Personnel Activity Monitoring
3: Cybersecurity Controls / 2: Detective Controls / 3: Event Detection,"D3.DC.Ev.B.3: Processes are in place to monitor for the presence of unauthorized users, devices, connections, and software.",Baseline,Full Summarily,"DE.CM-09.03: The organization has policies, procedures, and tools in place to monitor for, detect, and block the use of unsupported or unauthorized software, hardware, or configuration changes.",DE.CM-09.03,"DETECT / Continuous Monitoring / Hardware, Software, & Data Monitoring"
3: Cybersecurity Controls / 2: Detective Controls / 3: Event Detection,D3.DC.Ev.B.4: Responsibilities for monitoring and reporting suspicious systems activity have been assigned.,Baseline,Full,"GV.RR-02.02: The organization has established and assigned roles and responsibilities for systematic cybersecurity threat identification, monitoring, detection, and event reporting processes, and ensures adequate coverage and organizational alignment for these functions.",GV.RR-02.02,"GOVERN / Roles, Responsibilities, and Authorities / Risk Management Roles & Responsibilities"
3: Cybersecurity Controls / 2: Detective Controls / 3: Event Detection,D3.DC.Ev.B.5: The physical environment is monitored to detect potential unauthorized access.,Baseline,Full,"DE.CM-02.01: The organization's controls include monitoring and detection of anomalous activities and potential intrusion events across the organization's physical environment and infrastructure, including the detection of environmental threats (fire, water, service outages, etc.) and unauthorized physical access to high-risk system components and locations.",DE.CM-02.01,DETECT / Continuous Monitoring / Physical Environment Monitoring
3: Cybersecurity Controls / 2: Detective Controls / 3: Event Detection,"D3.DC.Ev.E.1: A process is in place to correlate event information from multiple sources (e.g., network, application, or firewall).",Evolving,Full,"DE.AE-03.02: The organization performs real-time central analysis, aggregation, and correlation of anomalous activities, network and system alerts, and relevant event and cyber threat intelligence, including both internal and external (cloud and outsourced) environments, to better detect and prevent multifaceted cyber attacks.",DE.AE-03.02,DETECT / Adverse Event Analysis / Event Information Correlation
3: Cybersecurity Controls / 2: Detective Controls / 3: Event Detection,"D3.DC.Ev.Int.1: Controls or tools (e.g., data loss prevention) are in place to detect potential unauthorized or unintentional transmissions of confidential data.",Intermediate,Full Summarily,PR.DS-01.02: The organization implements data loss identification and prevention tools to monitor and protect against confidential data theft or destruction by an employee or an external actor.,PR.DS-01.02,PROTECT / Data Security / Protection of Data at Rest
3: Cybersecurity Controls / 2: Detective Controls / 3: Event Detection,"D3.DC.Ev.Int.1: Controls or tools (e.g., data loss prevention) are in place to detect potential unauthorized or unintentional transmissions of confidential data.",Intermediate,Full Summarily,"DE.CM-01.03: The organization has policies, procedures, and tools in place to monitor for, detect, and block unauthorized network connections and data transfers.",DE.CM-01.03,DETECT / Continuous Monitoring / Network Monitoring
3: Cybersecurity Controls / 2: Detective Controls / 3: Event Detection,D3.DC.Ev.Int.2: Event detection processes are proven reliable.,Intermediate,Full,"ID.IM-02.03: The organization tests and validates the effectiveness of the incident detection, reporting, and communication processes and protocols with internal and external stakeholders.",ID.IM-02.03,IDENTIFY / Improvement / Tests & Exercises
3: Cybersecurity Controls / 2: Detective Controls / 3: Event Detection,D3.DC.Ev.Int.3: Specialized security monitoring is used for critical assets throughout the infrastructure.,Intermediate,Partial,"ID.AM-05.02: The organization's hardware, software, and data assets are prioritized for protection based on their sensitivity, criticality, vulnerability, business value, and dependency role in the delivery of critical services.",ID.AM-05.02,IDENTIFY / Asset Management / Asset Protection Prioritization
3: Cybersecurity Controls / 2: Detective Controls / 3: Event Detection,D3.DC.Ev.Int.3: Specialized security monitoring is used for critical assets throughout the infrastructure.,Intermediate,Partial,"PR.PS-04.02: The organization defines the scope and coverage of audit/log records to be created and monitored (i.e., internal and external environments, devices, and applications/services/software to be monitored) and has controls in place to ensure that the intended scope is fully covered and that no logging failures are inhibiting the collection of required logs.",PR.PS-04.02,PROTECT / Platform Security / Log Record Generation
3: Cybersecurity Controls / 2: Detective Controls / 3: Event Detection,"D3.DC.Ev.A.1: Automated tools detect unauthorized changes to critical system files, firewalls, IPS, IDS, or other security devices.",Advanced,Full Summarily,PR.PS-01.03: The organization employs detection measures and performs regular enforcement checks to ensure that non-compliance with baseline security standards is promptly identified and rectified.,PR.PS-01.03,PROTECT / Platform Security / Configuration Management
3: Cybersecurity Controls / 2: Detective Controls / 3: Event Detection,"D3.DC.Ev.A.1: Automated tools detect unauthorized changes to critical system files, firewalls, IPS, IDS, or other security devices.",Advanced,Full Summarily,"DE.CM-09.03: The organization has policies, procedures, and tools in place to monitor for, detect, and block the use of unsupported or unauthorized software, hardware, or configuration changes.",DE.CM-09.03,"DETECT / Continuous Monitoring / Hardware, Software, & Data Monitoring"
3: Cybersecurity Controls / 2: Detective Controls / 3: Event Detection,D3.DC.Ev.A.2: Real-time network monitoring and detection is implemented and incorporates sector-wide event information.,Advanced,Full,"DE.AE-03.02: The organization performs real-time central analysis, aggregation, and correlation of anomalous activities, network and system alerts, and relevant event and cyber threat intelligence, including both internal and external (cloud and outsourced) environments, to better detect and prevent multifaceted cyber attacks.",DE.AE-03.02,DETECT / Adverse Event Analysis / Event Information Correlation
3: Cybersecurity Controls / 2: Detective Controls / 3: Event Detection,"D3.DC.Ev.A.3: Real-time alerts are automatically sent when unauthorized software, hardware, or changes occur.",Advanced,Full Summarily,PR.PS-01.03: The organization employs detection measures and performs regular enforcement checks to ensure that non-compliance with baseline security standards is promptly identified and rectified.,PR.PS-01.03,PROTECT / Platform Security / Configuration Management
3: Cybersecurity Controls / 2: Detective Controls / 3: Event Detection,"D3.DC.Ev.A.3: Real-time alerts are automatically sent when unauthorized software, hardware, or changes occur.",Advanced,Full Summarily,"DE.CM-09.03: The organization has policies, procedures, and tools in place to monitor for, detect, and block the use of unsupported or unauthorized software, hardware, or configuration changes.",DE.CM-09.03,"DETECT / Continuous Monitoring / Hardware, Software, & Data Monitoring"
3: Cybersecurity Controls / 2: Detective Controls / 3: Event Detection,D3.DC.Ev.A.4: Tools are in place to actively correlate event information from multiple sources and send alerts based on established parameters.,Advanced,Full,"DE.AE-03.02: The organization performs real-time central analysis, aggregation, and correlation of anomalous activities, network and system alerts, and relevant event and cyber threat intelligence, including both internal and external (cloud and outsourced) environments, to better detect and prevent multifaceted cyber attacks.",DE.AE-03.02,DETECT / Adverse Event Analysis / Event Information Correlation
3: Cybersecurity Controls / 2: Detective Controls / 3: Event Detection,D3.DC.Ev.Inn.1: The institution is leading efforts to develop event detection systems that will correlate in real time when events are about to occur.,Innovative,Partial,"ID.IM-03.01: A formal process is in place to improve protection controls and processes by integrating recommendations, findings, and lessons learned from exercises, testing, audits, assessments, and incidents.",ID.IM-03.01,IDENTIFY / Improvement / Improvements from Lessons Learned
3: Cybersecurity Controls / 2: Detective Controls / 3: Event Detection,D3.DC.Ev.Inn.2: The institution is leading the development effort to design new technologies that will detect potential insider threats and block activity in real time.,Innovative,Partial,"ID.IM-03.01: A formal process is in place to improve protection controls and processes by integrating recommendations, findings, and lessons learned from exercises, testing, audits, assessments, and incidents.",ID.IM-03.01,IDENTIFY / Improvement / Improvements from Lessons Learned
3: Cybersecurity Controls / 3: Corrective Controls / 1: Patch Management,D3.CC.Pa.B.1: A patch management program is implemented and ensures that software and firmware patches are applied in a timely manner.,Baseline,Full,"PR.PS-02.01: The organization defines and implements controls to identify patches to technology assets, assess patch criticality and risk, test patches, and apply patches within risk/criticality-based target time frames.",PR.PS-02.01,PROTECT / Platform Security / Software Maintenance & Replacement
3: Cybersecurity Controls / 3: Corrective Controls / 1: Patch Management,D3.CC.Pa.B.2: Patches are tested before being applied to systems and/or software.,Baseline,Full,"PR.PS-02.01: The organization defines and implements controls to identify patches to technology assets, assess patch criticality and risk, test patches, and apply patches within risk/criticality-based target time frames.",PR.PS-02.01,PROTECT / Platform Security / Software Maintenance & Replacement
3: Cybersecurity Controls / 3: Corrective Controls / 1: Patch Management,D3.CC.Pa.B.3: Patch management reports are reviewed and reflect missing security patches.,Baseline,Full,"PR.PS-02.01: The organization defines and implements controls to identify patches to technology assets, assess patch criticality and risk, test patches, and apply patches within risk/criticality-based target time frames.",PR.PS-02.01,PROTECT / Platform Security / Software Maintenance & Replacement
3: Cybersecurity Controls / 3: Corrective Controls / 1: Patch Management,"D3.CC.Pa.E.1: A formal process is in place to acquire, test, and deploy software patches based on criticality.",Evolving,Full,"PR.PS-02.01: The organization defines and implements controls to identify patches to technology assets, assess patch criticality and risk, test patches, and apply patches within risk/criticality-based target time frames.",PR.PS-02.01,PROTECT / Platform Security / Software Maintenance & Replacement
3: Cybersecurity Controls / 3: Corrective Controls / 1: Patch Management,D3.CC.Pa.E.2: Systems are configured to retrieve patches automatically.,Evolving,Full Summarily,"PR.PS-01.08: End-user mobile or personal computing devices accessing the organization's network employ mechanisms to protect network, application, and data integrity, such as ""Mobile Device Management (MDM)"" and ""Mobile Application Management (MAM)"" technologies, device fingerprinting, storage containerization and encryption, integrity scanning, automated patch application, remote wipe, and data leakage protections.",PR.PS-01.08,PROTECT / Platform Security / Configuration Management
3: Cybersecurity Controls / 3: Corrective Controls / 1: Patch Management,D3.CC.Pa.E.2: Systems are configured to retrieve patches automatically.,Evolving,Full Summarily,"PR.PS-02.01: The organization defines and implements controls to identify patches to technology assets, assess patch criticality and risk, test patches, and apply patches within risk/criticality-based target time frames.",PR.PS-02.01,PROTECT / Platform Security / Software Maintenance & Replacement
3: Cybersecurity Controls / 3: Corrective Controls / 1: Patch Management,D3.CC.Pa.E.3: Operational impact is evaluated before deploying security patches.,Evolving,Full,"PR.PS-02.01: The organization defines and implements controls to identify patches to technology assets, assess patch criticality and risk, test patches, and apply patches within risk/criticality-based target time frames.",PR.PS-02.01,PROTECT / Platform Security / Software Maintenance & Replacement
3: Cybersecurity Controls / 3: Corrective Controls / 1: Patch Management,D3.CC.Pa.E.4: An automated tool(s) is used to identify missing security patches as well as the number of days since each patch became available.,Evolving,Full,"PR.PS-02.01: The organization defines and implements controls to identify patches to technology assets, assess patch criticality and risk, test patches, and apply patches within risk/criticality-based target time frames.",PR.PS-02.01,PROTECT / Platform Security / Software Maintenance & Replacement
3: Cybersecurity Controls / 3: Corrective Controls / 1: Patch Management,D3.CC.Pa.E.5: Missing patches across all environments are prioritized and tracked.,Evolving,Full,"PR.PS-02.01: The organization defines and implements controls to identify patches to technology assets, assess patch criticality and risk, test patches, and apply patches within risk/criticality-based target time frames.",PR.PS-02.01,PROTECT / Platform Security / Software Maintenance & Replacement
3: Cybersecurity Controls / 3: Corrective Controls / 1: Patch Management,D3.CC.Pa.Int.1: Patches for high-risk vulnerabilities are tested and applied when released or the risk is accepted and accountability assigned.,Intermediate,Full Summarily,ID.RA-07.05: The organization establishes and maintains an exception management process for identified vulnerabilities that cannot be mitigated within target timeframes.,ID.RA-07.05,IDENTIFY / Risk Assessment / Change & Exception Management
3: Cybersecurity Controls / 3: Corrective Controls / 1: Patch Management,D3.CC.Pa.Int.1: Patches for high-risk vulnerabilities are tested and applied when released or the risk is accepted and accountability assigned.,Intermediate,Full Summarily,"PR.PS-02.01: The organization defines and implements controls to identify patches to technology assets, assess patch criticality and risk, test patches, and apply patches within risk/criticality-based target time frames.",PR.PS-02.01,PROTECT / Platform Security / Software Maintenance & Replacement
3: Cybersecurity Controls / 3: Corrective Controls / 1: Patch Management,"D3.CC.Pa.A.1: Patch monitoring software is installed on all servers to identify any missing patches for the operating system software, middleware, database, and other key software.",Advanced,Full,"PR.PS-02.01: The organization defines and implements controls to identify patches to technology assets, assess patch criticality and risk, test patches, and apply patches within risk/criticality-based target time frames.",PR.PS-02.01,PROTECT / Platform Security / Software Maintenance & Replacement
3: Cybersecurity Controls / 3: Corrective Controls / 1: Patch Management,"D3.CC.Pa.A.2: The institution monitors patch management reports to ensure security patches are tested and implemented within aggressive time frames (e.g., 0-30 days).",Advanced,Full Summarily,"ID.RA-06.05: The organization defines and implements standards and procedures to prioritize and remediate issues identified in vulnerability scanning or penetration testing, including emergency or zero-day threats and vulnerabilities.",ID.RA-06.05,IDENTIFY / Risk Assessment / Risk Response Determination
3: Cybersecurity Controls / 3: Corrective Controls / 1: Patch Management,"D3.CC.Pa.A.2: The institution monitors patch management reports to ensure security patches are tested and implemented within aggressive time frames (e.g., 0-30 days).",Advanced,Full Summarily,ID.RA-07.05: The organization establishes and maintains an exception management process for identified vulnerabilities that cannot be mitigated within target timeframes.,ID.RA-07.05,IDENTIFY / Risk Assessment / Change & Exception Management
3: Cybersecurity Controls / 3: Corrective Controls / 1: Patch Management,"D3.CC.Pa.A.2: The institution monitors patch management reports to ensure security patches are tested and implemented within aggressive time frames (e.g., 0-30 days).",Advanced,Full Summarily,"PR.PS-02.01: The organization defines and implements controls to identify patches to technology assets, assess patch criticality and risk, test patches, and apply patches within risk/criticality-based target time frames.",PR.PS-02.01,PROTECT / Platform Security / Software Maintenance & Replacement
3: Cybersecurity Controls / 3: Corrective Controls / 1: Patch Management,D3.CC.Pa.Inn.1: The institution develops security patches or bug fixes or contributes to open source code development for systems it uses.,Innovative,Full,"PR.PS-06.06: The system development lifecycle remediates known critical vulnerabilities, and critical vulnerabilities discovered during testing, prior to production deployment.",PR.PS-06.06,PROTECT / Platform Security / Secure Systems Development Practices
3: Cybersecurity Controls / 3: Corrective Controls / 1: Patch Management,D3.CC.Pa.Inn.2: Segregated or separate systems are in place that mirror production systems allowing for rapid testing and implementation of patches and provide for rapid fallback when needed.,Innovative,Partial,PR.IR-01.06: The organization's production and non-production environments and data are segregated and managed to prevent unauthorized access or changes to the information assets.,PR.IR-01.06,PROTECT / Technology Infrastructure Resilience / Logical Access Protections
3: Cybersecurity Controls / 3: Corrective Controls / 2: Remediation,D3.CC.Re.B.1: Issues identified in assessments are prioritized and resolved based on criticality and within the time frames established in the response to the assessment report.,Baseline,Full,"ID.RA-06.05: The organization defines and implements standards and procedures to prioritize and remediate issues identified in vulnerability scanning or penetration testing, including emergency or zero-day threats and vulnerabilities.",ID.RA-06.05,IDENTIFY / Risk Assessment / Risk Response Determination
3: Cybersecurity Controls / 3: Corrective Controls / 2: Remediation,"D3.CC.Re.E.1: Data is destroyed or wiped on hardware and portable/mobile media when a device is missing, stolen, or no longer needed.",Evolving,Full Summarily,"ID.AM-08.04: The organization's asset management processes ensure the protection of sensitive data throughout removal, transfers, maintenance, end-of-life, and secure disposal or re-use.",ID.AM-08.04,IDENTIFY / Asset Management / Asset Life Cycle Management
3: Cybersecurity Controls / 3: Corrective Controls / 2: Remediation,"D3.CC.Re.E.1: Data is destroyed or wiped on hardware and portable/mobile media when a device is missing, stolen, or no longer needed.",Evolving,Full Summarily,"ID.AM-08.05: The organization defines and implements standards and procedures, consistent with its data retention policy, for destroying or securely erasing data, media, and storage devices when the data is no longer needed.",ID.AM-08.05,IDENTIFY / Asset Management / Asset Life Cycle Management
3: Cybersecurity Controls / 3: Corrective Controls / 2: Remediation,"D3.CC.Re.E.1: Data is destroyed or wiped on hardware and portable/mobile media when a device is missing, stolen, or no longer needed.",Evolving,Full Summarily,"PR.PS-01.08: End-user mobile or personal computing devices accessing the organization's network employ mechanisms to protect network, application, and data integrity, such as ""Mobile Device Management (MDM)"" and ""Mobile Application Management (MAM)"" technologies, device fingerprinting, storage containerization and encryption, integrity scanning, automated patch application, remote wipe, and data leakage protections.",PR.PS-01.08,PROTECT / Platform Security / Configuration Management
3: Cybersecurity Controls / 3: Corrective Controls / 2: Remediation,D3.CC.Re.E.2: Formal processes are in place to resolve weaknesses identified during penetration testing.,Evolving,Full,"ID.RA-06.05: The organization defines and implements standards and procedures to prioritize and remediate issues identified in vulnerability scanning or penetration testing, including emergency or zero-day threats and vulnerabilities.",ID.RA-06.05,IDENTIFY / Risk Assessment / Risk Response Determination
3: Cybersecurity Controls / 3: Corrective Controls / 2: Remediation,D3.CC.Re.Int.1: Remediation efforts are confirmed by conducting a follow-up vulnerability scan.,Intermediate,Full,"ID.RA-06.05: The organization defines and implements standards and procedures to prioritize and remediate issues identified in vulnerability scanning or penetration testing, including emergency or zero-day threats and vulnerabilities.",ID.RA-06.05,IDENTIFY / Risk Assessment / Risk Response Determination
3: Cybersecurity Controls / 3: Corrective Controls / 2: Remediation,"D3.CC.Re.Int.2: Penetration testing is repeated to confirm that medium- and high-risk, exploitable vulnerabilities have been resolved.",Intermediate,Full Summarily,"ID.RA-07.04: Policy exceptions, risk mitigation plans, and risk acceptances resulting from assessments and evaluations, such as testing, exercises, audits, etc., are formally managed, approved, escalated to defined levels of management, and tracked to closure.",ID.RA-07.04,IDENTIFY / Risk Assessment / Change & Exception Management
3: Cybersecurity Controls / 3: Corrective Controls / 2: Remediation,"D3.CC.Re.Int.2: Penetration testing is repeated to confirm that medium- and high-risk, exploitable vulnerabilities have been resolved.",Intermediate,Full Summarily,"RS.MI-01.01: The organization has established processes to implement vulnerability mitigation plans, involve third-party partners and outside expertise as needed, and contain incidents in a timely manner.",RS.MI-01.01,RESPOND / Incident Mitigation / Incident Containment
3: Cybersecurity Controls / 3: Corrective Controls / 2: Remediation,"D3.CC.Re.Int.3: Security investigations, forensic analysis, and remediation are performed by qualified staff or third parties.",Intermediate,Full Summarily,"ID.IM-04.07: The organization pre-identifies, pre-qualifies, and retains third party incident management support and forensic service firms, as required, that can be called upon to quickly assist with incident response, investigation, and recovery.",ID.IM-04.07,IDENTIFY / Improvement / Plans Affecting Operations
3: Cybersecurity Controls / 3: Corrective Controls / 2: Remediation,"D3.CC.Re.Int.3: Security investigations, forensic analysis, and remediation are performed by qualified staff or third parties.",Intermediate,Full Summarily,PR.AT-02.04: The organization maintains and enhances the skills and knowledge of the in-house staff performing incident management and forensic investigation activities.,PR.AT-02.04,PROTECT / Awareness and Training / Specialized Role Awareness & Training
3: Cybersecurity Controls / 3: Corrective Controls / 2: Remediation,"D3.CC.Re.Int.3: Security investigations, forensic analysis, and remediation are performed by qualified staff or third parties.",Intermediate,Full Summarily,"RS.MI-01.01: The organization has established processes to implement vulnerability mitigation plans, involve third-party partners and outside expertise as needed, and contain incidents in a timely manner.",RS.MI-01.01,RESPOND / Incident Mitigation / Incident Containment
3: Cybersecurity Controls / 3: Corrective Controls / 2: Remediation,"D3.CC.Re.Int.4: Generally accepted and appropriate forensic procedures, including chain of custody, are used to gather and present evidence to support potential legal action.",Intermediate,Full,"RS.AN-06.01: The organization establishes a risk-based approach and procedures for quarantining systems, conducting investigations, and collecting and preserving evidence per best practices and forensic standards.",RS.AN-06.01,RESPOND / Incident Analysis / Investigation Documentation
3: Cybersecurity Controls / 3: Corrective Controls / 2: Remediation,D3.CC.Re.Int.5: The maintenance and repair of organizational assets are performed by authorized individuals with approved and controlled tools.,Intermediate,Full,"PR.PS-03.01: The organization defines and implements controls for the on-site and remote maintenance and repair of the organization's technology assets (e.g., work must be performed by authorized personnel, use of approved procedures and tools, use of original or vendor-approved spare parts).",PR.PS-03.01,PROTECT / Platform Security / Hardware Maintenance
3: Cybersecurity Controls / 3: Corrective Controls / 2: Remediation,D3.CC.Re.Int.6: The maintenance and repair of organizational assets are logged in a timely manner.,Intermediate,Full,"PR.PS-03.01: The organization defines and implements controls for the on-site and remote maintenance and repair of the organization's technology assets (e.g., work must be performed by authorized personnel, use of approved procedures and tools, use of original or vendor-approved spare parts).",PR.PS-03.01,PROTECT / Platform Security / Hardware Maintenance
3: Cybersecurity Controls / 3: Corrective Controls / 2: Remediation,"D3.CC.Re.A.1: All medium and high risk issues identified in penetration testing, vulnerability scanning, and other independent testing are escalated to the board or an appropriate board committee for risk acceptance if not resolved in a timely manner.",Advanced,Full,"ID.RA-07.04: Policy exceptions, risk mitigation plans, and risk acceptances resulting from assessments and evaluations, such as testing, exercises, audits, etc., are formally managed, approved, escalated to defined levels of management, and tracked to closure.",ID.RA-07.04,IDENTIFY / Risk Assessment / Change & Exception Management
3: Cybersecurity Controls / 3: Corrective Controls / 2: Remediation,D3.CC.Re.Inn.1: The institution is developing technologies that will remediate systems damaged by zero-day attacks to maintain current recovery time objectives.,Innovative,Partial,"ID.IM-04.08: The organization regularly reviews response strategy, incident management plans, recovery plans, and associated tests and exercises and updates them, as necessary, based on:
(1) Lessons learned from incidents that have occurred (both internal and external to the organization);
(2) Current cyber threat intelligence (both internal and external sources);
(3) Recent and wide-scale cyber attack scenarios;
(4) Operationally and technically plausible future cyber attacks;
(5) Organizational or technical environment changes; and,
(6) New technological developments.",ID.IM-04.08,IDENTIFY / Improvement / Plans Affecting Operations
4: External Dependency Management / 1: Connections / 1: Connections,D4.C.Co.B.1: The critical business processes that are dependent on external connectivity have been identified.,Baseline,Full,"GV.OC-05.01: The organization identifies, assesses, and documents the key dependencies, interdependencies, and potential points of failure to support the delivery of critical services (e.g., systems, business processes, workforce, third parties, facilities, etc.)",GV.OC-05.01,GOVERN / Organizational Context / Organizational Service Dependencies
4: External Dependency Management / 1: Connections / 1: Connections,D4.C.Co.B.2: The institution ensures that third-party connections are authorized.,Baseline,Full,"DE.CM-06.01: The organization reviews, documents, authorizes, and monitors all third-party connections, data transfer mechanisms, and Application Programming Interfaces (APIs).",DE.CM-06.01,DETECT / Continuous Monitoring / Service Provider Monitoring
4: External Dependency Management / 1: Connections / 1: Connections,D4.C.Co.B.3: A network diagram is in place and identifies all external connections.,Baseline,Full,"ID.AM-03.01: The organization maintains current maps of network resources, mobile resources, external connections, network-connected third parties, and network data flows.",ID.AM-03.01,IDENTIFY / Asset Management / Network Communications & Data Flows
4: External Dependency Management / 1: Connections / 1: Connections,D4.C.Co.B.4: Data flow diagrams are in place and document information flow to external parties.,Baseline,Full,"ID.AM-07.01: The organization maintains a current inventory of the data being created, stored, or processed by its information assets and data flow diagrams depicting key internal and external data flows.",ID.AM-07.01,IDENTIFY / Asset Management / Data & Metadata Inventory
4: External Dependency Management / 1: Connections / 1: Connections,D4.C.Co.E.1: Critical business processes have been mapped to the supporting external connections.,Evolving,Full Summarily,"GV.OC-04.01: The organization maintains an inventory of key internal assets, business functions, and external dependencies that includes mappings to other assets, business functions, and information flows.",GV.OC-04.01,GOVERN / Organizational Context / Stakeholder Service Expectations
4: External Dependency Management / 1: Connections / 1: Connections,D4.C.Co.E.1: Critical business processes have been mapped to the supporting external connections.,Evolving,Full Summarily,"GV.OC-05.01: The organization identifies, assesses, and documents the key dependencies, interdependencies, and potential points of failure to support the delivery of critical services (e.g., systems, business processes, workforce, third parties, facilities, etc.)",GV.OC-05.01,GOVERN / Organizational Context / Organizational Service Dependencies
4: External Dependency Management / 1: Connections / 1: Connections,D4.C.Co.E.2: The network diagram is updated when connections with third parties change or at least annually.,Evolving,Full Summarily,"ID.AM-03.01: The organization maintains current maps of network resources, mobile resources, external connections, network-connected third parties, and network data flows.",ID.AM-03.01,IDENTIFY / Asset Management / Network Communications & Data Flows
4: External Dependency Management / 1: Connections / 1: Connections,D4.C.Co.E.2: The network diagram is updated when connections with third parties change or at least annually.,Evolving,Full Summarily,"DE.CM-06.01: The organization reviews, documents, authorizes, and monitors all third-party connections, data transfer mechanisms, and Application Programming Interfaces (APIs).",DE.CM-06.01,DETECT / Continuous Monitoring / Service Provider Monitoring
4: External Dependency Management / 1: Connections / 1: Connections,D4.C.Co.E.3: Network and systems diagrams are stored in a secure manner with proper restrictions on access.,Evolving,Partial,"PR.DS-01.01: Data-at-rest is protected commensurate with the criticality and sensitivity of the information and in alignment with the data classification and protection policy (e.g., through the use of encryption, authentication, access control, segregation, masking, tokenization, and file integrity monitoring).",PR.DS-01.01,PROTECT / Data Security / Protection of Data at Rest
4: External Dependency Management / 1: Connections / 1: Connections,D4.C.Co.E.4: Controls for primary and backup third-party connections are monitored and tested on a regular basis.,Evolving,Full Summarily,"DE.CM-06.01: The organization reviews, documents, authorizes, and monitors all third-party connections, data transfer mechanisms, and Application Programming Interfaces (APIs).",DE.CM-06.01,DETECT / Continuous Monitoring / Service Provider Monitoring
4: External Dependency Management / 1: Connections / 1: Connections,D4.C.Co.E.4: Controls for primary and backup third-party connections are monitored and tested on a regular basis.,Evolving,Full Summarily,"EX.MM-02.03: The organization collaborates with suppliers to maintain and improve the secure use of products, services, and external connections.",EX.MM-02.03,EXTEND / Monitoring and Managing Suppliers / Ongoing Third-Party Management
4: External Dependency Management / 1: Connections / 1: Connections,D4.C.Co.E.4: Controls for primary and backup third-party connections are monitored and tested on a regular basis.,Evolving,Full Summarily,EX.TR-01.02: The organization periodically identifies and tests alternative solutions in case a critical external partner fails to perform as expected.,EX.TR-01.02,EXTEND / Relationship Termination / Termination Planning
4: External Dependency Management / 1: Connections / 1: Connections,"D4.C.Co.Int.1: A validated asset inventory is used to create comprehensive diagrams depicting data repositories, data flow, infrastructure, and connectivity.",Intermediate,Partial,"ID.AM-03.01: The organization maintains current maps of network resources, mobile resources, external connections, network-connected third parties, and network data flows.",ID.AM-03.01,IDENTIFY / Asset Management / Network Communications & Data Flows
4: External Dependency Management / 1: Connections / 1: Connections,"D4.C.Co.Int.1: A validated asset inventory is used to create comprehensive diagrams depicting data repositories, data flow, infrastructure, and connectivity.",Intermediate,Partial,"ID.AM-07.01: The organization maintains a current inventory of the data being created, stored, or processed by its information assets and data flow diagrams depicting key internal and external data flows.",ID.AM-07.01,IDENTIFY / Asset Management / Data & Metadata Inventory
4: External Dependency Management / 1: Connections / 1: Connections,D4.C.Co.Int.2: Security controls are designed and verified to detect and prevent intrusions from third-party connections.,Intermediate,Full,"DE.CM-06.01: The organization reviews, documents, authorizes, and monitors all third-party connections, data transfer mechanisms, and Application Programming Interfaces (APIs).",DE.CM-06.01,DETECT / Continuous Monitoring / Service Provider Monitoring
4: External Dependency Management / 1: Connections / 1: Connections,"D4.C.Co.Int.3: Monitoring controls cover all external connections (e.g., third-party service providers, business partners, customers).",Intermediate,Full,"DE.CM-06.01: The organization reviews, documents, authorizes, and monitors all third-party connections, data transfer mechanisms, and Application Programming Interfaces (APIs).",DE.CM-06.01,DETECT / Continuous Monitoring / Service Provider Monitoring
4: External Dependency Management / 1: Connections / 1: Connections,D4.C.Co.Int.4: Monitoring controls cover all internal network-to-network connections.,Intermediate,Full Summarily,"DE.AE-03.01: The organization implements systematic and real-time logging, collection, monitoring, detection, and alerting measures across multiple layers of the organization's infrastructure, including physical perimeters, network, operating systems, applications, data, and external (cloud and outsourced) environments, sufficient to protect the organization's information assets.",DE.AE-03.01,DETECT / Adverse Event Analysis / Event Information Correlation
4: External Dependency Management / 1: Connections / 1: Connections,D4.C.Co.Int.4: Monitoring controls cover all internal network-to-network connections.,Intermediate,Full Summarily,"DE.AE-03.02: The organization performs real-time central analysis, aggregation, and correlation of anomalous activities, network and system alerts, and relevant event and cyber threat intelligence, including both internal and external (cloud and outsourced) environments, to better detect and prevent multifaceted cyber attacks.",DE.AE-03.02,DETECT / Adverse Event Analysis / Event Information Correlation
4: External Dependency Management / 1: Connections / 1: Connections,D4.C.Co.A.1: The security architecture is validated and documented before network connection infrastructure changes.,Advanced,Full Summarily,"DE.CM-06.01: The organization reviews, documents, authorizes, and monitors all third-party connections, data transfer mechanisms, and Application Programming Interfaces (APIs).",DE.CM-06.01,DETECT / Continuous Monitoring / Service Provider Monitoring
4: External Dependency Management / 1: Connections / 1: Connections,D4.C.Co.A.1: The security architecture is validated and documented before network connection infrastructure changes.,Advanced,Full Summarily,"EX.DD-04.02: The organization reviews and evaluates any technologies or information systems proposed to support a third party's services or activities, to include compatibility with the organization's technology and cybersecurity architectures, interactions and interfaces with existing systems, security controls, operational management and support requirements, and suitability to the task.",EX.DD-04.02,EXTEND / Procurement Planning and Due Diligence / Product & Service Due Diligence
4: External Dependency Management / 1: Connections / 1: Connections,D4.C.Co.A.2: The institution works closely with third-party service providers to maintain and improve the security of external connections.,Advanced,Full,"EX.MM-02.03: The organization collaborates with suppliers to maintain and improve the secure use of products, services, and external connections.",EX.MM-02.03,EXTEND / Monitoring and Managing Suppliers / Ongoing Third-Party Management
4: External Dependency Management / 1: Connections / 1: Connections,"D4.C.Co.Inn.1: Diagram(s) of external connections is interactive, shows real-time changes to the network connection infrastructure, new connections, and volume fluctuations, and alerts when risks arise.",Innovative,Partial,"ID.AM-03.01: The organization maintains current maps of network resources, mobile resources, external connections, network-connected third parties, and network data flows.",ID.AM-03.01,IDENTIFY / Asset Management / Network Communications & Data Flows
4: External Dependency Management / 1: Connections / 1: Connections,D4.C.Co.Inn.2: The institution's connections can be segmented or severed instantaneously to prevent contagion from cyber attacks.,Innovative,Full,"PR.IR-01.01: Networks, systems, and external connections are segmented (e.g., using firewalls, software-defined networks, guest wireless networks, etc.) to implement defense-in-depth and access isolation principles.",PR.IR-01.01,PROTECT / Technology Infrastructure Resilience / Logical Access Protections
4: External Dependency Management / 2: Relationship Management / 1: Due Diligence,"D4.RM.Dd.B.1: Risk-based due diligence is performed on prospective third parties before contracts are signed, including reviews of their background, reputation, financial condition, stability, and security controls.",Baseline,Full Summarily,"EX.DD-02.01: The organization implements procedures, and allocates sufficient resources with the requisite knowledge and experience, to conduct third party due diligence and risk assessment consistent with the procurement plan and commensurate with level of risk, criticality, and complexity of each third-party relationship.",EX.DD-02.01,EXTEND / Procurement Planning and Due Diligence / Prospective Third Party Due Diligence
4: External Dependency Management / 2: Relationship Management / 1: Due Diligence,"D4.RM.Dd.B.1: Risk-based due diligence is performed on prospective third parties before contracts are signed, including reviews of their background, reputation, financial condition, stability, and security controls.",Baseline,Full Summarily,"EX.DD-02.03: The organization reviews and evaluates documentation, such as financial statements, independent audit reports, pooled/shared assessments, control test reports, SEC filings, and past and pending litigation, to the extent required to determine a prospective critical third party's soundness as a business and the quality and sustainability of its internal controls.",EX.DD-02.03,EXTEND / Procurement Planning and Due Diligence / Prospective Third Party Due Diligence
4: External Dependency Management / 2: Relationship Management / 1: Due Diligence,"D4.RM.Dd.B.1: Risk-based due diligence is performed on prospective third parties before contracts are signed, including reviews of their background, reputation, financial condition, stability, and security controls.",Baseline,Full Summarily,"EX.DD-03.01: The organization reviews and evaluates a prospective critical third party's cybersecurity program, including its ability to identify, assess, monitor, and mitigate its cyber risks; the completeness of its policies and procedures; the strength of its technical and administrative controls; and the coverage of its internal and independent control testing programs.",EX.DD-03.01,EXTEND / Procurement Planning and Due Diligence / Technology & Cybersecurity Risk Assessment
4: External Dependency Management / 2: Relationship Management / 1: Due Diligence,D4.RM.Dd.B.2: A list of third-party service providers is maintained.,Baseline,Full,"GV.SC-04.01: The organization regularly identifies, inventories, and risk-ranks third-party relationships that are in place, and addresses any identified relationships that were established without formal approval.",GV.SC-04.01,GOVERN / Supply Chain Risk Management / Supplier Identification & Prioritization
4: External Dependency Management / 2: Relationship Management / 1: Due Diligence,D4.RM.Dd.B.3: A risk assessment is conducted to identify criticality of service providers.,Baseline,Full,"GV.SC-04.01: The organization regularly identifies, inventories, and risk-ranks third-party relationships that are in place, and addresses any identified relationships that were established without formal approval.",GV.SC-04.01,GOVERN / Supply Chain Risk Management / Supplier Identification & Prioritization
4: External Dependency Management / 2: Relationship Management / 1: Due Diligence,D4.RM.Dd.E.1: A formal process exists to analyze assessments of third-party cybersecurity controls.,Evolving,Full Summarily,"EX.DD-03.01: The organization reviews and evaluates a prospective critical third party's cybersecurity program, including its ability to identify, assess, monitor, and mitigate its cyber risks; the completeness of its policies and procedures; the strength of its technical and administrative controls; and the coverage of its internal and independent control testing programs.",EX.DD-03.01,EXTEND / Procurement Planning and Due Diligence / Technology & Cybersecurity Risk Assessment
4: External Dependency Management / 2: Relationship Management / 1: Due Diligence,D4.RM.Dd.E.1: A formal process exists to analyze assessments of third-party cybersecurity controls.,Evolving,Full Summarily,"EX.DD-03.02: The organization reviews and evaluates a prospective critical third party's business continuity program, to include business impact analyses, risk assessments, continuity plans, disaster recovery plans, technology resilience architecture, and response and recovery plans, test plans, and test results.",EX.DD-03.02,EXTEND / Procurement Planning and Due Diligence / Technology & Cybersecurity Risk Assessment
4: External Dependency Management / 2: Relationship Management / 1: Due Diligence,D4.RM.Dd.E.1: A formal process exists to analyze assessments of third-party cybersecurity controls.,Evolving,Full Summarily,"EX.DD-03.03: The organization reviews and evaluates a prospective critical third party's incident response program, to include monitoring and alerting capabilities, incident reporting procedures and protocols, and capabilities for event analysis, problem resolution, and forensic investigation.",EX.DD-03.03,EXTEND / Procurement Planning and Due Diligence / Technology & Cybersecurity Risk Assessment
4: External Dependency Management / 2: Relationship Management / 1: Due Diligence,D4.RM.Dd.E.1: A formal process exists to analyze assessments of third-party cybersecurity controls.,Evolving,Full Summarily,"EX.DD-04.01: The organization defines and implements procedures for assessing the compatibility, security, integrity, and authenticity of externally-developed or externally-sourced applications, software, software components, and firmware before deployment and upon any major change.",EX.DD-04.01,EXTEND / Procurement Planning and Due Diligence / Product & Service Due Diligence
4: External Dependency Management / 2: Relationship Management / 1: Due Diligence,D4.RM.Dd.E.2: The board or an appropriate board committee reviews a summary of due diligence results including management’s recommendations to use third parties that will affect the institution’s inherent risk profile.,Evolving,Full,"GV.RR-01.02: The governing authority (e.g., the Board or one of its committees) regularly reviews, oversees, and holds senior management accountable for implementing the organization’s third-party risk management strategy and program and for managing the organization's ongoing risks associated with the aggregate and specific use of third parties.",GV.RR-01.02,"GOVERN / Roles, Responsibilities, and Authorities / Organizational Leadership Responsibility"
4: External Dependency Management / 2: Relationship Management / 1: Due Diligence,"D4.RM.Dd.Int.1: A process is in place to confirm that the institution’s third-party service providers conduct due diligence of their third parties (e.g., subcontractors).",Intermediate,Full Summarily,"EX.DD-02.04: The organization reviews and assesses the prospective third party's controls for managing its suppliers and subcontractors (fourth and nth parties), any proposed role fourth and nth parties will play in delivering the products or services, and any specific fourth- and nth-party controls or alternative arrangements the organization may require to protect its interests.",EX.DD-02.04,EXTEND / Procurement Planning and Due Diligence / Prospective Third Party Due Diligence
4: External Dependency Management / 2: Relationship Management / 1: Due Diligence,"D4.RM.Dd.Int.1: A process is in place to confirm that the institution’s third-party service providers conduct due diligence of their third parties (e.g., subcontractors).",Intermediate,Full Summarily,"EX.MM-01.05: The organization regularly assesses a critical third party's program and ability to manage its own suppliers and partners (fourth and nth parties) and the risks those fourth and nth parties may pose to the third party and to the organization (e.g., cybersecurity supply chain risk, concentration risk, reputation risk, foreign-party risk, etc.)",EX.MM-01.05,EXTEND / Monitoring and Managing Suppliers / Ongoing Third-Party Monitoring
4: External Dependency Management / 2: Relationship Management / 1: Due Diligence,"D4.RM.Dd.Int.2: Pre-contract, physical site visits of high-risk vendors are conducted by the institution or by a qualified third party.",Intermediate,Full,"EX.DD-02.01: The organization implements procedures, and allocates sufficient resources with the requisite knowledge and experience, to conduct third party due diligence and risk assessment consistent with the procurement plan and commensurate with level of risk, criticality, and complexity of each third-party relationship.",EX.DD-02.01,EXTEND / Procurement Planning and Due Diligence / Prospective Third Party Due Diligence
4: External Dependency Management / 2: Relationship Management / 1: Due Diligence,D4.RM.Dd.A.1: A continuous process improvement program is in place for third-party due diligence activity.,Advanced,Full,"ID.IM-01.05: The organization's third-party risk management program is regularly assessed, reported on, and improved.",ID.IM-01.05,IDENTIFY / Improvement / Continuous Improvements Evaluation
4: External Dependency Management / 2: Relationship Management / 1: Due Diligence,D4.RM.Dd.A.2: Audits of high-risk vendors are conducted on an annual basis.,Advanced,Full Summarily,"EX.MM-01.01: The organization implements procedures, and allocates sufficient resources with the requisite knowledge and experience, to manage and monitor its third-party relationships to a degree and extent commensurate with the risk each third party poses to the organization and the criticality of the third party's products, services, and/or relationship to the organization.",EX.MM-01.01,EXTEND / Monitoring and Managing Suppliers / Ongoing Third-Party Monitoring
4: External Dependency Management / 2: Relationship Management / 1: Due Diligence,D4.RM.Dd.A.2: Audits of high-risk vendors are conducted on an annual basis.,Advanced,Full Summarily,EX.MM-02.01: The organization conducts regular third-party reviews for critical vendors to validate that requisite security and contractual controls are in place and continue to be operating as expected.,EX.MM-02.01,EXTEND / Monitoring and Managing Suppliers / Ongoing Third-Party Management
4: External Dependency Management / 2: Relationship Management / 1: Due Diligence,D4.RM.Dd.Inn.1: The institution promotes sector-wide efforts to build due diligence mechanisms that lead to in-depth and efficient security and resilience reviews.,Innovative,Partial,ID.RA-02.02: The organization shares authorized information on its cyber resilience framework and the effectiveness of protection technologies bilaterally with trusted external stakeholders to promote the understanding of each party’s approach to securing systems.,ID.RA-02.02,IDENTIFY / Risk Assessment / Information Sharing Forums
4: External Dependency Management / 2: Relationship Management / 1: Due Diligence,D4.RM.Dd.Inn.1: The institution promotes sector-wide efforts to build due diligence mechanisms that lead to in-depth and efficient security and resilience reviews.,Innovative,Partial,"ID.IM-01.05: The organization's third-party risk management program is regularly assessed, reported on, and improved.",ID.IM-01.05,IDENTIFY / Improvement / Continuous Improvements Evaluation
4: External Dependency Management / 2: Relationship Management / 1: Due Diligence,D4.RM.Dd.Inn.2: The institution is leading efforts to develop new auditable processes and for conducting due diligence and ongoing monitoring of cybersecurity risks posed by third parties.,Innovative,Partial,ID.RA-02.02: The organization shares authorized information on its cyber resilience framework and the effectiveness of protection technologies bilaterally with trusted external stakeholders to promote the understanding of each party’s approach to securing systems.,ID.RA-02.02,IDENTIFY / Risk Assessment / Information Sharing Forums
4: External Dependency Management / 2: Relationship Management / 1: Due Diligence,D4.RM.Dd.Inn.2: The institution is leading efforts to develop new auditable processes and for conducting due diligence and ongoing monitoring of cybersecurity risks posed by third parties.,Innovative,Partial,"ID.IM-01.05: The organization's third-party risk management program is regularly assessed, reported on, and improved.",ID.IM-01.05,IDENTIFY / Improvement / Continuous Improvements Evaluation
4: External Dependency Management / 2: Relationship Management / 2: Contracts,"D4.RM.Co.B.1: Formal contracts that address relevant security and privacy requirements are in place for all third parties that process, store, or transmit confidential data or provide critical services.",Baseline,Full,"EX.CN-02.01: The organization's contracts require third-parties to implement minimum technology and cybersecurity management requirements, to maintain those practices for the life of the relationship, and to provide evidence of compliance on an ongoing basis.",EX.CN-02.01,EXTEND / Third-Party Contracts and Agreements / Contract Cybersecurity-Related Requirements
4: External Dependency Management / 2: Relationship Management / 2: Contracts,"D4.RM.Co.B.2: Contracts acknowledge that the third party is responsible for the security of the institution’s confidential data that it possesses, stores, processes, or transmits.",Baseline,Full Summarily,"GV.SC-02.01: The organization clearly defines, and includes in contractual agreements, the division of cybersecurity and technology risk management responsibilities between the organization and its third parties (e.g., a Shared Responsibilities Model).",GV.SC-02.01,GOVERN / Supply Chain Risk Management / Third Party Roles & Responsibilities
4: External Dependency Management / 2: Relationship Management / 2: Contracts,"D4.RM.Co.B.2: Contracts acknowledge that the third party is responsible for the security of the institution’s confidential data that it possesses, stores, processes, or transmits.",Baseline,Full Summarily,"EX.CN-02.01: The organization's contracts require third-parties to implement minimum technology and cybersecurity management requirements, to maintain those practices for the life of the relationship, and to provide evidence of compliance on an ongoing basis.",EX.CN-02.01,EXTEND / Third-Party Contracts and Agreements / Contract Cybersecurity-Related Requirements
4: External Dependency Management / 2: Relationship Management / 2: Contracts,D4.RM.Co.B.3: Contracts stipulate that the third-party security controls are regularly reviewed and validated by an independent party.,Baseline,Full,"EX.CN-02.01: The organization's contracts require third-parties to implement minimum technology and cybersecurity management requirements, to maintain those practices for the life of the relationship, and to provide evidence of compliance on an ongoing basis.",EX.CN-02.01,EXTEND / Third-Party Contracts and Agreements / Contract Cybersecurity-Related Requirements
4: External Dependency Management / 2: Relationship Management / 2: Contracts,D4.RM.Co.B.4: Contracts identify the recourse available to the institution should the third party fail to meet defined security requirements.,Baseline,Full,"EX.CN-01.01: Contracts with suppliers clearly detail the general terms, nature, and scope of the arrangement, to include the distribution of responsibilities between the parties; costs, compensation, reimbursements, incentives, and penalties; service level agreements, performance measures, and benchmarks; responsibilities for providing, receiving, and retaining information; recourse provisions; and the organization's rights to review, monitor, and audit the supplier's activities.",EX.CN-01.01,EXTEND / Third-Party Contracts and Agreements / Contract General Requirements
4: External Dependency Management / 2: Relationship Management / 2: Contracts,D4.RM.Co.B.5: Contracts establish responsibilities for responding to security incidents.,Baseline,Full Summarily,"GV.RM-05.02: The organization establishes minimum requirements for its third-parties that include how the organizations will communicate and coordinate in times of emergency, including:
1) Joint maintenance of contingency plans;
2) Responsibilities for responding to incidents, including forensic investigations;
3) Planning and testing strategies that address severe events in order to identify single points of failure that would cause wide-scale disruption; and
4) Incorporating the potential impact of an incident into their BCM process and ensure resilience capabilities are in place.",GV.RM-05.02,GOVERN / Risk Management Strategy / Lines of Communication
4: External Dependency Management / 2: Relationship Management / 2: Contracts,D4.RM.Co.B.5: Contracts establish responsibilities for responding to security incidents.,Baseline,Full Summarily,"EX.CN-02.02: Minimum cybersecurity requirements for third-parties include requirements for incident and vulnerability notification, to include the types of events requiring notification, notification timeframes, and escalation protocols.",EX.CN-02.02,EXTEND / Third-Party Contracts and Agreements / Contract Cybersecurity-Related Requirements
4: External Dependency Management / 2: Relationship Management / 2: Contracts,D4.RM.Co.B.6: Contracts specify the security requirements for the return or destruction of data upon contract termination.,Baseline,Full,"ID.AM-08.06: Minimum cybersecurity requirements for third-parties cover the entire relationship lifecycle, from the acquisition of data through the return or destruction of data, to include limitations on data use, access, storage, and geographic location.",ID.AM-08.06,IDENTIFY / Asset Management / Asset Life Cycle Management
4: External Dependency Management / 2: Relationship Management / 2: Contracts,"D4.RM.Co.E.1: Responsibilities for managing devices (e.g., firewalls, routers) that secure connections with third parties are formally documented in the contract.",Evolving,Full,"GV.SC-02.01: The organization clearly defines, and includes in contractual agreements, the division of cybersecurity and technology risk management responsibilities between the organization and its third parties (e.g., a Shared Responsibilities Model).",GV.SC-02.01,GOVERN / Supply Chain Risk Management / Third Party Roles & Responsibilities
4: External Dependency Management / 2: Relationship Management / 2: Contracts,D4.RM.Co.E.2: Responsibility for notification of direct and indirect security incidents and vulnerabilities is documented in contracts or service-level agreements (SLAs).,Evolving,Full,"EX.CN-02.02: Minimum cybersecurity requirements for third-parties include requirements for incident and vulnerability notification, to include the types of events requiring notification, notification timeframes, and escalation protocols.",EX.CN-02.02,EXTEND / Third-Party Contracts and Agreements / Contract Cybersecurity-Related Requirements
4: External Dependency Management / 2: Relationship Management / 2: Contracts,D4.RM.Co.E.3: Contracts stipulate geographic limits on where data can be stored or transmitted.,Evolving,Full Summarily,"ID.AM-08.06: Minimum cybersecurity requirements for third-parties cover the entire relationship lifecycle, from the acquisition of data through the return or destruction of data, to include limitations on data use, access, storage, and geographic location.",ID.AM-08.06,IDENTIFY / Asset Management / Asset Life Cycle Management
4: External Dependency Management / 2: Relationship Management / 2: Contracts,D4.RM.Co.E.3: Contracts stipulate geographic limits on where data can be stored or transmitted.,Evolving,Full Summarily,"EX.CN-01.03: Contracts with suppliers address, as relevant to the product or service, the implications of foreign-based third or fourth parties, to include the relevance of local laws and regulations, access to facilities and data, limitations on cross-border data transfer, and language and time zone management.",EX.CN-01.03,EXTEND / Third-Party Contracts and Agreements / Contract General Requirements
4: External Dependency Management / 2: Relationship Management / 2: Contracts,D4.RM.Co.Int.1: Third-party SLAs or similar means are in place that require timely notification of security events.,Intermediate,Full,"EX.CN-02.02: Minimum cybersecurity requirements for third-parties include requirements for incident and vulnerability notification, to include the types of events requiring notification, notification timeframes, and escalation protocols.",EX.CN-02.02,EXTEND / Third-Party Contracts and Agreements / Contract Cybersecurity-Related Requirements
4: External Dependency Management / 2: Relationship Management / 2: Contracts,"D4.RM.Co.A.1: Contracts require third-party service provider’s security policies meet or
exceed those of the institution.",Advanced,Full,"EX.CN-02.01: The organization's contracts require third-parties to implement minimum technology and cybersecurity management requirements, to maintain those practices for the life of the relationship, and to provide evidence of compliance on an ongoing basis.",EX.CN-02.01,EXTEND / Third-Party Contracts and Agreements / Contract Cybersecurity-Related Requirements
4: External Dependency Management / 2: Relationship Management / 2: Contracts,D4.RM.Co.A.2: A third-party termination/exit strategy has been established and validated with management.,Advanced,Full Summarily,EX.TR-01.02: The organization periodically identifies and tests alternative solutions in case a critical external partner fails to perform as expected.,EX.TR-01.02,EXTEND / Relationship Termination / Termination Planning
4: External Dependency Management / 2: Relationship Management / 2: Contracts,D4.RM.Co.A.2: A third-party termination/exit strategy has been established and validated with management.,Advanced,Full Summarily,"EX.TR-01.03: The organization has a documented third-party termination/exit plan, to include procedures for timely removal of the third-party access, return of data and property, personnel disposition, and transition of services and support.",EX.TR-01.03,EXTEND / Relationship Termination / Termination Planning
4: External Dependency Management / 2: Relationship Management / 2: Contracts,D4.RM.Co.Inn.1: The institution promotes a sector-wide effort to influence contractual requirements for critical third parties to the industry.,Innovative,Partial,ID.RA-02.02: The organization shares authorized information on its cyber resilience framework and the effectiveness of protection technologies bilaterally with trusted external stakeholders to promote the understanding of each party’s approach to securing systems.,ID.RA-02.02,IDENTIFY / Risk Assessment / Information Sharing Forums
4: External Dependency Management / 2: Relationship Management / 3: Ongoing Monitoring,D4.RM.Om.B.1: The third-party risk assessment is updated regularly.,Baseline,Full Summarily,"EX.MM-01.01: The organization implements procedures, and allocates sufficient resources with the requisite knowledge and experience, to manage and monitor its third-party relationships to a degree and extent commensurate with the risk each third party poses to the organization and the criticality of the third party's products, services, and/or relationship to the organization.",EX.MM-01.01,EXTEND / Monitoring and Managing Suppliers / Ongoing Third-Party Monitoring
4: External Dependency Management / 2: Relationship Management / 3: Ongoing Monitoring,D4.RM.Om.B.1: The third-party risk assessment is updated regularly.,Baseline,Full Summarily,EX.MM-02.01: The organization conducts regular third-party reviews for critical vendors to validate that requisite security and contractual controls are in place and continue to be operating as expected.,EX.MM-02.01,EXTEND / Monitoring and Managing Suppliers / Ongoing Third-Party Management
4: External Dependency Management / 2: Relationship Management / 3: Ongoing Monitoring,"D4.RM.Om.B.2: Audits, assessments, and operational performance reports are obtained and reviewed regularly validating security controls for critical third parties.",Baseline,Full Summarily,"EX.MM-01.01: The organization implements procedures, and allocates sufficient resources with the requisite knowledge and experience, to manage and monitor its third-party relationships to a degree and extent commensurate with the risk each third party poses to the organization and the criticality of the third party's products, services, and/or relationship to the organization.",EX.MM-01.01,EXTEND / Monitoring and Managing Suppliers / Ongoing Third-Party Monitoring
4: External Dependency Management / 2: Relationship Management / 3: Ongoing Monitoring,"D4.RM.Om.B.2: Audits, assessments, and operational performance reports are obtained and reviewed regularly validating security controls for critical third parties.",Baseline,Full Summarily,EX.MM-02.01: The organization conducts regular third-party reviews for critical vendors to validate that requisite security and contractual controls are in place and continue to be operating as expected.,EX.MM-02.01,EXTEND / Monitoring and Managing Suppliers / Ongoing Third-Party Management
4: External Dependency Management / 2: Relationship Management / 3: Ongoing Monitoring,D4.RM.Om.B.3: Ongoing monitoring practices include reviewing critical third-parties’ resilience plans.,Baseline,Full,"EX.MM-02.02: A process is in place to confirm that the organization's critical third-party service providers maintain their business continuity programs, conduct regular resiliency testing, and participate in joint and/or bilateral recovery exercises and tests.",EX.MM-02.02,EXTEND / Monitoring and Managing Suppliers / Ongoing Third-Party Management
4: External Dependency Management / 2: Relationship Management / 3: Ongoing Monitoring,"D4.RM.Om.E.1: A process to identify new third-party relationships is in place, including identifying new relationships that were established without formal approval.",Evolving,Full,"GV.SC-04.01: The organization regularly identifies, inventories, and risk-ranks third-party relationships that are in place, and addresses any identified relationships that were established without formal approval.",GV.SC-04.01,GOVERN / Supply Chain Risk Management / Supplier Identification & Prioritization
4: External Dependency Management / 2: Relationship Management / 3: Ongoing Monitoring,D4.RM.Om.E.2: A formal program assigns responsibility for ongoing oversight of third- party access.,Evolving,Full,"PR.AA-05.04: Specific roles, responsibilities, and procedures to manage the risk of third-party access to organizational systems and facilities are defined and implemented.",PR.AA-05.04,"PROTECT / Identity Management, Authentication, and Access Control / Access Authorizations"
4: External Dependency Management / 2: Relationship Management / 3: Ongoing Monitoring,"D4.RM.Om.E.3: Monitoring of third parties is scaled, in terms of depth and frequency, according to the risk of the third parties.",Evolving,Full,"EX.MM-01.01: The organization implements procedures, and allocates sufficient resources with the requisite knowledge and experience, to manage and monitor its third-party relationships to a degree and extent commensurate with the risk each third party poses to the organization and the criticality of the third party's products, services, and/or relationship to the organization.",EX.MM-01.01,EXTEND / Monitoring and Managing Suppliers / Ongoing Third-Party Monitoring
4: External Dependency Management / 2: Relationship Management / 3: Ongoing Monitoring,D4.RM.Om.E.4: Automated reminders or ticklers are in place to identify when required third-party information needs to be obtained or analyzed.,Evolving,Partial,"EX.MM-01.01: The organization implements procedures, and allocates sufficient resources with the requisite knowledge and experience, to manage and monitor its third-party relationships to a degree and extent commensurate with the risk each third party poses to the organization and the criticality of the third party's products, services, and/or relationship to the organization.",EX.MM-01.01,EXTEND / Monitoring and Managing Suppliers / Ongoing Third-Party Monitoring
4: External Dependency Management / 2: Relationship Management / 3: Ongoing Monitoring,D4.RM.Om.Int.1: Third-party employee access to the institution's confidential data are tracked actively based on the principles of least privilege.,Intermediate,Full,DE.CM-06.02: The organization implements an explicit approval and logging process and sets up automated alerts to monitor and prevent any unauthorized access to a critical system by a third-party service provider.,DE.CM-06.02,DETECT / Continuous Monitoring / Service Provider Monitoring
4: External Dependency Management / 2: Relationship Management / 3: Ongoing Monitoring,D4.RM.Om.Int.2: Periodic on-site assessments of high-risk vendors are conducted to ensure appropriate security controls are in place.,Intermediate,Full Summarily,"EX.MM-01.01: The organization implements procedures, and allocates sufficient resources with the requisite knowledge and experience, to manage and monitor its third-party relationships to a degree and extent commensurate with the risk each third party poses to the organization and the criticality of the third party's products, services, and/or relationship to the organization.",EX.MM-01.01,EXTEND / Monitoring and Managing Suppliers / Ongoing Third-Party Monitoring
4: External Dependency Management / 2: Relationship Management / 3: Ongoing Monitoring,D4.RM.Om.Int.2: Periodic on-site assessments of high-risk vendors are conducted to ensure appropriate security controls are in place.,Intermediate,Full Summarily,EX.MM-02.01: The organization conducts regular third-party reviews for critical vendors to validate that requisite security and contractual controls are in place and continue to be operating as expected.,EX.MM-02.01,EXTEND / Monitoring and Managing Suppliers / Ongoing Third-Party Management
4: External Dependency Management / 2: Relationship Management / 3: Ongoing Monitoring,D4.RM.Om.A.1: Third-party employee access to confidential data on third-party hosted systems is tracked actively via automated reports and alerts.,Advanced,Full,DE.CM-06.02: The organization implements an explicit approval and logging process and sets up automated alerts to monitor and prevent any unauthorized access to a critical system by a third-party service provider.,DE.CM-06.02,DETECT / Continuous Monitoring / Service Provider Monitoring
4: External Dependency Management / 2: Relationship Management / 3: Ongoing Monitoring,D4.RM.Om.Inn.1: The institution is leading efforts to develop new auditable processes for ongoing monitoring of cybersecurity risks posed by third parties.,Innovative,Partial,ID.RA-02.02: The organization shares authorized information on its cyber resilience framework and the effectiveness of protection technologies bilaterally with trusted external stakeholders to promote the understanding of each party’s approach to securing systems.,ID.RA-02.02,IDENTIFY / Risk Assessment / Information Sharing Forums
5: Cyber Incident Management and Resilience / 1: Incident Resilience Planning and Strategy / 1: Planning,D5.IR.Pl.B.1: The institution has documented how it will react and respond to cyber incidents.,Baseline,Full,"ID.IM-04.01: The organization's business continuity, disaster recovery, crisis management, and response plans are in place and managed, aligned with each other, and incorporate considerations of cyber incidents.",ID.IM-04.01,IDENTIFY / Improvement / Plans Affecting Operations
5: Cyber Incident Management and Resilience / 1: Incident Resilience Planning and Strategy / 1: Planning,D5.IR.Pl.B.2: Communication channels exist to provide employees a means for reporting information security events in a timely manner.,Baseline,Full,"PR.AT-01.02: Cybersecurity awareness training includes, at a minimum, awareness of and competencies for data protection, personal data handling, compliance obligations, working with third parties, detecting cyber risks, and how to report any unusual activity or incidents.",PR.AT-01.02,PROTECT / Awareness and Training / User Awareness & Training
5: Cyber Incident Management and Resilience / 1: Incident Resilience Planning and Strategy / 1: Planning,D5.IR.Pl.B.3: Roles and responsibilities for incident response team members are defined.,Baseline,Full Summarily,"ID.IM-04.02: The organization's incident response and business continuity plans contain clearly defined roles, responsibilities, and levels of decision-making authority, and include all needed areas of participation and expertise across the organization and key third-parties.",ID.IM-04.02,IDENTIFY / Improvement / Plans Affecting Operations
5: Cyber Incident Management and Resilience / 1: Incident Resilience Planning and Strategy / 1: Planning,D5.IR.Pl.B.3: Roles and responsibilities for incident response team members are defined.,Baseline,Full Summarily,PR.AT-02.03: All personnel (employee and third party) are made aware of and are trained for their role and operational steps in response and recovery plans.,PR.AT-02.03,PROTECT / Awareness and Training / Specialized Role Awareness & Training
5: Cyber Incident Management and Resilience / 1: Incident Resilience Planning and Strategy / 1: Planning,"D5.IR.Pl.B.4: The response team includes individuals with a wide range of backgrounds and expertise, from many different areas within the institution (e.g., management, legal, public relations, as well as information technology).",Baseline,Full,"ID.IM-04.02: The organization's incident response and business continuity plans contain clearly defined roles, responsibilities, and levels of decision-making authority, and include all needed areas of participation and expertise across the organization and key third-parties.",ID.IM-04.02,IDENTIFY / Improvement / Plans Affecting Operations
5: Cyber Incident Management and Resilience / 1: Incident Resilience Planning and Strategy / 1: Planning,D5.IR.Pl.B.5: A formal backup and recovery plan exists for all critical business lines.,Baseline,Full,"GV.OC-04.04: The organization prioritizes the resilience design, planning, testing, and monitoring of systems and other key internal and external dependencies according to their criticality to the supported business functions, enterprise mission, and to the financial services sector.",GV.OC-04.04,GOVERN / Organizational Context / Stakeholder Service Expectations
5: Cyber Incident Management and Resilience / 1: Incident Resilience Planning and Strategy / 1: Planning,"D5.IR.Pl.B.6: The institution plans to use business continuity, disaster recovery, and data backup programs to recover operations following an incident.",Baseline,Full Summarily,"ID.IM-04.01: The organization's business continuity, disaster recovery, crisis management, and response plans are in place and managed, aligned with each other, and incorporate considerations of cyber incidents.",ID.IM-04.01,IDENTIFY / Improvement / Plans Affecting Operations
5: Cyber Incident Management and Resilience / 1: Incident Resilience Planning and Strategy / 1: Planning,"D5.IR.Pl.B.6: The institution plans to use business continuity, disaster recovery, and data backup programs to recover operations following an incident.",Baseline,Full Summarily,"RS.MA-01.01: The organization's response plans are in place and executed during or after an incident, to include coordination with relevant third parties and engagement of third-party incident support services.",RS.MA-01.01,RESPOND / Incident Management / Response Plan Execution
5: Cyber Incident Management and Resilience / 1: Incident Resilience Planning and Strategy / 1: Planning,"D5.IR.Pl.E.1: The remediation plan and process outlines the mitigating actions, resources, and time parameters.",Evolving,Full Summarily,"GV.OC-05.03: The organization defines objectives (e.g., Recovery Time Objective, Maximum Tolerable Downtime, Impact Tolerance) for the resumption of critical operations in alignment with business imperatives, stakeholder obligations, and critical infrastructure dependencies.",GV.OC-05.03,GOVERN / Organizational Context / Organizational Service Dependencies
5: Cyber Incident Management and Resilience / 1: Incident Resilience Planning and Strategy / 1: Planning,"D5.IR.Pl.E.1: The remediation plan and process outlines the mitigating actions, resources, and time parameters.",Evolving,Full Summarily,"GV.OC-05.04: Recovery point objectives to support data integrity are consistent with the organization's recovery time objectives, information flow dependencies between systems, and business obligations.",GV.OC-05.04,GOVERN / Organizational Context / Organizational Service Dependencies
5: Cyber Incident Management and Resilience / 1: Incident Resilience Planning and Strategy / 1: Planning,"D5.IR.Pl.E.1: The remediation plan and process outlines the mitigating actions, resources, and time parameters.",Evolving,Full Summarily,"ID.IM-04.03: Recovery plans include service resumption steps for all operating environments, including traditional, alternate recovery, and highly available (e.g., cloud) infrastructures.",ID.IM-04.03,IDENTIFY / Improvement / Plans Affecting Operations
5: Cyber Incident Management and Resilience / 1: Incident Resilience Planning and Strategy / 1: Planning,"D5.IR.Pl.E.1: The remediation plan and process outlines the mitigating actions, resources, and time parameters.",Evolving,Full Summarily,"ID.IM-04.05: Recovery plans include restoration of resilience following a long term loss of capability (e.g., at an alternate site or a third-party), detailing when the plan should be activated and implementation steps.",ID.IM-04.05,IDENTIFY / Improvement / Plans Affecting Operations
5: Cyber Incident Management and Resilience / 1: Incident Resilience Planning and Strategy / 1: Planning,"D5.IR.Pl.E.2: The corporate disaster recovery, business continuity, and crisis management plans have integrated consideration of cyber incidents.",Evolving,Full,"ID.IM-04.01: The organization's business continuity, disaster recovery, crisis management, and response plans are in place and managed, aligned with each other, and incorporate considerations of cyber incidents.",ID.IM-04.01,IDENTIFY / Improvement / Plans Affecting Operations
5: Cyber Incident Management and Resilience / 1: Incident Resilience Planning and Strategy / 1: Planning,D5.IR.Pl.E.3: Alternative processes have been established to continue critical activity within a reasonable time period.,Evolving,Full Summarily,"ID.IM-04.03: Recovery plans include service resumption steps for all operating environments, including traditional, alternate recovery, and highly available (e.g., cloud) infrastructures.",ID.IM-04.03,IDENTIFY / Improvement / Plans Affecting Operations
5: Cyber Incident Management and Resilience / 1: Incident Resilience Planning and Strategy / 1: Planning,D5.IR.Pl.E.3: Alternative processes have been established to continue critical activity within a reasonable time period.,Evolving,Full Summarily,"RC.RP-02.02: Recovery plans are executed by first resuming critical services and core business functions, while minimizing any potential concurrent and widespread interruptions to interconnected entities and critical infrastructure, such as energy and telecommunications.",RC.RP-02.02,RECOVER / Incident Recovery Plan Execution / Recovery Action Performance
5: Cyber Incident Management and Resilience / 1: Incident Resilience Planning and Strategy / 1: Planning,D5.IR.Pl.E.4: Business impact analyses have been updated to include cybersecurity.,Evolving,Full Summarily,"ID.RA-06.04: The organization assesses the threats, impacts, and risks that could adversely affect the organization's ability to provide services on an ongoing basis, and develops its resilience requirements and plans to address those risks.",ID.RA-06.04,IDENTIFY / Risk Assessment / Risk Response Determination
5: Cyber Incident Management and Resilience / 1: Incident Resilience Planning and Strategy / 1: Planning,D5.IR.Pl.E.4: Business impact analyses have been updated to include cybersecurity.,Evolving,Full Summarily,"ID.IM-04.01: The organization's business continuity, disaster recovery, crisis management, and response plans are in place and managed, aligned with each other, and incorporate considerations of cyber incidents.",ID.IM-04.01,IDENTIFY / Improvement / Plans Affecting Operations
5: Cyber Incident Management and Resilience / 1: Incident Resilience Planning and Strategy / 1: Planning,"D5.IR.Pl.E.5: Due diligence has been performed on technical sources, consultants, or forensic service firms that could be called to assist the institution during or following an incident.",Evolving,Full,"ID.IM-04.07: The organization pre-identifies, pre-qualifies, and retains third party incident management support and forensic service firms, as required, that can be called upon to quickly assist with incident response, investigation, and recovery.",ID.IM-04.07,IDENTIFY / Improvement / Plans Affecting Operations
5: Cyber Incident Management and Resilience / 1: Incident Resilience Planning and Strategy / 1: Planning,D5.IR.Pl.Int.1: A strategy is in place to coordinate and communicate with internal and external stakeholders during or following a cyber attack.,Intermediate,Full Summarily,"GV.SC-08.01: The organization's resilience strategy, plans, tests, and exercises incorporate its external dependencies and critical business partners.",GV.SC-08.01,GOVERN / Supply Chain Risk Management / Third Party Incident Management Integration
5: Cyber Incident Management and Resilience / 1: Incident Resilience Planning and Strategy / 1: Planning,D5.IR.Pl.Int.1: A strategy is in place to coordinate and communicate with internal and external stakeholders during or following a cyber attack.,Intermediate,Full Summarily,"DE.AE-06.01: The organization has established processes and protocols to communicate, alert, and regularly report potential cyber attacks and incident information, including its corresponding analysis and cyber threat intelligence, to authorized internal and external stakeholders.",DE.AE-06.01,DETECT / Adverse Event Analysis / Event Information Sharing
5: Cyber Incident Management and Resilience / 1: Incident Resilience Planning and Strategy / 1: Planning,D5.IR.Pl.Int.1: A strategy is in place to coordinate and communicate with internal and external stakeholders during or following a cyber attack.,Intermediate,Full Summarily,"RS.CO-02.03: The organization maintains and regularly tests incident response communication procedures, with associated contact lists, call trees, and automatic notifications, to quickly coordinate and communicate with internal and external stakeholders during or following an incident.",RS.CO-02.03,RESPOND / Incident Response Reporting and Communication / Stakeholder Incident Notification
5: Cyber Incident Management and Resilience / 1: Incident Resilience Planning and Strategy / 1: Planning,D5.IR.Pl.Int.2: Plans are in place to re-route or substitute critical functions and/or services that may be affected by a successful attack on Internet-facing systems.,Intermediate,Full Summarily,"GV.OC-04.04: The organization prioritizes the resilience design, planning, testing, and monitoring of systems and other key internal and external dependencies according to their criticality to the supported business functions, enterprise mission, and to the financial services sector.",GV.OC-04.04,GOVERN / Organizational Context / Stakeholder Service Expectations
5: Cyber Incident Management and Resilience / 1: Incident Resilience Planning and Strategy / 1: Planning,D5.IR.Pl.Int.2: Plans are in place to re-route or substitute critical functions and/or services that may be affected by a successful attack on Internet-facing systems.,Intermediate,Full Summarily,"GV.RM-09.02: The resilience program ensures that the organization can continue operating critical business functions and deliver services to stakeholders, to include critical infrastructure partners, during adverse incidents and cyber attacks (e.g., propagation of malware or extended system outages).",GV.RM-09.02,GOVERN / Risk Management Strategy  / Business Continuity & Resilience Risk Management
5: Cyber Incident Management and Resilience / 1: Incident Resilience Planning and Strategy / 1: Planning,D5.IR.Pl.Int.2: Plans are in place to re-route or substitute critical functions and/or services that may be affected by a successful attack on Internet-facing systems.,Intermediate,Full Summarily,"RC.RP-02.02: Recovery plans are executed by first resuming critical services and core business functions, while minimizing any potential concurrent and widespread interruptions to interconnected entities and critical infrastructure, such as energy and telecommunications.",RC.RP-02.02,RECOVER / Incident Recovery Plan Execution / Recovery Action Performance
5: Cyber Incident Management and Resilience / 1: Incident Resilience Planning and Strategy / 1: Planning,D5.IR.Pl.Int.3: A direct cooperative or contractual agreement(s) is in place with an incident response organization(s) or provider(s) to assist rapidly with mitigation efforts.,Intermediate,Full Summarily,"ID.IM-04.07: The organization pre-identifies, pre-qualifies, and retains third party incident management support and forensic service firms, as required, that can be called upon to quickly assist with incident response, investigation, and recovery.",ID.IM-04.07,IDENTIFY / Improvement / Plans Affecting Operations
5: Cyber Incident Management and Resilience / 1: Incident Resilience Planning and Strategy / 1: Planning,D5.IR.Pl.Int.3: A direct cooperative or contractual agreement(s) is in place with an incident response organization(s) or provider(s) to assist rapidly with mitigation efforts.,Intermediate,Full Summarily,"RS.CO-03.02: In the event of an incident, the organization shares authorized information, in a defined manner and through trusted channels, to facilitate the detection, response, resumption and recovery of its own systems and those of other partners and critical sector participants.",RS.CO-03.02,RESPOND / Incident Response Reporting and Communication / Stakeholder Incident Information Sharing
5: Cyber Incident Management and Resilience / 1: Incident Resilience Planning and Strategy / 1: Planning,D5.IR.Pl.Int.3: A direct cooperative or contractual agreement(s) is in place with an incident response organization(s) or provider(s) to assist rapidly with mitigation efforts.,Intermediate,Full Summarily,"RS.MI-01.01: The organization has established processes to implement vulnerability mitigation plans, involve third-party partners and outside expertise as needed, and contain incidents in a timely manner.",RS.MI-01.01,RESPOND / Incident Mitigation / Incident Containment
5: Cyber Incident Management and Resilience / 1: Incident Resilience Planning and Strategy / 1: Planning,D5.IR.Pl.Int.4: Lessons learned from real-life cyber incidents and attacks on the institution and other organizations are used to improve the institution’s risk mitigation capabilities and response plan.,Intermediate,Full Summarily,"ID.IM-03.01: A formal process is in place to improve protection controls and processes by integrating recommendations, findings, and lessons learned from exercises, testing, audits, assessments, and incidents.",ID.IM-03.01,IDENTIFY / Improvement / Improvements from Lessons Learned
5: Cyber Incident Management and Resilience / 1: Incident Resilience Planning and Strategy / 1: Planning,D5.IR.Pl.Int.4: Lessons learned from real-life cyber incidents and attacks on the institution and other organizations are used to improve the institution’s risk mitigation capabilities and response plan.,Intermediate,Full Summarily,"ID.IM-04.08: The organization regularly reviews response strategy, incident management plans, recovery plans, and associated tests and exercises and updates them, as necessary, based on:
(1) Lessons learned from incidents that have occurred (both internal and external to the organization);
(2) Current cyber threat intelligence (both internal and external sources);
(3) Recent and wide-scale cyber attack scenarios;
(4) Operationally and technically plausible future cyber attacks;
(5) Organizational or technical environment changes; and,
(6) New technological developments.",ID.IM-04.08,IDENTIFY / Improvement / Plans Affecting Operations
5: Cyber Incident Management and Resilience / 1: Incident Resilience Planning and Strategy / 1: Planning,"D5.IR.Pl.A.1: Methods for responding to and recovering from cyber incidents are tightly woven throughout the business units’ disaster recovery, business continuity, and crisis management plans.",Advanced,Full Summarily,"GV.RM-09.01: The organization has an enterprise-wide resilience strategy and program, including architecture, cyber resilience, business continuity, disaster recovery, and incident response, which support its mission, stakeholder obligations, critical infrastructure role, and risk appetite.",GV.RM-09.01,GOVERN / Risk Management Strategy  / Business Continuity & Resilience Risk Management
5: Cyber Incident Management and Resilience / 1: Incident Resilience Planning and Strategy / 1: Planning,"D5.IR.Pl.A.1: Methods for responding to and recovering from cyber incidents are tightly woven throughout the business units’ disaster recovery, business continuity, and crisis management plans.",Advanced,Full Summarily,"GV.RM-09.02: The resilience program ensures that the organization can continue operating critical business functions and deliver services to stakeholders, to include critical infrastructure partners, during adverse incidents and cyber attacks (e.g., propagation of malware or extended system outages).",GV.RM-09.02,GOVERN / Risk Management Strategy  / Business Continuity & Resilience Risk Management
5: Cyber Incident Management and Resilience / 1: Incident Resilience Planning and Strategy / 1: Planning,"D5.IR.Pl.A.1: Methods for responding to and recovering from cyber incidents are tightly woven throughout the business units’ disaster recovery, business continuity, and crisis management plans.",Advanced,Full Summarily,"ID.IM-04.01: The organization's business continuity, disaster recovery, crisis management, and response plans are in place and managed, aligned with each other, and incorporate considerations of cyber incidents.",ID.IM-04.01,IDENTIFY / Improvement / Plans Affecting Operations
5: Cyber Incident Management and Resilience / 1: Incident Resilience Planning and Strategy / 1: Planning,"D5.IR.Pl.A.2: Multiple systems, programs, or processes are implemented into a comprehensive cyber resilience program to sustain, minimize, and recover operations from an array of potentially disruptive and destructive cyber incidents.",Advanced,Full Summarily,"GV.RM-09.01: The organization has an enterprise-wide resilience strategy and program, including architecture, cyber resilience, business continuity, disaster recovery, and incident response, which support its mission, stakeholder obligations, critical infrastructure role, and risk appetite.",GV.RM-09.01,GOVERN / Risk Management Strategy  / Business Continuity & Resilience Risk Management
5: Cyber Incident Management and Resilience / 1: Incident Resilience Planning and Strategy / 1: Planning,"D5.IR.Pl.A.2: Multiple systems, programs, or processes are implemented into a comprehensive cyber resilience program to sustain, minimize, and recover operations from an array of potentially disruptive and destructive cyber incidents.",Advanced,Full Summarily,"ID.IM-04.01: The organization's business continuity, disaster recovery, crisis management, and response plans are in place and managed, aligned with each other, and incorporate considerations of cyber incidents.",ID.IM-04.01,IDENTIFY / Improvement / Plans Affecting Operations
5: Cyber Incident Management and Resilience / 1: Incident Resilience Planning and Strategy / 1: Planning,D5.IR.Pl.A.3: A process is in place to continuously improve the resilience plan.,Advanced,Full Summarily,"ID.IM-04.08: The organization regularly reviews response strategy, incident management plans, recovery plans, and associated tests and exercises and updates them, as necessary, based on:
(1) Lessons learned from incidents that have occurred (both internal and external to the organization);
(2) Current cyber threat intelligence (both internal and external sources);
(3) Recent and wide-scale cyber attack scenarios;
(4) Operationally and technically plausible future cyber attacks;
(5) Organizational or technical environment changes; and,
(6) New technological developments.",ID.IM-04.08,IDENTIFY / Improvement / Plans Affecting Operations
5: Cyber Incident Management and Resilience / 1: Incident Resilience Planning and Strategy / 1: Planning,"D5.IR.Pl.Inn.1: The incident response plan is designed to ensure recovery from disruption of services, assurance of data integrity, and recovery of lost or corrupted data following a cybersecurity incident.",Innovative,Full Summarily,"GV.OC-04.04: The organization prioritizes the resilience design, planning, testing, and monitoring of systems and other key internal and external dependencies according to their criticality to the supported business functions, enterprise mission, and to the financial services sector.",GV.OC-04.04,GOVERN / Organizational Context / Stakeholder Service Expectations
5: Cyber Incident Management and Resilience / 1: Incident Resilience Planning and Strategy / 1: Planning,"D5.IR.Pl.Inn.1: The incident response plan is designed to ensure recovery from disruption of services, assurance of data integrity, and recovery of lost or corrupted data following a cybersecurity incident.",Innovative,Full Summarily,"ID.IM-02.05: The organization establishes testing programs that include a range of scenarios, including severe but plausible scenarios (e.g., disruptive, destructive, corruptive), that could affect the organization's ability to service internal and external stakeholders.",ID.IM-02.05,IDENTIFY / Improvement / Tests & Exercises
5: Cyber Incident Management and Resilience / 1: Incident Resilience Planning and Strategy / 1: Planning,"D5.IR.Pl.Inn.1: The incident response plan is designed to ensure recovery from disruption of services, assurance of data integrity, and recovery of lost or corrupted data following a cybersecurity incident.",Innovative,Full Summarily,"ID.IM-02.06: The organization designs and tests its systems and processes, and employs third-party support resources (e.g., Sheltered Harbor), to enable recovery of accurate data (e.g., material financial transactions) sufficient to support defined business recovery time and recovery point objectives.",ID.IM-02.06,IDENTIFY / Improvement / Tests & Exercises
5: Cyber Incident Management and Resilience / 1: Incident Resilience Planning and Strategy / 1: Planning,D5.IR.Pl.Inn.2: The incident response process includes detailed actions and rule- based triggers for automated response.,Innovative,Full,"DE.AE-02.02: The organization establishes, documents, and regularly reviews event alert parameters and thresholds, as well as rule-based triggers to support automated responses, when known attack patterns, signatures or behaviors are detected.",DE.AE-02.02,DETECT / Adverse Event Analysis / Potentially Adverse Event Analysis
5: Cyber Incident Management and Resilience / 1: Incident Resilience Planning and Strategy / 2: Testing,D5.IR.Te.B.1: Scenarios are used to improve incident detection and response.,Baseline,Full Summarily,"ID.RA-05.04: The organization uses scenario planning, table-top-exercises, or similar event analysis techniques to identify vulnerabilities and determine potential impacts to critical infrastructure, technology, and business processes.",ID.RA-05.04,IDENTIFY / Risk Assessment / Risk Exposure Determination & Prioritization
5: Cyber Incident Management and Resilience / 1: Incident Resilience Planning and Strategy / 2: Testing,D5.IR.Te.B.1: Scenarios are used to improve incident detection and response.,Baseline,Full Summarily,"ID.IM-02.05: The organization establishes testing programs that include a range of scenarios, including severe but plausible scenarios (e.g., disruptive, destructive, corruptive), that could affect the organization's ability to service internal and external stakeholders.",ID.IM-02.05,IDENTIFY / Improvement / Tests & Exercises
5: Cyber Incident Management and Resilience / 1: Incident Resilience Planning and Strategy / 2: Testing,D5.IR.Te.B.2: Business continuity testing involves collaboration with critical third parties.,Baseline,Full Summarily,"GV.SC-08.01: The organization's resilience strategy, plans, tests, and exercises incorporate its external dependencies and critical business partners.",GV.SC-08.01,GOVERN / Supply Chain Risk Management / Third Party Incident Management Integration
5: Cyber Incident Management and Resilience / 1: Incident Resilience Planning and Strategy / 2: Testing,D5.IR.Te.B.2: Business continuity testing involves collaboration with critical third parties.,Baseline,Full Summarily,"EX.MM-02.02: A process is in place to confirm that the organization's critical third-party service providers maintain their business continuity programs, conduct regular resiliency testing, and participate in joint and/or bilateral recovery exercises and tests.",EX.MM-02.02,EXTEND / Monitoring and Managing Suppliers / Ongoing Third-Party Management
5: Cyber Incident Management and Resilience / 1: Incident Resilience Planning and Strategy / 2: Testing,"D5.IR.Te.B.3: Systems, applications, and data recovery is tested at least annually.",Baseline,Full Summarily,"ID.IM-02.04: The organization's testing program validates the effectiveness of its resilience strategy and response, disaster recovery, and resumption plans on a regular basis or upon major changes to business or system functions, and includes external stakeholders as required.",ID.IM-02.04,IDENTIFY / Improvement / Tests & Exercises
5: Cyber Incident Management and Resilience / 1: Incident Resilience Planning and Strategy / 2: Testing,"D5.IR.Te.B.3: Systems, applications, and data recovery is tested at least annually.",Baseline,Full Summarily,"ID.IM-02.06: The organization designs and tests its systems and processes, and employs third-party support resources (e.g., Sheltered Harbor), to enable recovery of accurate data (e.g., material financial transactions) sufficient to support defined business recovery time and recovery point objectives.",ID.IM-02.06,IDENTIFY / Improvement / Tests & Exercises
5: Cyber Incident Management and Resilience / 1: Incident Resilience Planning and Strategy / 2: Testing,"D5.IR.Te.B.3: Systems, applications, and data recovery is tested at least annually.",Baseline,Full Summarily,"PR.DS-11.01: The organization defines and implements standards and procedures for configuring and performing backups and data replications, including defining backup requirements by data/application/infrastructure criticality, segregating (e.g., air-gapping) and securing backups, verifying backup integrity, and performing backup restoration testing.",PR.DS-11.01,PROTECT / Data Security / Data Backup
5: Cyber Incident Management and Resilience / 1: Incident Resilience Planning and Strategy / 2: Testing,"D5.IR.Te.E.1: Recovery scenarios include plans to recover from data destruction and impacts to data integrity, data loss, and system and data availability.",Evolving,Full Summarily,"GV.OC-05.04: Recovery point objectives to support data integrity are consistent with the organization's recovery time objectives, information flow dependencies between systems, and business obligations.",GV.OC-05.04,GOVERN / Organizational Context / Organizational Service Dependencies
5: Cyber Incident Management and Resilience / 1: Incident Resilience Planning and Strategy / 2: Testing,"D5.IR.Te.E.1: Recovery scenarios include plans to recover from data destruction and impacts to data integrity, data loss, and system and data availability.",Evolving,Full Summarily,"ID.IM-02.05: The organization establishes testing programs that include a range of scenarios, including severe but plausible scenarios (e.g., disruptive, destructive, corruptive), that could affect the organization's ability to service internal and external stakeholders.",ID.IM-02.05,IDENTIFY / Improvement / Tests & Exercises
5: Cyber Incident Management and Resilience / 1: Incident Resilience Planning and Strategy / 2: Testing,"D5.IR.Te.E.1: Recovery scenarios include plans to recover from data destruction and impacts to data integrity, data loss, and system and data availability.",Evolving,Full Summarily,"ID.IM-02.06: The organization designs and tests its systems and processes, and employs third-party support resources (e.g., Sheltered Harbor), to enable recovery of accurate data (e.g., material financial transactions) sufficient to support defined business recovery time and recovery point objectives.",ID.IM-02.06,IDENTIFY / Improvement / Tests & Exercises
5: Cyber Incident Management and Resilience / 1: Incident Resilience Planning and Strategy / 2: Testing,D5.IR.Te.E.2: Widely reported events are used to evaluate and improve the institution's response.,Evolving,Full Summarily,"ID.IM-04.08: The organization regularly reviews response strategy, incident management plans, recovery plans, and associated tests and exercises and updates them, as necessary, based on:
(1) Lessons learned from incidents that have occurred (both internal and external to the organization);
(2) Current cyber threat intelligence (both internal and external sources);
(3) Recent and wide-scale cyber attack scenarios;
(4) Operationally and technically plausible future cyber attacks;
(5) Organizational or technical environment changes; and,
(6) New technological developments.",ID.IM-04.08,IDENTIFY / Improvement / Plans Affecting Operations
5: Cyber Incident Management and Resilience / 1: Incident Resilience Planning and Strategy / 2: Testing,D5.IR.Te.E.3: Information backups are tested periodically to verify they are accessible and readable.,Evolving,Full Summarily,"ID.IM-02.06: The organization designs and tests its systems and processes, and employs third-party support resources (e.g., Sheltered Harbor), to enable recovery of accurate data (e.g., material financial transactions) sufficient to support defined business recovery time and recovery point objectives.",ID.IM-02.06,IDENTIFY / Improvement / Tests & Exercises
5: Cyber Incident Management and Resilience / 1: Incident Resilience Planning and Strategy / 2: Testing,D5.IR.Te.E.3: Information backups are tested periodically to verify they are accessible and readable.,Evolving,Full Summarily,"PR.DS-11.01: The organization defines and implements standards and procedures for configuring and performing backups and data replications, including defining backup requirements by data/application/infrastructure criticality, segregating (e.g., air-gapping) and securing backups, verifying backup integrity, and performing backup restoration testing.",PR.DS-11.01,PROTECT / Data Security / Data Backup
5: Cyber Incident Management and Resilience / 1: Incident Resilience Planning and Strategy / 2: Testing,D5.IR.Te.Int.1: Cyber-attack scenarios are analyzed to determine potential impact to critical business processes.,Intermediate,Full,"ID.RA-05.04: The organization uses scenario planning, table-top-exercises, or similar event analysis techniques to identify vulnerabilities and determine potential impacts to critical infrastructure, technology, and business processes.",ID.RA-05.04,IDENTIFY / Risk Assessment / Risk Exposure Determination & Prioritization
5: Cyber Incident Management and Resilience / 1: Incident Resilience Planning and Strategy / 2: Testing,"D5.IR.Te.Int.2: The institution participates in sector-specific cyber exercises or scenarios (e.g., FS-ISAC Cyber Attack (against) Payment Processors (CAPP)).",Intermediate,Full,"ID.IM-02.08: The organization tests and exercises, independently and in coordination with other critical sector partners, its ability to support sector-wide resilience in the event of extreme financial stress or the instability of external dependencies, such as connectivity to markets, payment systems, clearing entities, messaging services, etc.",ID.IM-02.08,IDENTIFY / Improvement / Tests & Exercises
5: Cyber Incident Management and Resilience / 1: Incident Resilience Planning and Strategy / 2: Testing,D5.IR.Te.Int.3: Resilience testing is based on analysis and identification of realistic and highly likely threats as well as new and emerging threats facing the institution.,Intermediate,Full Summarily,"ID.IM-02.05: The organization establishes testing programs that include a range of scenarios, including severe but plausible scenarios (e.g., disruptive, destructive, corruptive), that could affect the organization's ability to service internal and external stakeholders.",ID.IM-02.05,IDENTIFY / Improvement / Tests & Exercises
5: Cyber Incident Management and Resilience / 1: Incident Resilience Planning and Strategy / 2: Testing,D5.IR.Te.Int.3: Resilience testing is based on analysis and identification of realistic and highly likely threats as well as new and emerging threats facing the institution.,Intermediate,Full Summarily,"ID.IM-04.08: The organization regularly reviews response strategy, incident management plans, recovery plans, and associated tests and exercises and updates them, as necessary, based on:
(1) Lessons learned from incidents that have occurred (both internal and external to the organization);
(2) Current cyber threat intelligence (both internal and external sources);
(3) Recent and wide-scale cyber attack scenarios;
(4) Operationally and technically plausible future cyber attacks;
(5) Organizational or technical environment changes; and,
(6) New technological developments.",ID.IM-04.08,IDENTIFY / Improvement / Plans Affecting Operations
5: Cyber Incident Management and Resilience / 1: Incident Resilience Planning and Strategy / 2: Testing,"D5.IR.Te.Int.4: The critical online systems and processes are tested to withstand stresses for extended periods (e.g., DDoS).",Intermediate,Full Summarily,"GV.RM-09.02: The resilience program ensures that the organization can continue operating critical business functions and deliver services to stakeholders, to include critical infrastructure partners, during adverse incidents and cyber attacks (e.g., propagation of malware or extended system outages).",GV.RM-09.02,GOVERN / Risk Management Strategy  / Business Continuity & Resilience Risk Management
5: Cyber Incident Management and Resilience / 1: Incident Resilience Planning and Strategy / 2: Testing,"D5.IR.Te.Int.4: The critical online systems and processes are tested to withstand stresses for extended periods (e.g., DDoS).",Intermediate,Full Summarily,"PR.IR-01.03: The integrity and resilience of the organization's communications and control network services are enhanced through controls such as denial of service protections, secure name/address resolution, and/or alternate communications paths.",PR.IR-01.03,PROTECT / Technology Infrastructure Resilience / Logical Access Protections
5: Cyber Incident Management and Resilience / 1: Incident Resilience Planning and Strategy / 2: Testing,D5.IR.Te.Int.5: The results of cyber event exercises are used to improve the incident response plan and automated triggers.,Intermediate,Full Summarily,"ID.IM-03.02: The organization establishes a systematic and comprehensive program to regularly evaluate and improve its monitoring and detection processes and controls as the threat environment changes, tools and techniques evolve, and lessons are learned.",ID.IM-03.02,IDENTIFY / Improvement / Improvements from Lessons Learned
5: Cyber Incident Management and Resilience / 1: Incident Resilience Planning and Strategy / 2: Testing,D5.IR.Te.Int.5: The results of cyber event exercises are used to improve the incident response plan and automated triggers.,Intermediate,Full Summarily,"ID.IM-04.08: The organization regularly reviews response strategy, incident management plans, recovery plans, and associated tests and exercises and updates them, as necessary, based on:
(1) Lessons learned from incidents that have occurred (both internal and external to the organization);
(2) Current cyber threat intelligence (both internal and external sources);
(3) Recent and wide-scale cyber attack scenarios;
(4) Operationally and technically plausible future cyber attacks;
(5) Organizational or technical environment changes; and,
(6) New technological developments.",ID.IM-04.08,IDENTIFY / Improvement / Plans Affecting Operations
5: Cyber Incident Management and Resilience / 1: Incident Resilience Planning and Strategy / 2: Testing,D5.IR.Te.A.1: Resilience testing is comprehensive and coordinated across all critical business functions.,Advanced,Full Summarily,"ID.IM-02.04: The organization's testing program validates the effectiveness of its resilience strategy and response, disaster recovery, and resumption plans on a regular basis or upon major changes to business or system functions, and includes external stakeholders as required.",ID.IM-02.04,IDENTIFY / Improvement / Tests & Exercises
5: Cyber Incident Management and Resilience / 1: Incident Resilience Planning and Strategy / 2: Testing,D5.IR.Te.A.1: Resilience testing is comprehensive and coordinated across all critical business functions.,Advanced,Full Summarily,"ID.IM-02.05: The organization establishes testing programs that include a range of scenarios, including severe but plausible scenarios (e.g., disruptive, destructive, corruptive), that could affect the organization's ability to service internal and external stakeholders.",ID.IM-02.05,IDENTIFY / Improvement / Tests & Exercises
5: Cyber Incident Management and Resilience / 1: Incident Resilience Planning and Strategy / 2: Testing,D5.IR.Te.A.1: Resilience testing is comprehensive and coordinated across all critical business functions.,Advanced,Full Summarily,"ID.IM-02.07: The organization's governing body (e.g., the Board or one of its committees) and senior management are involved in testing as part of a crisis management team and are informed of test results.",ID.IM-02.07,IDENTIFY / Improvement / Tests & Exercises
5: Cyber Incident Management and Resilience / 1: Incident Resilience Planning and Strategy / 2: Testing,D5.IR.Te.A.1: Resilience testing is comprehensive and coordinated across all critical business functions.,Advanced,Full Summarily,"ID.IM-02.08: The organization tests and exercises, independently and in coordination with other critical sector partners, its ability to support sector-wide resilience in the event of extreme financial stress or the instability of external dependencies, such as connectivity to markets, payment systems, clearing entities, messaging services, etc.",ID.IM-02.08,IDENTIFY / Improvement / Tests & Exercises
5: Cyber Incident Management and Resilience / 1: Incident Resilience Planning and Strategy / 2: Testing,D5.IR.Te.A.2: The institution validates that it is able to recover from cyber events similar to by known sophisticated attacks at other organizations.,Advanced,Full,"ID.IM-04.08: The organization regularly reviews response strategy, incident management plans, recovery plans, and associated tests and exercises and updates them, as necessary, based on:
(1) Lessons learned from incidents that have occurred (both internal and external to the organization);
(2) Current cyber threat intelligence (both internal and external sources);
(3) Recent and wide-scale cyber attack scenarios;
(4) Operationally and technically plausible future cyber attacks;
(5) Organizational or technical environment changes; and,
(6) New technological developments.",ID.IM-04.08,IDENTIFY / Improvement / Plans Affecting Operations
5: Cyber Incident Management and Resilience / 1: Incident Resilience Planning and Strategy / 2: Testing,D5.IR.Te.A.3: Incident response testing evaluates the institution from an attacker's perspective to determine how the institution or its assets at critical third parties may be targeted.,Advanced,Full Summarily,"ID.RA-05.02: The organization has established threat modeling capabilities to identify how and why critical assets might be compromised by a threat actor, what level of protection is needed for those critical assets, and what the impact would be if that protection failed.",ID.RA-05.02,IDENTIFY / Risk Assessment / Risk Exposure Determination & Prioritization
5: Cyber Incident Management and Resilience / 1: Incident Resilience Planning and Strategy / 2: Testing,D5.IR.Te.A.3: Incident response testing evaluates the institution from an attacker's perspective to determine how the institution or its assets at critical third parties may be targeted.,Advanced,Full Summarily,"ID.IM-02.01: The organization conducts regular, independent penetration testing and red team testing on the organization's network, internet-facing systems, critical applications, and associated controls to identify gaps in cybersecurity defenses.",ID.IM-02.01,IDENTIFY / Improvement / Tests & Exercises
5: Cyber Incident Management and Resilience / 1: Incident Resilience Planning and Strategy / 2: Testing,D5.IR.Te.A.4: The institution corrects root causes for problems discovered during cybersecurity resilience testing.,Advanced,Full,"ID.RA-07.04: Policy exceptions, risk mitigation plans, and risk acceptances resulting from assessments and evaluations, such as testing, exercises, audits, etc., are formally managed, approved, escalated to defined levels of management, and tracked to closure.",ID.RA-07.04,IDENTIFY / Risk Assessment / Change & Exception Management
5: Cyber Incident Management and Resilience / 1: Incident Resilience Planning and Strategy / 2: Testing,D5.IR.Te.A.5: Cybersecurity incident scenarios involving significant financial loss are used to stress test the institution's risk management.,Advanced,Full Summarily,"ID.RA-05.04: The organization uses scenario planning, table-top-exercises, or similar event analysis techniques to identify vulnerabilities and determine potential impacts to critical infrastructure, technology, and business processes.",ID.RA-05.04,IDENTIFY / Risk Assessment / Risk Exposure Determination & Prioritization
5: Cyber Incident Management and Resilience / 1: Incident Resilience Planning and Strategy / 2: Testing,D5.IR.Te.A.5: Cybersecurity incident scenarios involving significant financial loss are used to stress test the institution's risk management.,Advanced,Full Summarily,"ID.IM-02.08: The organization tests and exercises, independently and in coordination with other critical sector partners, its ability to support sector-wide resilience in the event of extreme financial stress or the instability of external dependencies, such as connectivity to markets, payment systems, clearing entities, messaging services, etc.",ID.IM-02.08,IDENTIFY / Improvement / Tests & Exercises
5: Cyber Incident Management and Resilience / 1: Incident Resilience Planning and Strategy / 2: Testing,D5.IR.Te.Inn.1: The institution tests the ability to shift business processes or functions between different processing centers or technology systems for cyber incidents without interruption to business or loss of productivity or data.,Innovative,Full Summarily,"ID.IM-04.03: Recovery plans include service resumption steps for all operating environments, including traditional, alternate recovery, and highly available (e.g., cloud) infrastructures.",ID.IM-04.03,IDENTIFY / Improvement / Plans Affecting Operations
5: Cyber Incident Management and Resilience / 1: Incident Resilience Planning and Strategy / 2: Testing,D5.IR.Te.Inn.1: The institution tests the ability to shift business processes or functions between different processing centers or technology systems for cyber incidents without interruption to business or loss of productivity or data.,Innovative,Full Summarily,"PR.IR-03.01: The organization implements mechanisms (e.g., failsafe, load balancing, hot swaps, redundant equipment, alternate services, backup facilities, etc.) to achieve resilience requirements in normal and adverse situations.",PR.IR-03.01,PROTECT / Technology Infrastructure Resilience / Resilience Measures
5: Cyber Incident Management and Resilience / 1: Incident Resilience Planning and Strategy / 2: Testing,D5.IR.Te.Inn.2: The institution has validated that it is able to remediate systems damaged by zero-day attacks to maintain current recovery time objectives.,Innovative,Full Summarily,"RS.AN-06.01: The organization establishes a risk-based approach and procedures for quarantining systems, conducting investigations, and collecting and preserving evidence per best practices and forensic standards.",RS.AN-06.01,RESPOND / Incident Analysis / Investigation Documentation
5: Cyber Incident Management and Resilience / 1: Incident Resilience Planning and Strategy / 2: Testing,D5.IR.Te.Inn.2: The institution has validated that it is able to remediate systems damaged by zero-day attacks to maintain current recovery time objectives.,Innovative,Full Summarily,"RC.RP-05.01: The organization maintains documented procedures for sanitizing, testing, authorizing, and returning systems to service following an incident or investigation.",RC.RP-05.01,RECOVER / Incident Recovery Plan Execution / Asset Integrity Restoration
5: Cyber Incident Management and Resilience / 1: Incident Resilience Planning and Strategy / 2: Testing,D5.IR.Te.Inn.3: The institution is leading the development of more realistic test environments.,Innovative,Partial,"ID.IM-04.08: The organization regularly reviews response strategy, incident management plans, recovery plans, and associated tests and exercises and updates them, as necessary, based on:
(1) Lessons learned from incidents that have occurred (both internal and external to the organization);
(2) Current cyber threat intelligence (both internal and external sources);
(3) Recent and wide-scale cyber attack scenarios;
(4) Operationally and technically plausible future cyber attacks;
(5) Organizational or technical environment changes; and,
(6) New technological developments.",ID.IM-04.08,IDENTIFY / Improvement / Plans Affecting Operations
5: Cyber Incident Management and Resilience / 1: Incident Resilience Planning and Strategy / 2: Testing,D5.IR.Te.Inn.4: Cyber incident scenarios are used to stress test potential financial losses across the sector.,Innovative,Full,"ID.IM-02.08: The organization tests and exercises, independently and in coordination with other critical sector partners, its ability to support sector-wide resilience in the event of extreme financial stress or the instability of external dependencies, such as connectivity to markets, payment systems, clearing entities, messaging services, etc.",ID.IM-02.08,IDENTIFY / Improvement / Tests & Exercises
"5: Cyber Incident Management and Resilience / 2: Detection, Response, and Mitigation / 1: Detection",D5.DR.De.B.1: Alert parameters are set for detecting information security incidents that prompt mitigating actions.,Baseline,Full,"DE.AE-02.02: The organization establishes, documents, and regularly reviews event alert parameters and thresholds, as well as rule-based triggers to support automated responses, when known attack patterns, signatures or behaviors are detected.",DE.AE-02.02,DETECT / Adverse Event Analysis / Potentially Adverse Event Analysis
"5: Cyber Incident Management and Resilience / 2: Detection, Response, and Mitigation / 1: Detection",D5.DR.De.B.2: System performance reports contain information that can be used as a risk indicator to detect information security incidents.,Baseline,Full Summarily,PR.IR-04.01: Baseline measures of network and system utilization and transaction activity are captured to support capacity planning and anomalous activity detection.,PR.IR-04.01,PROTECT / Technology Infrastructure Resilience / Capacity Management
"5: Cyber Incident Management and Resilience / 2: Detection, Response, and Mitigation / 1: Detection",D5.DR.De.B.2: System performance reports contain information that can be used as a risk indicator to detect information security incidents.,Baseline,Full Summarily,"DE.AE-02.02: The organization establishes, documents, and regularly reviews event alert parameters and thresholds, as well as rule-based triggers to support automated responses, when known attack patterns, signatures or behaviors are detected.",DE.AE-02.02,DETECT / Adverse Event Analysis / Potentially Adverse Event Analysis
"5: Cyber Incident Management and Resilience / 2: Detection, Response, and Mitigation / 1: Detection","D5.DR.De.B.3: Tools and processes are in place to detect, alert, and trigger the incident response program.",Baseline,Full,"RS.MA-02.01: Tools and processes are in place to ensure timely detection, inspection, assessment, and analysis of security event data for reliable activation of incident response processes.",RS.MA-02.01,RESPOND / Incident Management / Incident Triage & Validaton
"5: Cyber Incident Management and Resilience / 2: Detection, Response, and Mitigation / 1: Detection",D5.DR.De.E.1: The institution has processes to detect and alert the incident response team when potential insider activity manifests that could lead to data theft or destruction.,Evolving,Full Summarily,"GV.RR-04.03: The organization integrates insider threat considerations into its human resource, risk management, and control programs to address the potential for malicious or unintentional harm by trusted employees or third parties.",GV.RR-04.03,"GOVERN / Roles, Responsibilities, and Authorities / Human Resource Practices"
"5: Cyber Incident Management and Resilience / 2: Detection, Response, and Mitigation / 1: Detection",D5.DR.De.E.1: The institution has processes to detect and alert the incident response team when potential insider activity manifests that could lead to data theft or destruction.,Evolving,Full Summarily,"DE.CM-03.02: The organization's controls actively monitor personnel (both authorized and unauthorized) for access, authentication, usage, connections, devices, and anomalous behavior to rapidly detect potential cybersecurity events.",DE.CM-03.02,DETECT / Continuous Monitoring / Personnel Activity Monitoring
"5: Cyber Incident Management and Resilience / 2: Detection, Response, and Mitigation / 1: Detection",D5.DR.De.E.1: The institution has processes to detect and alert the incident response team when potential insider activity manifests that could lead to data theft or destruction.,Evolving,Full Summarily,"DE.CM-03.03: The organization logs and reviews the activities of privileged users and accounts, and monitoring for anomalous behaviors is implemented.",DE.CM-03.03,DETECT / Continuous Monitoring / Personnel Activity Monitoring
"5: Cyber Incident Management and Resilience / 2: Detection, Response, and Mitigation / 1: Detection",D5.DR.De.Int.1: The incident response program is triggered when anomalous behaviors and attack patterns or signatures are detected.,Intermediate,Full Summarily,"DE.CM-03.03: The organization logs and reviews the activities of privileged users and accounts, and monitoring for anomalous behaviors is implemented.",DE.CM-03.03,DETECT / Continuous Monitoring / Personnel Activity Monitoring
"5: Cyber Incident Management and Resilience / 2: Detection, Response, and Mitigation / 1: Detection",D5.DR.De.Int.1: The incident response program is triggered when anomalous behaviors and attack patterns or signatures are detected.,Intermediate,Full Summarily,"DE.AE-02.02: The organization establishes, documents, and regularly reviews event alert parameters and thresholds, as well as rule-based triggers to support automated responses, when known attack patterns, signatures or behaviors are detected.",DE.AE-02.02,DETECT / Adverse Event Analysis / Potentially Adverse Event Analysis
"5: Cyber Incident Management and Resilience / 2: Detection, Response, and Mitigation / 1: Detection",D5.DR.De.Int.1: The incident response program is triggered when anomalous behaviors and attack patterns or signatures are detected.,Intermediate,Full Summarily,"RS.MA-02.01: Tools and processes are in place to ensure timely detection, inspection, assessment, and analysis of security event data for reliable activation of incident response processes.",RS.MA-02.01,RESPOND / Incident Management / Incident Triage & Validaton
"5: Cyber Incident Management and Resilience / 2: Detection, Response, and Mitigation / 1: Detection","D5.DR.De.Int.2: The institution has the ability to discover infiltration, before the attacker traverses across systems, establishes a foothold, steals information, or causes damage to data and systems.",Intermediate,Full Summarily,"DE.AE-02.01: The organization performs timely collection of event data, as well as advanced and automated analysis (including the use of security tools such as antivirus and IDS/IPS) on the detected events to:
(1) Assess and understand the nature, scope and method of the attack;
(2) Predict and block a similar future attack; and
(3) Report timely risk metrics.",DE.AE-02.01,DETECT / Adverse Event Analysis / Potentially Adverse Event Analysis
"5: Cyber Incident Management and Resilience / 2: Detection, Response, and Mitigation / 1: Detection","D5.DR.De.Int.2: The institution has the ability to discover infiltration, before the attacker traverses across systems, establishes a foothold, steals information, or causes damage to data and systems.",Intermediate,Full Summarily,"RS.MA-02.01: Tools and processes are in place to ensure timely detection, inspection, assessment, and analysis of security event data for reliable activation of incident response processes.",RS.MA-02.01,RESPOND / Incident Management / Incident Triage & Validaton
"5: Cyber Incident Management and Resilience / 2: Detection, Response, and Mitigation / 1: Detection",D5.DR.De.Int.3: Incidents are detected in real time through automated processes that include instant alerts to appropriate personnel who can respond.,Intermediate,Full Summarily,"DE.AE-02.02: The organization establishes, documents, and regularly reviews event alert parameters and thresholds, as well as rule-based triggers to support automated responses, when known attack patterns, signatures or behaviors are detected.",DE.AE-02.02,DETECT / Adverse Event Analysis / Potentially Adverse Event Analysis
"5: Cyber Incident Management and Resilience / 2: Detection, Response, and Mitigation / 1: Detection",D5.DR.De.Int.3: Incidents are detected in real time through automated processes that include instant alerts to appropriate personnel who can respond.,Intermediate,Full Summarily,"DE.AE-03.02: The organization performs real-time central analysis, aggregation, and correlation of anomalous activities, network and system alerts, and relevant event and cyber threat intelligence, including both internal and external (cloud and outsourced) environments, to better detect and prevent multifaceted cyber attacks.",DE.AE-03.02,DETECT / Adverse Event Analysis / Event Information Correlation
"5: Cyber Incident Management and Resilience / 2: Detection, Response, and Mitigation / 1: Detection",D5.DR.De.Int.3: Incidents are detected in real time through automated processes that include instant alerts to appropriate personnel who can respond.,Intermediate,Full Summarily,"RS.MA-02.01: Tools and processes are in place to ensure timely detection, inspection, assessment, and analysis of security event data for reliable activation of incident response processes.",RS.MA-02.01,RESPOND / Incident Management / Incident Triage & Validaton
"5: Cyber Incident Management and Resilience / 2: Detection, Response, and Mitigation / 1: Detection","D5.DR.De.Int.4: Network and system alerts are correlated across business units to better detect and prevent multifaceted attacks (e.g., simultaneous DDoS attack and account takeover).",Intermediate,Full,"DE.AE-03.02: The organization performs real-time central analysis, aggregation, and correlation of anomalous activities, network and system alerts, and relevant event and cyber threat intelligence, including both internal and external (cloud and outsourced) environments, to better detect and prevent multifaceted cyber attacks.",DE.AE-03.02,DETECT / Adverse Event Analysis / Event Information Correlation
"5: Cyber Incident Management and Resilience / 2: Detection, Response, and Mitigation / 1: Detection",D5.DR.De.Int.5: Incident detection processes are capable of correlating events across the enterprise.,Intermediate,Full,"DE.AE-03.02: The organization performs real-time central analysis, aggregation, and correlation of anomalous activities, network and system alerts, and relevant event and cyber threat intelligence, including both internal and external (cloud and outsourced) environments, to better detect and prevent multifaceted cyber attacks.",DE.AE-03.02,DETECT / Adverse Event Analysis / Event Information Correlation
"5: Cyber Incident Management and Resilience / 2: Detection, Response, and Mitigation / 1: Detection",D5.DR.De.A.1: Sophisticated and adaptive technologies are deployed that can detect and alert the incident response team of specific tasks when threat indicators across the enterprise indicate potential external and internal threats.,Advanced,Full Summarily,"DE.AE-02.01: The organization performs timely collection of event data, as well as advanced and automated analysis (including the use of security tools such as antivirus and IDS/IPS) on the detected events to:
(1) Assess and understand the nature, scope and method of the attack;
(2) Predict and block a similar future attack; and
(3) Report timely risk metrics.",DE.AE-02.01,DETECT / Adverse Event Analysis / Potentially Adverse Event Analysis
"5: Cyber Incident Management and Resilience / 2: Detection, Response, and Mitigation / 1: Detection",D5.DR.De.A.1: Sophisticated and adaptive technologies are deployed that can detect and alert the incident response team of specific tasks when threat indicators across the enterprise indicate potential external and internal threats.,Advanced,Full Summarily,"DE.AE-03.02: The organization performs real-time central analysis, aggregation, and correlation of anomalous activities, network and system alerts, and relevant event and cyber threat intelligence, including both internal and external (cloud and outsourced) environments, to better detect and prevent multifaceted cyber attacks.",DE.AE-03.02,DETECT / Adverse Event Analysis / Event Information Correlation
"5: Cyber Incident Management and Resilience / 2: Detection, Response, and Mitigation / 1: Detection",D5.DR.De.A.1: Sophisticated and adaptive technologies are deployed that can detect and alert the incident response team of specific tasks when threat indicators across the enterprise indicate potential external and internal threats.,Advanced,Full Summarily,"RS.MA-02.01: Tools and processes are in place to ensure timely detection, inspection, assessment, and analysis of security event data for reliable activation of incident response processes.",RS.MA-02.01,RESPOND / Incident Management / Incident Triage & Validaton
"5: Cyber Incident Management and Resilience / 2: Detection, Response, and Mitigation / 1: Detection",D5.DR.De.A.2: Automated tools are implemented to provide specialized security monitoring based on the risk of the assets to detect and alert incident response teams in real time.,Advanced,Partial,"GV.OC-04.04: The organization prioritizes the resilience design, planning, testing, and monitoring of systems and other key internal and external dependencies according to their criticality to the supported business functions, enterprise mission, and to the financial services sector.",GV.OC-04.04,GOVERN / Organizational Context / Stakeholder Service Expectations
"5: Cyber Incident Management and Resilience / 2: Detection, Response, and Mitigation / 1: Detection",D5.DR.De.Inn.1: The institution is able to detect and block zero-day attempts and inform management and the incident response team in real time.,Innovative,Full,"DE.AE-02.01: The organization performs timely collection of event data, as well as advanced and automated analysis (including the use of security tools such as antivirus and IDS/IPS) on the detected events to:
(1) Assess and understand the nature, scope and method of the attack;
(2) Predict and block a similar future attack; and
(3) Report timely risk metrics.",DE.AE-02.01,DETECT / Adverse Event Analysis / Potentially Adverse Event Analysis
"5: Cyber Incident Management and Resilience / 2: Detection, Response, and Mitigation / 2: Response and Mitigation",D5.DR.Re.B.1: Appropriate steps are taken to contain and control an incident to prevent further unauthorized access to or use of customer information.,Baseline,Full,"RS.MI-01.01: The organization has established processes to implement vulnerability mitigation plans, involve third-party partners and outside expertise as needed, and contain incidents in a timely manner.",RS.MI-01.01,RESPOND / Incident Mitigation / Incident Containment
"5: Cyber Incident Management and Resilience / 2: Detection, Response, and Mitigation / 2: Response and Mitigation","D5.DR.Re.E.1: The incident response plan is designed to prioritize incidents, enabling a rapid response for significant cybersecurity incidents or vulnerabilities.",Evolving,Full Summarily,"GV.OC-04.04: The organization prioritizes the resilience design, planning, testing, and monitoring of systems and other key internal and external dependencies according to their criticality to the supported business functions, enterprise mission, and to the financial services sector.",GV.OC-04.04,GOVERN / Organizational Context / Stakeholder Service Expectations
"5: Cyber Incident Management and Resilience / 2: Detection, Response, and Mitigation / 2: Response and Mitigation","D5.DR.Re.E.1: The incident response plan is designed to prioritize incidents, enabling a rapid response for significant cybersecurity incidents or vulnerabilities.",Evolving,Full Summarily,"DE.AE-04.01: The organization has a documented process to analyze and triage incidents to assess root cause, technical impact, mitigation priority, and business impact on the organization, as well as across the financial sector and other third party stakeholders.",DE.AE-04.01,DETECT / Adverse Event Analysis / Impact & Scope Determination
"5: Cyber Incident Management and Resilience / 2: Detection, Response, and Mitigation / 2: Response and Mitigation","D5.DR.Re.E.1: The incident response plan is designed to prioritize incidents, enabling a rapid response for significant cybersecurity incidents or vulnerabilities.",Evolving,Full Summarily,"DE.AE-08.01: Defined criteria and severity levels are in place to facilitate the declaration, escalation, organization, and alignment of response activities to response plans within the organization and across relevant third parties.",DE.AE-08.01,DETECT / Adverse Event Analysis / Incident Declaration
"5: Cyber Incident Management and Resilience / 2: Detection, Response, and Mitigation / 2: Response and Mitigation",D5.DR.Re.E.2: A process is in place to help contain incidents and restore operations with minimal service disruption.,Evolving,Full Summarily,"GV.OC-05.03: The organization defines objectives (e.g., Recovery Time Objective, Maximum Tolerable Downtime, Impact Tolerance) for the resumption of critical operations in alignment with business imperatives, stakeholder obligations, and critical infrastructure dependencies.",GV.OC-05.03,GOVERN / Organizational Context / Organizational Service Dependencies
"5: Cyber Incident Management and Resilience / 2: Detection, Response, and Mitigation / 2: Response and Mitigation",D5.DR.Re.E.2: A process is in place to help contain incidents and restore operations with minimal service disruption.,Evolving,Full Summarily,"GV.RM-09.02: The resilience program ensures that the organization can continue operating critical business functions and deliver services to stakeholders, to include critical infrastructure partners, during adverse incidents and cyber attacks (e.g., propagation of malware or extended system outages).",GV.RM-09.02,GOVERN / Risk Management Strategy  / Business Continuity & Resilience Risk Management
"5: Cyber Incident Management and Resilience / 2: Detection, Response, and Mitigation / 2: Response and Mitigation",D5.DR.Re.E.2: A process is in place to help contain incidents and restore operations with minimal service disruption.,Evolving,Full Summarily,"RS.MI-01.01: The organization has established processes to implement vulnerability mitigation plans, involve third-party partners and outside expertise as needed, and contain incidents in a timely manner.",RS.MI-01.01,RESPOND / Incident Mitigation / Incident Containment
"5: Cyber Incident Management and Resilience / 2: Detection, Response, and Mitigation / 2: Response and Mitigation","D5.DR.Re.E.3: Containment and mitigation strategies are developed for multiple incident types (e.g., DDoS, malware).",Evolving,Full Summarily,"ID.IM-02.05: The organization establishes testing programs that include a range of scenarios, including severe but plausible scenarios (e.g., disruptive, destructive, corruptive), that could affect the organization's ability to service internal and external stakeholders.",ID.IM-02.05,IDENTIFY / Improvement / Tests & Exercises
"5: Cyber Incident Management and Resilience / 2: Detection, Response, and Mitigation / 2: Response and Mitigation","D5.DR.Re.E.3: Containment and mitigation strategies are developed for multiple incident types (e.g., DDoS, malware).",Evolving,Full Summarily,"ID.IM-04.08: The organization regularly reviews response strategy, incident management plans, recovery plans, and associated tests and exercises and updates them, as necessary, based on:
(1) Lessons learned from incidents that have occurred (both internal and external to the organization);
(2) Current cyber threat intelligence (both internal and external sources);
(3) Recent and wide-scale cyber attack scenarios;
(4) Operationally and technically plausible future cyber attacks;
(5) Organizational or technical environment changes; and,
(6) New technological developments.",ID.IM-04.08,IDENTIFY / Improvement / Plans Affecting Operations
"5: Cyber Incident Management and Resilience / 2: Detection, Response, and Mitigation / 2: Response and Mitigation",D5.DR.Re.E.4: Procedures include containment strategies and notifying potentially impacted third parties.,Evolving,Full Summarily,"RS.CO-03.02: In the event of an incident, the organization shares authorized information, in a defined manner and through trusted channels, to facilitate the detection, response, resumption and recovery of its own systems and those of other partners and critical sector participants.",RS.CO-03.02,RESPOND / Incident Response Reporting and Communication / Stakeholder Incident Information Sharing
"5: Cyber Incident Management and Resilience / 2: Detection, Response, and Mitigation / 2: Response and Mitigation",D5.DR.Re.E.4: Procedures include containment strategies and notifying potentially impacted third parties.,Evolving,Full Summarily,"RS.MI-01.01: The organization has established processes to implement vulnerability mitigation plans, involve third-party partners and outside expertise as needed, and contain incidents in a timely manner.",RS.MI-01.01,RESPOND / Incident Mitigation / Incident Containment
"5: Cyber Incident Management and Resilience / 2: Detection, Response, and Mitigation / 2: Response and Mitigation",D5.DR.Re.E.4: Procedures include containment strategies and notifying potentially impacted third parties.,Evolving,Full Summarily,"RC.CO-04.01: Pre-established communication plans and message templates, and authorized protocols, contacts, media, and communications, are used to notify and inform the public and key external stakeholders about an incident.",RC.CO-04.01,RECOVER / Incident Recovery Communication / Public Information Sharing
"5: Cyber Incident Management and Resilience / 2: Detection, Response, and Mitigation / 2: Response and Mitigation",D5.DR.Re.E.5: Processes are in place to trigger the incident response program when an incident occurs at a third party.,Evolving,Full Summarily,"GV.RM-05.02: The organization establishes minimum requirements for its third-parties that include how the organizations will communicate and coordinate in times of emergency, including:
1) Joint maintenance of contingency plans;
2) Responsibilities for responding to incidents, including forensic investigations;
3) Planning and testing strategies that address severe events in order to identify single points of failure that would cause wide-scale disruption; and
4) Incorporating the potential impact of an incident into their BCM process and ensure resilience capabilities are in place.",GV.RM-05.02,GOVERN / Risk Management Strategy / Lines of Communication
"5: Cyber Incident Management and Resilience / 2: Detection, Response, and Mitigation / 2: Response and Mitigation",D5.DR.Re.E.5: Processes are in place to trigger the incident response program when an incident occurs at a third party.,Evolving,Full Summarily,"GV.SC-08.01: The organization's resilience strategy, plans, tests, and exercises incorporate its external dependencies and critical business partners.",GV.SC-08.01,GOVERN / Supply Chain Risk Management / Third Party Incident Management Integration
"5: Cyber Incident Management and Resilience / 2: Detection, Response, and Mitigation / 2: Response and Mitigation",D5.DR.Re.E.6: Records are generated to support incident investigation and mitigation.,Evolving,Full Summarily,"DE.AE-07.02: Relevant event data is packaged for subsequent review and triage and events are categorized for efficient handling, assignment, and escalation.",DE.AE-07.02,DETECT / Adverse Event Analysis / Contextual Analysis
"5: Cyber Incident Management and Resilience / 2: Detection, Response, and Mitigation / 2: Response and Mitigation",D5.DR.Re.E.6: Records are generated to support incident investigation and mitigation.,Evolving,Full Summarily,"RS.AN-03.01: The organization performs a thorough investigation to determine the nature and scope of an event, possible root causes, and the potential damage inflicted.",RS.AN-03.01,RESPOND / Incident Analysis / Incident Analysis & Root Cause Determination
"5: Cyber Incident Management and Resilience / 2: Detection, Response, and Mitigation / 2: Response and Mitigation","D5.DR.Re.E.7: The institution calls upon third parties, as needed, to provide mitigation services",Evolving,Full Summarily,"ID.IM-04.07: The organization pre-identifies, pre-qualifies, and retains third party incident management support and forensic service firms, as required, that can be called upon to quickly assist with incident response, investigation, and recovery.",ID.IM-04.07,IDENTIFY / Improvement / Plans Affecting Operations
"5: Cyber Incident Management and Resilience / 2: Detection, Response, and Mitigation / 2: Response and Mitigation","D5.DR.Re.E.7: The institution calls upon third parties, as needed, to provide mitigation services",Evolving,Full Summarily,"RS.MI-01.01: The organization has established processes to implement vulnerability mitigation plans, involve third-party partners and outside expertise as needed, and contain incidents in a timely manner.",RS.MI-01.01,RESPOND / Incident Mitigation / Incident Containment
"5: Cyber Incident Management and Resilience / 2: Detection, Response, and Mitigation / 2: Response and Mitigation",D5.DR.Re.E.8: Analysis of events is used to improve the institution's security measures and policies.,Evolving,Full Summarily,"ID.IM-03.01: A formal process is in place to improve protection controls and processes by integrating recommendations, findings, and lessons learned from exercises, testing, audits, assessments, and incidents.",ID.IM-03.01,IDENTIFY / Improvement / Improvements from Lessons Learned
"5: Cyber Incident Management and Resilience / 2: Detection, Response, and Mitigation / 2: Response and Mitigation",D5.DR.Re.E.8: Analysis of events is used to improve the institution's security measures and policies.,Evolving,Full Summarily,"ID.IM-03.02: The organization establishes a systematic and comprehensive program to regularly evaluate and improve its monitoring and detection processes and controls as the threat environment changes, tools and techniques evolve, and lessons are learned.",ID.IM-03.02,IDENTIFY / Improvement / Improvements from Lessons Learned
"5: Cyber Incident Management and Resilience / 2: Detection, Response, and Mitigation / 2: Response and Mitigation",D5.DR.Re.E.8: Analysis of events is used to improve the institution's security measures and policies.,Evolving,Full Summarily,"ID.IM-04.08: The organization regularly reviews response strategy, incident management plans, recovery plans, and associated tests and exercises and updates them, as necessary, based on:
(1) Lessons learned from incidents that have occurred (both internal and external to the organization);
(2) Current cyber threat intelligence (both internal and external sources);
(3) Recent and wide-scale cyber attack scenarios;
(4) Operationally and technically plausible future cyber attacks;
(5) Organizational or technical environment changes; and,
(6) New technological developments.",ID.IM-04.08,IDENTIFY / Improvement / Plans Affecting Operations
"5: Cyber Incident Management and Resilience / 2: Detection, Response, and Mitigation / 2: Response and Mitigation",D5.DR.Re.Int.1: Analysis of security incidents is performed in the early stages of an intrusion to minimize the impact of the incident.,Intermediate,Full Summarily,"DE.AE-04.01: The organization has a documented process to analyze and triage incidents to assess root cause, technical impact, mitigation priority, and business impact on the organization, as well as across the financial sector and other third party stakeholders.",DE.AE-04.01,DETECT / Adverse Event Analysis / Impact & Scope Determination
"5: Cyber Incident Management and Resilience / 2: Detection, Response, and Mitigation / 2: Response and Mitigation",D5.DR.Re.Int.1: Analysis of security incidents is performed in the early stages of an intrusion to minimize the impact of the incident.,Intermediate,Full Summarily,"RS.MA-02.01: Tools and processes are in place to ensure timely detection, inspection, assessment, and analysis of security event data for reliable activation of incident response processes.",RS.MA-02.01,RESPOND / Incident Management / Incident Triage & Validation
"5: Cyber Incident Management and Resilience / 2: Detection, Response, and Mitigation / 2: Response and Mitigation",D5.DR.Re.Int.2: Any changes to systems/applications or to access entitlements necessary for incident management are reviewed by management for formal approval before implementation.,Intermediate,Full Summarily,"ID.RA-07.01: The organization defines and implements change management standards and procedures, to include emergency change procedures, that explicitly address risk identified both prior to and during a change, any new risk created post-change, as well as the reviewing and approving authorities (e.g., change advisory boards).",ID.RA-07.01,IDENTIFY / Risk Assessment / Change & Exception Management
"5: Cyber Incident Management and Resilience / 2: Detection, Response, and Mitigation / 2: Response and Mitigation",D5.DR.Re.Int.2: Any changes to systems/applications or to access entitlements necessary for incident management are reviewed by management for formal approval before implementation.,Intermediate,Full Summarily,"ID.RA-07.02: Risk-based criteria are used to categorize each system change, to include emergency changes, to determine the necessary change process standards to apply for change planning, rollback planning, pre-change testing, change access control, post-change verification, and change review and approval.",ID.RA-07.02,IDENTIFY / Risk Assessment / Change & Exception Management
"5: Cyber Incident Management and Resilience / 2: Detection, Response, and Mitigation / 2: Response and Mitigation","D5.DR.Re.Int.3: Processes are in place to ensure assets affected by a security incident that cannot be returned to operational status are quarantined, removed, disposed of, and/or replaced.",Intermediate,Full Summarily,"RS.AN-06.01: The organization establishes a risk-based approach and procedures for quarantining systems, conducting investigations, and collecting and preserving evidence per best practices and forensic standards.",RS.AN-06.01,RESPOND / Incident Analysis / Investigation Documentation
"5: Cyber Incident Management and Resilience / 2: Detection, Response, and Mitigation / 2: Response and Mitigation","D5.DR.Re.Int.3: Processes are in place to ensure assets affected by a security incident that cannot be returned to operational status are quarantined, removed, disposed of, and/or replaced.",Intermediate,Full Summarily,"RC.RP-05.01: The organization maintains documented procedures for sanitizing, testing, authorizing, and returning systems to service following an incident or investigation.",RC.RP-05.01,RECOVER / Incident Recovery Plan Execution / Asset Integrity Restoration
"5: Cyber Incident Management and Resilience / 2: Detection, Response, and Mitigation / 2: Response and Mitigation",D5.DR.Re.Int.4: Processes are in place to ensure that restored assets are appropriately reconfigured and thoroughly tested before being placed back into operation.,Intermediate,Full Summarily,"RS.MI-02.01: Targeted investigations and actions are taken to ensure that all vulnerabilities, system components, devices, or remnants used or leveraged in an attack (e.g., malware, compromised accounts, open ports, etc.) are removed or otherwise returned to a secure and reliable state, or that plans to address the vulnerabilities are documented.",RS.MI-02.01,RESPOND / Incident Mitigation / Incident Eradication
"5: Cyber Incident Management and Resilience / 2: Detection, Response, and Mitigation / 2: Response and Mitigation",D5.DR.Re.Int.4: Processes are in place to ensure that restored assets are appropriately reconfigured and thoroughly tested before being placed back into operation.,Intermediate,Full Summarily,"RC.RP-05.01: The organization maintains documented procedures for sanitizing, testing, authorizing, and returning systems to service following an incident or investigation.",RC.RP-05.01,RECOVER / Incident Recovery Plan Execution / Asset Integrity Restoration
"5: Cyber Incident Management and Resilience / 2: Detection, Response, and Mitigation / 2: Response and Mitigation",D5.DR.Re.Int.4: Processes are in place to ensure that restored assets are appropriately reconfigured and thoroughly tested before being placed back into operation.,Intermediate,Full Summarily,"RC.RP-05.02: Business, technology, cybersecurity, and relevant third-party stakeholders confirm that systems, data, and services have been returned to functional and secure states and that a stable operational status has been achieved.",RC.RP-05.02,RECOVER / Incident Recovery Plan Execution / Asset Integrity Restoration
"5: Cyber Incident Management and Resilience / 2: Detection, Response, and Mitigation / 2: Response and Mitigation",D5.DR.Re.A.1: The incident management function collaborates effectively with the cyber threat intelligence function during an incident.,Advanced,Full Summarily,"ID.IM-02.03: The organization tests and validates the effectiveness of the incident detection, reporting, and communication processes and protocols with internal and external stakeholders.",ID.IM-02.03,IDENTIFY / Improvement / Tests & Exercises
"5: Cyber Incident Management and Resilience / 2: Detection, Response, and Mitigation / 2: Response and Mitigation",D5.DR.Re.A.1: The incident management function collaborates effectively with the cyber threat intelligence function during an incident.,Advanced,Full Summarily,PR.AT-02.03: All personnel (employee and third party) are made aware of and are trained for their role and operational steps in response and recovery plans.,PR.AT-02.03,PROTECT / Awareness and Training / Specialized Role Awareness & Training
"5: Cyber Incident Management and Resilience / 2: Detection, Response, and Mitigation / 2: Response and Mitigation",D5.DR.Re.A.1: The incident management function collaborates effectively with the cyber threat intelligence function during an incident.,Advanced,Full Summarily,"DE.AE-06.01: The organization has established processes and protocols to communicate, alert, and regularly report potential cyber attacks and incident information, including its corresponding analysis and cyber threat intelligence, to authorized internal and external stakeholders.",DE.AE-06.01,DETECT / Adverse Event Analysis / Event Information Sharing
"5: Cyber Incident Management and Resilience / 2: Detection, Response, and Mitigation / 2: Response and Mitigation",D5.DR.Re.A.1: The incident management function collaborates effectively with the cyber threat intelligence function during an incident.,Advanced,Full Summarily,"RS.CO-03.01: The organization ensures that cyber threat intelligence is made available, in a secure manner, to authorized staff with responsibility for the mitigation of cyber risks at the strategic, tactical and operational levels within the organization.",RS.CO-03.01,RESPOND / Incident Response Reporting and Communication / Stakeholder Incident Information Sharing
"5: Cyber Incident Management and Resilience / 2: Detection, Response, and Mitigation / 2: Response and Mitigation","D5.DR.Re.A.2: Links between threat intelligence, network operations, and incident response allow for proactive response to potential incidents.",Advanced,Full Summarily,"ID.IM-04.02: The organization's incident response and business continuity plans contain clearly defined roles, responsibilities, and levels of decision-making authority, and include all needed areas of participation and expertise across the organization and key third-parties.",ID.IM-04.02,IDENTIFY / Improvement / Plans Affecting Operations
"5: Cyber Incident Management and Resilience / 2: Detection, Response, and Mitigation / 2: Response and Mitigation","D5.DR.Re.A.2: Links between threat intelligence, network operations, and incident response allow for proactive response to potential incidents.",Advanced,Full Summarily,"DE.AE-06.01: The organization has established processes and protocols to communicate, alert, and regularly report potential cyber attacks and incident information, including its corresponding analysis and cyber threat intelligence, to authorized internal and external stakeholders.",DE.AE-06.01,DETECT / Adverse Event Analysis / Event Information Sharing
"5: Cyber Incident Management and Resilience / 2: Detection, Response, and Mitigation / 2: Response and Mitigation","D5.DR.Re.A.2: Links between threat intelligence, network operations, and incident response allow for proactive response to potential incidents.",Advanced,Full Summarily,"RS.CO-03.01: The organization ensures that cyber threat intelligence is made available, in a secure manner, to authorized staff with responsibility for the mitigation of cyber risks at the strategic, tactical and operational levels within the organization.",RS.CO-03.01,RESPOND / Incident Response Reporting and Communication / Stakeholder Incident Information Sharing
"5: Cyber Incident Management and Resilience / 2: Detection, Response, and Mitigation / 2: Response and Mitigation",D5.DR.Re.A.3: Technical measures apply defense-in-depth techniques such as deep- packet inspection and black holing for detection and timely response to network-based attacks associated with anomalous ingress or egress traffic patterns and/or DDoS attacks.,Advanced,Full Summarily,DE.CM-01.01: The organization deploys intrusion detection and intrusion prevention capabilities to detect and prevent a potential network intrusion in its early stages for timely containment and recovery.,DE.CM-01.01,DETECT / Continuous Monitoring / Network Monitoring
"5: Cyber Incident Management and Resilience / 2: Detection, Response, and Mitigation / 2: Response and Mitigation",D5.DR.Re.A.3: Technical measures apply defense-in-depth techniques such as deep- packet inspection and black holing for detection and timely response to network-based attacks associated with anomalous ingress or egress traffic patterns and/or DDoS attacks.,Advanced,Full Summarily,"DE.CM-01.02: The organization implements mechanisms, such as alerting and filtering of sudden high volumes and suspicious incoming traffic, to detect and mitigate Denial of Service, ""bot"", and credential stuffing attacks.",DE.CM-01.02,DETECT / Continuous Monitoring / Network Monitoring
"5: Cyber Incident Management and Resilience / 2: Detection, Response, and Mitigation / 2: Response and Mitigation",D5.DR.Re.A.3: Technical measures apply defense-in-depth techniques such as deep- packet inspection and black holing for detection and timely response to network-based attacks associated with anomalous ingress or egress traffic patterns and/or DDoS attacks.,Advanced,Full Summarily,"DE.CM-01.06: The organization employs deception techniques and technologies (e.g., honeypots) to detect and prevent a potential intrusion in its early stages to support timely containment and recovery.",DE.CM-01.06,DETECT / Continuous Monitoring / Network Monitoring
"5: Cyber Incident Management and Resilience / 2: Detection, Response, and Mitigation / 2: Response and Mitigation",D5.DR.Re.Inn.1: The institution’s risk management of significant cyber incidents results in limited to no disruptions to critical services.,Innovative,Full,"GV.RM-09.02: The resilience program ensures that the organization can continue operating critical business functions and deliver services to stakeholders, to include critical infrastructure partners, during adverse incidents and cyber attacks (e.g., propagation of malware or extended system outages).",GV.RM-09.02,GOVERN / Risk Management Strategy  / Business Continuity & Resilience Risk Management
"5: Cyber Incident Management and Resilience / 2: Detection, Response, and Mitigation / 2: Response and Mitigation","D5.DR.Re.Inn.2: The technology infrastructure has been engineered to limit the effects of a cyber attack on the production environment from migrating to the backup environment (e.g., air-gapped environment and processes).",Innovative,Partial,"GV.RM-09.01: The organization has an enterprise-wide resilience strategy and program, including architecture, cyber resilience, business continuity, disaster recovery, and incident response, which support its mission, stakeholder obligations, critical infrastructure role, and risk appetite.",GV.RM-09.01,GOVERN / Risk Management Strategy  / Business Continuity & Resilience Risk Management
"5: Cyber Incident Management and Resilience / 2: Detection, Response, and Mitigation / 2: Response and Mitigation","D5.DR.Re.Inn.2: The technology infrastructure has been engineered to limit the effects of a cyber attack on the production environment from migrating to the backup environment (e.g., air-gapped environment and processes).",Innovative,Partial,"PR.DS-11.01: The organization defines and implements standards and procedures for configuring and performing backups and data replications, including defining backup requirements by data/application/infrastructure criticality, segregating (e.g., air-gapping) and securing backups, verifying backup integrity, and performing backup restoration testing.",PR.DS-11.01,PROTECT / Data Security / Data Backup
"5: Cyber Incident Management and Resilience / 2: Detection, Response, and Mitigation / 2: Response and Mitigation","D5.DR.Re.Inn.2: The technology infrastructure has been engineered to limit the effects of a cyber attack on the production environment from migrating to the backup environment (e.g., air-gapped environment and processes).",Innovative,Partial,"PR.PS-06.02: The architecture, design, coding, testing, and operationalization of system solutions address the unique security, resilience, technical, and operational characteristics of the target platform environment(s) (e.g., distributed system, mainframe, cloud, API, mobile, database, etc.)",PR.PS-06.02,PROTECT / Platform Security / Secure Systems Development Practices
5: Cyber Incident Management and Resilience / 3: Escalation and Reporting / 1: Escalation and Reporting,D5.ER.Es.B.1: A process exists to contact personnel who are responsible for analyzing and responding to an incident.,Baseline,Full,"RS.CO-02.03: The organization maintains and regularly tests incident response communication procedures, with associated contact lists, call trees, and automatic notifications, to quickly coordinate and communicate with internal and external stakeholders during or following an incident.",RS.CO-02.03,RESPOND / Incident Response Reporting and Communication / Stakeholder Incident Notification
5: Cyber Incident Management and Resilience / 3: Escalation and Reporting / 1: Escalation and Reporting,"D5.ER.Es.B.2: Procedures exist to notify customers, regulators, and law enforcement as required or necessary when the institution becomes aware of an incident involving the unauthorized access to or use of sensitive customer information.",Baseline,Full Summarily,"RS.CO-02.02: In the event of an incident, the organization notifies impacted stakeholders including, as required, government bodies, self-regulatory agencies and/or other supervisory bodies, within required timeframes.",RS.CO-02.02,RESPOND / Incident Response Reporting and Communication / Stakeholder Incident Notification
5: Cyber Incident Management and Resilience / 3: Escalation and Reporting / 1: Escalation and Reporting,"D5.ER.Es.B.2: Procedures exist to notify customers, regulators, and law enforcement as required or necessary when the institution becomes aware of an incident involving the unauthorized access to or use of sensitive customer information.",Baseline,Full Summarily,"RC.CO-04.01: Pre-established communication plans and message templates, and authorized protocols, contacts, media, and communications, are used to notify and inform the public and key external stakeholders about an incident.",RC.CO-04.01,RECOVER / Incident Recovery Communication / Public Information Sharing
5: Cyber Incident Management and Resilience / 3: Escalation and Reporting / 1: Escalation and Reporting,D5.ER.Es.B.3: The institution prepares an annual report of security incidents or violations for the board or an appropriate board committee.,Baseline,Full,"GV.OV-03.01: The organization develops, implements, and reports to management and the governing body (e.g., the Board or one of its committees) key technology and cybersecurity risk and performance indicators and metrics to measure, monitor, and report actionable indicators.",GV.OV-03.01,GOVERN / Oversight / Risk Management Performance Measurement
5: Cyber Incident Management and Resilience / 3: Escalation and Reporting / 1: Escalation and Reporting,"D5.ER.Es.B.4: Incidents are classified, logged, and tracked.",Baseline,Full,"DE.AE-07.02: Relevant event data is packaged for subsequent review and triage and events are categorized for efficient handling, assignment, and escalation.",DE.AE-07.02,DETECT / Adverse Event Analysis / Contextual Analysis
5: Cyber Incident Management and Resilience / 3: Escalation and Reporting / 1: Escalation and Reporting,D5.ER.Es.E.1: Criteria have been established for escalating cyber incidents or vulnerabilities to the board and senior management based on the potential impact and criticality of the risk.,Evolving,Full,"RS.CO-02.01: The organization's incident response program includes defined and approved escalation protocols, linked to organizational decision levels and communication strategies, including which types of information will be shared, with whom (e.g., the organization's governing authority and senior management), and how information provided to the organization will be acted upon.",RS.CO-02.01,RESPOND / Incident Response Reporting and Communication / Stakeholder Incident Notification
5: Cyber Incident Management and Resilience / 3: Escalation and Reporting / 1: Escalation and Reporting,"D5.ER.Es.E.2: Regulators, law enforcement, and service providers, as appropriate, are notified when the institution is aware of any unauthorized access to systems or a cyber incident occurs that could result in degradation of services.",Evolving,Full Summarily,"RS.CO-02.02: In the event of an incident, the organization notifies impacted stakeholders including, as required, government bodies, self-regulatory agencies and/or other supervisory bodies, within required timeframes.",RS.CO-02.02,RESPOND / Incident Response Reporting and Communication / Stakeholder Incident Notification
5: Cyber Incident Management and Resilience / 3: Escalation and Reporting / 1: Escalation and Reporting,"D5.ER.Es.E.2: Regulators, law enforcement, and service providers, as appropriate, are notified when the institution is aware of any unauthorized access to systems or a cyber incident occurs that could result in degradation of services.",Evolving,Full Summarily,"RS.CO-03.02: In the event of an incident, the organization shares authorized information, in a defined manner and through trusted channels, to facilitate the detection, response, resumption and recovery of its own systems and those of other partners and critical sector participants.",RS.CO-03.02,RESPOND / Incident Response Reporting and Communication / Stakeholder Incident Information Sharing
5: Cyber Incident Management and Resilience / 3: Escalation and Reporting / 1: Escalation and Reporting,"D5.ER.Es.E.2: Regulators, law enforcement, and service providers, as appropriate, are notified when the institution is aware of any unauthorized access to systems or a cyber incident occurs that could result in degradation of services.",Evolving,Full Summarily,"RC.CO-04.01: Pre-established communication plans and message templates, and authorized protocols, contacts, media, and communications, are used to notify and inform the public and key external stakeholders about an incident.",RC.CO-04.01,RECOVER / Incident Recovery Communication / Public Information Sharing
5: Cyber Incident Management and Resilience / 3: Escalation and Reporting / 1: Escalation and Reporting,D5.ER.Es.E.3: Tracked cyber incidents are correlated for trend analysis and reporting.,Evolving,Full,"ID.IM-01.02: The organization implements a regular process to collect, store, report, benchmark, and assess trends in actionable performance indicators and risk metrics (e.g., threat KRIs, security incident metrics, vulnerability metrics, and operational measures).",ID.IM-01.02,IDENTIFY / Improvement / Continuous Improvements Evaluation
5: Cyber Incident Management and Resilience / 3: Escalation and Reporting / 1: Escalation and Reporting,"D5.ER.Es.Int.1: Employees that are essential to mitigate the risk (e.g., fraud, business resilience) know their role in incident escalation.",Intermediate,Full Summarily,"ID.IM-04.02: The organization's incident response and business continuity plans contain clearly defined roles, responsibilities, and levels of decision-making authority, and include all needed areas of participation and expertise across the organization and key third-parties.",ID.IM-04.02,IDENTIFY / Improvement / Plans Affecting Operations
5: Cyber Incident Management and Resilience / 3: Escalation and Reporting / 1: Escalation and Reporting,"D5.ER.Es.Int.1: Employees that are essential to mitigate the risk (e.g., fraud, business resilience) know their role in incident escalation.",Intermediate,Full Summarily,PR.AT-02.03: All personnel (employee and third party) are made aware of and are trained for their role and operational steps in response and recovery plans.,PR.AT-02.03,PROTECT / Awareness and Training / Specialized Role Awareness & Training
5: Cyber Incident Management and Resilience / 3: Escalation and Reporting / 1: Escalation and Reporting,"D5.ER.Es.Int.2: A communication plan is used to notify other organizations, including third parties, of incidents that may affect them or their customers.",Intermediate,Full Summarily,"DE.AE-06.01: The organization has established processes and protocols to communicate, alert, and regularly report potential cyber attacks and incident information, including its corresponding analysis and cyber threat intelligence, to authorized internal and external stakeholders.",DE.AE-06.01,DETECT / Adverse Event Analysis / Event Information Sharing
5: Cyber Incident Management and Resilience / 3: Escalation and Reporting / 1: Escalation and Reporting,"D5.ER.Es.Int.2: A communication plan is used to notify other organizations, including third parties, of incidents that may affect them or their customers.",Intermediate,Full Summarily,"RS.CO-03.02: In the event of an incident, the organization shares authorized information, in a defined manner and through trusted channels, to facilitate the detection, response, resumption and recovery of its own systems and those of other partners and critical sector participants.",RS.CO-03.02,RESPOND / Incident Response Reporting and Communication / Stakeholder Incident Information Sharing
5: Cyber Incident Management and Resilience / 3: Escalation and Reporting / 1: Escalation and Reporting,"D5.ER.Es.Int.2: A communication plan is used to notify other organizations, including third parties, of incidents that may affect them or their customers.",Intermediate,Full Summarily,"RC.CO-04.01: Pre-established communication plans and message templates, and authorized protocols, contacts, media, and communications, are used to notify and inform the public and key external stakeholders about an incident.",RC.CO-04.01,RECOVER / Incident Recovery Communication / Public Information Sharing
5: Cyber Incident Management and Resilience / 3: Escalation and Reporting / 1: Escalation and Reporting,D5.ER.Es.Int.3: An external communication plan is used for notifying media regarding incidents when applicable.,Intermediate,Full Summarily,"RC.CO-04.01: Pre-established communication plans and message templates, and authorized protocols, contacts, media, and communications, are used to notify and inform the public and key external stakeholders about an incident.",RC.CO-04.01,RECOVER / Incident Recovery Communication / Public Information Sharing
5: Cyber Incident Management and Resilience / 3: Escalation and Reporting / 1: Escalation and Reporting,D5.ER.Es.A.1: The institution has established quantitative and qualitative metrics for the cybersecurity incident response process.,Advanced,Full,"ID.IM-01.02: The organization implements a regular process to collect, store, report, benchmark, and assess trends in actionable performance indicators and risk metrics (e.g., threat KRIs, security incident metrics, vulnerability metrics, and operational measures).",ID.IM-01.02,IDENTIFY / Improvement / Continuous Improvements Evaluation
5: Cyber Incident Management and Resilience / 3: Escalation and Reporting / 1: Escalation and Reporting,"D5.ER.Es.A.2: Detailed metrics, dashboards, and/or scorecards outlining cyber incidents and events are provided to management and are part of the board meeting package.",Advanced,Full Summarily,"GV.OV-03.01: The organization develops, implements, and reports to management and the governing body (e.g., the Board or one of its committees) key technology and cybersecurity risk and performance indicators and metrics to measure, monitor, and report actionable indicators.",GV.OV-03.01,GOVERN / Oversight / Risk Management Performance Measurement
5: Cyber Incident Management and Resilience / 3: Escalation and Reporting / 1: Escalation and Reporting,"D5.ER.Es.A.2: Detailed metrics, dashboards, and/or scorecards outlining cyber incidents and events are provided to management and are part of the board meeting package.",Advanced,Full Summarily,"ID.IM-01.02: The organization implements a regular process to collect, store, report, benchmark, and assess trends in actionable performance indicators and risk metrics (e.g., threat KRIs, security incident metrics, vulnerability metrics, and operational measures).",ID.IM-01.02,IDENTIFY / Improvement / Continuous Improvements Evaluation
5: Cyber Incident Management and Resilience / 3: Escalation and Reporting / 1: Escalation and Reporting,D5.ER.Es.Inn.1: A mechanism is in place to provide instantaneous notification of incidents to management and essential employees through multiple communication channels with tracking and verification of receipt.,Innovative,Partial,"RS.CO-02.01: The organization's incident response program includes defined and approved escalation protocols, linked to organizational decision levels and communication strategies, including which types of information will be shared, with whom (e.g., the organization's governing authority and senior management), and how information provided to the organization will be acted upon.",RS.CO-02.01,RESPOND / Incident Response Reporting and Communication / Stakeholder Incident Notification
5: Cyber Incident Management and Resilience / 3: Escalation and Reporting / 1: Escalation and Reporting,D5.ER.Es.Inn.1: A mechanism is in place to provide instantaneous notification of incidents to management and essential employees through multiple communication channels with tracking and verification of receipt.,Innovative,Partial,"RS.CO-02.03: The organization maintains and regularly tests incident response communication procedures, with associated contact lists, call trees, and automatic notifications, to quickly coordinate and communicate with internal and external stakeholders during or following an incident.",RS.CO-02.03,RESPOND / Incident Response Reporting and Communication / Stakeholder Incident Notification
None,None,None,None,"GV.OC-02.01: The organization's obligation to its customers, employees, and stakeholders to maintain safety and soundness, while balancing size and complexity, is reflected in the organization's risk management strategy and framework, its risk appetite and risk tolerance statements, and in a risk-aware culture.",GV.OC-02.01,GOVERN / Organizational Context / Stakeholder Risk Management Expectations
None,None,None,None,"GV.OC-03.02: The organization implements and maintains a documented policy or policies that address customer data privacy that is approved by a designated officer or the organization’s appropriate governing body (e.g., the Board or one of its committees).",GV.OC-03.02,"GOVERN / Organizational Context / Legal, Regulatory, & Contractual Requirements"
None,None,None,None,"GV.OC-04.03: Resilience requirements to support the delivery of critical services are established for all operating states (e.g., under duress/attack, during recovery, and normal operations).",GV.OC-04.03,GOVERN / Organizational Context / Stakeholder Service Expectations
None,None,None,None,"GV.OC-05.02: The organization has prioritized its external dependencies according to their criticality to the supported enterprise mission, business functions, and to the financial services sector.",GV.OC-05.02,GOVERN / Organizational Context / Organizational Service Dependencies
None,None,None,None,"GV.RM-02.02: The organization has established statements of technology and cybersecurity risk tolerance consistent with its risk appetite, and has integrated them into technology, cybersecurity, operational, and enterprise risk management practices.",GV.RM-02.02,GOVERN / Risk Management Strategy / Risk Appetite & Risk Tolerance Statements
None,None,None,None,GV.RM-03.02: The organization's business continuity and resilience strategy and program align with and support the overall enterprise risk management framework.,GV.RM-03.02,GOVERN / Risk Management Strategy / Enterprise Risk Integration
None,None,None,None,"GV.RM-04.01: The governing authority (e.g., the Board or one of its committees) and senior management provide guidance, direction, and credible challenge in the design and implementation of risk management strategies, assessment of identified risks against risk appetite and risk tolerance, and in the selection of risk treatment approaches.",GV.RM-04.01,GOVERN / Risk Management Strategy / Risk Response Strategic Direction
None,None,None,None,"GV.RM-06.01: Technology and cybersecurity risk management and risk assessment processes and methodologies are documented and regularly reviewed and updated to address changes in the risk profile and risk appetite, the evolving threat environment, and new technologies, products, services, and interdependencies.",GV.RM-06.01,GOVERN / Risk Management Strategy / Standardized Risk Management Method
None,None,None,None,"GV.RM-07.01: The organization has mechanisms in place to ensure that strategies, initiatives, opportunities, and emerging technologies (e.g., artificial intelligence, quantum computing, etc.) are evaluated both in terms of risks and uncertainties that are potentially detrimental to the organization, as well as potentially advantageous to the organization (i.e., positive risks).",GV.RM-07.01,GOVERN / Risk Management Strategy / Strategic Opportunities
None,None,None,None,"GV.RM-08.04: The organization integrates the use of technology architecture in its governance processes to support consistent approaches to security and technology design, integration of third party services, consideration and adoption of new technologies, and investment and procurement decisioning.",GV.RM-08.04,GOVERN / Risk Management Strategy  / Technology Assimilation & Implementations
None,None,None,None,"GV.RM-08.06: Technology programs and projects are formally governed and stakeholder engagement is managed to facilitate effective communication, awareness, credible challenge, and decision-making.",GV.RM-08.06,GOVERN / Risk Management Strategy  / Technology Assimilation & Implementations
None,None,None,None,"GV.RM-08.07: Technology projects follow an established project management methodology to manage delivery and delivery risks, produce consistent quality, and achieve business objectives and value.",GV.RM-08.07,GOVERN / Risk Management Strategy  / Technology Assimilation & Implementations
None,None,None,None,"GV.SC-01.01: The organization maintains a third-party risk management strategy and program to identify and manage the risks associated with third parties throughout their lifecycles in a timely manner, including in support of sector-critical systems and operations, to ensure alignment within risk appetite.",GV.SC-01.01,GOVERN / Supply Chain Risk Management / Supply Chain Risk Management Program
None,None,None,None,"GV.SC-01.02: The organization regularly assesses the risk of its ongoing use of third parties in aggregate, considering factors such as critical service dependencies, vendor concentration, geographical/geopolitical exposure, fourth-party impacts, and financial sector co-dependencies.",GV.SC-01.02,GOVERN / Supply Chain Risk Management / Supply Chain Risk Management Program
None,None,None,None,"GV.SC-03.01: The organization's third-party risk management strategy and program aligns with and supports its enterprise, technology, cybersecurity, and resilience risk management frameworks and programs.",GV.SC-03.01,GOVERN / Supply Chain Risk Management / Supply Chain Risk Management Integration
None,None,None,None,"GV.SC-09.01: Consideration is specifically given to the implications of organizational third-party dependence, requirements, contracts, and interactions in the design, operation, monitoring, and improvement of policies, procedures, and controls to ensure the fulfillment of business requirements within risk appetite.",GV.SC-09.01,GOVERN / Supply Chain Risk Management / Supply Chain Security Practice Integration
None,None,None,None,"GV.RR-01.05: The organization designates a qualified Technology Officer (e.g., CIO or CTO) who is responsible and accountable for developing technology strategy, overseeing and implementing its technology program, and enforcing its technology policy.",GV.RR-01.05,"GOVERN / Roles, Responsibilities, and Authorities / Organizational Leadership Responsibility"
None,None,None,None,"GV.RR-02.03: Resilience program roles and responsibilities are assigned to management across the organization to ensure risk assessment, planning, testing, and execution coverage for all critical business functions.",GV.RR-02.03,"GOVERN / Roles, Responsibilities, and Authorities / Risk Management Roles & Responsibilities"
None,None,None,None,GV.RR-02.04: Roles and responsibilities for the Third-Party Risk Management Program and for each third-party engagement are defined and assigned.,GV.RR-02.04,"GOVERN / Roles, Responsibilities, and Authorities / Risk Management Roles & Responsibilities"
None,None,None,None,GV.RR-02.05: Personnel (employees and third parties) who fulfill the organization’s physical security and cybersecurity objectives understand their roles and responsibilities.,GV.RR-02.05,"GOVERN / Roles, Responsibilities, and Authorities / Risk Management Roles & Responsibilities"
None,None,None,None,GV.RR-03.02: The organization regularly assesses its skill and resource level requirements against its current personnel complement to determine gaps in resource need.,GV.RR-03.02,"GOVERN / Roles, Responsibilities, and Authorities / Resource Adequacy"
None,None,None,None,"GV.RR-03.03: The organization provides adequate resources, appropriate authority, and access to the governing authority for the designated Cybersecurity Officer (e.g., CISO).",GV.RR-03.03,"GOVERN / Roles, Responsibilities, and Authorities / Resource Adequacy"
None,None,None,None,"GV.PO-01.02: The accountable governing body, and applicable cybersecurity program and policies, for any given organizational unit, affiliate, or merged entity are clearly established, applied, and communicated.",GV.PO-01.02,"GOVERN / Policies, Processes, and Procedures / Establishment of Policies & Procedures"
None,None,None,None,"GV.PO-01.04: All personnel (employees and third party) consent to policies addressing acceptable technology use, social media use, personal device use (e.g., BYOD), confidentiality, and/or other security-related policies and agreements as warranted by their position.",GV.PO-01.04,"GOVERN / Policies, Processes, and Procedures / Establishment of Policies & Procedures"
None,None,None,None,"GV.PO-01.05: Technology and cybersecurity processes, procedures, and controls are established in alignment with cybersecurity policy.",GV.PO-01.05,"GOVERN / Policies, Processes, and Procedures / Establishment of Policies & Procedures"
None,None,None,None,GV.PO-01.06: Physical and environmental security policies are implemented and managed.,GV.PO-01.06,"GOVERN / Policies, Processes, and Procedures / Establishment of Policies & Procedures"
None,None,None,None,"GV.PO-01.07: The organization maintains documented business continuity and resilience program policies and procedures approved by the governing authority (e.g., the Board or one of its committees).",GV.PO-01.07,"GOVERN / Policies, Processes, and Procedures / Establishment of Policies & Procedures"
None,None,None,None,"GV.OV-01.03: The designated Technology Officer (e.g., CIO or CTO) regularly reports to the governing authority (e.g., the Board or one of its committees) on the status of technology use and risks within the organization.",GV.OV-01.03,GOVERN / Oversight / Risk Management Strategy Outcomes Review
None,None,None,None,"GV.OV-02.02: The organization determines and articulates how it intends to maintain an acceptable level of residual technology and cybersecurity risk as set by the governing authority (e.g., the Board or one of its committees).",GV.OV-02.02,GOVERN / Oversight / Risk Management Strategy Review & Adjustment
None,None,None,None,GV.IR-01.01: The organization's enterprise-wide technology and cybersecurity risk management frameworks align with and support an independent risk management function that provides assurance that the frameworks are implemented consistently and as intended.,GV.IR-01.01,GOVERN / Independent Risk Management Function / Independent Risk Management Function
None,None,None,None,"GV.IR-01.02: The independent risk management function has sufficient independence, stature, authority, resources, and access to the governing body (e.g., the Board or one of its committees), including reporting lines, to ensure consistency with the organization's risk management frameworks.",GV.IR-01.02,GOVERN / Independent Risk Management Function / Independent Risk Management Function
None,None,None,None,"GV.IR-01.03: The independent risk management function has an understanding of the organization's structure, technology and cybersecurity strategies and programs, and relevant risks and threats.",GV.IR-01.03,GOVERN / Independent Risk Management Function / Independent Risk Management Function
None,None,None,None,"GV.AU-01.01: The organization has an independent audit function (i.e., internal audit group or external auditor) that follows generally accepted audit practices and approved audit policies and procedures.",GV.AU-01.01,GOVERN / Independent Audit Function / Independent Audit Compliance Assessment
None,None,None,None,GV.AU-01.05: An independent audit function assesses compliance with applicable laws and regulations.,GV.AU-01.05,GOVERN / Independent Audit Function / Independent Audit Compliance Assessment
None,None,None,None,"GV.AU-03.03: The independent audit function reports to the governing authority (e.g., the Board or one of its committees) within the organization, including when its assessment differs from that of the organization, or when risk tolerance has been exceeded in any part of the organization.",GV.AU-03.03,GOVERN / Independent Audit Function / Independent Audit Reporting
None,None,None,None,"ID.AM-08.02: The organization establishes policies, and employs methods to identify, assess, and manage technology solutions that are acquired, managed, or used outside of established, governed technology and cybersecurity processes (i.e., ""Shadow IT"").",ID.AM-08.02,IDENTIFY / Asset Management / Asset Life Cycle Management
None,None,None,None,"ID.RA-01.02: The organization's business units ensure that information regarding cyber risk is shared with the appropriate level of senior management in a timely manner, so that they can address and respond to emerging cyber risk.",ID.RA-01.02,IDENTIFY / Risk Assessment / Asset Vulnerability Identification
None,None,None,None,"ID.RA-06.02: The implementation of responses to address identified risks (i.e., risk avoidance, risk mitigation, risk acceptance, or risk transfer (e.g., cyber insurance)) are formulated, assessed, documented, and prioritized based on criticality to the business.",ID.RA-06.02,IDENTIFY / Risk Assessment / Risk Response Determination
None,None,None,None,"ID.RA-06.06: The organization follows documented procedures, consistent with established risk response processes, for mitigating or accepting the risk of vulnerabilities or weaknesses identified in exercises and testing or when responding to incidents.",ID.RA-06.06,IDENTIFY / Risk Assessment / Risk Response Determination
None,None,None,None,"ID.RA-08.01: The organization has established enterprise processes for soliciting, receiving and appropriately channeling vulnerability disclosures from:
(1) Public sources (e.g., customers and security researchers);
(2) Vulnerability sharing forums (e.g., FS-ISAC); and
(3) Third-parties (e.g., cloud vendors);
(4) Internal sources (e.g., development teams).",ID.RA-08.01,IDENTIFY / Risk Assessment / Vulnerability Disclosure Response
None,None,None,None,"ID.RA-08.02: The organization has established enterprise processes to analyze disclosed vulnerabilities with a focus on:
(1) Determining its validity;
(2) Assessing its scope (e.g., affected assets);
(3) Determining it's severity and impact;
(4) Identifying affected stakeholders or customers; and
(5) Analyzing options to respond.",ID.RA-08.02,IDENTIFY / Risk Assessment / Vulnerability Disclosure Response
None,None,None,None,"ID.IM-01.01: Technology, cybersecurity, and resilience controls are regularly assessed and/or tested for design and operating effectiveness.",ID.IM-01.01,IDENTIFY / Improvement / Continuous Improvements Evaluation
None,None,None,None,"ID.IM-02.09: Corrective actions for gaps identified during security-related, incident management, response plan, and disaster recovery testing are retested and validated, or have a formal risk acceptance or risk exception.",ID.IM-02.09,IDENTIFY / Improvement / Tests & Exercises
None,None,None,None,"ID.IM-04.04: The organization has plans to identify, in a timely manner, the status of all transactions and member positions at the time of a disruption, supported by corresponding recovery point objectives.",ID.IM-04.04,IDENTIFY / Improvement / Plans Affecting Operations
None,None,None,None,"PR.AA-03.02: Decisions to authorize user access to devices and other assets are made with consideration of: 
(1) Business need for the access;
(2) The type of data being accessed (e.g., customer PII, public data);
(3) The risk of the transaction (e.g., internal-to-internal, external-to-internal);
(4) The organization's level of trust for the accessing agent (e.g., external application, internal user); and
(5) The potential for harm.",PR.AA-03.02,"PROTECT / Identity Management, Authentication, and Access Control / Authentication"
None,None,None,None,"PR.AA-03.03: The organization reduces fraudulent activity and protects reputational integrity through email verification mechanisms (e.g., DMARC, DKIM), call-back verification, secure file exchange facilities, out-of-band communications, customer outreach and education, and other tactics designed to thwart imposters and fraudsters.",PR.AA-03.03,"PROTECT / Identity Management, Authentication, and Access Control / Authentication"
None,None,None,None,"PR.AA-04.01: Access credential and authorization mechanisms for internal systems and across security perimeters (e.g., leveraging directory services, directory synchronization, single sign-on, federated access, credential mapping, etc.) are designed to maintain security, integrity, and authenticity.",PR.AA-04.01,"PROTECT / Identity Management, Authentication, and Access Control / Identity Assertions"
None,None,None,None,"PR.AT-01.04: As new technology is deployed or undergoes change that also requires changes in practices, all impacted personnel (e.g., end-users, developers, operators, etc.) are trained on the new system and any accompanying technology and cybersecurity risks.",PR.AT-01.04,PROTECT / Awareness and Training / User Awareness & Training
None,None,None,None,PR.AT-02.05: All third party staff receive cybersecurity awareness and job training sufficient for them to perform their duties and maintain organizational security.,PR.AT-02.05,PROTECT / Awareness and Training / Specialized Role Awareness & Training
None,None,None,None,"ID.AM-08.03: The organization establishes policies, standards, and procedures for data governance, data management, and data retention consistent with its legal obligations and the value of data as an organizational asset.",ID.AM-08.03,IDENTIFY / Asset Management / Asset Life Cycle Management
None,None,None,None,"PR.DS-10.01: Data-in-use is protected commensurate with the criticality and sensitivity of the information and in alignment with the data classification and protection policy (e.g., through the use of encryption, authentication, access control, masking, tokenization, visual shielding, memory integrity monitoring, etc.)",PR.DS-10.01,PROTECT / Data Security / Protection of Data in Use
None,None,None,None,"PR.PS-01.04: The organization documents its requirements for accurate and resilient time services (e.g., synchronization to a mandated or appropriate authoritative time source) and adopts best practice guidance in implementing and using these services for logging, event correlation, forensic analysis, authentication, transactional processing, and other purposes.",PR.PS-01.04,PROTECT / Platform Security / Configuration Management
None,None,None,None,"PR.PS-01.05: Acceptable encryption standards, methods, and management practices are established in accordance with defined industry standards.",PR.PS-01.05,PROTECT / Platform Security / Configuration Management
None,None,None,None,PR.PS-01.06: The organization employs defined encryption methods and management practices commensurate with the criticality of the information being protected and the inherent risk of the technical environment where used.,PR.PS-01.06,PROTECT / Platform Security / Configuration Management
None,None,None,None,PR.PS-02.02: The organization establishes standards and practices for ongoing application management to ensure that applications remain secure and continue to meet organizational needs.,PR.PS-02.02,PROTECT / Platform Security / Software Maintenance & Replacement
None,None,None,None,"PR.PS-06.03: Functional, operational, resilience, and security requirements for system development and implementation projects are documented, agreed to by relevant stakeholders, and tracked and managed through development, testing, assurance, acceptance, and delivery.",PR.PS-06.03,PROTECT / Platform Security / Secure Systems Development Practices
None,None,None,None,"PR.PS-06.04: Systems development and testing tools, processes, and environments employ security mechanisms to protect and improve the integrity and confidentiality of both the SDLC process and the resulting product (e.g., secured code repositories, segmented environments, automated builds, etc.)",PR.PS-06.04,PROTECT / Platform Security / Secure Systems Development Practices
None,None,None,None,"PR.PS-06.08: The design, configuration, security control, and operation of key applications and system services are documented sufficiently to support ongoing management, operation, change, and assessment.",PR.PS-06.08,PROTECT / Platform Security / Secure Systems Development Practices
None,None,None,None,"PR.PS-06.09: End-user developed solutions, to include models used to support critical business processes and decisions, are formally identified and managed in alignment with their criticality and risk.",PR.PS-06.09,PROTECT / Platform Security / Secure Systems Development Practices
None,None,None,None,"PR.PS-07.01: The organization's technology operations, process verification, error detection, issue management, root cause analysis, and problem management functions are formally documented, monitored, and KPIs are regularly reported to stakeholders.",PR.PS-07.01,"PROTECT / Platform Security / Technology Operations, Service, & Support"
None,None,None,None,"PR.PS-07.02: Technology service and support functions address stakeholder expectations (e.g., through stated requirements, SLAs, or OLAs) and performance is monitored and regularly reported to stakeholders.",PR.PS-07.02,"PROTECT / Platform Security / Technology Operations, Service, & Support"
None,None,None,None,"PR.IR-02.01: The organization designs, documents, implements, tests, and maintains environmental and physical controls to meet defined business resilience requirements (e.g., environmental monitoring, dual power and communication sources, regionally separated backup processing facilities, etc.)",PR.IR-02.01,PROTECT / Technology Infrastructure Resilience / Environmental Threat Protections
None,None,None,None,"PR.IR-04.02: Technology availability and capacity is planned, monitored, managed, and optimized to meet business resilience objectives and reasonably anticipated infrastructure demands.",PR.IR-04.02,PROTECT / Technology Infrastructure Resilience / Capacity Management
None,None,None,None,"DE.CM-01.05: The organization implements measures to detect and block access to unauthorized, inappropriate, or malicious websites and services (e.g. social media, messaging, file sharing).",DE.CM-01.05,DETECT / Continuous Monitoring / Network Monitoring
None,None,None,None,"DE.CM-03.01: Account access, authentication, and authorization activities are logged and monitored, for both users and devices, to enforce authorized access.",DE.CM-03.01,DETECT / Continuous Monitoring / Personnel Activity Monitoring
None,None,None,None,DE.CM-09.02: The organization uses integrity checking mechanisms to verify hardware integrity.,DE.CM-09.02,"DETECT / Continuous Monitoring / Hardware, Software, & Data Monitoring"
None,None,None,None,RS.MA-03.01: The organization categorizes and prioritizes cybersecurity incident response consistent with response plans and criticality of systems and services to the enterprise.,RS.MA-03.01,RESPOND / Incident Management / Incident Categorization & Prioritization
None,None,None,None,"RS.MA-04.01: Response activities are centrally coordinated, response progress and milestones are tracked and documented, and new incident information is assimilated into ongoing tasks, assignments, and escalations.",RS.MA-04.01,RESPOND / Incident Management / Incident Escalation
None,None,None,None,RS.MA-05.01: The organization's incident response plans define severity levels and associated criteria for initiating response plans and escalating event response to appropriate stakeholders and management levels.,RS.MA-05.01,RESPOND / Incident Management / Recovery Initiation
None,None,None,None,"RS.AN-07.01: Incident-related forensic data is captured, secured, and preserved in a manner supporting integrity, provenance, and evidentiary value.",RS.AN-07.01,RESPOND / Incident Analysis / Incident Data Collection & Preservation
None,None,None,None,"RC.RP-01.01: The organization executes its recovery plans, including incident recovery, disaster recovery, and business continuity plans, during or after an incident to resume operations.",RC.RP-01.01,RECOVER / Incident Recovery Plan Execution / Recovery Plan Execution
None,None,None,None,"RC.RP-02.01: The organization's response plans are used as informed guidance to develop and manage task plans, response actions, priorities, and assignments for responding to incidents, but are adapted as necessary to address incident-specific characteristics.",RC.RP-02.01,RECOVER / Incident Recovery Plan Execution / Recovery Action Performance
None,None,None,None,"RC.RP-03.01: Restoration steps include the verification of backups, data replications, system images, and other restoration assets prior to continued use.",RC.RP-03.01,RECOVER / Incident Recovery Plan Execution / Backup & Restoration Asset Integrity
None,None,None,None,"RC.RP-04.01: Restoration steps include the verification of data integrity, transaction positions, system functionality, and the operation of security controls by appropriate organizational stakeholders and system owners.",RC.RP-04.01,RECOVER / Incident Recovery Plan Execution / Post-Incident Operational Norms
None,None,None,None,"RC.RP-06.01: Incident management activities are closed under defined conditions and documentation to support subsequent post-mortem review, process improvement, and any follow-on activities is collected and verified.",RC.RP-06.01,RECOVER / Incident Recovery Plan Execution / End-of-Incident Determination
None,None,None,None,"RC.CO-03.01: The organization timely involves and communicates the recovery activities, procedures, cyber risk management issues to the governing body (e.g., the Board or one of its committees), senior management, incident management support teams, and relevant internal stakeholders.",RC.CO-03.01,RECOVER / Incident Recovery Communication / Recovery Activity Communication
None,None,None,None,"RC.CO-03.02: The organization promptly communicates the status of recovery activities to regulatory authorities and relevant external stakeholders, as required or appropriate.",RC.CO-03.02,RECOVER / Incident Recovery Communication / Recovery Activity Communication
None,None,None,None,"EX.DD-01.01: Documented procurement plans are developed for initiatives involving elevated business, technical, or cybersecurity risk in order to establish criteria for the evaluation and selection of a supplier, and any special requirements for organizational preparation, supplier due diligence, and contract terms.",EX.DD-01.01,EXTEND / Procurement Planning and Due Diligence / Procurement Planning
None,None,None,None,"EX.DD-01.02: Procurement plans address the inherent risks of the planned activity, to include the complexity of the endeavor in terms of technology, scope, and novelty, and demonstrate that the potential business and financial benefits outweigh the costs to control the anticipated risks.",EX.DD-01.02,EXTEND / Procurement Planning and Due Diligence / Procurement Planning
None,None,None,None,"EX.DD-01.03: Procurement plans address expected resource requirements and procedures for ongoing management and monitoring of the selected supplier, contingency plans for supplier non-performance, and specific considerations related to contract termination (e.g., return of data).",EX.DD-01.03,EXTEND / Procurement Planning and Due Diligence / Procurement Planning
None,None,None,None,"EX.DD-02.02: The organization reviews and evaluates the proposed business arrangement, to include the proposed fee structures, incentives, and penalties, proposed staff resources, viability of proposed approaches, and business terms, to ensure that products or services are being obtained at competitive and reasonable costs and terms.",EX.DD-02.02,EXTEND / Procurement Planning and Due Diligence / Prospective Third Party Due Diligence
None,None,None,None,"EX.CN-01.02: Contracts with suppliers address, as relevant to the product or service, the supplier's requirements for managing its own suppliers and partners (fourth parties) and the risks those fourth parties may pose to the third party and to the organization, to include fourth party due diligence, limitations on activities or geography, monitoring, notifications, liability and indemnifications, etc.",EX.CN-01.02,EXTEND / Third-Party Contracts and Agreements / Contract General Requirements
None,None,None,None,"EX.CN-02.03: Contracts with suppliers address, as relevant to the product or service, the supplier's obligation to maintain and regularly test a business continuity program and disaster recovery capability the meets the defined resilience requirements of the organization.",EX.CN-02.03,EXTEND / Third-Party Contracts and Agreements / Contract Cybersecurity-Related Requirements
None,None,None,None,"EX.CN-02.04: Contracts with suppliers address, as relevant to the product or service, the supplier's obligation to regularly participate in joint and/or bilateral recovery exercises and tests, and to address significant issues identified through recovery testing.",EX.CN-02.04,EXTEND / Third-Party Contracts and Agreements / Contract Cybersecurity-Related Requirements
None,None,None,None,"EX.MM-01.02: The organization regularly evaluates its third party relationships to determine if changes in the organization's circumstances, objectives, or third party use warrant a change in a third party's risk rating (e.g., a less critical third-party relationship evolves into being a critical relationship).",EX.MM-01.02,EXTEND / Monitoring and Managing Suppliers / Ongoing Third-Party Monitoring
None,None,None,None,"EX.MM-01.03: The organization monitors for and regularly evaluates changes in a critical third party's business posture that could pose adverse risk to the organization (e.g., financial condition, reputation, adverse news, compliance/regulatory issues, key personnel, business relationships, consumer complaints, etc.)",EX.MM-01.03,EXTEND / Monitoring and Managing Suppliers / Ongoing Third-Party Monitoring
None,None,None,None,"EX.MM-01.04: The organization regularly assesses critical third party adherence to service level agreements, product specifications, performance metrics, resource level/skill commitments, and quality expectations; addresses performance issues; and exercises contract penalties or credits as warranted.",EX.MM-01.04,EXTEND / Monitoring and Managing Suppliers / Ongoing Third-Party Monitoring
None,None,None,None,"EX.MM-01.06: The organization regularly reviews the foreign-based operations and activities of a critical third party, or its critical fourth parties, to confirm contract controls are maintained and compliance requirements are managed.",EX.MM-01.06,EXTEND / Monitoring and Managing Suppliers / Ongoing Third-Party Monitoring
None,None,None,None,"EX.TR-01.01: The organization establishes contingencies to address circumstances that might put a vendor out of business or severely impact delivery of services to the organization, sector-critical systems, or the financial sector as a whole.",EX.TR-01.01,EXTEND / Relationship Termination / Termination Planning
None,None,None,None,"EX.TR-02.01: Upon termination of a third-party agreement, the organization ensures that all technical and security matters (access, connections, etc.), business matters (service, support, and ongoing relationship), property matters (data, physical, and intellectual), and legal matters are addressed in a timely manner.",EX.TR-02.01,EXTEND / Relationship Termination / Termination Practices
