,,Hong Kong Securities and Futures Commission Guidelines for Reducing and Mitigating Hacking Risks Associated with Internet Trading to CRI Profile ver. 2.1 Mapping,Hong Kong Securities and Futures Commission Guidelines for Reducing and Mitigating Hacking Risks Associated with Internet Trading to CRI Profile ver. 2.1 Mapping,Hong Kong Securities and Futures Commission Guidelines for Reducing and Mitigating Hacking Risks Associated with Internet Trading to CRI Profile ver. 2.1 Mapping,Hong Kong Securities and Futures Commission Guidelines for Reducing and Mitigating Hacking Risks Associated with Internet Trading to CRI Profile ver. 2.1 Mapping,Hong Kong Securities and Futures Commission Guidelines for Reducing and Mitigating Hacking Risks Associated with Internet Trading to CRI Profile ver. 2.1 Mapping,,,
Hong Kong SFC Guidelines for Reducing and Mitigating Hacking Risks Associated with Internet Trading,Hong Kong SFC Guidelines for Reducing and Mitigating Hacking Risks Associated with Internet Trading,Hong Kong SFC Guidelines for Reducing and Mitigating Hacking Risks Associated with Internet Trading,Hong Kong SFC Guidelines for Reducing and Mitigating Hacking Risks Associated with Internet Trading,Mapping Relationship,Mapping Relationship,Mapping Relationship,CRI Profile ver. 2.1,CRI Profile ver. 2.1,CRI Profile ver. 2.1
HK-SFC Id,Guidance Section,Guidance Subsection,Hong Kong SFC Guidance Statement,Rationale,Relationship,Strength,CRI Profile v2.1 Diagnostic Statement,Profile Subcategory,Profile Id
HK-SFC-1.01,1. Protection of clients’ internet trading accounts,1.1 Two-factor authentication,"A licensed or registered person should implement two-factor authentication for login to clients’ internet trading accounts.

A licensed or registered person should assess and implement a two-factor authentication solution which is commensurate with its business model.",Functional,superset,8,"PR.AA-03.01: Based on the risk level of a user access or a specific transaction, the organization defines and implements authentication requirements, which may include multi-factor or out-of-band authentication, and may adopt other real-time risk prevention or mitigation tactics.","PROTECT / Identity Management, Authentication, and Access Control / Authentication",PR.AA-03.01
HK-SFC-1.01,1. Protection of clients’ internet trading accounts,1.1 Two-factor authentication,"A licensed or registered person should implement two-factor authentication for login to clients’ internet trading accounts.

A licensed or registered person should assess and implement a two-factor authentication solution which is commensurate with its business model.",Functional,intersects,7,"PR.IR-01.05: Remote access is carefully controlled (e.g., restricted to defined systems, access is actively managed (e.g., session timeouts, logging, forced disconnect, etc.), and encrypted connections with multi-factor authentication are used).",PROTECT / Technology Infrastructure Resilience / Logical Access Protections,PR.IR-01.05
HK-SFC-1.02,1. Protection of clients’ internet trading accounts,1.2 Implement monitoring and surveillance mechanisms,A licensed or registered person should implement an effective monitoring and surveillance mechanism to detect unauthorised access to clients’ internet trading accounts.,Functional,intersects,8,DE.CM-01.01: The organization deploys intrusion detection and intrusion prevention capabilities to detect and prevent a potential network intrusion in its early stages for timely containment and recovery.,DETECT / Continuous Monitoring / Network Monitoring,DE.CM-01.01
HK-SFC-1.02,1. Protection of clients’ internet trading accounts,1.2 Implement monitoring and surveillance mechanisms,A licensed or registered person should implement an effective monitoring and surveillance mechanism to detect unauthorised access to clients’ internet trading accounts.,Functional,intersects,8,"DE.CM-01.02: The organization implements mechanisms, such as alerting and filtering of sudden high volumes and suspicious incoming traffic, to detect and mitigate Denial of Service, ""bot"", and credential stuffing attacks.",DETECT / Continuous Monitoring / Network Monitoring,DE.CM-01.02
HK-SFC-1.02,1. Protection of clients’ internet trading accounts,1.2 Implement monitoring and surveillance mechanisms,A licensed or registered person should implement an effective monitoring and surveillance mechanism to detect unauthorised access to clients’ internet trading accounts.,Functional,intersects,7,"DE.CM-01.03: The organization has policies, procedures, and tools in place to monitor for, detect, and block unauthorized network connections and data transfers.",DETECT / Continuous Monitoring / Network Monitoring,DE.CM-01.03
HK-SFC-1.02,1. Protection of clients’ internet trading accounts,1.2 Implement monitoring and surveillance mechanisms,A licensed or registered person should implement an effective monitoring and surveillance mechanism to detect unauthorised access to clients’ internet trading accounts.,Functional,intersects,7,"DE.CM-01.04: The organization has policies, procedures, and tools in place to monitor for, detect, and block access from/to devices that are not authorized or do not conform to security policy (e.g., unpatched systems).",DETECT / Continuous Monitoring / Network Monitoring,DE.CM-01.04
HK-SFC-1.02,1. Protection of clients’ internet trading accounts,1.2 Implement monitoring and surveillance mechanisms,A licensed or registered person should implement an effective monitoring and surveillance mechanism to detect unauthorised access to clients’ internet trading accounts.,Functional,intersects,6,"DE.CM-02.01: The organization's controls include monitoring and detection of anomalous activities and potential intrusion events across the organization's physical environment and infrastructure, including the detection of environmental threats (fire, water, service outages, etc.) and unauthorized physical access to high-risk system components and locations.",DETECT / Continuous Monitoring / Physical Environment Monitoring,DE.CM-02.01
HK-SFC-1.02,1. Protection of clients’ internet trading accounts,1.2 Implement monitoring and surveillance mechanisms,A licensed or registered person should implement an effective monitoring and surveillance mechanism to detect unauthorised access to clients’ internet trading accounts.,Functional,intersects,9,"DE.CM-03.01: Account access, authentication, and authorization activities are logged and monitored, for both users and devices, to enforce authorized access.",DETECT / Continuous Monitoring / Personnel Activity Monitoring,DE.CM-03.01
HK-SFC-1.02,1. Protection of clients’ internet trading accounts,1.2 Implement monitoring and surveillance mechanisms,A licensed or registered person should implement an effective monitoring and surveillance mechanism to detect unauthorised access to clients’ internet trading accounts.,Functional,intersects,8,"DE.AE-02.01: The organization performs timely collection of event data, as well as advanced and automated analysis (including the use of security tools such as antivirus and IDS/IPS) on the detected events to:
(1) Assess and understand the nature, scope and method of the attack;
(2) Predict and block a similar future attack; and (3) Report timely risk metrics.",DETECT / Adverse Event Analysis / Potentially Adverse Event Analysis,DE.AE-02.01
HK-SFC-1.02,1. Protection of clients’ internet trading accounts,1.2 Implement monitoring and surveillance mechanisms,A licensed or registered person should implement an effective monitoring and surveillance mechanism to detect unauthorised access to clients’ internet trading accounts.,Functional,intersects,8,"DE.AE-02.02: The organization establishes, documents, and regularly reviews event alert parameters and thresholds, as well as rule-based triggers to support automated responses, when known attack patterns, signatures or behaviors are detected.",DETECT / Adverse Event Analysis / Potentially Adverse Event Analysis,DE.AE-02.02
HK-SFC-1.02,1. Protection of clients’ internet trading accounts,1.2 Implement monitoring and surveillance mechanisms,A licensed or registered person should implement an effective monitoring and surveillance mechanism to detect unauthorised access to clients’ internet trading accounts.,Functional,intersects,8,"DE.AE-03.01: The organization implements systematic and real-time logging, collection, monitoring, detection, and alerting measures across multiple layers of the organization's infrastructure, including physical perimeters, network, operating systems, applications, data, and external (cloud and outsourced) environments, sufficient to protect the organization's information assets.",DETECT / Adverse Event Analysis / Event Information Correlation,DE.AE-03.01
HK-SFC-1.02,1. Protection of clients’ internet trading accounts,1.2 Implement monitoring and surveillance mechanisms,A licensed or registered person should implement an effective monitoring and surveillance mechanism to detect unauthorised access to clients’ internet trading accounts.,Functional,intersects,8,"DE.AE-03.02: The organization performs real-time central analysis, aggregation, and correlation of anomalous activities, network and system alerts, and relevant event and cyber threat intelligence, including both internal and external (cloud and outsourced) environments, to better detect and prevent multifaceted cyber attacks.",DETECT / Adverse Event Analysis / Event Information Correlation,DE.AE-03.02
HK-SFC-1.03,1. Protection of clients’ internet trading accounts,1.3 Prompt notification to clients,"A licensed or registered person should notify clients (eg, via email, short message service (SMS) or other push notifications) promptly after certain client activities have taken place in their internet trading accounts. These activities should at least include:

(a) System login;
(b) Password reset;
(c) Trade execution;
(d) Fund transfer to third party accounts unless these have been registered with the licensed or registered person for fund transfer purposes prior to the transfer; and
(e) Changes to client and account-related information.

The channel of notification to clients should be different from the one used for system login (as outlined in paragraph 1.1).

Clients may choose to opt out from “trade execution” notifications only. Under such circumstances, adequate risk disclosures should be provided by the licensed or registered person to the client and an acknowledgement should be executed by the client confirming that the client understands the risks involved in doing so.",Functional,intersects,7,"PR.AA-03.01: Based on the risk level of a user access or a specific transaction, the organization defines and implements authentication requirements, which may include multi-factor or out-of-band authentication, and may adopt other real-time risk prevention or mitigation tactics.","PROTECT / Identity Management, Authentication, and Access Control / Authentication",PR.AA-03.01
HK-SFC-1.04,1. Protection of clients’ internet trading accounts,1.4 Data encryption,"A licensed or registered person should use a strong encryption algorithm to:

(a) encrypt sensitive information such as client login credentials (ie, user ID and password) and trade data during transmission between internal networks and client devices; and
(b) protect client login passwords stored in its internet trading system.",Functional,intersects,8,"PR.AA-01.01: Identities and credentials are actively managed or automated for authorized devices and users (e.g., removal of default and factory passwords, password strength requirements, automatic revocation of credentials under defined conditions, regular asset owner access review, etc.).","PROTECT / Identity Management, Authentication, and Access Control / Identity & Credential Management",PR.AA-01.01
HK-SFC-1.04,1. Protection of clients’ internet trading accounts,1.4 Data encryption,"A licensed or registered person should use a strong encryption algorithm to:

(a) encrypt sensitive information such as client login credentials (ie, user ID and password) and trade data during transmission between internal networks and client devices; and
(b) protect client login passwords stored in its internet trading system.",Functional,intersects,8,"PR.AA-04.01: Access credential and authorization mechanisms for internal systems and across security perimeters (e.g., leveraging directory services, directory synchronization, single sign-on, federated access, credential mapping, etc.) are designed to maintain security, integrity, and authenticity.","PROTECT / Identity Management, Authentication, and Access Control / Identity Assertions",PR.AA-04.01
HK-SFC-1.04,1. Protection of clients’ internet trading accounts,1.4 Data encryption,"A licensed or registered person should use a strong encryption algorithm to:

(a) encrypt sensitive information such as client login credentials (ie, user ID and password) and trade data during transmission between internal networks and client devices; and
(b) protect client login passwords stored in its internet trading system.",Functional,intersects,5,"PR.DS-01.01: Data-at-rest is protected commensurate with the criticality and sensitivity of the information and in alignment with the data classification and protection policy (e.g., through the use of encryption, authentication, access control, segregation, masking, tokenization, and file integrity monitoring).",PROTECT / Data Security / Protection of Data at Rest,PR.DS-01.01
HK-SFC-1.04,1. Protection of clients’ internet trading accounts,1.4 Data encryption,"A licensed or registered person should use a strong encryption algorithm to:

(a) encrypt sensitive information such as client login credentials (ie, user ID and password) and trade data during transmission between internal networks and client devices; and
(b) protect client login passwords stored in its internet trading system.",Functional,intersects,5,"PR.DS-02.01: Data-in-transit is protected commensurate with the criticality and sensitivity of the information and in alignment with the data classification and protection policy (e.g., through the use of encryption, authentication, access control, masking, tokenization, and alternate transit paths).",PROTECT / Data Security / Protection of Data in Transit,PR.DS-02.01
HK-SFC-1.04,1. Protection of clients’ internet trading accounts,1.4 Data encryption,"A licensed or registered person should use a strong encryption algorithm to:

(a) encrypt sensitive information such as client login credentials (ie, user ID and password) and trade data during transmission between internal networks and client devices; and
(b) protect client login passwords stored in its internet trading system.",Functional,intersects,5,"PR.PS-01.05: Acceptable encryption standards, methods, and management practices are established in accordance with defined industry standards.",PROTECT / Platform Security / Configuration Management,PR.PS-01.05
HK-SFC-1.04,1. Protection of clients’ internet trading accounts,1.4 Data encryption,"A licensed or registered person should use a strong encryption algorithm to:

(a) encrypt sensitive information such as client login credentials (ie, user ID and password) and trade data during transmission between internal networks and client devices; and
(b) protect client login passwords stored in its internet trading system.",Functional,intersects,5,PR.PS-01.06: The organization employs defined encryption methods and management practices commensurate with the criticality of the information being protected and the inherent risk of the technical environment where used.,PROTECT / Platform Security / Configuration Management,PR.PS-01.06
HK-SFC-1.05,1. Protection of clients’ internet trading accounts,1.5 Protection of client login passwords,"A licensed or registered person should establish and implement effective policies and procedures to ensure that a client login password is generated and delivered to a client in a secure manner during the account activation and password reset processes. A client login password should be randomly generated by the system and sent to a client through a channel of communication which is free from human intervention and from tampering by staff of the licensed or registered person.

In a situation where a client login password is not randomly generated by the system, the licensed or registered person should implement adequate compensating security controls such as compulsory change of password upon the first login after client account activation.",Functional,intersects,8,"PR.AA-01.01: Identities and credentials are actively managed or automated for authorized devices and users (e.g., removal of default and factory passwords, password strength requirements, automatic revocation of credentials under defined conditions, regular asset owner access review, etc.).","PROTECT / Identity Management, Authentication, and Access Control / Identity & Credential Management",PR.AA-01.01
HK-SFC-1.05,1. Protection of clients’ internet trading accounts,1.5 Protection of client login passwords,"A licensed or registered person should establish and implement effective policies and procedures to ensure that a client login password is generated and delivered to a client in a secure manner during the account activation and password reset processes. A client login password should be randomly generated by the system and sent to a client through a channel of communication which is free from human intervention and from tampering by staff of the licensed or registered person.

In a situation where a client login password is not randomly generated by the system, the licensed or registered person should implement adequate compensating security controls such as compulsory change of password upon the first login after client account activation.",Functional,intersects,7,"PR.AA-03.01: Based on the risk level of a user access or a specific transaction, the organization defines and implements authentication requirements, which may include multi-factor or out-of-band authentication, and may adopt other real-time risk prevention or mitigation tactics.","PROTECT / Identity Management, Authentication, and Access Control / Authentication",PR.AA-03.01
HK-SFC-1.06,1. Protection of clients’ internet trading accounts,1.6 Stringent password policies and session timeout controls,"A licensed or registered person should set up stringent password policies and session timeout controls in its internet trading system, which include:

(a) Minimum password length;
(b) Periodic reminders for those clients who have not changed their passwords for a long period;
(c) Minimum password complexity (ie, alphanumeric) and history;
(d) Appropriate controls on invalid login attempts; and
(e) Session timeout after a period of inactivity.",Functional,intersects,9,"PR.AA-01.01: Identities and credentials are actively managed or automated for authorized devices and users (e.g., removal of default and factory passwords, password strength requirements, automatic revocation of credentials under defined conditions, regular asset owner access review, etc.).","PROTECT / Identity Management, Authentication, and Access Control / Identity & Credential Management",PR.AA-01.01
HK-SFC-1.06,1. Protection of clients’ internet trading accounts,1.6 Stringent password policies and session timeout controls,"A licensed or registered person should set up stringent password policies and session timeout controls in its internet trading system, which include:

(a) Minimum password length;
(b) Periodic reminders for those clients who have not changed their passwords for a long period;
(c) Minimum password complexity (ie, alphanumeric) and history;
(d) Appropriate controls on invalid login attempts; and
(e) Session timeout after a period of inactivity.",Functional,intersects,8,"PR.AA-04.01: Access credential and authorization mechanisms for internal systems and across security perimeters (e.g., leveraging directory services, directory synchronization, single sign-on, federated access, credential mapping, etc.) are designed to maintain security, integrity, and authenticity.","PROTECT / Identity Management, Authentication, and Access Control / Identity Assertions",PR.AA-04.01
HK-SFC-2.01,2. Infrastructure security management,2.1 Deploy a secure network infrastructure,"A licensed or registered person should deploy a secure network infrastructure through proper network segmentation, ie, a Demilitarised Zone (DMZ) with multi-tiered firewalls, to protect critical systems (eg, internet trading system and settlement system) and client data against cyber-attacks.",Functional,superset,9,"PR.IR-01.01: Networks, systems, and external connections are segmented (e.g., using firewalls, software-defined networks, guest wireless networks, etc.) to implement defense-in-depth and access isolation principles.",PROTECT / Technology Infrastructure Resilience / Logical Access Protections,PR.IR-01.01
HK-SFC-2.01,2. Infrastructure security management,2.1 Deploy a secure network infrastructure,"A licensed or registered person should deploy a secure network infrastructure through proper network segmentation, ie, a Demilitarised Zone (DMZ) with multi-tiered firewalls, to protect critical systems (eg, internet trading system and settlement system) and client data against cyber-attacks.",Functional,superset,9,"PR.IR-01.02: Network device configurations (e.g., firewall rules, ports, and protocols) are documented, reviewed and updated regularly and upon change to ensure alignment with network access, segmentation, traversal, and deny-all default requirements.",PROTECT / Technology Infrastructure Resilience / Logical Access Protections,PR.IR-01.02
HK-SFC-2.01,2. Infrastructure security management,2.1 Deploy a secure network infrastructure,"A licensed or registered person should deploy a secure network infrastructure through proper network segmentation, ie, a Demilitarised Zone (DMZ) with multi-tiered firewalls, to protect critical systems (eg, internet trading system and settlement system) and client data against cyber-attacks.",Functional,superset,9,"PR.IR-01.03: The integrity and resilience of the organization's communications and control network services are enhanced through controls such as denial of service protections, secure name/address resolution, and/or alternate communications paths.",PROTECT / Technology Infrastructure Resilience / Logical Access Protections,PR.IR-01.03
HK-SFC-2.01,2. Infrastructure security management,2.1 Deploy a secure network infrastructure,"A licensed or registered person should deploy a secure network infrastructure through proper network segmentation, ie, a Demilitarised Zone (DMZ) with multi-tiered firewalls, to protect critical systems (eg, internet trading system and settlement system) and client data against cyber-attacks.",Functional,intersects,8,"PR.IR-01.04: The organization controls access to its wireless networks and the information that these networks process by implementing appropriate mechanisms (e.g., strong authentication for authentication and transmission, preventing unauthorized devices from connecting to the internal networks, restricting unauthorized traffic, and segregating guest wireless networks).",PROTECT / Technology Infrastructure Resilience / Logical Access Protections,PR.IR-01.04
HK-SFC-2.01,2. Infrastructure security management,2.1 Deploy a secure network infrastructure,"A licensed or registered person should deploy a secure network infrastructure through proper network segmentation, ie, a Demilitarised Zone (DMZ) with multi-tiered firewalls, to protect critical systems (eg, internet trading system and settlement system) and client data against cyber-attacks.",Functional,intersects,8,PR.IR-01.06: The organization's production and non-production environments and data are segregated and managed to prevent unauthorized access or changes to the information assets.,PROTECT / Technology Infrastructure Resilience / Logical Access Protections,PR.IR-01.06
HK-SFC-2.01,2. Infrastructure security management,2.1 Deploy a secure network infrastructure,"A licensed or registered person should deploy a secure network infrastructure through proper network segmentation, ie, a Demilitarised Zone (DMZ) with multi-tiered firewalls, to protect critical systems (eg, internet trading system and settlement system) and client data against cyber-attacks.",Functional,intersects,8,"PR.IR-01.08: The organization implements policies, procedures, end-user agreements, and technical controls to address the risks of end-user mobile or personal computing devices accessing the organization's network and resources.",PROTECT / Technology Infrastructure Resilience / Logical Access Protections,PR.IR-01.08
HK-SFC-2.01,2. Infrastructure security management,2.1 Deploy a secure network infrastructure,"A licensed or registered person should deploy a secure network infrastructure through proper network segmentation, ie, a Demilitarised Zone (DMZ) with multi-tiered firewalls, to protect critical systems (eg, internet trading system and settlement system) and client data against cyber-attacks.",Functional,intersects,8,PR.IR-04.01: Baseline measures of network and system utilization and transaction activity are captured to support capacity planning and anomalous activity detection.,PROTECT / Technology Infrastructure Resilience / Capacity Management,PR.IR-04.01
HK-SFC-2.01,2. Infrastructure security management,2.1 Deploy a secure network infrastructure,"A licensed or registered person should deploy a secure network infrastructure through proper network segmentation, ie, a Demilitarised Zone (DMZ) with multi-tiered firewalls, to protect critical systems (eg, internet trading system and settlement system) and client data against cyber-attacks.",Functional,intersects,7,"PR.IR-04.02: Technology availability and capacity is planned, monitored, managed, and optimized to meet business resilience objectives and reasonably anticipated infrastructure demands.",PROTECT / Technology Infrastructure Resilience / Capacity Management,PR.IR-04.02
HK-SFC-2.02,2. Infrastructure security management,2.2 User access management,"A licensed or registered person should have policies and procedures in place to ensure that system access or the use of the systems are granted to users on a need-to-have basis. In addition, a licensed or registered person should review, at least on a yearly basis, the user access list of critical systems (eg, internet trading systems and settlement systems) and databases (eg, client data) to ensure that access to or use of the systems remain restricted to persons approved to use them on a need-to-have basis.",Functional,intersects,8,"PR.AA-01.01: Identities and credentials are actively managed or automated for authorized devices and users (e.g., removal of default and factory passwords, password strength requirements, automatic revocation of credentials under defined conditions, regular asset owner access review, etc.).","PROTECT / Identity Management, Authentication, and Access Control / Identity & Credential Management",PR.AA-01.01
HK-SFC-2.02,2. Infrastructure security management,2.2 User access management,"A licensed or registered person should have policies and procedures in place to ensure that system access or the use of the systems are granted to users on a need-to-have basis. In addition, a licensed or registered person should review, at least on a yearly basis, the user access list of critical systems (eg, internet trading systems and settlement systems) and databases (eg, client data) to ensure that access to or use of the systems remain restricted to persons approved to use them on a need-to-have basis.",Functional,superset,9,"PR.AA-01.02: Physical and logical access to systems is permitted only for individuals who have a legitimate business requirement, have been authorized, and who are adequately trained and monitored.","PROTECT / Identity Management, Authentication, and Access Control / Identity & Credential Management",PR.AA-01.02
HK-SFC-2.02,2. Infrastructure security management,2.2 User access management,"A licensed or registered person should have policies and procedures in place to ensure that system access or the use of the systems are granted to users on a need-to-have basis. In addition, a licensed or registered person should review, at least on a yearly basis, the user access list of critical systems (eg, internet trading systems and settlement systems) and databases (eg, client data) to ensure that access to or use of the systems remain restricted to persons approved to use them on a need-to-have basis.",Functional,superset,9,"PR.AA-03.02: Decisions to authorize user access to devices and other assets are made with consideration of:
(1) Business need for the access;
(2) The type of data being accessed (e.g., customer PII, public data);
(3) The risk of the transaction (e.g., internal-to-internal, external-to-internal); (4) The organization's level of trust for the accessing agent (e.g., external application, internal user); and
(5) The potential for harm.","PROTECT / Identity Management, Authentication, and Access Control / Authentication",PR.AA-03.02
HK-SFC-2.02,2. Infrastructure security management,2.2 User access management,"A licensed or registered person should have policies and procedures in place to ensure that system access or the use of the systems are granted to users on a need-to-have basis. In addition, a licensed or registered person should review, at least on a yearly basis, the user access list of critical systems (eg, internet trading systems and settlement systems) and databases (eg, client data) to ensure that access to or use of the systems remain restricted to persons approved to use them on a need-to-have basis.",Functional,superset,9,"PR.AA-05.01: The organization limits access privileges to the minimum necessary and with consideration of separation of duties (e.g., through role- based access control, asset owner access recertifications, etc.).","PROTECT / Identity Management, Authentication, and Access Control / Access Authorizations",PR.AA-05.01
HK-SFC-2.03,2. Infrastructure security management,2.3 Security controls over remote connection,A licensed or registered person should grant remote access to its internal network on a need-to-have basis and implement security controls over such access.,Functional,intersects,8,"PR.AA-01.02: Physical and logical access to systems is permitted only for individuals who have a legitimate business requirement, have been authorized, and who are adequately trained and monitored.","PROTECT / Identity Management, Authentication, and Access Control / Identity & Credential Management",PR.AA-01.02
HK-SFC-2.03,2. Infrastructure security management,2.3 Security controls over remote connection,A licensed or registered person should grant remote access to its internal network on a need-to-have basis and implement security controls over such access.,Functional,intersects,9,"PR.AA-03.02: Decisions to authorize user access to devices and other assets are made with consideration of:
(1) Business need for the access;
(2) The type of data being accessed (e.g., customer PII, public data);
(3) The risk of the transaction (e.g., internal-to-internal, external-to-internal); (4) The organization's level of trust for the accessing agent (e.g., external application, internal user); and
(5) The potential for harm.","PROTECT / Identity Management, Authentication, and Access Control / Authentication",PR.AA-03.02
HK-SFC-2.03,2. Infrastructure security management,2.3 Security controls over remote connection,A licensed or registered person should grant remote access to its internal network on a need-to-have basis and implement security controls over such access.,Functional,superset,9,"PR.IR-01.05: Remote access is carefully controlled (e.g., restricted to defined systems, access is actively managed (e.g., session timeouts, logging, forced disconnect, etc.), and encrypted connections with multi-factor authentication are used).",PROTECT / Technology Infrastructure Resilience / Logical Access Protections,PR.IR-01.05
HK-SFC-2.04,2. Infrastructure security management,2.4 Patch management,"A licensed or registered person should monitor and evaluate security patches or hotfixes released by software provider(s) on a timely basis and, subject to an evaluation of the impact, conduct testing as soon as practicable and implement the security patches or hotfixes within one month following the completion of testing.",Functional,intersects,5,"PR.PS-01.08: End-user mobile or personal computing devices accessing the organization's network employ mechanisms to protect network, application, and data integrity, such as ""Mobile Device Management (MDM)"" and ""Mobile Application Management (MAM)"" technologies, device fingerprinting, storage containerization and encryption, integrity scanning, automated patch application, remote wipe, and data leakage protections.",PROTECT / Platform Security / Configuration Management,PR.PS-01.08
HK-SFC-2.04,2. Infrastructure security management,2.4 Patch management,"A licensed or registered person should monitor and evaluate security patches or hotfixes released by software provider(s) on a timely basis and, subject to an evaluation of the impact, conduct testing as soon as practicable and implement the security patches or hotfixes within one month following the completion of testing.",Functional,equal,10,"PR.PS-02.01: The organization defines and implements controls to identify patches to technology assets, assess patch criticality and risk, test patches, and apply patches within risk/criticality-based target time frames.",PROTECT / Platform Security / Software Maintenance & Replacement,PR.PS-02.01
HK-SFC-2.05,2. Infrastructure security management,2.5 End-point protection,A licensed or registered person should implement and update anti-virus and anti-malware solutions (including the corresponding definition and signature files) on a timely basis to detect malicious applications and malware on critical system servers and workstations.,Functional,superset,9,"PR.PS-05.01: The organization has policies, procedures, and tools in place to detect and block malware from infecting networks and systems, including automatically updating malware signatures and behavior profiles on all endpoints.",PROTECT / Platform Security / Unauthorized Software Installation & Execution,PR.PS-05.01
HK-SFC-2.05,2. Infrastructure security management,2.5 End-point protection,A licensed or registered person should implement and update anti-virus and anti-malware solutions (including the corresponding definition and signature files) on a timely basis to detect malicious applications and malware on critical system servers and workstations.,Functional,superset,9,"PR.PS-05.02: The organization implements safeguards against unauthorized mobile code (e.g., JavaScript, ActiveX, VBScript, PowerShell, etc.) on mobile, end point, and server systems.",PROTECT / Platform Security / Unauthorized Software Installation & Execution,PR.PS-05.02
HK-SFC-2.05,2. Infrastructure security management,2.5 End-point protection,A licensed or registered person should implement and update anti-virus and anti-malware solutions (including the corresponding definition and signature files) on a timely basis to detect malicious applications and malware on critical system servers and workstations.,Functional,superset,9,"PR.PS-05.03: The organization has policies, procedures, and tools in place to detect, isolate, and block the use of attached malware or malicious links present in email or message services.",PROTECT / Platform Security / Unauthorized Software Installation & Execution,PR.PS-05.03
HK-SFC-2.06,2. Infrastructure security management,2.6 Unauthorised installation of hardware and software,A licensed or registered person should implement security controls to prevent unauthorised installation of hardware and software.,Functional,intersects,8,"ID.AM-08.02: The organization establishes policies, and employs methods to identify, assess, and manage technology solutions that are acquired, managed, or used outside of established, governed technology and cybersecurity processes (i.e., ""Shadow IT"").",IDENTIFY / Asset Management / Asset Life Cycle Management,ID.AM-08.02
HK-SFC-2.06,2. Infrastructure security management,2.6 Unauthorised installation of hardware and software,A licensed or registered person should implement security controls to prevent unauthorised installation of hardware and software.,Functional,intersects,8,"DE.CM-09.01: The organization uses integrity checking mechanisms to verify software, firmware and information integrity and provenance (e.g., checksums, Software Bill of Materials, etc.)","DETECT / Continuous Monitoring / Hardware, Software, & Data Monitoring",DE.CM-09.01
HK-SFC-2.06,2. Infrastructure security management,2.6 Unauthorised installation of hardware and software,A licensed or registered person should implement security controls to prevent unauthorised installation of hardware and software.,Functional,intersects,8,DE.CM-09.02: The organization uses integrity checking mechanisms to verify hardware integrity.,"DETECT / Continuous Monitoring / Hardware, Software, & Data Monitoring",DE.CM-09.02
HK-SFC-2.06,2. Infrastructure security management,2.6 Unauthorised installation of hardware and software,A licensed or registered person should implement security controls to prevent unauthorised installation of hardware and software.,Functional,intersects,9,"DE.CM-09.03: The organization has policies, procedures, and tools in place to monitor for, detect, and block the use of unsupported or unauthorized software, hardware, or configuration changes.","DETECT / Continuous Monitoring / Hardware, Software, & Data Monitoring",DE.CM-09.03
HK-SFC-2.07,2. Infrastructure security management,2.7 Physical security,"A licensed or registered person should establish physical security policies and procedures to protect critical system components (eg, system servers and network devices) in a secure environment and to prevent unauthorised physical access to the facilities hosting the internet trading system as well as the critical system components.",Functional,equal,10,GV.PO-01.06: Physical and environmental security policies are implemented and managed.,"GOVERN / Policies, Processes, and Procedures / Establishment of Policies & Procedures",GV.PO-01.06
HK-SFC-2.07,2. Infrastructure security management,2.7 Physical security,"A licensed or registered person should establish physical security policies and procedures to protect critical system components (eg, system servers and network devices) in a secure environment and to prevent unauthorised physical access to the facilities hosting the internet trading system as well as the critical system components.",Functional,superset,9,"PR.AA-01.02: Physical and logical access to systems is permitted only for individuals who have a legitimate business requirement, have been authorized, and who are adequately trained and monitored.","PROTECT / Identity Management, Authentication, and Access Control / Identity & Credential Management",PR.AA-01.02
HK-SFC-2.07,2. Infrastructure security management,2.7 Physical security,"A licensed or registered person should establish physical security policies and procedures to protect critical system components (eg, system servers and network devices) in a secure environment and to prevent unauthorised physical access to the facilities hosting the internet trading system as well as the critical system components.",Functional,superset,9,"PR.AA-06.01: The organization manages, protects, and logs physical access to sensitive areas, devices, consoles, equipment, and network cabling and infrastructure.","PROTECT / Identity Management, Authentication, and Access Control / Physical Access",PR.AA-06.01
HK-SFC-2.07,2. Infrastructure security management,2.7 Physical security,"A licensed or registered person should establish physical security policies and procedures to protect critical system components (eg, system servers and network devices) in a secure environment and to prevent unauthorised physical access to the facilities hosting the internet trading system as well as the critical system components.",Functional,superset,9,"PR.IR-02.01: The organization designs, documents, implements, tests, and maintains environmental and physical controls to meet defined business resilience requirements (e.g., environmental monitoring, dual power and communication sources, regionally separated backup processing facilities, etc.)",PROTECT / Technology Infrastructure Resilience / Environmental Threat Protections,PR.IR-02.01
HK-SFC-2.07,2. Infrastructure security management,2.7 Physical security,"A licensed or registered person should establish physical security policies and procedures to protect critical system components (eg, system servers and network devices) in a secure environment and to prevent unauthorised physical access to the facilities hosting the internet trading system as well as the critical system components.",Functional,superset,9,"DE.CM-02.01: The organization's controls include monitoring and detection of anomalous activities and potential intrusion events across the organization's physical environment and infrastructure, including the detection of environmental threats (fire, water, service outages, etc.) and unauthorized physical access to high-risk system components and locations.",DETECT / Continuous Monitoring / Physical Environment Monitoring,DE.CM-02.01
HK-SFC-2.07,2. Infrastructure security management,2.7 Physical security,"A licensed or registered person should establish physical security policies and procedures to protect critical system components (eg, system servers and network devices) in a secure environment and to prevent unauthorised physical access to the facilities hosting the internet trading system as well as the critical system components.",Functional,intersects,8,"DE.AE-03.01: The organization implements systematic and real-time logging, collection, monitoring, detection, and alerting measures across multiple layers of the organization's infrastructure, including physical perimeters, network, operating systems, applications, data, and external (cloud and outsourced) environments, sufficient to protect the organization's information assets.",DETECT / Adverse Event Analysis / Event Information Correlation,DE.AE-03.01
HK-SFC-2.08,2. Infrastructure security management,2.8 System and data backup,"A licensed or registered person should back up business records, client and transaction databases, servers and supporting documentation in an off-line medium on at least a daily basis.

A licensed or registered person should also adopt an appropriate recovery method to enable successful roll-back of major system changes.",Functional,intersects,8,"ID.RA-07.02: Risk-based criteria are used to categorize each system change, to include emergency changes, to determine the necessary change process standards to apply for change planning, rollback planning, pre-change testing, change access control, post-change verification, and change review and approval.",IDENTIFY / Risk Assessment / Change & Exception Management,ID.RA-07.02
HK-SFC-2.08,2. Infrastructure security management,2.8 System and data backup,"A licensed or registered person should back up business records, client and transaction databases, servers and supporting documentation in an off-line medium on at least a daily basis.

A licensed or registered person should also adopt an appropriate recovery method to enable successful roll-back of major system changes.",Functional,intersects,9,"PR.DS-11.01: The organization defines and implements standards and procedures for configuring and performing backups and data replications, including defining backup requirements by data/application/infrastructure criticality, segregating (e.g., air-gapping) and securing backups, verifying backup integrity, and performing backup restoration testing.",PROTECT / Data Security / Data Backup,PR.DS-11.01
HK-SFC-2.09,2. Infrastructure security management,2.9 Contingency planning for cybersecurity scenarios,"In order to ensure that appropriate contingency procedures can be effectively executed when cybersecurity situations occur, a licensed or registered person should make all reasonable efforts to cover possible cyber-attack scenarios such as distributed denial-of-service (DDoS) attacks2 and total loss of business records and client data resulting from cyber-attacks (eg, ransomware) in the contingency plan and crisis management procedures.",Functional,intersects,8,"GV.OC-04.04: The organization prioritizes the resilience design, planning, testing, and monitoring of systems and other key internal and external dependencies according to their criticality to the supported business functions, enterprise mission, and to the financial services sector.",GOVERN / Organizational Context / Stakeholder Service Expectations,GV.OC-04.04
HK-SFC-2.09,2. Infrastructure security management,2.9 Contingency planning for cybersecurity scenarios,"In order to ensure that appropriate contingency procedures can be effectively executed when cybersecurity situations occur, a licensed or registered person should make all reasonable efforts to cover possible cyber-attack scenarios such as distributed denial-of-service (DDoS) attacks2 and total loss of business records and client data resulting from cyber-attacks (eg, ransomware) in the contingency plan and crisis management procedures.",Functional,subset,8,"GV.RM-09.01: The organization has an enterprise-wide resilience strategy and program, including architecture, cyber resilience, business continuity, disaster recovery, and incident response, which support its mission, stakeholder obligations, critical infrastructure role, and risk appetite.",GOVERN / Risk Management Strategy  / Business Continuity & Resilience Risk Management,GV.RM-09.01
HK-SFC-2.09,2. Infrastructure security management,2.9 Contingency planning for cybersecurity scenarios,"In order to ensure that appropriate contingency procedures can be effectively executed when cybersecurity situations occur, a licensed or registered person should make all reasonable efforts to cover possible cyber-attack scenarios such as distributed denial-of-service (DDoS) attacks2 and total loss of business records and client data resulting from cyber-attacks (eg, ransomware) in the contingency plan and crisis management procedures.",Functional,subset,8,"GV.RR-01.03: The governing authority (e.g., the Board or one of its committees) regularly reviews, oversees, and holds senior management accountable for implementing the organization’s resilience strategy and program and for managing the organization's ongoing resilience risks.","GOVERN / Roles, Responsibilities, and Authorities / Organizational Leadership Responsibility",GV.RR-01.03
HK-SFC-2.09,2. Infrastructure security management,2.9 Contingency planning for cybersecurity scenarios,"In order to ensure that appropriate contingency procedures can be effectively executed when cybersecurity situations occur, a licensed or registered person should make all reasonable efforts to cover possible cyber-attack scenarios such as distributed denial-of-service (DDoS) attacks2 and total loss of business records and client data resulting from cyber-attacks (eg, ransomware) in the contingency plan and crisis management procedures.",Functional,intersects,8,"GV.PO-01.07: The organization maintains documented business continuity and resilience program policies and procedures approved by the governing authority (e.g., the Board or one of its committees).","GOVERN / Policies, Processes, and Procedures / Establishment of Policies & Procedures",GV.PO-01.07
HK-SFC-2.09,2. Infrastructure security management,2.9 Contingency planning for cybersecurity scenarios,"In order to ensure that appropriate contingency procedures can be effectively executed when cybersecurity situations occur, a licensed or registered person should make all reasonable efforts to cover possible cyber-attack scenarios such as distributed denial-of-service (DDoS) attacks2 and total loss of business records and client data resulting from cyber-attacks (eg, ransomware) in the contingency plan and crisis management procedures.",Functional,intersects,8,"GV.SC-08.01: The organization's resilience strategy, plans, tests, and exercises incorporate its external dependencies and critical business partners.",GOVERN / Supply Chain Risk Management / Third Party Incident Management Integration,GV.SC-08.01
HK-SFC-2.09,2. Infrastructure security management,2.9 Contingency planning for cybersecurity scenarios,"In order to ensure that appropriate contingency procedures can be effectively executed when cybersecurity situations occur, a licensed or registered person should make all reasonable efforts to cover possible cyber-attack scenarios such as distributed denial-of-service (DDoS) attacks2 and total loss of business records and client data resulting from cyber-attacks (eg, ransomware) in the contingency plan and crisis management procedures.",Functional,intersects,9,"ID.IM-02.04: The organization's testing program validates the effectiveness of its resilience strategy and response, disaster recovery, and resumption plans on a regular basis or upon major changes to business or system functions, and includes external stakeholders as required.",IDENTIFY / Improvement / Tests & Exercises,ID.IM-02.04
HK-SFC-2.09,2. Infrastructure security management,2.9 Contingency planning for cybersecurity scenarios,"In order to ensure that appropriate contingency procedures can be effectively executed when cybersecurity situations occur, a licensed or registered person should make all reasonable efforts to cover possible cyber-attack scenarios such as distributed denial-of-service (DDoS) attacks2 and total loss of business records and client data resulting from cyber-attacks (eg, ransomware) in the contingency plan and crisis management procedures.",Functional,intersects,9,"ID.IM-02.05: The organization establishes testing programs that include a range of scenarios, including severe but plausible scenarios (e.g., disruptive, destructive, corruptive), that could affect the organization's ability to service internal and external stakeholders.",IDENTIFY / Improvement / Tests & Exercises,ID.IM-02.05
HK-SFC-2.09,2. Infrastructure security management,2.9 Contingency planning for cybersecurity scenarios,"In order to ensure that appropriate contingency procedures can be effectively executed when cybersecurity situations occur, a licensed or registered person should make all reasonable efforts to cover possible cyber-attack scenarios such as distributed denial-of-service (DDoS) attacks2 and total loss of business records and client data resulting from cyber-attacks (eg, ransomware) in the contingency plan and crisis management procedures.",Functional,intersects,9,"ID.IM-04.01: The organization's business continuity, disaster recovery, crisis management, and response plans are in place and managed, aligned with each other, and incorporate considerations of cyber incidents.",IDENTIFY / Improvement / Plans Affecting Operations,ID.IM-04.01
HK-SFC-2.09,2. Infrastructure security management,2.9 Contingency planning for cybersecurity scenarios,"In order to ensure that appropriate contingency procedures can be effectively executed when cybersecurity situations occur, a licensed or registered person should make all reasonable efforts to cover possible cyber-attack scenarios such as distributed denial-of-service (DDoS) attacks2 and total loss of business records and client data resulting from cyber-attacks (eg, ransomware) in the contingency plan and crisis management procedures.",Functional,superset,9,"ID.IM-04.02: The organization's incident response and business continuity plans contain clearly defined roles, responsibilities, and levels of decision- making authority, and include all needed areas of participation and expertise across the organization and key third-parties.",IDENTIFY / Improvement / Plans Affecting Operations,ID.IM-04.02
HK-SFC-2.09,2. Infrastructure security management,2.9 Contingency planning for cybersecurity scenarios,"In order to ensure that appropriate contingency procedures can be effectively executed when cybersecurity situations occur, a licensed or registered person should make all reasonable efforts to cover possible cyber-attack scenarios such as distributed denial-of-service (DDoS) attacks2 and total loss of business records and client data resulting from cyber-attacks (eg, ransomware) in the contingency plan and crisis management procedures.",Functional,intersects,9,"ID.IM-04.08: The organization regularly reviews response strategy, incident management plans, recovery plans, and associated tests and exercises and updates them, as necessary, based on:
(1) Lessons learned from incidents that have occurred (both internal and external to the organization);
(2) Current cyber threat intelligence (both internal and external sources); (3) Recent and wide-scale cyber attack scenarios;
(4) Operationally and technically plausible future cyber attacks;
(5) Organizational or technical environment changes; and,
(6) New technological developments.",IDENTIFY / Improvement / Plans Affecting Operations,ID.IM-04.08
HK-SFC-2.10,2. Infrastructure security management,2.10 Third-party service providers,"If a licensed or registered person has any arrangement to outsource any activities associated with its internet trading to a third-party service provider, it should enter into a formal service-level agreement with the service provider which specifies the terms of service and the responsibilities of the provider. In particular, a licensed or registered person should ensure that the services provided by the third-party service provider enable the licensed or registered person to comply with the relevant requirements set out in, among other provisions, Paragraph 18 and Schedule 7 to the Code of Conduct and these guidelines. Service level agreements should be regularly reviewed and revised, where appropriate, to reflect any changes to the outsourcing arrangements or regulatory developments. Wherever possible, such agreements should provide sufficient levels of maintenance and technical assistance with quantitative details.",Functional,superset,9,"EX.CN-01.01: Contracts with suppliers clearly detail the general terms, nature, and scope of the arrangement, to include the distribution of responsibilities between the parties; costs, compensation, reimbursements, incentives, and penalties; service level agreements, performance measures, and benchmarks; responsibilities for providing, receiving, and retaining information; recourse provisions; and the organization's rights to review, monitor, and audit the supplier's activities.",EXTEND / Third-Party Contracts and Agreements / Contract General Requirements,EX.CN-01.01
HK-SFC-2.10,2. Infrastructure security management,2.10 Third-party service providers,"If a licensed or registered person has any arrangement to outsource any activities associated with its internet trading to a third-party service provider, it should enter into a formal service-level agreement with the service provider which specifies the terms of service and the responsibilities of the provider. In particular, a licensed or registered person should ensure that the services provided by the third-party service provider enable the licensed or registered person to comply with the relevant requirements set out in, among other provisions, Paragraph 18 and Schedule 7 to the Code of Conduct and these guidelines. Service level agreements should be regularly reviewed and revised, where appropriate, to reflect any changes to the outsourcing arrangements or regulatory developments. Wherever possible, such agreements should provide sufficient levels of maintenance and technical assistance with quantitative details.",Functional,superset,9,"EX.CN-01.02: Contracts with suppliers address, as relevant to the product or service, the supplier's requirements for managing its own suppliers and partners (fourth parties) and the risks those fourth parties may pose to the third party and to the organization, to include fourth party due diligence, limitations on activities or geography, monitoring, notifications, liability and indemnifications, etc.",EXTEND / Third-Party Contracts and Agreements / Contract General Requirements,EX.CN-01.02
HK-SFC-2.10,2. Infrastructure security management,2.10 Third-party service providers,"If a licensed or registered person has any arrangement to outsource any activities associated with its internet trading to a third-party service provider, it should enter into a formal service-level agreement with the service provider which specifies the terms of service and the responsibilities of the provider. In particular, a licensed or registered person should ensure that the services provided by the third-party service provider enable the licensed or registered person to comply with the relevant requirements set out in, among other provisions, Paragraph 18 and Schedule 7 to the Code of Conduct and these guidelines. Service level agreements should be regularly reviewed and revised, where appropriate, to reflect any changes to the outsourcing arrangements or regulatory developments. Wherever possible, such agreements should provide sufficient levels of maintenance and technical assistance with quantitative details.",Functional,superset,9,"EX.CN-01.03: Contracts with suppliers address, as relevant to the product or service, the implications of foreign-based third or fourth parties, to include the relevance of local laws and regulations, access to facilities and data, limitations on cross-border data transfer, and language and time zone management.",EXTEND / Third-Party Contracts and Agreements / Contract General Requirements,EX.CN-01.03
HK-SFC-2.10,2. Infrastructure security management,2.10 Third-party service providers,"If a licensed or registered person has any arrangement to outsource any activities associated with its internet trading to a third-party service provider, it should enter into a formal service-level agreement with the service provider which specifies the terms of service and the responsibilities of the provider. In particular, a licensed or registered person should ensure that the services provided by the third-party service provider enable the licensed or registered person to comply with the relevant requirements set out in, among other provisions, Paragraph 18 and Schedule 7 to the Code of Conduct and these guidelines. Service level agreements should be regularly reviewed and revised, where appropriate, to reflect any changes to the outsourcing arrangements or regulatory developments. Wherever possible, such agreements should provide sufficient levels of maintenance and technical assistance with quantitative details.",Functional,superset,9,"EX.CN-02.01: The organization's contracts require third-parties to implement minimum technology and cybersecurity management requirements, to maintain those practices for the life of the relationship, and to provide evidence of compliance on an ongoing basis.",EXTEND / Third-Party Contracts and Agreements / Contract Cybersecurity-Related Requirements,EX.CN-02.01
HK-SFC-2.10,2. Infrastructure security management,2.10 Third-party service providers,"If a licensed or registered person has any arrangement to outsource any activities associated with its internet trading to a third-party service provider, it should enter into a formal service-level agreement with the service provider which specifies the terms of service and the responsibilities of the provider. In particular, a licensed or registered person should ensure that the services provided by the third-party service provider enable the licensed or registered person to comply with the relevant requirements set out in, among other provisions, Paragraph 18 and Schedule 7 to the Code of Conduct and these guidelines. Service level agreements should be regularly reviewed and revised, where appropriate, to reflect any changes to the outsourcing arrangements or regulatory developments. Wherever possible, such agreements should provide sufficient levels of maintenance and technical assistance with quantitative details.",Functional,superset,9,"EX.CN-02.02: Minimum cybersecurity requirements for third-parties include requirements for incident and vulnerability notification, to include the types of events requiring notification, notification timeframes, and escalation protocols.",EXTEND / Third-Party Contracts and Agreements / Contract Cybersecurity-Related Requirements,EX.CN-02.02
HK-SFC-2.10,2. Infrastructure security management,2.10 Third-party service providers,"If a licensed or registered person has any arrangement to outsource any activities associated with its internet trading to a third-party service provider, it should enter into a formal service-level agreement with the service provider which specifies the terms of service and the responsibilities of the provider. In particular, a licensed or registered person should ensure that the services provided by the third-party service provider enable the licensed or registered person to comply with the relevant requirements set out in, among other provisions, Paragraph 18 and Schedule 7 to the Code of Conduct and these guidelines. Service level agreements should be regularly reviewed and revised, where appropriate, to reflect any changes to the outsourcing arrangements or regulatory developments. Wherever possible, such agreements should provide sufficient levels of maintenance and technical assistance with quantitative details.",Functional,superset,9,"EX.CN-02.03: Contracts with suppliers address, as relevant to the product or service, the supplier's obligation to maintain and regularly test a business continuity program and disaster recovery capability the meets the defined resilience requirements of the organization.",EXTEND / Third-Party Contracts and Agreements / Contract Cybersecurity-Related Requirements,EX.CN-02.03
HK-SFC-2.10,2. Infrastructure security management,2.10 Third-party service providers,"If a licensed or registered person has any arrangement to outsource any activities associated with its internet trading to a third-party service provider, it should enter into a formal service-level agreement with the service provider which specifies the terms of service and the responsibilities of the provider. In particular, a licensed or registered person should ensure that the services provided by the third-party service provider enable the licensed or registered person to comply with the relevant requirements set out in, among other provisions, Paragraph 18 and Schedule 7 to the Code of Conduct and these guidelines. Service level agreements should be regularly reviewed and revised, where appropriate, to reflect any changes to the outsourcing arrangements or regulatory developments. Wherever possible, such agreements should provide sufficient levels of maintenance and technical assistance with quantitative details.",Functional,superset,9,"EX.CN-02.04: Contracts with suppliers address, as relevant to the product or service, the supplier's obligation to regularly participate in joint and/or bilateral recovery exercises and tests, and to address significant issues identified through recovery testing.",EXTEND / Third-Party Contracts and Agreements / Contract Cybersecurity-Related Requirements,EX.CN-02.04
HK-SFC-3.01,3. Cybersecurity management and supervision,3.1 Roles and responsibilities of cybersecurity management,"The responsible officer(s) or executive officer(s) responsible for the overall management and supervision of the internet trading system should define a cybersecurity risk management framework (including but not limited to policies and procedures), and set out key roles and responsibilities. These responsibilities include:

(a) Reviewing and approving cybersecurity risk management policies and procedures;
(b) Reviewing and approving the budget and spending on resources for cybersecurity risk management;
(c) Arranging to conduct a self-assessment of the overall cybersecurity risk management framework on a regular basis;
(d) Reviewing significant issues escalated from cybersecurity incident reporting;
(e) Reviewing major findings identified from internal and external audits and cybersecurity reviews; endorsing and monitoring the completion of remedial actions;
(f) Monitoring and assessing the latest cybersecurity threats and attacks;
(g) Reviewing and approving the contingency plan, which covers cybersecurity scenarios and corresponding contingency strategies, developed for the internet trading system; and
(h) Where applicable, reviewing and approving the service level agreement and contract with a third-party service provider relating to internet trading.

These responsibilities can be delegated, in writing, to a designated committee or operational unit, however overall accountability remains with the responsible officer(s) or executive officer(s).",Functional,superset,9,"GV.RM-01.01: Technology and cybersecurity risk management strategies and frameworks are approved by the governing authority (e.g., the Board or one of its committees) and incorporated into the overall business strategy and enterprise risk management framework.",GOVERN / Risk Management Strategy / Risk Management Objectives Agreement,GV.RM-01.01
HK-SFC-3.01,3. Cybersecurity management and supervision,3.1 Roles and responsibilities of cybersecurity management,"The responsible officer(s) or executive officer(s) responsible for the overall management and supervision of the internet trading system should define a cybersecurity risk management framework (including but not limited to policies and procedures), and set out key roles and responsibilities. These responsibilities include:

(a) Reviewing and approving cybersecurity risk management policies and procedures;
(b) Reviewing and approving the budget and spending on resources for cybersecurity risk management;
(c) Arranging to conduct a self-assessment of the overall cybersecurity risk management framework on a regular basis;
(d) Reviewing significant issues escalated from cybersecurity incident reporting;
(e) Reviewing major findings identified from internal and external audits and cybersecurity reviews; endorsing and monitoring the completion of remedial actions;
(f) Monitoring and assessing the latest cybersecurity threats and attacks;
(g) Reviewing and approving the contingency plan, which covers cybersecurity scenarios and corresponding contingency strategies, developed for the internet trading system; and
(h) Where applicable, reviewing and approving the service level agreement and contract with a third-party service provider relating to internet trading.

These responsibilities can be delegated, in writing, to a designated committee or operational unit, however overall accountability remains with the responsible officer(s) or executive officer(s).",Functional,superset,8,"GV.RM-02.01: The governing authority (e.g., the Board or one of its committees) endorses and regularly reviews technology and cybersecurity risk appetite and is regularly informed about the status of, and material changes to, the organization's inherent risk profile.",GOVERN / Risk Management Strategy / Risk Appetite & Risk Tolerance Statements,GV.RM-02.01
HK-SFC-3.01,3. Cybersecurity management and supervision,3.1 Roles and responsibilities of cybersecurity management,"The responsible officer(s) or executive officer(s) responsible for the overall management and supervision of the internet trading system should define a cybersecurity risk management framework (including but not limited to policies and procedures), and set out key roles and responsibilities. These responsibilities include:

(a) Reviewing and approving cybersecurity risk management policies and procedures;
(b) Reviewing and approving the budget and spending on resources for cybersecurity risk management;
(c) Arranging to conduct a self-assessment of the overall cybersecurity risk management framework on a regular basis;
(d) Reviewing significant issues escalated from cybersecurity incident reporting;
(e) Reviewing major findings identified from internal and external audits and cybersecurity reviews; endorsing and monitoring the completion of remedial actions;
(f) Monitoring and assessing the latest cybersecurity threats and attacks;
(g) Reviewing and approving the contingency plan, which covers cybersecurity scenarios and corresponding contingency strategies, developed for the internet trading system; and
(h) Where applicable, reviewing and approving the service level agreement and contract with a third-party service provider relating to internet trading.

These responsibilities can be delegated, in writing, to a designated committee or operational unit, however overall accountability remains with the responsible officer(s) or executive officer(s).",Functional,superset,9,"GV.RM-04.01: The governing authority (e.g., the Board or one of its committees) and senior management provide guidance, direction, and credible challenge in the design and implementation of risk management strategies, assessment of identified risks against risk appetite and risk tolerance, and in the selection of risk treatment approaches.",GOVERN / Risk Management Strategy / Risk Response Strategic Direction,GV.RM-04.01
HK-SFC-3.01,3. Cybersecurity management and supervision,3.1 Roles and responsibilities of cybersecurity management,"The responsible officer(s) or executive officer(s) responsible for the overall management and supervision of the internet trading system should define a cybersecurity risk management framework (including but not limited to policies and procedures), and set out key roles and responsibilities. These responsibilities include:

(a) Reviewing and approving cybersecurity risk management policies and procedures;
(b) Reviewing and approving the budget and spending on resources for cybersecurity risk management;
(c) Arranging to conduct a self-assessment of the overall cybersecurity risk management framework on a regular basis;
(d) Reviewing significant issues escalated from cybersecurity incident reporting;
(e) Reviewing major findings identified from internal and external audits and cybersecurity reviews; endorsing and monitoring the completion of remedial actions;
(f) Monitoring and assessing the latest cybersecurity threats and attacks;
(g) Reviewing and approving the contingency plan, which covers cybersecurity scenarios and corresponding contingency strategies, developed for the internet trading system; and
(h) Where applicable, reviewing and approving the service level agreement and contract with a third-party service provider relating to internet trading.

These responsibilities can be delegated, in writing, to a designated committee or operational unit, however overall accountability remains with the responsible officer(s) or executive officer(s).",Functional,superset,9,"GV.RR-01.01: The governing authority (e.g., the Board or one of its committees) oversees and holds senior management accountable for implementing the organization’s technology and cybersecurity risk management strategies and frameworks.","GOVERN / Roles, Responsibilities, and Authorities / Organizational Leadership Responsibility",GV.RR-01.01
HK-SFC-3.01,3. Cybersecurity management and supervision,3.1 Roles and responsibilities of cybersecurity management,"The responsible officer(s) or executive officer(s) responsible for the overall management and supervision of the internet trading system should define a cybersecurity risk management framework (including but not limited to policies and procedures), and set out key roles and responsibilities. These responsibilities include:

(a) Reviewing and approving cybersecurity risk management policies and procedures;
(b) Reviewing and approving the budget and spending on resources for cybersecurity risk management;
(c) Arranging to conduct a self-assessment of the overall cybersecurity risk management framework on a regular basis;
(d) Reviewing significant issues escalated from cybersecurity incident reporting;
(e) Reviewing major findings identified from internal and external audits and cybersecurity reviews; endorsing and monitoring the completion of remedial actions;
(f) Monitoring and assessing the latest cybersecurity threats and attacks;
(g) Reviewing and approving the contingency plan, which covers cybersecurity scenarios and corresponding contingency strategies, developed for the internet trading system; and
(h) Where applicable, reviewing and approving the service level agreement and contract with a third-party service provider relating to internet trading.

These responsibilities can be delegated, in writing, to a designated committee or operational unit, however overall accountability remains with the responsible officer(s) or executive officer(s).",Functional,superset,9,"GV.RR-01.02: The governing authority (e.g., the Board or one of its committees) regularly reviews, oversees, and holds senior management accountable for implementing the organization’s third-party risk management strategy and program and for managing the organization's ongoing risks associated with the aggregate and specific use of third parties.","GOVERN / Roles, Responsibilities, and Authorities / Organizational Leadership Responsibility",GV.RR-01.02
HK-SFC-3.01,3. Cybersecurity management and supervision,3.1 Roles and responsibilities of cybersecurity management,"The responsible officer(s) or executive officer(s) responsible for the overall management and supervision of the internet trading system should define a cybersecurity risk management framework (including but not limited to policies and procedures), and set out key roles and responsibilities. These responsibilities include:

(a) Reviewing and approving cybersecurity risk management policies and procedures;
(b) Reviewing and approving the budget and spending on resources for cybersecurity risk management;
(c) Arranging to conduct a self-assessment of the overall cybersecurity risk management framework on a regular basis;
(d) Reviewing significant issues escalated from cybersecurity incident reporting;
(e) Reviewing major findings identified from internal and external audits and cybersecurity reviews; endorsing and monitoring the completion of remedial actions;
(f) Monitoring and assessing the latest cybersecurity threats and attacks;
(g) Reviewing and approving the contingency plan, which covers cybersecurity scenarios and corresponding contingency strategies, developed for the internet trading system; and
(h) Where applicable, reviewing and approving the service level agreement and contract with a third-party service provider relating to internet trading.

These responsibilities can be delegated, in writing, to a designated committee or operational unit, however overall accountability remains with the responsible officer(s) or executive officer(s).",Functional,superset,9,"GV.RR-01.03: The governing authority (e.g., the Board or one of its committees) regularly reviews, oversees, and holds senior management accountable for implementing the organization’s resilience strategy and program and for managing the organization's ongoing resilience risks.","GOVERN / Roles, Responsibilities, and Authorities / Organizational Leadership Responsibility",GV.RR-01.03
HK-SFC-3.01,3. Cybersecurity management and supervision,3.1 Roles and responsibilities of cybersecurity management,"The responsible officer(s) or executive officer(s) responsible for the overall management and supervision of the internet trading system should define a cybersecurity risk management framework (including but not limited to policies and procedures), and set out key roles and responsibilities. These responsibilities include:

(a) Reviewing and approving cybersecurity risk management policies and procedures;
(b) Reviewing and approving the budget and spending on resources for cybersecurity risk management;
(c) Arranging to conduct a self-assessment of the overall cybersecurity risk management framework on a regular basis;
(d) Reviewing significant issues escalated from cybersecurity incident reporting;
(e) Reviewing major findings identified from internal and external audits and cybersecurity reviews; endorsing and monitoring the completion of remedial actions;
(f) Monitoring and assessing the latest cybersecurity threats and attacks;
(g) Reviewing and approving the contingency plan, which covers cybersecurity scenarios and corresponding contingency strategies, developed for the internet trading system; and
(h) Where applicable, reviewing and approving the service level agreement and contract with a third-party service provider relating to internet trading.

These responsibilities can be delegated, in writing, to a designated committee or operational unit, however overall accountability remains with the responsible officer(s) or executive officer(s).",Functional,superset,9,"GV.RR-01.04: The organization has designated a qualified Cybersecurity Officer (e.g., CISO) who is responsible and accountable for developing a cybersecurity strategy, overseeing and implementing its cybersecurity program, and enforcing its cybersecurity policy.","GOVERN / Roles, Responsibilities, and Authorities / Organizational Leadership Responsibility",GV.RR-01.04
HK-SFC-3.01,3. Cybersecurity management and supervision,3.1 Roles and responsibilities of cybersecurity management,"The responsible officer(s) or executive officer(s) responsible for the overall management and supervision of the internet trading system should define a cybersecurity risk management framework (including but not limited to policies and procedures), and set out key roles and responsibilities. These responsibilities include:

(a) Reviewing and approving cybersecurity risk management policies and procedures;
(b) Reviewing and approving the budget and spending on resources for cybersecurity risk management;
(c) Arranging to conduct a self-assessment of the overall cybersecurity risk management framework on a regular basis;
(d) Reviewing significant issues escalated from cybersecurity incident reporting;
(e) Reviewing major findings identified from internal and external audits and cybersecurity reviews; endorsing and monitoring the completion of remedial actions;
(f) Monitoring and assessing the latest cybersecurity threats and attacks;
(g) Reviewing and approving the contingency plan, which covers cybersecurity scenarios and corresponding contingency strategies, developed for the internet trading system; and
(h) Where applicable, reviewing and approving the service level agreement and contract with a third-party service provider relating to internet trading.

These responsibilities can be delegated, in writing, to a designated committee or operational unit, however overall accountability remains with the responsible officer(s) or executive officer(s).",Functional,superset,9,"GV.RR-02.01: The roles, responsibilities, qualifications, and skill requirements for personnel (employees and third parties) that implement, manage, and oversee the technology, cybersecurity, and resilience programs are defined, aligned, coordinated, and holistically managed.","GOVERN / Roles, Responsibilities, and Authorities / Risk Management Roles & Responsibilities",GV.RR-02.01
HK-SFC-3.01,3. Cybersecurity management and supervision,3.1 Roles and responsibilities of cybersecurity management,"The responsible officer(s) or executive officer(s) responsible for the overall management and supervision of the internet trading system should define a cybersecurity risk management framework (including but not limited to policies and procedures), and set out key roles and responsibilities. These responsibilities include:

(a) Reviewing and approving cybersecurity risk management policies and procedures;
(b) Reviewing and approving the budget and spending on resources for cybersecurity risk management;
(c) Arranging to conduct a self-assessment of the overall cybersecurity risk management framework on a regular basis;
(d) Reviewing significant issues escalated from cybersecurity incident reporting;
(e) Reviewing major findings identified from internal and external audits and cybersecurity reviews; endorsing and monitoring the completion of remedial actions;
(f) Monitoring and assessing the latest cybersecurity threats and attacks;
(g) Reviewing and approving the contingency plan, which covers cybersecurity scenarios and corresponding contingency strategies, developed for the internet trading system; and
(h) Where applicable, reviewing and approving the service level agreement and contract with a third-party service provider relating to internet trading.

These responsibilities can be delegated, in writing, to a designated committee or operational unit, however overall accountability remains with the responsible officer(s) or executive officer(s).",Functional,superset,9,"GV.RR-02.03: Resilience program roles and responsibilities are assigned to management across the organization to ensure risk assessment, planning, testing, and execution coverage for all critical business functions.","GOVERN / Roles, Responsibilities, and Authorities / Risk Management Roles & Responsibilities",GV.RR-02.03
HK-SFC-3.01,3. Cybersecurity management and supervision,3.1 Roles and responsibilities of cybersecurity management,"The responsible officer(s) or executive officer(s) responsible for the overall management and supervision of the internet trading system should define a cybersecurity risk management framework (including but not limited to policies and procedures), and set out key roles and responsibilities. These responsibilities include:

(a) Reviewing and approving cybersecurity risk management policies and procedures;
(b) Reviewing and approving the budget and spending on resources for cybersecurity risk management;
(c) Arranging to conduct a self-assessment of the overall cybersecurity risk management framework on a regular basis;
(d) Reviewing significant issues escalated from cybersecurity incident reporting;
(e) Reviewing major findings identified from internal and external audits and cybersecurity reviews; endorsing and monitoring the completion of remedial actions;
(f) Monitoring and assessing the latest cybersecurity threats and attacks;
(g) Reviewing and approving the contingency plan, which covers cybersecurity scenarios and corresponding contingency strategies, developed for the internet trading system; and
(h) Where applicable, reviewing and approving the service level agreement and contract with a third-party service provider relating to internet trading.

These responsibilities can be delegated, in writing, to a designated committee or operational unit, however overall accountability remains with the responsible officer(s) or executive officer(s).",Functional,superset,9,GV.RR-02.04: Roles and responsibilities for the Third-Party Risk Management Program and for each third-party engagement are defined and assigned.,"GOVERN / Roles, Responsibilities, and Authorities / Risk Management Roles & Responsibilities",GV.RR-02.04
HK-SFC-3.01,3. Cybersecurity management and supervision,3.1 Roles and responsibilities of cybersecurity management,"The responsible officer(s) or executive officer(s) responsible for the overall management and supervision of the internet trading system should define a cybersecurity risk management framework (including but not limited to policies and procedures), and set out key roles and responsibilities. These responsibilities include:

(a) Reviewing and approving cybersecurity risk management policies and procedures;
(b) Reviewing and approving the budget and spending on resources for cybersecurity risk management;
(c) Arranging to conduct a self-assessment of the overall cybersecurity risk management framework on a regular basis;
(d) Reviewing significant issues escalated from cybersecurity incident reporting;
(e) Reviewing major findings identified from internal and external audits and cybersecurity reviews; endorsing and monitoring the completion of remedial actions;
(f) Monitoring and assessing the latest cybersecurity threats and attacks;
(g) Reviewing and approving the contingency plan, which covers cybersecurity scenarios and corresponding contingency strategies, developed for the internet trading system; and
(h) Where applicable, reviewing and approving the service level agreement and contract with a third-party service provider relating to internet trading.

These responsibilities can be delegated, in writing, to a designated committee or operational unit, however overall accountability remains with the responsible officer(s) or executive officer(s).",Functional,intersects,8,"GV.RR-02.06: Roles and responsibilities for the inventory, ownership, and custodianship of applications, data and other technology assets are established and maintained.","GOVERN / Roles, Responsibilities, and Authorities / Risk Management Roles & Responsibilities",GV.RR-02.06
HK-SFC-3.01,3. Cybersecurity management and supervision,3.1 Roles and responsibilities of cybersecurity management,"The responsible officer(s) or executive officer(s) responsible for the overall management and supervision of the internet trading system should define a cybersecurity risk management framework (including but not limited to policies and procedures), and set out key roles and responsibilities. These responsibilities include:

(a) Reviewing and approving cybersecurity risk management policies and procedures;
(b) Reviewing and approving the budget and spending on resources for cybersecurity risk management;
(c) Arranging to conduct a self-assessment of the overall cybersecurity risk management framework on a regular basis;
(d) Reviewing significant issues escalated from cybersecurity incident reporting;
(e) Reviewing major findings identified from internal and external audits and cybersecurity reviews; endorsing and monitoring the completion of remedial actions;
(f) Monitoring and assessing the latest cybersecurity threats and attacks;
(g) Reviewing and approving the contingency plan, which covers cybersecurity scenarios and corresponding contingency strategies, developed for the internet trading system; and
(h) Where applicable, reviewing and approving the service level agreement and contract with a third-party service provider relating to internet trading.

These responsibilities can be delegated, in writing, to a designated committee or operational unit, however overall accountability remains with the responsible officer(s) or executive officer(s).",Functional,intersects,8,"GV.RR-03.01: The organization's budgeting and resourcing processes identify, prioritize, and address resource needs to manage identified technology and cybersecurity risks (e.g., skill shortages, headcount, new tools, incident-related expenses, and unsupported systems).","GOVERN / Roles, Responsibilities, and Authorities / Resource Adequacy",GV.RR-03.01
HK-SFC-3.01,3. Cybersecurity management and supervision,3.1 Roles and responsibilities of cybersecurity management,"The responsible officer(s) or executive officer(s) responsible for the overall management and supervision of the internet trading system should define a cybersecurity risk management framework (including but not limited to policies and procedures), and set out key roles and responsibilities. These responsibilities include:

(a) Reviewing and approving cybersecurity risk management policies and procedures;
(b) Reviewing and approving the budget and spending on resources for cybersecurity risk management;
(c) Arranging to conduct a self-assessment of the overall cybersecurity risk management framework on a regular basis;
(d) Reviewing significant issues escalated from cybersecurity incident reporting;
(e) Reviewing major findings identified from internal and external audits and cybersecurity reviews; endorsing and monitoring the completion of remedial actions;
(f) Monitoring and assessing the latest cybersecurity threats and attacks;
(g) Reviewing and approving the contingency plan, which covers cybersecurity scenarios and corresponding contingency strategies, developed for the internet trading system; and
(h) Where applicable, reviewing and approving the service level agreement and contract with a third-party service provider relating to internet trading.

These responsibilities can be delegated, in writing, to a designated committee or operational unit, however overall accountability remains with the responsible officer(s) or executive officer(s).",Functional,intersects,8,"GV.PO-01.01: Technology and cybersecurity policies are documented, maintained and approved by the governing authority (e.g., the Board or one of its committees) or a designated executive.","GOVERN / Policies, Processes, and Procedures / Establishment of Policies & Procedures",GV.PO-01.01
HK-SFC-3.02,3. Cybersecurity management and supervision,3.2 Cybersecurity incident reporting,"A licensed or registered person should establish written policies and procedures specifying the manner in which a suspected or actual cybersecurity incident should be escalated and reported internally (eg, to the responsible officer(s) or executive officer(s) in charge of internet trading) and externally (eg, to clients, the SFC and other enforcement bodies, where appropriate).",Functional,intersects,8,"DE.AE-06.01: The organization has established processes and protocols to communicate, alert, and regularly report potential cyber attacks and incident information, including its corresponding analysis and cyber threat intelligence, to authorized internal and external stakeholders.",DETECT / Adverse Event Analysis / Event Information Sharing,DE.AE-06.01
HK-SFC-3.02,3. Cybersecurity management and supervision,3.2 Cybersecurity incident reporting,"A licensed or registered person should establish written policies and procedures specifying the manner in which a suspected or actual cybersecurity incident should be escalated and reported internally (eg, to the responsible officer(s) or executive officer(s) in charge of internet trading) and externally (eg, to clients, the SFC and other enforcement bodies, where appropriate).",Functional,intersects,8,"DE.AE-08.01: Defined criteria and severity levels are in place to facilitate the declaration, escalation, organization, and alignment of response activities to response plans within the organization and across relevant third parties.",DETECT / Adverse Event Analysis / Incident Declaration,DE.AE-08.01
HK-SFC-3.02,3. Cybersecurity management and supervision,3.2 Cybersecurity incident reporting,"A licensed or registered person should establish written policies and procedures specifying the manner in which a suspected or actual cybersecurity incident should be escalated and reported internally (eg, to the responsible officer(s) or executive officer(s) in charge of internet trading) and externally (eg, to clients, the SFC and other enforcement bodies, where appropriate).",Functional,intersects,8,RS.MA-05.01: The organization's incident response plans define severity levels and associated criteria for initiating response plans and escalating event response to appropriate stakeholders and management levels.,RESPOND / Incident Management / Recovery Initiation,RS.MA-05.01
HK-SFC-3.02,3. Cybersecurity management and supervision,3.2 Cybersecurity incident reporting,"A licensed or registered person should establish written policies and procedures specifying the manner in which a suspected or actual cybersecurity incident should be escalated and reported internally (eg, to the responsible officer(s) or executive officer(s) in charge of internet trading) and externally (eg, to clients, the SFC and other enforcement bodies, where appropriate).",Functional,intersects,8,"RS.AN-08.01: Available incident information is assessed to determine the extent of impact to the organization and its stakeholders, the potential near- and long-term financial implications, and whether or not the incident constitutes a material event.",RESPOND / Incident Analysis / Incident Magnitude Determination,RS.AN-08.01
HK-SFC-3.02,3. Cybersecurity management and supervision,3.2 Cybersecurity incident reporting,"A licensed or registered person should establish written policies and procedures specifying the manner in which a suspected or actual cybersecurity incident should be escalated and reported internally (eg, to the responsible officer(s) or executive officer(s) in charge of internet trading) and externally (eg, to clients, the SFC and other enforcement bodies, where appropriate).",Functional,superset,9,"RS.CO-02.01: The organization's incident response program includes defined and approved escalation protocols, linked to organizational decision levels and communication strategies, including which types of information will be shared, with whom (e.g., the organization's governing authority and senior management), and how information provided to the organization will be acted upon.",RESPOND / Incident Response Reporting and Communication / Stakeholder Incident Notification,RS.CO-02.01
HK-SFC-3.02,3. Cybersecurity management and supervision,3.2 Cybersecurity incident reporting,"A licensed or registered person should establish written policies and procedures specifying the manner in which a suspected or actual cybersecurity incident should be escalated and reported internally (eg, to the responsible officer(s) or executive officer(s) in charge of internet trading) and externally (eg, to clients, the SFC and other enforcement bodies, where appropriate).",Functional,superset,9,"RS.CO-02.02: In the event of an incident, the organization notifies impacted stakeholders including, as required, government bodies, self-regulatory agencies and/or other supervisory bodies, within required timeframes.",RESPOND / Incident Response Reporting and Communication / Stakeholder Incident Notification,RS.CO-02.02
HK-SFC-3.02,3. Cybersecurity management and supervision,3.2 Cybersecurity incident reporting,"A licensed or registered person should establish written policies and procedures specifying the manner in which a suspected or actual cybersecurity incident should be escalated and reported internally (eg, to the responsible officer(s) or executive officer(s) in charge of internet trading) and externally (eg, to clients, the SFC and other enforcement bodies, where appropriate).",Functional,superset,9,"RS.CO-03.02: In the event of an incident, the organization shares authorized information, in a defined manner and through trusted channels, to facilitate the detection, response, resumption and recovery of its own systems and those of other partners and critical sector participants.",RESPOND / Incident Response Reporting and Communication / Stakeholder Incident Information Sharing,RS.CO-03.02
HK-SFC-3.02,3. Cybersecurity management and supervision,3.2 Cybersecurity incident reporting,"A licensed or registered person should establish written policies and procedures specifying the manner in which a suspected or actual cybersecurity incident should be escalated and reported internally (eg, to the responsible officer(s) or executive officer(s) in charge of internet trading) and externally (eg, to clients, the SFC and other enforcement bodies, where appropriate).",Functional,superset,9,"RC.CO-03.01: The organization timely involves and communicates the recovery activities, procedures, cyber risk management issues to the governing body (e.g., the Board or one of its committees), senior management, incident management support teams, and relevant internal stakeholders.",RECOVER / Incident Recovery Communication / Recovery Activity Communication,RC.CO-03.01
HK-SFC-3.02,3. Cybersecurity management and supervision,3.2 Cybersecurity incident reporting,"A licensed or registered person should establish written policies and procedures specifying the manner in which a suspected or actual cybersecurity incident should be escalated and reported internally (eg, to the responsible officer(s) or executive officer(s) in charge of internet trading) and externally (eg, to clients, the SFC and other enforcement bodies, where appropriate).",Functional,superset,9,"RC.CO-03.02: The organization promptly communicates the status of recovery activities to regulatory authorities and relevant external stakeholders, as required or appropriate.",RECOVER / Incident Recovery Communication / Recovery Activity Communication,RC.CO-03.02
HK-SFC-3.02,3. Cybersecurity management and supervision,3.2 Cybersecurity incident reporting,"A licensed or registered person should establish written policies and procedures specifying the manner in which a suspected or actual cybersecurity incident should be escalated and reported internally (eg, to the responsible officer(s) or executive officer(s) in charge of internet trading) and externally (eg, to clients, the SFC and other enforcement bodies, where appropriate).",Functional,intersects,8,"RC.CO-04.01: Pre-established communication plans and message templates, and authorized protocols, contacts, media, and communications, are used to notify and inform the public and key external stakeholders about an incident.",RECOVER / Incident Recovery Communication / Public Information Sharing,RC.CO-04.01
HK-SFC-3.03,3. Cybersecurity management and supervision,3.3 Cybersecurity awareness training for internal system users,"A licensed or registered person should provide adequate cybersecurity awareness training to all internal system users at least on a yearly basis. When designing the content of the training programme, the licensed or registered person should take into account the type and level of cybersecurity risks it faces.",Functional,superset,9,PR.AT-01.01: All personnel receive cybersecurity awareness training upon hire and on a regular basis.,PROTECT / Awareness and Training / User Awareness & Training,PR.AT-01.01
HK-SFC-3.03,3. Cybersecurity management and supervision,3.3 Cybersecurity awareness training for internal system users,"A licensed or registered person should provide adequate cybersecurity awareness training to all internal system users at least on a yearly basis. When designing the content of the training programme, the licensed or registered person should take into account the type and level of cybersecurity risks it faces.",Functional,superset,9,"PR.AT-01.02: Cybersecurity awareness training includes, at a minimum, awareness of and competencies for data protection, personal data handling, compliance obligations, working with third parties, detecting cyber risks, and how to report any unusual activity or incidents.",PROTECT / Awareness and Training / User Awareness & Training,PR.AT-01.02
HK-SFC-3.03,3. Cybersecurity management and supervision,3.3 Cybersecurity awareness training for internal system users,"A licensed or registered person should provide adequate cybersecurity awareness training to all internal system users at least on a yearly basis. When designing the content of the training programme, the licensed or registered person should take into account the type and level of cybersecurity risks it faces.",Functional,superset,9,"PR.AT-01.03: Cybersecurity awareness training is updated on a regular basis to reflect risks and threats identified by the organization, the organization's security policies and standards, applicable laws and regulations, and changes in individual responsibilities.",PROTECT / Awareness and Training / User Awareness & Training,PR.AT-01.03
HK-SFC-3.03,3. Cybersecurity management and supervision,3.3 Cybersecurity awareness training for internal system users,"A licensed or registered person should provide adequate cybersecurity awareness training to all internal system users at least on a yearly basis. When designing the content of the training programme, the licensed or registered person should take into account the type and level of cybersecurity risks it faces.",Functional,superset,9,"PR.AT-01.04: As new technology is deployed or undergoes change that also requires changes in practices, all impacted personnel (e.g., end-users, developers, operators, etc.) are trained on the new system and any accompanying technology and cybersecurity risks.",PROTECT / Awareness and Training / User Awareness & Training,PR.AT-01.04
HK-SFC-3.03,3. Cybersecurity management and supervision,3.3 Cybersecurity awareness training for internal system users,"A licensed or registered person should provide adequate cybersecurity awareness training to all internal system users at least on a yearly basis. When designing the content of the training programme, the licensed or registered person should take into account the type and level of cybersecurity risks it faces.",Functional,superset,9,PR.AT-02.05: All third party staff receive cybersecurity awareness and job training sufficient for them to perform their duties and maintain organizational security.,PROTECT / Awareness and Training / Specialized Role Awareness & Training,PR.AT-02.05
HK-SFC-3.04,3. Cybersecurity management and supervision,3.4 Cybersecurity alert and reminder to clients,"A licensed or registered person should take all reasonable steps to remind clients about and alert them to cybersecurity risks and recommended preventive and protection measures when using the internet trading system, such as that login credentials should be properly safeguarded and cannot be shared.",Functional,equal,10,"PR.AT-02.06: The organization has established and maintains a cybersecurity awareness program through which the organization's customers are kept aware of new threats and vulnerabilities, basic cybersecurity hygiene practices, and their role in cybersecurity, as appropriate.",PROTECT / Awareness and Training / Specialized Role Awareness & Training,PR.AT-02.06
