,"FFIEC Business Continuity Management (BCM) Examination Handbook (November 2019)		
to CRI Profile ver. 2.1 Mapping","FFIEC Business Continuity Management (BCM) Examination Handbook (November 2019)		
to CRI Profile ver. 2.1 Mapping","FFIEC Business Continuity Management (BCM) Examination Handbook (November 2019)		
to CRI Profile ver. 2.1 Mapping","FFIEC Business Continuity Management (BCM) Examination Handbook (November 2019)		
to CRI Profile ver. 2.1 Mapping","FFIEC Business Continuity Management (BCM) Examination Handbook (November 2019)		
to CRI Profile ver. 2.1 Mapping","FFIEC Business Continuity Management (BCM) Examination Handbook (November 2019)		
to CRI Profile ver. 2.1 Mapping","FFIEC Business Continuity Management (BCM) Examination Handbook (November 2019)		
to CRI Profile ver. 2.1 Mapping",,
"FFIEC Architecture, Infrastructure, and Operations Examination Handbook (June 2021)","FFIEC Architecture, Infrastructure, and Operations Examination Handbook (June 2021)","FFIEC Architecture, Infrastructure, and Operations Examination Handbook (June 2021)",Mapping Relationship,Mapping Relationship,Mapping Relationship,Mapping Relationship,CRI Profile ver. 2.1,CRI Profile ver. 2.1,CRI Profile ver. 2.1
FFIEC BCM Examination Objective,FFIEC BCM Id,FFIEC BCM Examination Procedure,Rationale,Relationship,AS,FCS,CRI Profile ver. 2.1 Diagnostic Statement,Profile Subcategory,Profile Id
"Objective 2: Determine whether the board and senior management promote effective governance of business continuity through defined responsibilities, accountability, and adequate resources to support the program.",FFIEC-BCM-02.01,"1. Determine whether business continuity policies and critical business procedures are:
a. Up-to-date and reflective of the current business environment.
b. Communicated effectively throughout the entity.
c. Available during adverse events.
d. Securely maintained.",Semantic,Subset of ,6,8,"GV.RM-09.02: The resilience program ensures that the organization can continue operating critical business functions and deliver services to stakeholders, to include critical infrastructure partners, during adverse incidents and cyber attacks (e.g., propagation of malware or extended system outages).",GOVERN / Risk Management Strategy  / Business Continuity & Resilience Risk Management,GV.RM-09.02
"Objective 2: Determine whether the board and senior management promote effective governance of business continuity through defined responsibilities, accountability, and adequate resources to support the program.",FFIEC-BCM-02.01,"1. Determine whether business continuity policies and critical business procedures are:
a. Up-to-date and reflective of the current business environment.
b. Communicated effectively throughout the entity.
c. Available during adverse events.
d. Securely maintained.",Semantic,Subset of ,8,8,"GV.RR-01.03: The governing authority (e.g., the Board or one of its committees) regularly reviews, oversees, and holds senior management accountable for implementing the organization’s resilience strategy and program and for managing the organization's ongoing resilience risks.","GOVERN / Roles, Responsibilities, and Authorities / Organizational Leadership Responsibility",GV.RR-01.03
"Objective 2: Determine whether the board and senior management promote effective governance of business continuity through defined responsibilities, accountability, and adequate resources to support the program.",FFIEC-BCM-02.01,"1. Determine whether business continuity policies and critical business procedures are:
a. Up-to-date and reflective of the current business environment.
b. Communicated effectively throughout the entity.
c. Available during adverse events.
d. Securely maintained.",Semantic,Subset of ,8,8,"GV.PO-01.07: The organization maintains documented business continuity and resilience program policies and procedures approved by the governing authority (e.g., the Board or one of its committees).","GOVERN / Policies, Processes, and Procedures / Establishment of Policies & Procedures",GV.PO-01.07
"Objective 2: Determine whether the board and senior management promote effective governance of business continuity through defined responsibilities, accountability, and adequate resources to support the program.",FFIEC-BCM-02.01,"1. Determine whether business continuity policies and critical business procedures are:
a. Up-to-date and reflective of the current business environment.
b. Communicated effectively throughout the entity.
c. Available during adverse events.
d. Securely maintained.",Semantic,Subset of ,6,8,"ID.IM-04.01: The organization's business continuity, disaster recovery, crisis management, and response plans are in place and managed, aligned with each other, and incorporate considerations of cyber incidents.",IDENTIFY / Improvement / Plans Affecting Operations,ID.IM-04.01
"Objective 2: Determine whether the board and senior management promote effective governance of business continuity through defined responsibilities, accountability, and adequate resources to support the program.",FFIEC-BCM-02.01,"1. Determine whether business continuity policies and critical business procedures are:
a. Up-to-date and reflective of the current business environment.
b. Communicated effectively throughout the entity.
c. Available during adverse events.
d. Securely maintained.",Semantic,Subset of ,6,8,PR.AT-02.03: All personnel (employee and third party) are made aware of and are trained for their role and operational steps in response and recovery plans.,PROTECT / Awareness and Training / Specialized Role Awareness & Training,PR.AT-02.03
"Objective 2: Determine whether the board and senior management promote effective governance of business continuity through defined responsibilities, accountability, and adequate resources to support the program.",FFIEC-BCM-02.01,"1. Determine whether business continuity policies and critical business procedures are:
a. Up-to-date and reflective of the current business environment.
b. Communicated effectively throughout the entity.
c. Available during adverse events.
d. Securely maintained.",Semantic,Subset of ,6,8,"RC.RP-01.01: The organization executes its recovery plans, including incident recovery, disaster recovery, and business continuity plans, during or after an incident to resume operations.",RECOVER / Incident Recovery Plan Execution / Recovery Plan Execution,RC.RP-01.01
"Objective 2: Determine whether the board and senior management promote effective governance of business continuity through defined responsibilities, accountability, and adequate resources to support the program.",FFIEC-BCM-02.02,"2. Determine whether the board and senior management provide leadership when overseeing business continuity, including:
a. Evaluating continuity risk.
b. Setting short- and long-term continuity objectives.
c. Adopting appropriate policies and procedures.
d. Evaluating continuity performance.
e. Adjusting programs and operations in response to test results and actual events.",Semantic,Superset of,9,10,"GV.RR-01.03: The governing authority (e.g., the Board or one of its committees) regularly reviews, oversees, and holds senior management accountable for implementing the organization’s resilience strategy and program and for managing the organization's ongoing resilience risks.","GOVERN / Roles, Responsibilities, and Authorities / Organizational Leadership Responsibility",GV.RR-01.03
"Objective 2: Determine whether the board and senior management promote effective governance of business continuity through defined responsibilities, accountability, and adequate resources to support the program.",FFIEC-BCM-02.02,"2. Determine whether the board and senior management provide leadership when overseeing business continuity, including:
a. Evaluating continuity risk.
b. Setting short- and long-term continuity objectives.
c. Adopting appropriate policies and procedures.
d. Evaluating continuity performance.
e. Adjusting programs and operations in response to test results and actual events.",Semantic,Superset of,9,10,"GV.PO-01.07: The organization maintains documented business continuity and resilience program policies and procedures approved by the governing authority (e.g., the Board or one of its committees).","GOVERN / Policies, Processes, and Procedures / Establishment of Policies & Procedures",GV.PO-01.07
"Objective 2: Determine whether the board and senior management promote effective governance of business continuity through defined responsibilities, accountability, and adequate resources to support the program.",FFIEC-BCM-02.02,"2. Determine whether the board and senior management provide leadership when overseeing business continuity, including:
a. Evaluating continuity risk.
b. Setting short- and long-term continuity objectives.
c. Adopting appropriate policies and procedures.
d. Evaluating continuity performance.
e. Adjusting programs and operations in response to test results and actual events.",Semantic,Superset of,8,10,"GV.OV-01.01: The governing authority (e.g., the Board or one of its committees) regularly reviews and evaluates the organization's ability to manage its technology, cybersecurity, third-party, and resilience risks.",GOVERN / Oversight / Risk Management Strategy Outcomes Review,GV.OV-01.01
"Objective 2: Determine whether the board and senior management promote effective governance of business continuity through defined responsibilities, accountability, and adequate resources to support the program.",FFIEC-BCM-02.02,"2. Determine whether the board and senior management provide leadership when overseeing business continuity, including:
a. Evaluating continuity risk.
b. Setting short- and long-term continuity objectives.
c. Adopting appropriate policies and procedures.
d. Evaluating continuity performance.
e. Adjusting programs and operations in response to test results and actual events.",Semantic,Superset of,9,10,"GV.OV-03.02: Resilience program performance is measured and regularly reported to senior executives and the governing authority (e.g., the Board or one of its committees).",GOVERN / Oversight / Risk Management Performance Measurement,GV.OV-03.02
"Objective 2: Determine whether the board and senior management promote effective governance of business continuity through defined responsibilities, accountability, and adequate resources to support the program.",FFIEC-BCM-02.02,"2. Determine whether the board and senior management provide leadership when overseeing business continuity, including:
a. Evaluating continuity risk.
b. Setting short- and long-term continuity objectives.
c. Adopting appropriate policies and procedures.
d. Evaluating continuity performance.
e. Adjusting programs and operations in response to test results and actual events.",Functional ,Intersects with,4,10,"ID.IM-04.08: The organization regularly reviews response strategy, incident management plans, recovery plans, and associated tests and exercises and updates them, as necessary, based on:
(1) Lessons learned from incidents that have occurred (both internal and external to the organization);
(2) Current cyber threat intelligence (both internal and external sources);
(3) Recent and wide-scale cyber attack scenarios;
(4) Operationally and technically plausible future cyber attacks;
(5) Organizational or technical environment changes; and,
(6) New technological developments.",IDENTIFY / Improvement / Plans Affecting Operations,ID.IM-04.08
"Objective 2: Determine whether the board and senior management promote effective governance of business continuity through defined responsibilities, accountability, and adequate resources to support the program.",FFIEC-BCM-02.03,"3. Determine whether management strengthens resilience through the following:
a. Assessing continuity risk.
b. Resilience planning.
c. Testing business continuity plans.
d. Incorporating lessons learned from testing and events.
e. Considering resilience in business functions and the design of existing operations and new products and services.",Functional ,Intersects with,7,9,"GV.RM-08.05: The technology architecture and associated management processes should be comprehensive (e.g., consider the full life cycle of infrastructure, applications, emerging technologies, and relevant data) and designed to achieve security and resilience commensurate with business needs.",GOVERN / Risk Management Strategy  / Technology Assimilation & Implementations,GV.RM-08.05
"Objective 2: Determine whether the board and senior management promote effective governance of business continuity through defined responsibilities, accountability, and adequate resources to support the program.",FFIEC-BCM-02.03,"3. Determine whether management strengthens resilience through the following:
a. Assessing continuity risk.
b. Resilience planning.
c. Testing business continuity plans.
d. Incorporating lessons learned from testing and events.
e. Considering resilience in business functions and the design of existing operations and new products and services.",Functional ,Intersects with,6,9,"GV.RM-09.01: The organization has an enterprise-wide resilience strategy and program, including architecture, cyber resilience, business continuity, disaster recovery, and incident response, which support its mission, stakeholder obligations, critical infrastructure role, and risk appetite.",GOVERN / Risk Management Strategy  / Business Continuity & Resilience Risk Management,GV.RM-09.01
"Objective 2: Determine whether the board and senior management promote effective governance of business continuity through defined responsibilities, accountability, and adequate resources to support the program.",FFIEC-BCM-02.03,"3. Determine whether management strengthens resilience through the following:
a. Assessing continuity risk.
b. Resilience planning.
c. Testing business continuity plans.
d. Incorporating lessons learned from testing and events.
e. Considering resilience in business functions and the design of existing operations and new products and services.",Functional ,Intersects with,6,9,"GV.RM-09.02: The resilience program ensures that the organization can continue operating critical business functions and deliver services to stakeholders, to include critical infrastructure partners, during adverse incidents and cyber attacks (e.g., propagation of malware or extended system outages).",GOVERN / Risk Management Strategy  / Business Continuity & Resilience Risk Management,GV.RM-09.02
"Objective 2: Determine whether the board and senior management promote effective governance of business continuity through defined responsibilities, accountability, and adequate resources to support the program.",FFIEC-BCM-02.03,"3. Determine whether management strengthens resilience through the following:
a. Assessing continuity risk.
b. Resilience planning.
c. Testing business continuity plans.
d. Incorporating lessons learned from testing and events.
e. Considering resilience in business functions and the design of existing operations and new products and services.",Semantic,Superset of,9,9,"GV.RR-01.03: The governing authority (e.g., the Board or one of its committees) regularly reviews, oversees, and holds senior management accountable for implementing the organization’s resilience strategy and program and for managing the organization's ongoing resilience risks.","GOVERN / Roles, Responsibilities, and Authorities / Organizational Leadership Responsibility",GV.RR-01.03
"Objective 2: Determine whether the board and senior management promote effective governance of business continuity through defined responsibilities, accountability, and adequate resources to support the program.",FFIEC-BCM-02.03,"3. Determine whether management strengthens resilience through the following:
a. Assessing continuity risk.
b. Resilience planning.
c. Testing business continuity plans.
d. Incorporating lessons learned from testing and events.
e. Considering resilience in business functions and the design of existing operations and new products and services.",Semantic,Superset of,9,9,"GV.RR-02.03: Resilience program roles and responsibilities are assigned to management across the organization to ensure risk assessment, planning, testing, and execution coverage for all critical business functions.","GOVERN / Roles, Responsibilities, and Authorities / Risk Management Roles & Responsibilities",GV.RR-02.03
"Objective 2: Determine whether the board and senior management promote effective governance of business continuity through defined responsibilities, accountability, and adequate resources to support the program.",FFIEC-BCM-02.03,"3. Determine whether management strengthens resilience through the following:
a. Assessing continuity risk.
b. Resilience planning.
c. Testing business continuity plans.
d. Incorporating lessons learned from testing and events.
e. Considering resilience in business functions and the design of existing operations and new products and services.",Semantic,Superset of,8,9,"GV.PO-01.07: The organization maintains documented business continuity and resilience program policies and procedures approved by the governing authority (e.g., the Board or one of its committees).","GOVERN / Policies, Processes, and Procedures / Establishment of Policies & Procedures",GV.PO-01.07
"Objective 2: Determine whether the board and senior management promote effective governance of business continuity through defined responsibilities, accountability, and adequate resources to support the program.",FFIEC-BCM-02.03,"3. Determine whether management strengthens resilience through the following:
a. Assessing continuity risk.
b. Resilience planning.
c. Testing business continuity plans.
d. Incorporating lessons learned from testing and events.
e. Considering resilience in business functions and the design of existing operations and new products and services.",Semantic,Superset of,8,9,"GV.OV-03.02: Resilience program performance is measured and regularly reported to senior executives and the governing authority (e.g., the Board or one of its committees).",GOVERN / Oversight / Risk Management Performance Measurement,GV.OV-03.02
"Objective 2: Determine whether the board and senior management promote effective governance of business continuity through defined responsibilities, accountability, and adequate resources to support the program.",FFIEC-BCM-02.03,"3. Determine whether management strengthens resilience through the following:
a. Assessing continuity risk.
b. Resilience planning.
c. Testing business continuity plans.
d. Incorporating lessons learned from testing and events.
e. Considering resilience in business functions and the design of existing operations and new products and services.",Functional ,Intersects with,5,9,"ID.IM-02.04: The organization's testing program validates the effectiveness of its resilience strategy and response, disaster recovery, and resumption plans on a regular basis or upon major changes to business or system functions, and includes external stakeholders as required.",IDENTIFY / Improvement / Tests & Exercises,ID.IM-02.04
"Objective 2: Determine whether the board and senior management promote effective governance of business continuity through defined responsibilities, accountability, and adequate resources to support the program.",FFIEC-BCM-02.03,"3. Determine whether management strengthens resilience through the following:
a. Assessing continuity risk.
b. Resilience planning.
c. Testing business continuity plans.
d. Incorporating lessons learned from testing and events.
e. Considering resilience in business functions and the design of existing operations and new products and services.",Functional ,Intersects with,5,9,"ID.IM-02.05: The organization establishes testing programs that include a range of scenarios, including severe but plausible scenarios (e.g., disruptive, destructive, corruptive), that could affect the organization's ability to service internal and external stakeholders.",IDENTIFY / Improvement / Tests & Exercises,ID.IM-02.05
"Objective 2: Determine whether the board and senior management promote effective governance of business continuity through defined responsibilities, accountability, and adequate resources to support the program.",FFIEC-BCM-02.03,"3. Determine whether management strengthens resilience through the following:
a. Assessing continuity risk.
b. Resilience planning.
c. Testing business continuity plans.
d. Incorporating lessons learned from testing and events.
e. Considering resilience in business functions and the design of existing operations and new products and services.",Functional ,Intersects with,6,9,"ID.IM-02.07: The organization's governing body (e.g., the Board or one of its committees) and senior management are involved in testing as part of a crisis management team and are informed of test results.",IDENTIFY / Improvement / Tests & Exercises,ID.IM-02.07
"Objective 2: Determine whether the board and senior management promote effective governance of business continuity through defined responsibilities, accountability, and adequate resources to support the program.",FFIEC-BCM-02.03,"3. Determine whether management strengthens resilience through the following:
a. Assessing continuity risk.
b. Resilience planning.
c. Testing business continuity plans.
d. Incorporating lessons learned from testing and events.
e. Considering resilience in business functions and the design of existing operations and new products and services.",Functional ,Intersects with,5,9,"ID.IM-04.08: The organization regularly reviews response strategy, incident management plans, recovery plans, and associated tests and exercises and updates them, as necessary, based on:
(1) Lessons learned from incidents that have occurred (both internal and external to the organization);
(2) Current cyber threat intelligence (both internal and external sources);
(3) Recent and wide-scale cyber attack scenarios;
(4) Operationally and technically plausible future cyber attacks;
(5) Organizational or technical environment changes; and,
(6) New technological developments.",IDENTIFY / Improvement / Plans Affecting Operations,ID.IM-04.08
"Objective 2: Determine whether the board and senior management promote effective governance of business continuity through defined responsibilities, accountability, and adequate resources to support the program.",FFIEC-BCM-02.04,"4. Determine whether board oversight includes the following:
a. Assigning business continuity responsibility and accountability.
b. Allocating resources to business continuity (e.g., personnel, time, budget, and training).
c. Aligning BCM with business strategy and risk appetite.
d. Understanding business continuity risks and adopting appropriate policies and plans to manage events.
e. Understanding business continuity operating results and performance.
f. Providing a credible challenge to management responsible for the business continuity process (e.g., the board minutes provide evidence of active discussions).
g. Establishing a provision for management intervention if timeliness for corrective action is not met.
",Semantic,Superset of,8,9,GV.RM-03.02: The organization's business continuity and resilience strategy and program align with and support the overall enterprise risk management framework.,GOVERN / Risk Management Strategy / Enterprise Risk Integration,GV.RM-03.02
"Objective 2: Determine whether the board and senior management promote effective governance of business continuity through defined responsibilities, accountability, and adequate resources to support the program.",FFIEC-BCM-02.04,"4. Determine whether board oversight includes the following:
a. Assigning business continuity responsibility and accountability.
b. Allocating resources to business continuity (e.g., personnel, time, budget, and training).
c. Aligning BCM with business strategy and risk appetite.
d. Understanding business continuity risks and adopting appropriate policies and plans to manage events.
e. Understanding business continuity operating results and performance.
f. Providing a credible challenge to management responsible for the business continuity process (e.g., the board minutes provide evidence of active discussions).
g. Establishing a provision for management intervention if timeliness for corrective action is not met.
",Functional ,Intersects with,7,9,"GV.RM-04.01: The governing authority (e.g., the Board or one of its committees) and senior management provide guidance, direction, and credible challenge in the design and implementation of risk management strategies, assessment of identified risks against risk appetite and risk tolerance, and in the selection of risk treatment approaches.",GOVERN / Risk Management Strategy / Risk Response Strategic Direction,GV.RM-04.01
"Objective 2: Determine whether the board and senior management promote effective governance of business continuity through defined responsibilities, accountability, and adequate resources to support the program.",FFIEC-BCM-02.04,"4. Determine whether board oversight includes the following:
a. Assigning business continuity responsibility and accountability.
b. Allocating resources to business continuity (e.g., personnel, time, budget, and training).
c. Aligning BCM with business strategy and risk appetite.
d. Understanding business continuity risks and adopting appropriate policies and plans to manage events.
e. Understanding business continuity operating results and performance.
f. Providing a credible challenge to management responsible for the business continuity process (e.g., the board minutes provide evidence of active discussions).
g. Establishing a provision for management intervention if timeliness for corrective action is not met.
",Functional ,Intersects with,6,9,"GV.RR-02.01: The roles, responsibilities, qualifications, and skill requirements for personnel (employees and third parties) that implement, manage, and oversee the technology, cybersecurity, and resilience programs are defined, aligned, coordinated, and holistically managed.","GOVERN / Roles, Responsibilities, and Authorities / Risk Management Roles & Responsibilities",GV.RR-02.01
"Objective 2: Determine whether the board and senior management promote effective governance of business continuity through defined responsibilities, accountability, and adequate resources to support the program.",FFIEC-BCM-02.04,"4. Determine whether board oversight includes the following:
a. Assigning business continuity responsibility and accountability.
b. Allocating resources to business continuity (e.g., personnel, time, budget, and training).
c. Aligning BCM with business strategy and risk appetite.
d. Understanding business continuity risks and adopting appropriate policies and plans to manage events.
e. Understanding business continuity operating results and performance.
f. Providing a credible challenge to management responsible for the business continuity process (e.g., the board minutes provide evidence of active discussions).
g. Establishing a provision for management intervention if timeliness for corrective action is not met.
",Functional ,Intersects with,5,9,"GV.RR-03.01: The organization's budgeting and resourcing processes identify, prioritize, and address resource needs to manage identified technology and cybersecurity risks (e.g., skill shortages, headcount, new tools, incident-related expenses, and unsupported systems).","GOVERN / Roles, Responsibilities, and Authorities / Resource Adequacy",GV.RR-03.01
"Objective 2: Determine whether the board and senior management promote effective governance of business continuity through defined responsibilities, accountability, and adequate resources to support the program.",FFIEC-BCM-02.04,"4. Determine whether board oversight includes the following:
a. Assigning business continuity responsibility and accountability.
b. Allocating resources to business continuity (e.g., personnel, time, budget, and training).
c. Aligning BCM with business strategy and risk appetite.
d. Understanding business continuity risks and adopting appropriate policies and plans to manage events.
e. Understanding business continuity operating results and performance.
f. Providing a credible challenge to management responsible for the business continuity process (e.g., the board minutes provide evidence of active discussions).
g. Establishing a provision for management intervention if timeliness for corrective action is not met.
",Semantic,Superset of,9,9,"GV.PO-01.07: The organization maintains documented business continuity and resilience program policies and procedures approved by the governing authority (e.g., the Board or one of its committees).","GOVERN / Policies, Processes, and Procedures / Establishment of Policies & Procedures",GV.PO-01.07
"Objective 2: Determine whether the board and senior management promote effective governance of business continuity through defined responsibilities, accountability, and adequate resources to support the program.",FFIEC-BCM-02.04,"4. Determine whether board oversight includes the following:
a. Assigning business continuity responsibility and accountability.
b. Allocating resources to business continuity (e.g., personnel, time, budget, and training).
c. Aligning BCM with business strategy and risk appetite.
d. Understanding business continuity risks and adopting appropriate policies and plans to manage events.
e. Understanding business continuity operating results and performance.
f. Providing a credible challenge to management responsible for the business continuity process (e.g., the board minutes provide evidence of active discussions).
g. Establishing a provision for management intervention if timeliness for corrective action is not met.
",Semantic,Superset of,8,9,"GV.OV-03.02: Resilience program performance is measured and regularly reported to senior executives and the governing authority (e.g., the Board or one of its committees).",GOVERN / Oversight / Risk Management Performance Measurement,GV.OV-03.02
"Objective 2: Determine whether the board and senior management promote effective governance of business continuity through defined responsibilities, accountability, and adequate resources to support the program.",FFIEC-BCM-02.04,"4. Determine whether board oversight includes the following:
a. Assigning business continuity responsibility and accountability.
b. Allocating resources to business continuity (e.g., personnel, time, budget, and training).
c. Aligning BCM with business strategy and risk appetite.
d. Understanding business continuity risks and adopting appropriate policies and plans to manage events.
e. Understanding business continuity operating results and performance.
f. Providing a credible challenge to management responsible for the business continuity process (e.g., the board minutes provide evidence of active discussions).
g. Establishing a provision for management intervention if timeliness for corrective action is not met.
",Semantic,Superset of,9,9,"ID.IM-04.02: The organization's incident response and business continuity plans contain clearly defined roles, responsibilities, and levels of decision-making authority, and include all needed areas of participation and expertise across the organization and key third-parties.",IDENTIFY / Improvement / Plans Affecting Operations,ID.IM-04.02
"Objective 2: Determine whether the board and senior management promote effective governance of business continuity through defined responsibilities, accountability, and adequate resources to support the program.",FFIEC-BCM-02.05,"5. Determine whether management oversight of business continuity includes the following:
a. Defining business continuity roles, responsibilities, and succession plans.
b. Allocating knowledgeable personnel and sufficient financial resources.
c. Validating that personnel understand their business continuity roles.
d. Establishing measurable goals against which business continuity performance is assessed.
e. Designing and implementing a business continuity exercise strategy.
f. Confirming that tests, training, and exercises are comprehensive and consistent with the exercise strategy.
g. Resolving weaknesses identified in tests, training, and exercises.
h. Meeting regularly to discuss policy changes, training, and testing plans.
i. Assessing and updating business continuity strategies and plans to reflect the current business conditions and operating environment for continuous improvement.
j. Aligning plans between business units across the enterprise.
k. Coordinating plans and responses with external entities.",Semantic,Superset of,7,8,"GV.SC-08.01: The organization's resilience strategy, plans, tests, and exercises incorporate its external dependencies and critical business partners.",GOVERN / Supply Chain Risk Management / Third Party Incident Management Integration,GV.SC-08.01
"Objective 2: Determine whether the board and senior management promote effective governance of business continuity through defined responsibilities, accountability, and adequate resources to support the program.",FFIEC-BCM-02.05,"5. Determine whether management oversight of business continuity includes the following:
a. Defining business continuity roles, responsibilities, and succession plans.
b. Allocating knowledgeable personnel and sufficient financial resources.
c. Validating that personnel understand their business continuity roles.
d. Establishing measurable goals against which business continuity performance is assessed.
e. Designing and implementing a business continuity exercise strategy.
f. Confirming that tests, training, and exercises are comprehensive and consistent with the exercise strategy.
g. Resolving weaknesses identified in tests, training, and exercises.
h. Meeting regularly to discuss policy changes, training, and testing plans.
i. Assessing and updating business continuity strategies and plans to reflect the current business conditions and operating environment for continuous improvement.
j. Aligning plans between business units across the enterprise.
k. Coordinating plans and responses with external entities.",Semantic,Subset of ,7,8,"GV.RR-01.03: The governing authority (e.g., the Board or one of its committees) regularly reviews, oversees, and holds senior management accountable for implementing the organization’s resilience strategy and program and for managing the organization's ongoing resilience risks.","GOVERN / Roles, Responsibilities, and Authorities / Organizational Leadership Responsibility",GV.RR-01.03
"Objective 2: Determine whether the board and senior management promote effective governance of business continuity through defined responsibilities, accountability, and adequate resources to support the program.",FFIEC-BCM-02.05,"5. Determine whether management oversight of business continuity includes the following:
a. Defining business continuity roles, responsibilities, and succession plans.
b. Allocating knowledgeable personnel and sufficient financial resources.
c. Validating that personnel understand their business continuity roles.
d. Establishing measurable goals against which business continuity performance is assessed.
e. Designing and implementing a business continuity exercise strategy.
f. Confirming that tests, training, and exercises are comprehensive and consistent with the exercise strategy.
g. Resolving weaknesses identified in tests, training, and exercises.
h. Meeting regularly to discuss policy changes, training, and testing plans.
i. Assessing and updating business continuity strategies and plans to reflect the current business conditions and operating environment for continuous improvement.
j. Aligning plans between business units across the enterprise.
k. Coordinating plans and responses with external entities.",Functional ,Intersects with,5,8,GV.RR-02.05: Personnel (employees and third parties) who fulfill the organization’s physical security and cybersecurity objectives understand their roles and responsibilities.,"GOVERN / Roles, Responsibilities, and Authorities / Risk Management Roles & Responsibilities",GV.RR-02.05
"Objective 2: Determine whether the board and senior management promote effective governance of business continuity through defined responsibilities, accountability, and adequate resources to support the program.",FFIEC-BCM-02.05,"5. Determine whether management oversight of business continuity includes the following:
a. Defining business continuity roles, responsibilities, and succession plans.
b. Allocating knowledgeable personnel and sufficient financial resources.
c. Validating that personnel understand their business continuity roles.
d. Establishing measurable goals against which business continuity performance is assessed.
e. Designing and implementing a business continuity exercise strategy.
f. Confirming that tests, training, and exercises are comprehensive and consistent with the exercise strategy.
g. Resolving weaknesses identified in tests, training, and exercises.
h. Meeting regularly to discuss policy changes, training, and testing plans.
i. Assessing and updating business continuity strategies and plans to reflect the current business conditions and operating environment for continuous improvement.
j. Aligning plans between business units across the enterprise.
k. Coordinating plans and responses with external entities.",Functional ,Intersects with,5,8,"GV.RR-03.01: The organization's budgeting and resourcing processes identify, prioritize, and address resource needs to manage identified technology and cybersecurity risks (e.g., skill shortages, headcount, new tools, incident-related expenses, and unsupported systems).","GOVERN / Roles, Responsibilities, and Authorities / Resource Adequacy",GV.RR-03.01
"Objective 2: Determine whether the board and senior management promote effective governance of business continuity through defined responsibilities, accountability, and adequate resources to support the program.",FFIEC-BCM-02.05,"5. Determine whether management oversight of business continuity includes the following:
a. Defining business continuity roles, responsibilities, and succession plans.
b. Allocating knowledgeable personnel and sufficient financial resources.
c. Validating that personnel understand their business continuity roles.
d. Establishing measurable goals against which business continuity performance is assessed.
e. Designing and implementing a business continuity exercise strategy.
f. Confirming that tests, training, and exercises are comprehensive and consistent with the exercise strategy.
g. Resolving weaknesses identified in tests, training, and exercises.
h. Meeting regularly to discuss policy changes, training, and testing plans.
i. Assessing and updating business continuity strategies and plans to reflect the current business conditions and operating environment for continuous improvement.
j. Aligning plans between business units across the enterprise.
k. Coordinating plans and responses with external entities.",Functional ,Intersects with,7,8,"GV.PO-01.07: The organization maintains documented business continuity and resilience program policies and procedures approved by the governing authority (e.g., the Board or one of its committees).","GOVERN / Policies, Processes, and Procedures / Establishment of Policies & Procedures",GV.PO-01.07
"Objective 2: Determine whether the board and senior management promote effective governance of business continuity through defined responsibilities, accountability, and adequate resources to support the program.",FFIEC-BCM-02.05,"5. Determine whether management oversight of business continuity includes the following:
a. Defining business continuity roles, responsibilities, and succession plans.
b. Allocating knowledgeable personnel and sufficient financial resources.
c. Validating that personnel understand their business continuity roles.
d. Establishing measurable goals against which business continuity performance is assessed.
e. Designing and implementing a business continuity exercise strategy.
f. Confirming that tests, training, and exercises are comprehensive and consistent with the exercise strategy.
g. Resolving weaknesses identified in tests, training, and exercises.
h. Meeting regularly to discuss policy changes, training, and testing plans.
i. Assessing and updating business continuity strategies and plans to reflect the current business conditions and operating environment for continuous improvement.
j. Aligning plans between business units across the enterprise.
k. Coordinating plans and responses with external entities.",Semantic,Subset of ,8,8,"GV.OV-03.02: Resilience program performance is measured and regularly reported to senior executives and the governing authority (e.g., the Board or one of its committees).",GOVERN / Oversight / Risk Management Performance Measurement,GV.OV-03.02
"Objective 2: Determine whether the board and senior management promote effective governance of business continuity through defined responsibilities, accountability, and adequate resources to support the program.",FFIEC-BCM-02.05,"5. Determine whether management oversight of business continuity includes the following:
a. Defining business continuity roles, responsibilities, and succession plans.
b. Allocating knowledgeable personnel and sufficient financial resources.
c. Validating that personnel understand their business continuity roles.
d. Establishing measurable goals against which business continuity performance is assessed.
e. Designing and implementing a business continuity exercise strategy.
f. Confirming that tests, training, and exercises are comprehensive and consistent with the exercise strategy.
g. Resolving weaknesses identified in tests, training, and exercises.
h. Meeting regularly to discuss policy changes, training, and testing plans.
i. Assessing and updating business continuity strategies and plans to reflect the current business conditions and operating environment for continuous improvement.
j. Aligning plans between business units across the enterprise.
k. Coordinating plans and responses with external entities.",Functional ,Intersects with,5,8,"ID.IM-02.03: The organization tests and validates the effectiveness of the incident detection, reporting, and communication processes and protocols with internal and external stakeholders.",IDENTIFY / Improvement / Tests & Exercises,ID.IM-02.03
"Objective 2: Determine whether the board and senior management promote effective governance of business continuity through defined responsibilities, accountability, and adequate resources to support the program.",FFIEC-BCM-02.05,"5. Determine whether management oversight of business continuity includes the following:
a. Defining business continuity roles, responsibilities, and succession plans.
b. Allocating knowledgeable personnel and sufficient financial resources.
c. Validating that personnel understand their business continuity roles.
d. Establishing measurable goals against which business continuity performance is assessed.
e. Designing and implementing a business continuity exercise strategy.
f. Confirming that tests, training, and exercises are comprehensive and consistent with the exercise strategy.
g. Resolving weaknesses identified in tests, training, and exercises.
h. Meeting regularly to discuss policy changes, training, and testing plans.
i. Assessing and updating business continuity strategies and plans to reflect the current business conditions and operating environment for continuous improvement.
j. Aligning plans between business units across the enterprise.
k. Coordinating plans and responses with external entities.",Functional ,Intersects with,8,8,"ID.IM-02.04: The organization's testing program validates the effectiveness of its resilience strategy and response, disaster recovery, and resumption plans on a regular basis or upon major changes to business or system functions, and includes external stakeholders as required.",IDENTIFY / Improvement / Tests & Exercises,ID.IM-02.04
"Objective 2: Determine whether the board and senior management promote effective governance of business continuity through defined responsibilities, accountability, and adequate resources to support the program.",FFIEC-BCM-02.05,"5. Determine whether management oversight of business continuity includes the following:
a. Defining business continuity roles, responsibilities, and succession plans.
b. Allocating knowledgeable personnel and sufficient financial resources.
c. Validating that personnel understand their business continuity roles.
d. Establishing measurable goals against which business continuity performance is assessed.
e. Designing and implementing a business continuity exercise strategy.
f. Confirming that tests, training, and exercises are comprehensive and consistent with the exercise strategy.
g. Resolving weaknesses identified in tests, training, and exercises.
h. Meeting regularly to discuss policy changes, training, and testing plans.
i. Assessing and updating business continuity strategies and plans to reflect the current business conditions and operating environment for continuous improvement.
j. Aligning plans between business units across the enterprise.
k. Coordinating plans and responses with external entities.",Functional ,Intersects with,8,8,"ID.IM-02.05: The organization establishes testing programs that include a range of scenarios, including severe but plausible scenarios (e.g., disruptive, destructive, corruptive), that could affect the organization's ability to service internal and external stakeholders.",IDENTIFY / Improvement / Tests & Exercises,ID.IM-02.05
"Objective 2: Determine whether the board and senior management promote effective governance of business continuity through defined responsibilities, accountability, and adequate resources to support the program.",FFIEC-BCM-02.05,"5. Determine whether management oversight of business continuity includes the following:
a. Defining business continuity roles, responsibilities, and succession plans.
b. Allocating knowledgeable personnel and sufficient financial resources.
c. Validating that personnel understand their business continuity roles.
d. Establishing measurable goals against which business continuity performance is assessed.
e. Designing and implementing a business continuity exercise strategy.
f. Confirming that tests, training, and exercises are comprehensive and consistent with the exercise strategy.
g. Resolving weaknesses identified in tests, training, and exercises.
h. Meeting regularly to discuss policy changes, training, and testing plans.
i. Assessing and updating business continuity strategies and plans to reflect the current business conditions and operating environment for continuous improvement.
j. Aligning plans between business units across the enterprise.
k. Coordinating plans and responses with external entities.",Semantic,Subset of ,8,8,"ID.IM-02.07: The organization's governing body (e.g., the Board or one of its committees) and senior management are involved in testing as part of a crisis management team and are informed of test results.",IDENTIFY / Improvement / Tests & Exercises,ID.IM-02.07
"Objective 2: Determine whether the board and senior management promote effective governance of business continuity through defined responsibilities, accountability, and adequate resources to support the program.",FFIEC-BCM-02.05,"5. Determine whether management oversight of business continuity includes the following:
a. Defining business continuity roles, responsibilities, and succession plans.
b. Allocating knowledgeable personnel and sufficient financial resources.
c. Validating that personnel understand their business continuity roles.
d. Establishing measurable goals against which business continuity performance is assessed.
e. Designing and implementing a business continuity exercise strategy.
f. Confirming that tests, training, and exercises are comprehensive and consistent with the exercise strategy.
g. Resolving weaknesses identified in tests, training, and exercises.
h. Meeting regularly to discuss policy changes, training, and testing plans.
i. Assessing and updating business continuity strategies and plans to reflect the current business conditions and operating environment for continuous improvement.
j. Aligning plans between business units across the enterprise.
k. Coordinating plans and responses with external entities.",Functional ,Intersects with,8,8,"ID.IM-02.08: The organization tests and exercises, independently and in coordination with other critical sector partners, its ability to support sector-wide resilience in the event of extreme financial stress or the instability of external dependencies, such as connectivity to markets, payment systems, clearing entities, messaging services, etc.",IDENTIFY / Improvement / Tests & Exercises,ID.IM-02.08
"Objective 2: Determine whether the board and senior management promote effective governance of business continuity through defined responsibilities, accountability, and adequate resources to support the program.",FFIEC-BCM-02.05,"5. Determine whether management oversight of business continuity includes the following:
a. Defining business continuity roles, responsibilities, and succession plans.
b. Allocating knowledgeable personnel and sufficient financial resources.
c. Validating that personnel understand their business continuity roles.
d. Establishing measurable goals against which business continuity performance is assessed.
e. Designing and implementing a business continuity exercise strategy.
f. Confirming that tests, training, and exercises are comprehensive and consistent with the exercise strategy.
g. Resolving weaknesses identified in tests, training, and exercises.
h. Meeting regularly to discuss policy changes, training, and testing plans.
i. Assessing and updating business continuity strategies and plans to reflect the current business conditions and operating environment for continuous improvement.
j. Aligning plans between business units across the enterprise.
k. Coordinating plans and responses with external entities.",Functional ,Intersects with,5,8,"ID.IM-04.01: The organization's business continuity, disaster recovery, crisis management, and response plans are in place and managed, aligned with each other, and incorporate considerations of cyber incidents.",IDENTIFY / Improvement / Plans Affecting Operations,ID.IM-04.01
"Objective 2: Determine whether the board and senior management promote effective governance of business continuity through defined responsibilities, accountability, and adequate resources to support the program.",FFIEC-BCM-02.05,"5. Determine whether management oversight of business continuity includes the following:
a. Defining business continuity roles, responsibilities, and succession plans.
b. Allocating knowledgeable personnel and sufficient financial resources.
c. Validating that personnel understand their business continuity roles.
d. Establishing measurable goals against which business continuity performance is assessed.
e. Designing and implementing a business continuity exercise strategy.
f. Confirming that tests, training, and exercises are comprehensive and consistent with the exercise strategy.
g. Resolving weaknesses identified in tests, training, and exercises.
h. Meeting regularly to discuss policy changes, training, and testing plans.
i. Assessing and updating business continuity strategies and plans to reflect the current business conditions and operating environment for continuous improvement.
j. Aligning plans between business units across the enterprise.
k. Coordinating plans and responses with external entities.",Functional ,Intersects with,7,8,"ID.IM-04.02: The organization's incident response and business continuity plans contain clearly defined roles, responsibilities, and levels of decision-making authority, and include all needed areas of participation and expertise across the organization and key third-parties.",IDENTIFY / Improvement / Plans Affecting Operations,ID.IM-04.02
Objective 3: Determine whether the board and senior management engage audit or other independent review functions to review and validate the design and operating effectiveness of the BCM program.,FFIEC-BCM-03.01,1. Determine whether the board and senior management have engaged audit (or an independent review) to validate the design effectiveness of the business continuity program and whether controls are operating effectively.,Functional ,Intersects with,7,8,"GV.AU-01.02: The organization has an independent audit plan that provides for the evaluation of technology and cybersecurity risk, including compliance with the approved risk management framework, policies, and processes for technology, cybersecurity, and resilience; and how well the organization adapts to the evolving risk environment while remaining within its stated risk appetite and tolerance.",GOVERN / Independent Audit Function / Independent Audit Compliance Assessment,GV.AU-01.02
Objective 3: Determine whether the board and senior management engage audit or other independent review functions to review and validate the design and operating effectiveness of the BCM program.,FFIEC-BCM-03.01,1. Determine whether the board and senior management have engaged audit (or an independent review) to validate the design effectiveness of the business continuity program and whether controls are operating effectively.,Functional ,Intersects with,8,8,"GV.AU-01.03: The independent audit function tests technology management, cybersecurity, incident response, and resilience policies and controls.",GOVERN / Independent Audit Function / Independent Audit Compliance Assessment,GV.AU-01.03
Objective 3: Determine whether the board and senior management engage audit or other independent review functions to review and validate the design and operating effectiveness of the BCM program.,FFIEC-BCM-03.01,1. Determine whether the board and senior management have engaged audit (or an independent review) to validate the design effectiveness of the business continuity program and whether controls are operating effectively.,Functional ,Intersects with,7,8,GV.AU-03.01: The independent audit function reviews technology and cybersecurity practices and identifies weaknesses and gaps.,GOVERN / Independent Audit Function / Independent Audit Reporting,GV.AU-03.01
Objective 3: Determine whether the board and senior management engage audit or other independent review functions to review and validate the design and operating effectiveness of the BCM program.,FFIEC-BCM-03.01,1. Determine whether the board and senior management have engaged audit (or an independent review) to validate the design effectiveness of the business continuity program and whether controls are operating effectively.,Semantic,Superset of,7,8,"GV.AU-03.03: The independent audit function reports to the governing authority (e.g., the Board or one of its committees) within the organization, including when its assessment differs from that of the organization, or when risk tolerance has been exceeded in any part of the organization.",GOVERN / Independent Audit Function / Independent Audit Reporting,GV.AU-03.03
Objective 3: Determine whether the board and senior management engage audit or other independent review functions to review and validate the design and operating effectiveness of the BCM program.,FFIEC-BCM-03.02,2. Determine whether audit reports to the board and provides an assessment of management’s ability to manage and control risks related to continuity and resilience.,Semantic,Intersects with,3,8,"GV.AU-03.03: The independent audit function reports to the governing authority (e.g., the Board or one of its committees) within the organization, including when its assessment differs from that of the organization, or when risk tolerance has been exceeded in any part of the organization.",GOVERN / Independent Audit Function / Independent Audit Reporting,GV.AU-03.03
Objective 3: Determine whether the board and senior management engage audit or other independent review functions to review and validate the design and operating effectiveness of the BCM program.,FFIEC-BCM-03.03,"3. Determine whether audit leverages SOC reports and other external artifacts from third-party service providers, as appropriate.",Semantic,Superset of,6,6,"GV.AU-01.04: The independent audit function evaluates and tests third-party risk management policies and controls, identifies weaknesses and gaps, and recommends improvements to senior management and the governing authority (e.g., the Board or one of its committees).",GOVERN / Independent Audit Function / Independent Audit Compliance Assessment,GV.AU-01.04
Objective 3: Determine whether the board and senior management engage audit or other independent review functions to review and validate the design and operating effectiveness of the BCM program.,FFIEC-BCM-03.03,"3. Determine whether audit leverages SOC reports and other external artifacts from third-party service providers, as appropriate.",Functional ,Intersects with,5,6,"EX.DD-02.03: The organization reviews and evaluates documentation, such as financial statements, independent audit reports, pooled/shared assessments, control test reports, SEC filings, and past and pending litigation, to the extent required to determine a prospective critical third party's soundness as a business and the quality and sustainability of its internal controls.",EXTEND / Procurement Planning and Due Diligence / Prospective Third Party Due Diligence,EX.DD-02.03
Objective 3: Determine whether the board and senior management engage audit or other independent review functions to review and validate the design and operating effectiveness of the BCM program.,FFIEC-BCM-03.04,4. Determine whether the board or management validates that the auditor is qualified to carry out the review and is independent of the business continuity or related functions.,Semantic,Intersects with,9,9,GV.AU-01.01: The organization has an independent audit function that maintains and follows approved audit policies and procedures.,GOVERN / Independent Audit Function / Independent Audit Compliance Assessment,GV.AU-01.01
Objective 3: Determine whether the board and senior management engage audit or other independent review functions to review and validate the design and operating effectiveness of the BCM program.,FFIEC-BCM-03.05,"5. Evaluate the audit coverage of business continuity, whether through a general controls audit, during audits of business lines, or as a stand-alone business continuity audit. Audit coverage should include the following:
a. The reasonableness and comprehensiveness of the BIA and business continuity risk assessment(s).
b. The reliability, adequacy, and effectiveness of continuity and resilience controls.
c. The effectiveness of risk mitigation efforts.
d. Whether test plans achieve their stated objectives based on reasonable assumptions.
e. Audit monitoring of exercises and tests, reviewing test plans and results, and verifying that any issues are identified and appropriately escalated.
f. Assessment of the business continuity program effectiveness.
",Semantic,Subset of ,9,9,"GV.AU-01.02: The organization has an independent audit plan that provides for the evaluation of technology and cybersecurity risk, including compliance with the approved risk management framework, policies, and processes for technology, cybersecurity, and resilience; and how well the organization adapts to the evolving risk environment while remaining within its stated risk appetite and tolerance.",GOVERN / Independent Audit Function / Independent Audit Compliance Assessment,GV.AU-01.02
Objective 3: Determine whether the board and senior management engage audit or other independent review functions to review and validate the design and operating effectiveness of the BCM program.,FFIEC-BCM-03.05,"5. Evaluate the audit coverage of business continuity, whether through a general controls audit, during audits of business lines, or as a stand-alone business continuity audit. Audit coverage should include the following:
a. The reasonableness and comprehensiveness of the BIA and business continuity risk assessment(s).
b. The reliability, adequacy, and effectiveness of continuity and resilience controls.
c. The effectiveness of risk mitigation efforts.
d. Whether test plans achieve their stated objectives based on reasonable assumptions.
e. Audit monitoring of exercises and tests, reviewing test plans and results, and verifying that any issues are identified and appropriately escalated.
f. Assessment of the business continuity program effectiveness.
",Semantic,Subset of ,8,9,"GV.AU-01.03: The independent audit function tests technology management, cybersecurity, incident response, and resilience policies and controls.",GOVERN / Independent Audit Function / Independent Audit Compliance Assessment,GV.AU-01.03
Objective 3: Determine whether the board and senior management engage audit or other independent review functions to review and validate the design and operating effectiveness of the BCM program.,FFIEC-BCM-03.05,"5. Evaluate the audit coverage of business continuity, whether through a general controls audit, during audits of business lines, or as a stand-alone business continuity audit. Audit coverage should include the following:
a. The reasonableness and comprehensiveness of the BIA and business continuity risk assessment(s).
b. The reliability, adequacy, and effectiveness of continuity and resilience controls.
c. The effectiveness of risk mitigation efforts.
d. Whether test plans achieve their stated objectives based on reasonable assumptions.
e. Audit monitoring of exercises and tests, reviewing test plans and results, and verifying that any issues are identified and appropriately escalated.
f. Assessment of the business continuity program effectiveness.
",Semantic,Subset of ,7,9,"GV.AU-02.01: A formal process is in place for the independent audit function to review and update its procedures and audit plans regularly or in response to changes in relevant standards, the technology environment, or the business environment.",GOVERN / Independent Audit Function / Independent Audit Procedures,GV.AU-02.01
Objective 3: Determine whether the board and senior management engage audit or other independent review functions to review and validate the design and operating effectiveness of the BCM program.,FFIEC-BCM-03.05,"5. Evaluate the audit coverage of business continuity, whether through a general controls audit, during audits of business lines, or as a stand-alone business continuity audit. Audit coverage should include the following:
a. The reasonableness and comprehensiveness of the BIA and business continuity risk assessment(s).
b. The reliability, adequacy, and effectiveness of continuity and resilience controls.
c. The effectiveness of risk mitigation efforts.
d. Whether test plans achieve their stated objectives based on reasonable assumptions.
e. Audit monitoring of exercises and tests, reviewing test plans and results, and verifying that any issues are identified and appropriately escalated.
f. Assessment of the business continuity program effectiveness.
",Semantic,Subset of ,7,9,"GV.AU-02.02: A formal process is in place for the independent audit function to update its procedures and audit plans based on changes to the organization's risk appetite, risk tolerance, threat environment, and evolving risk profile.",GOVERN / Independent Audit Function / Independent Audit Procedures,GV.AU-02.02
Objective 3: Determine whether the board and senior management engage audit or other independent review functions to review and validate the design and operating effectiveness of the BCM program.,FFIEC-BCM-03.05,"5. Evaluate the audit coverage of business continuity, whether through a general controls audit, during audits of business lines, or as a stand-alone business continuity audit. Audit coverage should include the following:
a. The reasonableness and comprehensiveness of the BIA and business continuity risk assessment(s).
b. The reliability, adequacy, and effectiveness of continuity and resilience controls.
c. The effectiveness of risk mitigation efforts.
d. Whether test plans achieve their stated objectives based on reasonable assumptions.
e. Audit monitoring of exercises and tests, reviewing test plans and results, and verifying that any issues are identified and appropriately escalated.
f. Assessment of the business continuity program effectiveness.
",Semantic,Subset of ,7,9,GV.AU-03.01: The independent audit function reviews technology and cybersecurity practices and identifies weaknesses and gaps.,GOVERN / Independent Audit Function / Independent Audit Reporting,GV.AU-03.01
Objective 3: Determine whether the board and senior management engage audit or other independent review functions to review and validate the design and operating effectiveness of the BCM program.,FFIEC-BCM-03.05,"5. Evaluate the audit coverage of business continuity, whether through a general controls audit, during audits of business lines, or as a stand-alone business continuity audit. Audit coverage should include the following:
a. The reasonableness and comprehensiveness of the BIA and business continuity risk assessment(s).
b. The reliability, adequacy, and effectiveness of continuity and resilience controls.
c. The effectiveness of risk mitigation efforts.
d. Whether test plans achieve their stated objectives based on reasonable assumptions.
e. Audit monitoring of exercises and tests, reviewing test plans and results, and verifying that any issues are identified and appropriately escalated.
f. Assessment of the business continuity program effectiveness.
",Semantic,Subset of ,6,9,GV.AU-03.02: The independent audit function tracks identified issues and corrective actions from internal audits and independent testing/assessments to ensure timely resolution.,GOVERN / Independent Audit Function / Independent Audit Reporting,GV.AU-03.02
Objective 3: Determine whether the board and senior management engage audit or other independent review functions to review and validate the design and operating effectiveness of the BCM program.,FFIEC-BCM-03.05,"5. Evaluate the audit coverage of business continuity, whether through a general controls audit, during audits of business lines, or as a stand-alone business continuity audit. Audit coverage should include the following:
a. The reasonableness and comprehensiveness of the BIA and business continuity risk assessment(s).
b. The reliability, adequacy, and effectiveness of continuity and resilience controls.
c. The effectiveness of risk mitigation efforts.
d. Whether test plans achieve their stated objectives based on reasonable assumptions.
e. Audit monitoring of exercises and tests, reviewing test plans and results, and verifying that any issues are identified and appropriately escalated.
f. Assessment of the business continuity program effectiveness.
",Semantic,Subset of ,6,9,"GV.AU-03.03: The independent audit function reports to the governing authority (e.g., the Board or one of its committees) within the organization, including when its assessment differs from that of the organization, or when risk tolerance has been exceeded in any part of the organization.",GOVERN / Independent Audit Function / Independent Audit Reporting,GV.AU-03.03
"Objective 4: Determine whether management developed an appropriate and repeatable BIA process that identifies all business functions and prioritizes them in order of criticality, analyzes related interdependencies, and assesses a disruption’s impact. ",FFIEC-BCM-04.01,"1. Determine the process through which management inventories business functions. Management may use the following artifacts to identify the functions:
a. Organizational charts.
b. Work flows (also called process maps).
c. Interview notes.
d. Network diagrams/topologies.
e. Data flow diagrams.",Semantic,Subset of ,9,10,"GV.OC-04.01: The organization maintains an inventory of key internal assets, business functions, and external dependencies that includes mappings to other assets, business functions, and information flows.",GOVERN / Organizational Context / Stakeholder Service Expectations,GV.OC-04.01
"Objective 4: Determine whether management developed an appropriate and repeatable BIA process that identifies all business functions and prioritizes them in order of criticality, analyzes related interdependencies, and assesses a disruption’s impact. ",FFIEC-BCM-04.01,"1. Determine the process through which management inventories business functions. Management may use the following artifacts to identify the functions:
a. Organizational charts.
b. Work flows (also called process maps).
c. Interview notes.
d. Network diagrams/topologies.
e. Data flow diagrams.",Semantic,Subset of ,9,10,"GV.OC-04.02: The organization documents the business processes that are critical for the delivery of services and the functioning of the organization, and the impacts to the business if those processes are degraded or not functioning.",GOVERN / Organizational Context / Stakeholder Service Expectations,GV.OC-04.02
"Objective 4: Determine whether management developed an appropriate and repeatable BIA process that identifies all business functions and prioritizes them in order of criticality, analyzes related interdependencies, and assesses a disruption’s impact. ",FFIEC-BCM-04.01,"1. Determine the process through which management inventories business functions. Management may use the following artifacts to identify the functions:
a. Organizational charts.
b. Work flows (also called process maps).
c. Interview notes.
d. Network diagrams/topologies.
e. Data flow diagrams.",Semantic,Intersects with,8,10,"GV.OC-04.04: The organization prioritizes the resilience design, planning, testing, and monitoring of systems and other key internal and external dependencies according to their criticality to the supported business functions, enterprise mission, and to the financial services sector.",GOVERN / Organizational Context / Stakeholder Service Expectations,GV.OC-04.04
"Objective 4: Determine whether management developed an appropriate and repeatable BIA process that identifies all business functions and prioritizes them in order of criticality, analyzes related interdependencies, and assesses a disruption’s impact. ",FFIEC-BCM-04.01,"1. Determine the process through which management inventories business functions. Management may use the following artifacts to identify the functions:
a. Organizational charts.
b. Work flows (also called process maps).
c. Interview notes.
d. Network diagrams/topologies.
e. Data flow diagrams.",Semantic,Intersects with,7,10,"GV.OC-05.01: The organization identifies, assesses, and documents the key dependencies, interdependencies, and potential points of failure to support the delivery of critical services (e.g., systems, business processes, workforce, third parties, facilities, etc.)",GOVERN / Organizational Context / Organizational Service Dependencies,GV.OC-05.01
"Objective 4: Determine whether management developed an appropriate and repeatable BIA process that identifies all business functions and prioritizes them in order of criticality, analyzes related interdependencies, and assesses a disruption’s impact. ",FFIEC-BCM-04.01,"1. Determine the process through which management inventories business functions. Management may use the following artifacts to identify the functions:
a. Organizational charts.
b. Work flows (also called process maps).
c. Interview notes.
d. Network diagrams/topologies.
e. Data flow diagrams.",Semantic,Intersects with,7,10,"GV.OC-05.02: The organization has prioritized its external dependencies according to their criticality to the supported enterprise mission, business functions, and to the financial services sector.",GOVERN / Organizational Context / Organizational Service Dependencies,GV.OC-05.02
"Objective 4: Determine whether management developed an appropriate and repeatable BIA process that identifies all business functions and prioritizes them in order of criticality, analyzes related interdependencies, and assesses a disruption’s impact. ",FFIEC-BCM-04.01,"1. Determine the process through which management inventories business functions. Management may use the following artifacts to identify the functions:
a. Organizational charts.
b. Work flows (also called process maps).
c. Interview notes.
d. Network diagrams/topologies.
e. Data flow diagrams.",Semantic,Subset of ,9,10,"ID.AM-03.01: The organization maintains current maps of network resources, mobile resources, external connections, network-connected third parties, and network data flows.",IDENTIFY / Asset Management / Network Communications & Data Flows,ID.AM-03.01
"Objective 4: Determine whether management developed an appropriate and repeatable BIA process that identifies all business functions and prioritizes them in order of criticality, analyzes related interdependencies, and assesses a disruption’s impact. ",FFIEC-BCM-04.01,"1. Determine the process through which management inventories business functions. Management may use the following artifacts to identify the functions:
a. Organizational charts.
b. Work flows (also called process maps).
c. Interview notes.
d. Network diagrams/topologies.
e. Data flow diagrams.",Semantic,Subset of ,9,10,"ID.AM-07.01: The organization maintains a current inventory of the data being created, stored, or processed by its information assets and data flow diagrams depicting key internal and external data flows.",IDENTIFY / Asset Management / Data & Metadata Inventory,ID.AM-07.01
"Objective 4: Determine whether management developed an appropriate and repeatable BIA process that identifies all business functions and prioritizes them in order of criticality, analyzes related interdependencies, and assesses a disruption’s impact. ",FFIEC-BCM-04.02,"2. Determine whether management inventoried the critical assets and infrastructure upon which business functions depend, including the identification of single points of failure. Critical assets and infrastructure may include the following:
a. People.
b. Hardware.
c. Software.
d. Cash reserves.
e. Supporting activities (e.g., technology support, payroll, contracting).
f. Supporting software (e.g., email, office productivity suites).
g. Network connectivity.
h. Communication lines.
i. Facilities.
j. Utilities.
k. Infrastructure and services provided by third-party service providers.",Semantic,Subset of ,8,10,"GV.OC-04.01: The organization maintains an inventory of key internal assets, business functions, and external dependencies that includes mappings to other assets, business functions, and information flows.",GOVERN / Organizational Context / Stakeholder Service Expectations,GV.OC-04.01
"Objective 4: Determine whether management developed an appropriate and repeatable BIA process that identifies all business functions and prioritizes them in order of criticality, analyzes related interdependencies, and assesses a disruption’s impact. ",FFIEC-BCM-04.02,"2. Determine whether management inventoried the critical assets and infrastructure upon which business functions depend, including the identification of single points of failure. Critical assets and infrastructure may include the following:
a. People.
b. Hardware.
c. Software.
d. Cash reserves.
e. Supporting activities (e.g., technology support, payroll, contracting).
f. Supporting software (e.g., email, office productivity suites).
g. Network connectivity.
h. Communication lines.
i. Facilities.
j. Utilities.
k. Infrastructure and services provided by third-party service providers.",Semantic,Subset of ,8,10,"GV.OC-04.02: The organization documents the business processes that are critical for the delivery of services and the functioning of the organization, and the impacts to the business if those processes are degraded or not functioning.",GOVERN / Organizational Context / Stakeholder Service Expectations,GV.OC-04.02
"Objective 4: Determine whether management developed an appropriate and repeatable BIA process that identifies all business functions and prioritizes them in order of criticality, analyzes related interdependencies, and assesses a disruption’s impact. ",FFIEC-BCM-04.02,"2. Determine whether management inventoried the critical assets and infrastructure upon which business functions depend, including the identification of single points of failure. Critical assets and infrastructure may include the following:
a. People.
b. Hardware.
c. Software.
d. Cash reserves.
e. Supporting activities (e.g., technology support, payroll, contracting).
f. Supporting software (e.g., email, office productivity suites).
g. Network connectivity.
h. Communication lines.
i. Facilities.
j. Utilities.
k. Infrastructure and services provided by third-party service providers.",Semantic,Subset of ,8,10,"GV.OC-04.04: The organization prioritizes the resilience design, planning, testing, and monitoring of systems and other key internal and external dependencies according to their criticality to the supported business functions, enterprise mission, and to the financial services sector.",GOVERN / Organizational Context / Stakeholder Service Expectations,GV.OC-04.04
"Objective 4: Determine whether management developed an appropriate and repeatable BIA process that identifies all business functions and prioritizes them in order of criticality, analyzes related interdependencies, and assesses a disruption’s impact. ",FFIEC-BCM-04.02,"2. Determine whether management inventoried the critical assets and infrastructure upon which business functions depend, including the identification of single points of failure. Critical assets and infrastructure may include the following:
a. People.
b. Hardware.
c. Software.
d. Cash reserves.
e. Supporting activities (e.g., technology support, payroll, contracting).
f. Supporting software (e.g., email, office productivity suites).
g. Network connectivity.
h. Communication lines.
i. Facilities.
j. Utilities.
k. Infrastructure and services provided by third-party service providers.",Semantic,Subset of ,9,10,"GV.OC-05.01: The organization identifies, assesses, and documents the key dependencies, interdependencies, and potential points of failure to support the delivery of critical services (e.g., systems, business processes, workforce, third parties, facilities, etc.)",GOVERN / Organizational Context / Organizational Service Dependencies,GV.OC-05.01
"Objective 4: Determine whether management developed an appropriate and repeatable BIA process that identifies all business functions and prioritizes them in order of criticality, analyzes related interdependencies, and assesses a disruption’s impact. ",FFIEC-BCM-04.02,"2. Determine whether management inventoried the critical assets and infrastructure upon which business functions depend, including the identification of single points of failure. Critical assets and infrastructure may include the following:
a. People.
b. Hardware.
c. Software.
d. Cash reserves.
e. Supporting activities (e.g., technology support, payroll, contracting).
f. Supporting software (e.g., email, office productivity suites).
g. Network connectivity.
h. Communication lines.
i. Facilities.
j. Utilities.
k. Infrastructure and services provided by third-party service providers.",Semantic,Subset of ,9,10,"ID.AM-05.02: The organization's hardware, software, and data assets are prioritized for protection based on their sensitivity, criticality, vulnerability, business value, and dependency role in the delivery of critical services.",IDENTIFY / Asset Management / Asset Protection Prioritization,ID.AM-05.02
"Objective 4: Determine whether management developed an appropriate and repeatable BIA process that identifies all business functions and prioritizes them in order of criticality, analyzes related interdependencies, and assesses a disruption’s impact. ",FFIEC-BCM-04.03,"3. Determine whether the interdependency analysis includes the following:
a. Internal systems and business functions, including services, production processes, hardware, software, and application programming interfaces, data, and vital records.
b. Third-party service providers, key suppliers, and business partners.
c. Telecommunications single points of failure.
d. Power single points of failure.",Semantic,Superset of,8,10,"GV.OC-04.01: The organization maintains an inventory of key internal assets, business functions, and external dependencies that includes mappings to other assets, business functions, and information flows.",GOVERN / Organizational Context / Stakeholder Service Expectations,GV.OC-04.01
"Objective 4: Determine whether management developed an appropriate and repeatable BIA process that identifies all business functions and prioritizes them in order of criticality, analyzes related interdependencies, and assesses a disruption’s impact. ",FFIEC-BCM-04.03,"3. Determine whether the interdependency analysis includes the following:
a. Internal systems and business functions, including services, production processes, hardware, software, and application programming interfaces, data, and vital records.
b. Third-party service providers, key suppliers, and business partners.
c. Telecommunications single points of failure.
d. Power single points of failure.",Semantic,Superset of,8,10,"GV.OC-04.02: The organization documents the business processes that are critical for the delivery of services and the functioning of the organization, and the impacts to the business if those processes are degraded or not functioning.",GOVERN / Organizational Context / Stakeholder Service Expectations,GV.OC-04.02
"Objective 4: Determine whether management developed an appropriate and repeatable BIA process that identifies all business functions and prioritizes them in order of criticality, analyzes related interdependencies, and assesses a disruption’s impact. ",FFIEC-BCM-04.03,"3. Determine whether the interdependency analysis includes the following:
a. Internal systems and business functions, including services, production processes, hardware, software, and application programming interfaces, data, and vital records.
b. Third-party service providers, key suppliers, and business partners.
c. Telecommunications single points of failure.
d. Power single points of failure.",Semantic,Superset of,7,10,"GV.OC-04.04: The organization prioritizes the resilience design, planning, testing, and monitoring of systems and other key internal and external dependencies according to their criticality to the supported business functions, enterprise mission, and to the financial services sector.",GOVERN / Organizational Context / Stakeholder Service Expectations,GV.OC-04.04
"Objective 4: Determine whether management developed an appropriate and repeatable BIA process that identifies all business functions and prioritizes them in order of criticality, analyzes related interdependencies, and assesses a disruption’s impact. ",FFIEC-BCM-04.03,"3. Determine whether the interdependency analysis includes the following:
a. Internal systems and business functions, including services, production processes, hardware, software, and application programming interfaces, data, and vital records.
b. Third-party service providers, key suppliers, and business partners.
c. Telecommunications single points of failure.
d. Power single points of failure.",Semantic,Superset of,9,10,"GV.OC-05.01: The organization identifies, assesses, and documents the key dependencies, interdependencies, and potential points of failure to support the delivery of critical services (e.g., systems, business processes, workforce, third parties, facilities, etc.)",GOVERN / Organizational Context / Organizational Service Dependencies,GV.OC-05.01
"Objective 4: Determine whether management developed an appropriate and repeatable BIA process that identifies all business functions and prioritizes them in order of criticality, analyzes related interdependencies, and assesses a disruption’s impact. ",FFIEC-BCM-04.03,"3. Determine whether the interdependency analysis includes the following:
a. Internal systems and business functions, including services, production processes, hardware, software, and application programming interfaces, data, and vital records.
b. Third-party service providers, key suppliers, and business partners.
c. Telecommunications single points of failure.
d. Power single points of failure.",Semantic,Superset of,8,10,"GV.OC-05.02: The organization has prioritized its external dependencies according to their criticality to the supported enterprise mission, business functions, and to the financial services sector.",GOVERN / Organizational Context / Organizational Service Dependencies,GV.OC-05.02
"Objective 4: Determine whether management developed an appropriate and repeatable BIA process that identifies all business functions and prioritizes them in order of criticality, analyzes related interdependencies, and assesses a disruption’s impact. ",FFIEC-BCM-04.03,"3. Determine whether the interdependency analysis includes the following:
a. Internal systems and business functions, including services, production processes, hardware, software, and application programming interfaces, data, and vital records.
b. Third-party service providers, key suppliers, and business partners.
c. Telecommunications single points of failure.
d. Power single points of failure.",Semantic,Superset of,7,10,"GV.SC-01.02: The organization regularly assesses the risk of its ongoing use of third parties in aggregate, considering factors such as critical service dependencies, vendor concentration, geographical/geopolitical exposure, fourth-party impacts, and financial sector co-dependencies.",GOVERN / Supply Chain Risk Management / Supply Chain Risk Management Program,GV.SC-01.02
"Objective 4: Determine whether management developed an appropriate and repeatable BIA process that identifies all business functions and prioritizes them in order of criticality, analyzes related interdependencies, and assesses a disruption’s impact. ",FFIEC-BCM-04.03,"3. Determine whether the interdependency analysis includes the following:
a. Internal systems and business functions, including services, production processes, hardware, software, and application programming interfaces, data, and vital records.
b. Third-party service providers, key suppliers, and business partners.
c. Telecommunications single points of failure.
d. Power single points of failure.",Semantic,Superset of,8,10,"GV.SC-08.01: The organization's resilience strategy, plans, tests, and exercises incorporate its external dependencies and critical business partners.",GOVERN / Supply Chain Risk Management / Third Party Incident Management Integration,GV.SC-08.01
"Objective 4: Determine whether management developed an appropriate and repeatable BIA process that identifies all business functions and prioritizes them in order of criticality, analyzes related interdependencies, and assesses a disruption’s impact. ",FFIEC-BCM-04.03,"3. Determine whether the interdependency analysis includes the following:
a. Internal systems and business functions, including services, production processes, hardware, software, and application programming interfaces, data, and vital records.
b. Third-party service providers, key suppliers, and business partners.
c. Telecommunications single points of failure.
d. Power single points of failure.",Semantic,Superset of,7,10,"ID.IM-02.08: The organization tests and exercises, independently and in coordination with other critical sector partners, its ability to support sector-wide resilience in the event of extreme financial stress or the instability of external dependencies, such as connectivity to markets, payment systems, clearing entities, messaging services, etc.",IDENTIFY / Improvement / Tests & Exercises,ID.IM-02.08
"Objective 4: Determine whether management developed an appropriate and repeatable BIA process that identifies all business functions and prioritizes them in order of criticality, analyzes related interdependencies, and assesses a disruption’s impact. ",FFIEC-BCM-04.03,"3. Determine whether the interdependency analysis includes the following:
a. Internal systems and business functions, including services, production processes, hardware, software, and application programming interfaces, data, and vital records.
b. Third-party service providers, key suppliers, and business partners.
c. Telecommunications single points of failure.
d. Power single points of failure.",Functional ,Intersects with,7,10,"PR.IR-01.03: The integrity and resilience of the organization's communications and control network services are enhanced through controls such as denial of service protections, secure name/address resolution, and/or alternate communications paths.",PROTECT / Technology Infrastructure Resilience / Logical Access Protections,PR.IR-01.03
"Objective 4: Determine whether management developed an appropriate and repeatable BIA process that identifies all business functions and prioritizes them in order of criticality, analyzes related interdependencies, and assesses a disruption’s impact. ",FFIEC-BCM-04.04,"4. Review the BIA to determine whether the prioritization of business functions is reasonable. Consider management’s ability to do the following:
a. Determine the operational and financial impacts of a disruption.
b. Aggregate loss impacts and determine a rating scale to indicate impact severity.
c. Reconcile BIA and risk assessment results with prioritization and document whether the reconcilement is adequate.",Semantic,Superset of,8,9,"GV.OC-04.02: The organization documents the business processes that are critical for the delivery of services and the functioning of the organization, and the impacts to the business if those processes are degraded or not functioning.",GOVERN / Organizational Context / Stakeholder Service Expectations,GV.OC-04.02
"Objective 4: Determine whether management developed an appropriate and repeatable BIA process that identifies all business functions and prioritizes them in order of criticality, analyzes related interdependencies, and assesses a disruption’s impact. ",FFIEC-BCM-04.04,"4. Review the BIA to determine whether the prioritization of business functions is reasonable. Consider management’s ability to do the following:
a. Determine the operational and financial impacts of a disruption.
b. Aggregate loss impacts and determine a rating scale to indicate impact severity.
c. Reconcile BIA and risk assessment results with prioritization and document whether the reconcilement is adequate.",Semantic,Superset of,8,9,"GV.OC-04.04: The organization prioritizes the resilience design, planning, testing, and monitoring of systems and other key internal and external dependencies according to their criticality to the supported business functions, enterprise mission, and to the financial services sector.",GOVERN / Organizational Context / Stakeholder Service Expectations,GV.OC-04.04
"Objective 4: Determine whether management developed an appropriate and repeatable BIA process that identifies all business functions and prioritizes them in order of criticality, analyzes related interdependencies, and assesses a disruption’s impact. ",FFIEC-BCM-04.04,"4. Review the BIA to determine whether the prioritization of business functions is reasonable. Consider management’s ability to do the following:
a. Determine the operational and financial impacts of a disruption.
b. Aggregate loss impacts and determine a rating scale to indicate impact severity.
c. Reconcile BIA and risk assessment results with prioritization and document whether the reconcilement is adequate.",Semantic,Superset of,8,9,"GV.OC-05.03: The organization defines objectives (e.g., Recovery Time Objective, Maximum Tolerable Downtime, Impact Tolerance) for the resumption of critical operations in alignment with business imperatives, stakeholder obligations, and critical infrastructure dependencies.",GOVERN / Organizational Context / Organizational Service Dependencies,GV.OC-05.03
"Objective 4: Determine whether management developed an appropriate and repeatable BIA process that identifies all business functions and prioritizes them in order of criticality, analyzes related interdependencies, and assesses a disruption’s impact. ",FFIEC-BCM-04.04,"4. Review the BIA to determine whether the prioritization of business functions is reasonable. Consider management’s ability to do the following:
a. Determine the operational and financial impacts of a disruption.
b. Aggregate loss impacts and determine a rating scale to indicate impact severity.
c. Reconcile BIA and risk assessment results with prioritization and document whether the reconcilement is adequate.",Semantic,Superset of,8,9,"GV.OC-05.04: Recovery point objectives to support data integrity are consistent with the organization's recovery time objectives, information flow dependencies between systems, and business obligations.",GOVERN / Organizational Context / Organizational Service Dependencies,GV.OC-05.04
"Objective 4: Determine whether management developed an appropriate and repeatable BIA process that identifies all business functions and prioritizes them in order of criticality, analyzes related interdependencies, and assesses a disruption’s impact. ",FFIEC-BCM-04.04,"4. Review the BIA to determine whether the prioritization of business functions is reasonable. Consider management’s ability to do the following:
a. Determine the operational and financial impacts of a disruption.
b. Aggregate loss impacts and determine a rating scale to indicate impact severity.
c. Reconcile BIA and risk assessment results with prioritization and document whether the reconcilement is adequate.",Functional ,Intersects with,7,9,"RC.RP-02.01: The organization's response plans are used as informed guidance to develop and manage task plans, response actions, priorities, and assignments for responding to incidents, but are adapted as necessary to address incident-specific characteristics.",RECOVER / Incident Recovery Plan Execution / Recovery Action Performance,RC.RP-02.01
"Objective 4: Determine whether management developed an appropriate and repeatable BIA process that identifies all business functions and prioritizes them in order of criticality, analyzes related interdependencies, and assesses a disruption’s impact. ",FFIEC-BCM-04.04,"4. Review the BIA to determine whether the prioritization of business functions is reasonable. Consider management’s ability to do the following:
a. Determine the operational and financial impacts of a disruption.
b. Aggregate loss impacts and determine a rating scale to indicate impact severity.
c. Reconcile BIA and risk assessment results with prioritization and document whether the reconcilement is adequate.",Semantic,Superset of,8,9,"RC.RP-02.02: Recovery plans are executed by first resuming critical services and core business functions, while minimizing any potential concurrent and widespread interruptions to interconnected entities and critical infrastructure, such as energy and telecommunications.",RECOVER / Incident Recovery Plan Execution / Recovery Action Performance,RC.RP-02.02
"Objective 4: Determine whether management developed an appropriate and repeatable BIA process that identifies all business functions and prioritizes them in order of criticality, analyzes related interdependencies, and assesses a disruption’s impact. ",FFIEC-BCM-04.05,"5. Determine whether the BIA produces sufficient information to estimate the following:
a. Recovery point objectives (RPO).
b. Recovery time objectives (RTO).
c. Maximum tolerable downtime (MTD).",Semantic,Subset of ,10,10,"GV.OC-05.03: The organization defines objectives (e.g., Recovery Time Objective, Maximum Tolerable Downtime, Impact Tolerance) for the resumption of critical operations in alignment with business imperatives, stakeholder obligations, and critical infrastructure dependencies.",GOVERN / Organizational Context / Organizational Service Dependencies,GV.OC-05.03
"Objective 4: Determine whether management developed an appropriate and repeatable BIA process that identifies all business functions and prioritizes them in order of criticality, analyzes related interdependencies, and assesses a disruption’s impact. ",FFIEC-BCM-04.05,"5. Determine whether the BIA produces sufficient information to estimate the following:
a. Recovery point objectives (RPO).
b. Recovery time objectives (RTO).
c. Maximum tolerable downtime (MTD).",Semantic,Subset of ,9,10,"GV.OC-05.04: Recovery point objectives to support data integrity are consistent with the organization's recovery time objectives, information flow dependencies between systems, and business obligations.",GOVERN / Organizational Context / Organizational Service Dependencies,GV.OC-05.04
"Objective 4: Determine whether management developed an appropriate and repeatable BIA process that identifies all business functions and prioritizes them in order of criticality, analyzes related interdependencies, and assesses a disruption’s impact. ",FFIEC-BCM-04.05,"5. Determine whether the BIA produces sufficient information to estimate the following:
a. Recovery point objectives (RPO).
b. Recovery time objectives (RTO).
c. Maximum tolerable downtime (MTD).",Semantic,Intersects with,7,10,"ID.IM-02.06: The organization designs and tests its systems and processes to enable recovery of accurate data (e.g., material financial transactions) sufficient to support defined business recovery time and recovery point objectives.",IDENTIFY / Improvement / Tests & Exercises,ID.IM-02.06
Objective 5: Determine whether management conducts a risk assessment sufficient to evaluate the likelihood and impact of potential disruptions and events.,FFIEC-BCM-05.01,"1. Review risk assessment(s) to determine whether management has identified all reasonably foreseeable hazards and threats to the continuity and resilience of the entity. Examples of risks can include:
a. Natural:
Flood, earthquake, hurricane, tornado, and other weather events.
b. Technological:
Technological: Malware, cyberattack, and hardware and software failure.
Operational: Critical infrastructure disruption (e.g., transportation and water systems).
c. Adversarial or human-caused:
Personnel: Strike, pandemic, and malicious insider.
Social: Terrorism, vandalism, looting, riots, and protests.
d. Combination:
Facility: Fire, power outage, and loss of access.
Geographic-related: Proximity to railroad or highways used for transport of hazardous materials, proximity to airports, traffic difficulties, and other issues.
Third-party: Services concentrated in a limited number of third-party service providers.",Semantic,Intersects with,6,8,GV.RM-03.02: The organization's business continuity and resilience strategy and program align with and support the overall enterprise risk management framework.,GOVERN / Risk Management Strategy / Enterprise Risk Integration,GV.RM-03.02
Objective 5: Determine whether management conducts a risk assessment sufficient to evaluate the likelihood and impact of potential disruptions and events.,FFIEC-BCM-05.01,"1. Review risk assessment(s) to determine whether management has identified all reasonably foreseeable hazards and threats to the continuity and resilience of the entity. Examples of risks can include:
a. Natural:
Flood, earthquake, hurricane, tornado, and other weather events.
b. Technological:
Technological: Malware, cyberattack, and hardware and software failure.
Operational: Critical infrastructure disruption (e.g., transportation and water systems).
c. Adversarial or human-caused:
Personnel: Strike, pandemic, and malicious insider.
Social: Terrorism, vandalism, looting, riots, and protests.
d. Combination:
Facility: Fire, power outage, and loss of access.
Geographic-related: Proximity to railroad or highways used for transport of hazardous materials, proximity to airports, traffic difficulties, and other issues.
Third-party: Services concentrated in a limited number of third-party service providers.",Semantic,Intersects with,7,8,"GV.RM-09.02: The resilience program ensures that the organization can continue operating critical business functions and deliver services to stakeholders, to include critical infrastructure partners, during adverse incidents and cyber attacks (e.g., propagation of malware or extended system outages).",GOVERN / Risk Management Strategy  / Business Continuity & Resilience Risk Management,GV.RM-09.02
Objective 5: Determine whether management conducts a risk assessment sufficient to evaluate the likelihood and impact of potential disruptions and events.,FFIEC-BCM-05.01,"1. Review risk assessment(s) to determine whether management has identified all reasonably foreseeable hazards and threats to the continuity and resilience of the entity. Examples of risks can include:
a. Natural:
Flood, earthquake, hurricane, tornado, and other weather events.
b. Technological:
Technological: Malware, cyberattack, and hardware and software failure.
Operational: Critical infrastructure disruption (e.g., transportation and water systems).
c. Adversarial or human-caused:
Personnel: Strike, pandemic, and malicious insider.
Social: Terrorism, vandalism, looting, riots, and protests.
d. Combination:
Facility: Fire, power outage, and loss of access.
Geographic-related: Proximity to railroad or highways used for transport of hazardous materials, proximity to airports, traffic difficulties, and other issues.
Third-party: Services concentrated in a limited number of third-party service providers.",Semantic,Intersects with,7,8,"GV.SC-01.02: The organization regularly assesses the risk of its ongoing use of third parties in aggregate, considering factors such as critical service dependencies, vendor concentration, geographical/geopolitical exposure, fourth-party impacts, and financial sector co-dependencies.",GOVERN / Supply Chain Risk Management / Supply Chain Risk Management Program,GV.SC-01.02
Objective 5: Determine whether management conducts a risk assessment sufficient to evaluate the likelihood and impact of potential disruptions and events.,FFIEC-BCM-05.01,"1. Review risk assessment(s) to determine whether management has identified all reasonably foreseeable hazards and threats to the continuity and resilience of the entity. Examples of risks can include:
a. Natural:
Flood, earthquake, hurricane, tornado, and other weather events.
b. Technological:
Technological: Malware, cyberattack, and hardware and software failure.
Operational: Critical infrastructure disruption (e.g., transportation and water systems).
c. Adversarial or human-caused:
Personnel: Strike, pandemic, and malicious insider.
Social: Terrorism, vandalism, looting, riots, and protests.
d. Combination:
Facility: Fire, power outage, and loss of access.
Geographic-related: Proximity to railroad or highways used for transport of hazardous materials, proximity to airports, traffic difficulties, and other issues.
Third-party: Services concentrated in a limited number of third-party service providers.",Semantic,Intersects with,6,8,"ID.RA-01.01: The organization identifies, assesses, and documents risks and potential vulnerabilities associated with assets, to include workforce, data, technology, facilities, services, and connections.",IDENTIFY / Risk Assessment / Asset Vulnerability Identification,ID.RA-01.01
Objective 5: Determine whether management conducts a risk assessment sufficient to evaluate the likelihood and impact of potential disruptions and events.,FFIEC-BCM-05.01,"1. Review risk assessment(s) to determine whether management has identified all reasonably foreseeable hazards and threats to the continuity and resilience of the entity. Examples of risks can include:
a. Natural:
Flood, earthquake, hurricane, tornado, and other weather events.
b. Technological:
Technological: Malware, cyberattack, and hardware and software failure.
Operational: Critical infrastructure disruption (e.g., transportation and water systems).
c. Adversarial or human-caused:
Personnel: Strike, pandemic, and malicious insider.
Social: Terrorism, vandalism, looting, riots, and protests.
d. Combination:
Facility: Fire, power outage, and loss of access.
Geographic-related: Proximity to railroad or highways used for transport of hazardous materials, proximity to airports, traffic difficulties, and other issues.
Third-party: Services concentrated in a limited number of third-party service providers.",Semantic,Intersects with,6,8,"ID.RA-03.01: The organization, on an ongoing basis, identifies, analyzes, correlates, characterizes, and reports threats that are internal and external to the firm.",IDENTIFY / Risk Assessment / Threat Identification,ID.RA-03.01
Objective 5: Determine whether management conducts a risk assessment sufficient to evaluate the likelihood and impact of potential disruptions and events.,FFIEC-BCM-05.01,"1. Review risk assessment(s) to determine whether management has identified all reasonably foreseeable hazards and threats to the continuity and resilience of the entity. Examples of risks can include:
a. Natural:
Flood, earthquake, hurricane, tornado, and other weather events.
b. Technological:
Technological: Malware, cyberattack, and hardware and software failure.
Operational: Critical infrastructure disruption (e.g., transportation and water systems).
c. Adversarial or human-caused:
Personnel: Strike, pandemic, and malicious insider.
Social: Terrorism, vandalism, looting, riots, and protests.
d. Combination:
Facility: Fire, power outage, and loss of access.
Geographic-related: Proximity to railroad or highways used for transport of hazardous materials, proximity to airports, traffic difficulties, and other issues.
Third-party: Services concentrated in a limited number of third-party service providers.",Semantic,Intersects with,6,8,ID.RA-04.01: The organization's risk assessment approach includes the analysis and characterization of the likelihood and potential business impact of identified risks being realized.,IDENTIFY / Risk Assessment / Impact & Likelihood Analysis,ID.RA-04.01
Objective 5: Determine whether management conducts a risk assessment sufficient to evaluate the likelihood and impact of potential disruptions and events.,FFIEC-BCM-05.01,"1. Review risk assessment(s) to determine whether management has identified all reasonably foreseeable hazards and threats to the continuity and resilience of the entity. Examples of risks can include:
a. Natural:
Flood, earthquake, hurricane, tornado, and other weather events.
b. Technological:
Technological: Malware, cyberattack, and hardware and software failure.
Operational: Critical infrastructure disruption (e.g., transportation and water systems).
c. Adversarial or human-caused:
Personnel: Strike, pandemic, and malicious insider.
Social: Terrorism, vandalism, looting, riots, and protests.
d. Combination:
Facility: Fire, power outage, and loss of access.
Geographic-related: Proximity to railroad or highways used for transport of hazardous materials, proximity to airports, traffic difficulties, and other issues.
Third-party: Services concentrated in a limited number of third-party service providers.",Semantic,Intersects with,6,8,"ID.RA-05.01: Threats, vulnerabilities, likelihoods, and impacts are used to determine overall technology, cybersecurity, and resilience risk to the organization.",IDENTIFY / Risk Assessment / Risk Exposure Determination & Prioritization,ID.RA-05.01
Objective 5: Determine whether management conducts a risk assessment sufficient to evaluate the likelihood and impact of potential disruptions and events.,FFIEC-BCM-05.01,"1. Review risk assessment(s) to determine whether management has identified all reasonably foreseeable hazards and threats to the continuity and resilience of the entity. Examples of risks can include:
a. Natural:
Flood, earthquake, hurricane, tornado, and other weather events.
b. Technological:
Technological: Malware, cyberattack, and hardware and software failure.
Operational: Critical infrastructure disruption (e.g., transportation and water systems).
c. Adversarial or human-caused:
Personnel: Strike, pandemic, and malicious insider.
Social: Terrorism, vandalism, looting, riots, and protests.
d. Combination:
Facility: Fire, power outage, and loss of access.
Geographic-related: Proximity to railroad or highways used for transport of hazardous materials, proximity to airports, traffic difficulties, and other issues.
Third-party: Services concentrated in a limited number of third-party service providers.",Semantic,Intersects with,6,8,"ID.RA-05.02: The organization has established threat modeling capabilities to identify how and why critical assets might be compromised by a threat actor, what level of protection is needed for those critical assets, and what the impact would be if that protection failed.",IDENTIFY / Risk Assessment / Risk Exposure Determination & Prioritization,ID.RA-05.02
Objective 5: Determine whether management conducts a risk assessment sufficient to evaluate the likelihood and impact of potential disruptions and events.,FFIEC-BCM-05.01,"1. Review risk assessment(s) to determine whether management has identified all reasonably foreseeable hazards and threats to the continuity and resilience of the entity. Examples of risks can include:
a. Natural:
Flood, earthquake, hurricane, tornado, and other weather events.
b. Technological:
Technological: Malware, cyberattack, and hardware and software failure.
Operational: Critical infrastructure disruption (e.g., transportation and water systems).
c. Adversarial or human-caused:
Personnel: Strike, pandemic, and malicious insider.
Social: Terrorism, vandalism, looting, riots, and protests.
d. Combination:
Facility: Fire, power outage, and loss of access.
Geographic-related: Proximity to railroad or highways used for transport of hazardous materials, proximity to airports, traffic difficulties, and other issues.
Third-party: Services concentrated in a limited number of third-party service providers.",Semantic,Intersects with,6,8,"ID.RA-05.03: The organization's business units assess, on an ongoing basis, the technology, cybersecurity, and resilience risks associated with the activities of the business unit.",IDENTIFY / Risk Assessment / Risk Exposure Determination & Prioritization,ID.RA-05.03
Objective 5: Determine whether management conducts a risk assessment sufficient to evaluate the likelihood and impact of potential disruptions and events.,FFIEC-BCM-05.01,"1. Review risk assessment(s) to determine whether management has identified all reasonably foreseeable hazards and threats to the continuity and resilience of the entity. Examples of risks can include:
a. Natural:
Flood, earthquake, hurricane, tornado, and other weather events.
b. Technological:
Technological: Malware, cyberattack, and hardware and software failure.
Operational: Critical infrastructure disruption (e.g., transportation and water systems).
c. Adversarial or human-caused:
Personnel: Strike, pandemic, and malicious insider.
Social: Terrorism, vandalism, looting, riots, and protests.
d. Combination:
Facility: Fire, power outage, and loss of access.
Geographic-related: Proximity to railroad or highways used for transport of hazardous materials, proximity to airports, traffic difficulties, and other issues.
Third-party: Services concentrated in a limited number of third-party service providers.",Semantic,Intersects with,6,8,"ID.RA-05.04: The organization uses scenario planning, table-top-exercises, or similar event analysis techniques to identify vulnerabilities and determine potential impacts to critical infrastructure, technology, and business processes.",IDENTIFY / Risk Assessment / Risk Exposure Determination & Prioritization,ID.RA-05.04
Objective 5: Determine whether management conducts a risk assessment sufficient to evaluate the likelihood and impact of potential disruptions and events.,FFIEC-BCM-05.01,"1. Review risk assessment(s) to determine whether management has identified all reasonably foreseeable hazards and threats to the continuity and resilience of the entity. Examples of risks can include:
a. Natural:
Flood, earthquake, hurricane, tornado, and other weather events.
b. Technological:
Technological: Malware, cyberattack, and hardware and software failure.
Operational: Critical infrastructure disruption (e.g., transportation and water systems).
c. Adversarial or human-caused:
Personnel: Strike, pandemic, and malicious insider.
Social: Terrorism, vandalism, looting, riots, and protests.
d. Combination:
Facility: Fire, power outage, and loss of access.
Geographic-related: Proximity to railroad or highways used for transport of hazardous materials, proximity to airports, traffic difficulties, and other issues.
Third-party: Services concentrated in a limited number of third-party service providers.",Semantic,Intersects with,6,8,"ID.RA-06.01: Technology and cybersecurity risk management programs and risk assessment processes produce actionable recommendations that the organization uses to select, design, prioritize, implement, maintain, evaluate, and modify cybersecurity and technology controls.",IDENTIFY / Risk Assessment / Risk Response Determination,ID.RA-06.01
Objective 5: Determine whether management conducts a risk assessment sufficient to evaluate the likelihood and impact of potential disruptions and events.,FFIEC-BCM-05.01,"1. Review risk assessment(s) to determine whether management has identified all reasonably foreseeable hazards and threats to the continuity and resilience of the entity. Examples of risks can include:
a. Natural:
Flood, earthquake, hurricane, tornado, and other weather events.
b. Technological:
Technological: Malware, cyberattack, and hardware and software failure.
Operational: Critical infrastructure disruption (e.g., transportation and water systems).
c. Adversarial or human-caused:
Personnel: Strike, pandemic, and malicious insider.
Social: Terrorism, vandalism, looting, riots, and protests.
d. Combination:
Facility: Fire, power outage, and loss of access.
Geographic-related: Proximity to railroad or highways used for transport of hazardous materials, proximity to airports, traffic difficulties, and other issues.
Third-party: Services concentrated in a limited number of third-party service providers.",Semantic,Intersects with,7,8,"ID.RA-06.04: The organization assesses the threats, impacts, and risks that could adversely affect the organization's ability to provide services on an ongoing basis, and develops its resilience requirements and plans to address those risks.",IDENTIFY / Risk Assessment / Risk Response Determination,ID.RA-06.04
Objective 5: Determine whether management conducts a risk assessment sufficient to evaluate the likelihood and impact of potential disruptions and events.,FFIEC-BCM-05.01,"1. Review risk assessment(s) to determine whether management has identified all reasonably foreseeable hazards and threats to the continuity and resilience of the entity. Examples of risks can include:
a. Natural:
Flood, earthquake, hurricane, tornado, and other weather events.
b. Technological:
Technological: Malware, cyberattack, and hardware and software failure.
Operational: Critical infrastructure disruption (e.g., transportation and water systems).
c. Adversarial or human-caused:
Personnel: Strike, pandemic, and malicious insider.
Social: Terrorism, vandalism, looting, riots, and protests.
d. Combination:
Facility: Fire, power outage, and loss of access.
Geographic-related: Proximity to railroad or highways used for transport of hazardous materials, proximity to airports, traffic difficulties, and other issues.
Third-party: Services concentrated in a limited number of third-party service providers.",Semantic,Intersects with,7,8,EX.TR-01.02: The organization periodically identifies and tests alternative solutions in case a critical external partner fails to perform as expected.,EXTEND / Relationship Termination / Termination Planning,EX.TR-01.02
Objective 5: Determine whether management conducts a risk assessment sufficient to evaluate the likelihood and impact of potential disruptions and events.,FFIEC-BCM-05.02,"2. Determine whether management identifies BCM risks and coordinates risk identification efforts throughout the entity to identify systemic threats.
a. Determine whether management identifies and inventories the following:
Internal and external assets.
Types of threats and hazards.
Existing controls.
b. Verify that the risk assessment includes the identification of cybersecurity risks and results of information security risk assessments.
c. Assess whether management obtains information about hazards and threats from external sources.
d. Determine whether management considers threat intelligence in risk identification efforts.",Functional ,Intersects with,5,9,GV.RM-03.02: The organization's business continuity and resilience strategy and program align with and support the overall enterprise risk management framework.,GOVERN / Risk Management Strategy / Enterprise Risk Integration,GV.RM-03.02
Objective 5: Determine whether management conducts a risk assessment sufficient to evaluate the likelihood and impact of potential disruptions and events.,FFIEC-BCM-05.02,"2. Determine whether management identifies BCM risks and coordinates risk identification efforts throughout the entity to identify systemic threats.
a. Determine whether management identifies and inventories the following:
Internal and external assets.
Types of threats and hazards.
Existing controls.
b. Verify that the risk assessment includes the identification of cybersecurity risks and results of information security risk assessments.
c. Assess whether management obtains information about hazards and threats from external sources.
d. Determine whether management considers threat intelligence in risk identification efforts.",Functional ,Intersects with,7,9,"GV.RM-03.03: Technology and cybersecurity risk management and risk assessment processes are consistent with the organization's enterprise risk management policies, procedures, and methodologies and include criteria for the evaluation and categorization of enterprise-specific risks and threats.",GOVERN / Risk Management Strategy / Enterprise Risk Integration,GV.RM-03.03
Objective 5: Determine whether management conducts a risk assessment sufficient to evaluate the likelihood and impact of potential disruptions and events.,FFIEC-BCM-05.02,"2. Determine whether management identifies BCM risks and coordinates risk identification efforts throughout the entity to identify systemic threats.
a. Determine whether management identifies and inventories the following:
Internal and external assets.
Types of threats and hazards.
Existing controls.
b. Verify that the risk assessment includes the identification of cybersecurity risks and results of information security risk assessments.
c. Assess whether management obtains information about hazards and threats from external sources.
d. Determine whether management considers threat intelligence in risk identification efforts.",Functional ,Intersects with,6,9,"GV.SC-01.02: The organization regularly assesses the risk of its ongoing use of third parties in aggregate, considering factors such as critical service dependencies, vendor concentration, geographical/geopolitical exposure, fourth-party impacts, and financial sector co-dependencies.",GOVERN / Supply Chain Risk Management / Supply Chain Risk Management Program,GV.SC-01.02
Objective 5: Determine whether management conducts a risk assessment sufficient to evaluate the likelihood and impact of potential disruptions and events.,FFIEC-BCM-05.02,"2. Determine whether management identifies BCM risks and coordinates risk identification efforts throughout the entity to identify systemic threats.
a. Determine whether management identifies and inventories the following:
Internal and external assets.
Types of threats and hazards.
Existing controls.
b. Verify that the risk assessment includes the identification of cybersecurity risks and results of information security risk assessments.
c. Assess whether management obtains information about hazards and threats from external sources.
d. Determine whether management considers threat intelligence in risk identification efforts.",Functional ,Intersects with,6,9,"ID.RA-02.01: The organization participates actively (in alignment with its business operations, inherent risk, and complexity) in information-sharing groups and collectives (e.g., cross-industry, cross-government and cross-border groups) to gather, distribute and analyze information about cyber practices, cyber threats, and early warning indicators relating to cyber threats.",IDENTIFY / Risk Assessment / Information Sharing Forums,ID.RA-02.01
Objective 5: Determine whether management conducts a risk assessment sufficient to evaluate the likelihood and impact of potential disruptions and events.,FFIEC-BCM-05.02,"2. Determine whether management identifies BCM risks and coordinates risk identification efforts throughout the entity to identify systemic threats.
a. Determine whether management identifies and inventories the following:
Internal and external assets.
Types of threats and hazards.
Existing controls.
b. Verify that the risk assessment includes the identification of cybersecurity risks and results of information security risk assessments.
c. Assess whether management obtains information about hazards and threats from external sources.
d. Determine whether management considers threat intelligence in risk identification efforts.",Semantic,Subset of ,8,9,ID.RA-02.02: The organization shares authorized information on its cyber resilience framework and the effectiveness of protection technologies bilaterally with trusted external stakeholders to promote the understanding of each party’s approach to securing systems.,IDENTIFY / Risk Assessment / Information Sharing Forums,ID.RA-02.02
Objective 5: Determine whether management conducts a risk assessment sufficient to evaluate the likelihood and impact of potential disruptions and events.,FFIEC-BCM-05.02,"2. Determine whether management identifies BCM risks and coordinates risk identification efforts throughout the entity to identify systemic threats.
a. Determine whether management identifies and inventories the following:
Internal and external assets.
Types of threats and hazards.
Existing controls.
b. Verify that the risk assessment includes the identification of cybersecurity risks and results of information security risk assessments.
c. Assess whether management obtains information about hazards and threats from external sources.
d. Determine whether management considers threat intelligence in risk identification efforts.",Functional ,Intersects with,6,9,"ID.RA-03.01: The organization, on an ongoing basis, identifies, analyzes, correlates, characterizes, and reports threats that are internal and external to the firm.",IDENTIFY / Risk Assessment / Threat Identification,ID.RA-03.01
Objective 5: Determine whether management conducts a risk assessment sufficient to evaluate the likelihood and impact of potential disruptions and events.,FFIEC-BCM-05.02,"2. Determine whether management identifies BCM risks and coordinates risk identification efforts throughout the entity to identify systemic threats.
a. Determine whether management identifies and inventories the following:
Internal and external assets.
Types of threats and hazards.
Existing controls.
b. Verify that the risk assessment includes the identification of cybersecurity risks and results of information security risk assessments.
c. Assess whether management obtains information about hazards and threats from external sources.
d. Determine whether management considers threat intelligence in risk identification efforts.",Functional ,Intersects with,6,9,"ID.RA-03.02: The organization solicits and considers threat intelligence received from the organization's stakeholders, service and utility providers, and other industry and security organizations.",IDENTIFY / Risk Assessment / Threat Identification,ID.RA-03.02
Objective 5: Determine whether management conducts a risk assessment sufficient to evaluate the likelihood and impact of potential disruptions and events.,FFIEC-BCM-05.02,"2. Determine whether management identifies BCM risks and coordinates risk identification efforts throughout the entity to identify systemic threats.
a. Determine whether management identifies and inventories the following:
Internal and external assets.
Types of threats and hazards.
Existing controls.
b. Verify that the risk assessment includes the identification of cybersecurity risks and results of information security risk assessments.
c. Assess whether management obtains information about hazards and threats from external sources.
d. Determine whether management considers threat intelligence in risk identification efforts.",Functional ,Intersects with,6,9,"ID.RA-05.01: Threats, vulnerabilities, likelihoods, and impacts are used to determine overall technology, cybersecurity, and resilience risk to the organization.",IDENTIFY / Risk Assessment / Risk Exposure Determination & Prioritization,ID.RA-05.01
Objective 5: Determine whether management conducts a risk assessment sufficient to evaluate the likelihood and impact of potential disruptions and events.,FFIEC-BCM-05.02,"2. Determine whether management identifies BCM risks and coordinates risk identification efforts throughout the entity to identify systemic threats.
a. Determine whether management identifies and inventories the following:
Internal and external assets.
Types of threats and hazards.
Existing controls.
b. Verify that the risk assessment includes the identification of cybersecurity risks and results of information security risk assessments.
c. Assess whether management obtains information about hazards and threats from external sources.
d. Determine whether management considers threat intelligence in risk identification efforts.",Functional ,Intersects with,6,9,"ID.RA-05.03: The organization's business units assess, on an ongoing basis, the technology, cybersecurity, and resilience risks associated with the activities of the business unit.",IDENTIFY / Risk Assessment / Risk Exposure Determination & Prioritization,ID.RA-05.03
Objective 5: Determine whether management conducts a risk assessment sufficient to evaluate the likelihood and impact of potential disruptions and events.,FFIEC-BCM-05.02,"2. Determine whether management identifies BCM risks and coordinates risk identification efforts throughout the entity to identify systemic threats.
a. Determine whether management identifies and inventories the following:
Internal and external assets.
Types of threats and hazards.
Existing controls.
b. Verify that the risk assessment includes the identification of cybersecurity risks and results of information security risk assessments.
c. Assess whether management obtains information about hazards and threats from external sources.
d. Determine whether management considers threat intelligence in risk identification efforts.",Semantic,Subset of ,8,9,"ID.RA-05.04: The organization uses scenario planning, table-top-exercises, or similar event analysis techniques to identify vulnerabilities and determine potential impacts to critical infrastructure, technology, and business processes.",IDENTIFY / Risk Assessment / Risk Exposure Determination & Prioritization,ID.RA-05.04
Objective 5: Determine whether management conducts a risk assessment sufficient to evaluate the likelihood and impact of potential disruptions and events.,FFIEC-BCM-05.02,"2. Determine whether management identifies BCM risks and coordinates risk identification efforts throughout the entity to identify systemic threats.
a. Determine whether management identifies and inventories the following:
Internal and external assets.
Types of threats and hazards.
Existing controls.
b. Verify that the risk assessment includes the identification of cybersecurity risks and results of information security risk assessments.
c. Assess whether management obtains information about hazards and threats from external sources.
d. Determine whether management considers threat intelligence in risk identification efforts.",Semantic,Subset of ,8,9,"ID.RA-06.01: Technology and cybersecurity risk management programs and risk assessment processes produce actionable recommendations that the organization uses to select, design, prioritize, implement, maintain, evaluate, and modify cybersecurity and technology controls.",IDENTIFY / Risk Assessment / Risk Response Determination,ID.RA-06.01
Objective 5: Determine whether management conducts a risk assessment sufficient to evaluate the likelihood and impact of potential disruptions and events.,FFIEC-BCM-05.02,"2. Determine whether management identifies BCM risks and coordinates risk identification efforts throughout the entity to identify systemic threats.
a. Determine whether management identifies and inventories the following:
Internal and external assets.
Types of threats and hazards.
Existing controls.
b. Verify that the risk assessment includes the identification of cybersecurity risks and results of information security risk assessments.
c. Assess whether management obtains information about hazards and threats from external sources.
d. Determine whether management considers threat intelligence in risk identification efforts.",Semantic,Subset of ,8,9,"ID.RA-06.04: The organization assesses the threats, impacts, and risks that could adversely affect the organization's ability to provide services on an ongoing basis, and develops its resilience requirements and plans to address those risks.",IDENTIFY / Risk Assessment / Risk Response Determination,ID.RA-06.04
Objective 5: Determine whether management conducts a risk assessment sufficient to evaluate the likelihood and impact of potential disruptions and events.,FFIEC-BCM-05.03,"3. Ascertain whether management identifies interconnectivity points between the entity and its third-party service providers, as well as interconnectivity between other entities and their third-party service providers (i.e., supply chain).",Semantic,Subset of ,9,9,"GV.OC-05.01: The organization identifies, assesses, and documents the key dependencies, interdependencies, and potential points of failure to support the delivery of critical services (e.g., systems, business processes, workforce, third parties, facilities, etc.)",GOVERN / Organizational Context / Organizational Service Dependencies,GV.OC-05.01
Objective 5: Determine whether management conducts a risk assessment sufficient to evaluate the likelihood and impact of potential disruptions and events.,FFIEC-BCM-05.03,"3. Ascertain whether management identifies interconnectivity points between the entity and its third-party service providers, as well as interconnectivity between other entities and their third-party service providers (i.e., supply chain).",Semantic,Subset of ,9,9,"GV.SC-01.02: The organization regularly assesses the risk of its ongoing use of third parties in aggregate, considering factors such as critical service dependencies, vendor concentration, geographical/geopolitical exposure, fourth-party impacts, and financial sector co-dependencies.",GOVERN / Supply Chain Risk Management / Supply Chain Risk Management Program,GV.SC-01.02
Objective 5: Determine whether management conducts a risk assessment sufficient to evaluate the likelihood and impact of potential disruptions and events.,FFIEC-BCM-05.03,"3. Ascertain whether management identifies interconnectivity points between the entity and its third-party service providers, as well as interconnectivity between other entities and their third-party service providers (i.e., supply chain).",Functional ,Intersects with,8,9,"GV.SC-04.01: The organization regularly identifies, inventories, and risk-ranks third-party relationships that are in place, and addresses any identified relationships that were established without formal approval.",GOVERN / Supply Chain Risk Management / Supplier Identification & Prioritization,GV.SC-04.01
Objective 5: Determine whether management conducts a risk assessment sufficient to evaluate the likelihood and impact of potential disruptions and events.,FFIEC-BCM-05.03,"3. Ascertain whether management identifies interconnectivity points between the entity and its third-party service providers, as well as interconnectivity between other entities and their third-party service providers (i.e., supply chain).",Semantic,Intersects with,7,9,"ID.AM-03.01: The organization maintains current maps of network resources, mobile resources, external connections, network-connected third parties, and network data flows.",IDENTIFY / Asset Management / Network Communications & Data Flows,ID.AM-03.01
Objective 5: Determine whether management conducts a risk assessment sufficient to evaluate the likelihood and impact of potential disruptions and events.,FFIEC-BCM-05.03,"3. Ascertain whether management identifies interconnectivity points between the entity and its third-party service providers, as well as interconnectivity between other entities and their third-party service providers (i.e., supply chain).",Semantic,Intersects with,7,9,"ID.RA-01.01: The organization identifies, assesses, and documents risks and potential vulnerabilities associated with assets, to include workforce, data, technology, facilities, services, and connections.",IDENTIFY / Risk Assessment / Asset Vulnerability Identification,ID.RA-01.01
Objective 5: Determine whether management conducts a risk assessment sufficient to evaluate the likelihood and impact of potential disruptions and events.,FFIEC-BCM-05.03,"3. Ascertain whether management identifies interconnectivity points between the entity and its third-party service providers, as well as interconnectivity between other entities and their third-party service providers (i.e., supply chain).",Semantic,Intersects with,7,9,"DE.CM-06.01: The organization reviews, documents, authorizes, and monitors all third-party connections, data transfer mechanisms, and Application Programming Interfaces (APIs).",DETECT / Continuous Monitoring / Service Provider Monitoring,DE.CM-06.01
Objective 5: Determine whether management conducts a risk assessment sufficient to evaluate the likelihood and impact of potential disruptions and events.,FFIEC-BCM-05.04,"4. Determine whether the risk assessment includes the impact and likelihood of potential disruptive events, including worst-case scenarios.",Semantic,Intersects with,7,10,"GV.OC-04.02: The organization documents the business processes that are critical for the delivery of services and the functioning of the organization, and the impacts to the business if those processes are degraded or not functioning",GOVERN / Organizational Context / Stakeholder Service Expectations,GV.OC-04.02
Objective 5: Determine whether management conducts a risk assessment sufficient to evaluate the likelihood and impact of potential disruptions and events.,FFIEC-BCM-05.04,"4. Determine whether the risk assessment includes the impact and likelihood of potential disruptive events, including worst-case scenarios.",Semantic,Subset of ,9,10,"ID.RA-03.03: The organization includes in its threat analysis those cyber threats which could trigger extreme but plausible cyber events, even if they are considered unlikely to occur or have never occurred in the past.",IDENTIFY / Risk Assessment / Threat Identification,ID.RA-03.03
Objective 5: Determine whether management conducts a risk assessment sufficient to evaluate the likelihood and impact of potential disruptions and events.,FFIEC-BCM-05.04,"4. Determine whether the risk assessment includes the impact and likelihood of potential disruptive events, including worst-case scenarios.",Semantic,Intersects with,8,10,ID.RA-04.01: The organization's risk assessment approach includes the analysis and characterization of the likelihood and potential business impact of identified risks being realized.,IDENTIFY / Risk Assessment / Impact & Likelihood Analysis,ID.RA-04.01
Objective 5: Determine whether management conducts a risk assessment sufficient to evaluate the likelihood and impact of potential disruptions and events.,FFIEC-BCM-05.04,"4. Determine whether the risk assessment includes the impact and likelihood of potential disruptive events, including worst-case scenarios.",Semantic,Intersects with,10,10,"ID.RA-05.01: Threats, vulnerabilities, likelihoods, and impacts are used to determine overall technology, cybersecurity, and resilience risk to the organization.",IDENTIFY / Risk Assessment / Risk Exposure Determination & Prioritization,ID.RA-05.01
Objective 5: Determine whether management conducts a risk assessment sufficient to evaluate the likelihood and impact of potential disruptions and events.,FFIEC-BCM-05.04,"4. Determine whether the risk assessment includes the impact and likelihood of potential disruptive events, including worst-case scenarios.",Semantic,Intersects with,7,10,"ID.RA-05.02: The organization has established threat modeling capabilities to identify how and why critical assets might be compromised by a threat actor, what level of protection is needed for those critical assets, and what the impact would be if that protection failed.",IDENTIFY / Risk Assessment / Risk Exposure Determination & Prioritization,ID.RA-05.02
Objective 5: Determine whether management conducts a risk assessment sufficient to evaluate the likelihood and impact of potential disruptions and events.,FFIEC-BCM-05.04,"4. Determine whether the risk assessment includes the impact and likelihood of potential disruptive events, including worst-case scenarios.",Semantic,Subset of ,8,10,"ID.RA-05.04: The organization uses scenario planning, table-top-exercises, or similar event analysis techniques to identify vulnerabilities and determine potential impacts to critical infrastructure, technology, and business processes.",IDENTIFY / Risk Assessment / Risk Exposure Determination & Prioritization,ID.RA-05.04
Objective 5: Determine whether management conducts a risk assessment sufficient to evaluate the likelihood and impact of potential disruptions and events.,FFIEC-BCM-05.04,"4. Determine whether the risk assessment includes the impact and likelihood of potential disruptive events, including worst-case scenarios.",Semantic,Subset of ,9,10,"ID.IM-02.05: The organization establishes testing programs that include a range of scenarios, including severe but plausible scenarios (e.g., disruptive, destructive, corruptive), that could affect the organization's ability to service internal and external stakeholders.",IDENTIFY / Improvement / Tests & Exercises,ID.IM-02.05
Objective 5: Determine whether management conducts a risk assessment sufficient to evaluate the likelihood and impact of potential disruptions and events.,FFIEC-BCM-05.05,"5. Determine whether management identifies and analyzes gaps between the entity's risk exposure and the risk appetite, and documents any controls implemented to mitigate the residual risk.",Semantic,Subset of ,8,9,"GV.RM-05.01: The organization has a process for monitoring its technology, cybersecurity, and third-party risks, including escalating those risks that exceed risk appetite to management and identifying risks with the potential to impact multiple operating units.",GOVERN / Risk Management Strategy / Lines of Communication,GV.RM-05.01
Objective 5: Determine whether management conducts a risk assessment sufficient to evaluate the likelihood and impact of potential disruptions and events.,FFIEC-BCM-05.05,"5. Determine whether management identifies and analyzes gaps between the entity's risk exposure and the risk appetite, and documents any controls implemented to mitigate the residual risk.",Semantic,Subset of ,9,9,"GV.OV-02.02: The organization determines and articulates how it intends to maintain an acceptable level of residual technology and cybersecurity risk as set by the governing authority (e.g., the Board or one of its committees).",GOVERN / Oversight / Risk Management Strategy Review & Adjustment,GV.OV-02.02
Objective 5: Determine whether management conducts a risk assessment sufficient to evaluate the likelihood and impact of potential disruptions and events.,FFIEC-BCM-05.05,"5. Determine whether management identifies and analyzes gaps between the entity's risk exposure and the risk appetite, and documents any controls implemented to mitigate the residual risk.",Semantic,Subset of ,8,9,"ID.RA-06.01: Technology and cybersecurity risk management programs and risk assessment processes produce actionable recommendations that the organization uses to select, design, prioritize, implement, maintain, evaluate, and modify cybersecurity and technology controls.",IDENTIFY / Risk Assessment / Risk Response Determination,ID.RA-06.01
Objective 5: Determine whether management conducts a risk assessment sufficient to evaluate the likelihood and impact of potential disruptions and events.,FFIEC-BCM-05.05,"5. Determine whether management identifies and analyzes gaps between the entity's risk exposure and the risk appetite, and documents any controls implemented to mitigate the residual risk.",Semantic,Subset of ,9,9,"ID.RA-06.03: Technology and cybersecurity programs identify and implement controls to manage applicable risks within the risk appetite set by the governing authority (e.g., the Board or one of its committees).",IDENTIFY / Risk Assessment / Risk Response Determination,ID.RA-06.03
Objective 6: Determine whether the entity’s risk management strategies are designed to achieve resilience.,FFIEC-BCM-06.01,"1. Verify that management has evaluated strategies and resource needs and allocates appropriate resources to achieve resilience:
a. Appropriate personnel and skillsets to carry out the functions.
b. Time to identify and implement solutions.
c. Budget to accomplish resilience goals and objectives.",Functional ,Intersects with,7,8,"GV.RR-02.03: Resilience program roles and responsibilities are assigned to management across the organization to ensure risk assessment, planning, testing, and execution coverage for all critical business functions.","GOVERN / Roles, Responsibilities, and Authorities / Risk Management Roles & Responsibilities",GV.RR-02.03
Objective 6: Determine whether the entity’s risk management strategies are designed to achieve resilience.,FFIEC-BCM-06.01,"1. Verify that management has evaluated strategies and resource needs and allocates appropriate resources to achieve resilience:
a. Appropriate personnel and skillsets to carry out the functions.
b. Time to identify and implement solutions.
c. Budget to accomplish resilience goals and objectives.",Functional ,Intersects with,8,8,"GV.RR-03.01: The organization's budgeting and resourcing processes identify, prioritize, and address resource needs to manage identified technology and cybersecurity risks (e.g., skill shortages, headcount, new tools, incident-related expenses, and unsupported systems).","GOVERN / Roles, Responsibilities, and Authorities / Resource Adequacy",GV.RR-03.01
Objective 6: Determine whether the entity’s risk management strategies are designed to achieve resilience.,FFIEC-BCM-06.01,"1. Verify that management has evaluated strategies and resource needs and allocates appropriate resources to achieve resilience:
a. Appropriate personnel and skillsets to carry out the functions.
b. Time to identify and implement solutions.
c. Budget to accomplish resilience goals and objectives.",Functional ,Intersects with,8,8,GV.RR-03.02: The organization regularly assesses its skill and resource level requirements against its current personnel complement to determine gaps in resource need.,"GOVERN / Roles, Responsibilities, and Authorities / Resource Adequacy",GV.RR-03.02
Objective 6: Determine whether the entity’s risk management strategies are designed to achieve resilience.,FFIEC-BCM-06.02,"2. Determine whether management has implemented physical resilience measures that:
a. Establish redundant communications between branches and data centers.
b. Identify multiple power sources.
c. Geographically diversify key entity locations.",Functional ,Intersects with,7,9,"PR.IR-01.03: The integrity and resilience of the organization's communications and control network services are enhanced through controls such as denial of service protections, secure name/address resolution, and/or alternate communications paths.",PROTECT / Technology Infrastructure Resilience / Logical Access Protections,PR.IR-01.03
Objective 6: Determine whether the entity’s risk management strategies are designed to achieve resilience.,FFIEC-BCM-06.02,"2. Determine whether management has implemented physical resilience measures that:
a. Establish redundant communications between branches and data centers.
b. Identify multiple power sources.
c. Geographically diversify key entity locations.",Semantic,Subset of ,9,9,"PR.IR-02.01: The organization designs, documents, implements, tests, and maintains environmental and physical controls to meet defined business resilience requirements (e.g., environmental monitoring, dual power and communication sources, regionally separated backup processing facilities, etc.)",PROTECT / Technology Infrastructure Resilience / Environmental Threat Protections,PR.IR-02.01
Objective 6: Determine whether the entity’s risk management strategies are designed to achieve resilience.,FFIEC-BCM-06.02,"2. Determine whether management has implemented physical resilience measures that:
a. Establish redundant communications between branches and data centers.
b. Identify multiple power sources.
c. Geographically diversify key entity locations.",Semantic,Subset of ,9,9,"PR.IR-03.01:  The organization implements mechanisms (e.g., failsafe, load balancing, hot swaps, redundant equipment, alternate services, backup facilities, etc.) to achieve resilience requirements in normal and adverse situations.",PROTECT / Technology Infrastructure Resilience / Resilience Measures,PR.IR-03.01
Objective 6: Determine whether the entity’s risk management strategies are designed to achieve resilience.,FFIEC-BCM-06.02,"2. Determine whether management has implemented physical resilience measures that:
a. Establish redundant communications between branches and data centers.
b. Identify multiple power sources.
c. Geographically diversify key entity locations.",Functional ,Intersects with,5,9,"PR.IR-04.02: Technology availability and capacity is planned, monitored, managed, and optimized to meet business resilience objectives and reasonably anticipated infrastructure demands.",PROTECT / Technology Infrastructure Resilience / Capacity Management,PR.IR-04.02
Objective 6: Determine whether the entity’s risk management strategies are designed to achieve resilience.,FFIEC-BCM-06.02,"2. Determine whether management has implemented physical resilience measures that:
a. Establish redundant communications between branches and data centers.
b. Identify multiple power sources.
c. Geographically diversify key entity locations.",Functional ,Intersects with,5,9,EX.TR-01.02: The organization periodically identifies and tests alternative solutions in case a critical external partner fails to perform as expected.,EXTEND / Relationship Termination / Termination Planning,EX.TR-01.02
Objective 6: Determine whether the entity’s risk management strategies are designed to achieve resilience.,FFIEC-BCM-06.03,"3. Determine whether management has implemented data and cyber resilience measures that:
a. Maintain confidentiality, integrity, and availability for backup, replication, and production environments.
b. Implement appropriate backups and sufficient documentation and retention periods for each iteration of data backup.
c. Periodically reassess backup and recovery strategies as technology and threats change.
d. Maintain an accessible, off-site repository of software, configuration settings, and related documentation.
e. Establish procedures to recover critical networks and systems, including:
Backup types (physical or virtual).
Backup levels (full, incremental, or differential).
Update and retention cycle frequencies.
Software and hardware compatibility reviews.
Data transmission controls.
Data repository maintenance.
f. Protect offline data backups from destructive malware that may corrupt production and online backup versions of data.",Semantic,Subset of ,8,10,"GV.OC-04.03: Resilience requirements to support the delivery of critical services are established for all operating states (e.g., under duress/attack, during recovery, and normal operations).",GOVERN / Organizational Context / Stakeholder Service Expectations,GV.OC-04.03
Objective 6: Determine whether the entity’s risk management strategies are designed to achieve resilience.,FFIEC-BCM-06.03,"3. Determine whether management has implemented data and cyber resilience measures that:
a. Maintain confidentiality, integrity, and availability for backup, replication, and production environments.
b. Implement appropriate backups and sufficient documentation and retention periods for each iteration of data backup.
c. Periodically reassess backup and recovery strategies as technology and threats change.
d. Maintain an accessible, off-site repository of software, configuration settings, and related documentation.
e. Establish procedures to recover critical networks and systems, including:
Backup types (physical or virtual).
Backup levels (full, incremental, or differential).
Update and retention cycle frequencies.
Software and hardware compatibility reviews.
Data transmission controls.
Data repository maintenance.
f. Protect offline data backups from destructive malware that may corrupt production and online backup versions of data.",Semantic,Intersects with,7,10,"GV.RM-01.03: The organization has established, and maintains, technology and cybersecurity programs designed to protect the confidentiality, integrity and availability of its information and operational systems, commensurate with the organization's risk appetite and business needs.",GOVERN / Risk Management Strategy / Risk Management Objectives Agreement,GV.RM-01.03
Objective 6: Determine whether the entity’s risk management strategies are designed to achieve resilience.,FFIEC-BCM-06.03,"3. Determine whether management has implemented data and cyber resilience measures that:
a. Maintain confidentiality, integrity, and availability for backup, replication, and production environments.
b. Implement appropriate backups and sufficient documentation and retention periods for each iteration of data backup.
c. Periodically reassess backup and recovery strategies as technology and threats change.
d. Maintain an accessible, off-site repository of software, configuration settings, and related documentation.
e. Establish procedures to recover critical networks and systems, including:
Backup types (physical or virtual).
Backup levels (full, incremental, or differential).
Update and retention cycle frequencies.
Software and hardware compatibility reviews.
Data transmission controls.
Data repository maintenance.
f. Protect offline data backups from destructive malware that may corrupt production and online backup versions of data.",Semantic,Subset of ,8,10,"GV.RM-09.01: The organization has an enterprise-wide resilience strategy and program, including architecture, cyber resilience, business continuity, disaster recovery, and incident response, which support its mission, stakeholder obligations, critical infrastructure role, and risk appetite.",GOVERN / Risk Management Strategy  / Business Continuity & Resilience Risk Management,GV.RM-09.01
Objective 6: Determine whether the entity’s risk management strategies are designed to achieve resilience.,FFIEC-BCM-06.03,"3. Determine whether management has implemented data and cyber resilience measures that:
a. Maintain confidentiality, integrity, and availability for backup, replication, and production environments.
b. Implement appropriate backups and sufficient documentation and retention periods for each iteration of data backup.
c. Periodically reassess backup and recovery strategies as technology and threats change.
d. Maintain an accessible, off-site repository of software, configuration settings, and related documentation.
e. Establish procedures to recover critical networks and systems, including:
Backup types (physical or virtual).
Backup levels (full, incremental, or differential).
Update and retention cycle frequencies.
Software and hardware compatibility reviews.
Data transmission controls.
Data repository maintenance.
f. Protect offline data backups from destructive malware that may corrupt production and online backup versions of data.",Semantic,Subset of ,9,10,"GV.RM-09.02: The resilience program ensures that the organization can continue operating critical business functions and deliver services to stakeholders, to include critical infrastructure partners, during adverse incidents and cyber attacks (e.g., propagation of malware or extended system outages).",GOVERN / Risk Management Strategy  / Business Continuity & Resilience Risk Management,GV.RM-09.02
Objective 6: Determine whether the entity’s risk management strategies are designed to achieve resilience.,FFIEC-BCM-06.03,"3. Determine whether management has implemented data and cyber resilience measures that:
a. Maintain confidentiality, integrity, and availability for backup, replication, and production environments.
b. Implement appropriate backups and sufficient documentation and retention periods for each iteration of data backup.
c. Periodically reassess backup and recovery strategies as technology and threats change.
d. Maintain an accessible, off-site repository of software, configuration settings, and related documentation.
e. Establish procedures to recover critical networks and systems, including:
Backup types (physical or virtual).
Backup levels (full, incremental, or differential).
Update and retention cycle frequencies.
Software and hardware compatibility reviews.
Data transmission controls.
Data repository maintenance.
f. Protect offline data backups from destructive malware that may corrupt production and online backup versions of data.",Semantic,Intersects with,5,10,"ID.IM-02.06: The organization designs and tests its systems and processes, and employs third-party support resources (e.g., Sheltered Harbor), to enable recovery of accurate data (e.g., material financial transactions) sufficient to support defined business recovery time and recovery point objectives.",IDENTIFY / Improvement / Tests & Exercises,ID.IM-02.06
Objective 6: Determine whether the entity’s risk management strategies are designed to achieve resilience.,FFIEC-BCM-06.03,"3. Determine whether management has implemented data and cyber resilience measures that:
a. Maintain confidentiality, integrity, and availability for backup, replication, and production environments.
b. Implement appropriate backups and sufficient documentation and retention periods for each iteration of data backup.
c. Periodically reassess backup and recovery strategies as technology and threats change.
d. Maintain an accessible, off-site repository of software, configuration settings, and related documentation.
e. Establish procedures to recover critical networks and systems, including:
Backup types (physical or virtual).
Backup levels (full, incremental, or differential).
Update and retention cycle frequencies.
Software and hardware compatibility reviews.
Data transmission controls.
Data repository maintenance.
f. Protect offline data backups from destructive malware that may corrupt production and online backup versions of data.",Semantic,Intersects with,7,10,"ID.IM-04.08: The organization regularly reviews response strategy, incident management plans, recovery plans, and associated tests and exercises and updates them, as necessary, based on:
(1) Lessons learned from incidents that have occurred (both internal and external to the organization);
(2) Current cyber threat intelligence (both internal and external sources);
(3) Recent and wide-scale cyber attack scenarios;
(4) Operationally and technically plausible future cyber attacks;
(5) Organizational or technical environment changes; and,
(6) New technological developments.",IDENTIFY / Improvement / Plans Affecting Operations,ID.IM-04.08
Objective 6: Determine whether the entity’s risk management strategies are designed to achieve resilience.,FFIEC-BCM-06.03,"3. Determine whether management has implemented data and cyber resilience measures that:
a. Maintain confidentiality, integrity, and availability for backup, replication, and production environments.
b. Implement appropriate backups and sufficient documentation and retention periods for each iteration of data backup.
c. Periodically reassess backup and recovery strategies as technology and threats change.
d. Maintain an accessible, off-site repository of software, configuration settings, and related documentation.
e. Establish procedures to recover critical networks and systems, including:
Backup types (physical or virtual).
Backup levels (full, incremental, or differential).
Update and retention cycle frequencies.
Software and hardware compatibility reviews.
Data transmission controls.
Data repository maintenance.
f. Protect offline data backups from destructive malware that may corrupt production and online backup versions of data.",Semantic,Subset of ,9,10,"PR.DS-11.01: The organization defines and implements standards and procedures for configuring and performing backups and data replications, including defining backup requirements by data/application/infrastructure criticality, segregating (e.g., air-gapping) and securing backups, verifying backup integrity, and performing backup restoration testing.",PROTECT / Data Security / Data Backup,PR.DS-11.01
Objective 6: Determine whether the entity’s risk management strategies are designed to achieve resilience.,FFIEC-BCM-06.03,"3. Determine whether management has implemented data and cyber resilience measures that:
a. Maintain confidentiality, integrity, and availability for backup, replication, and production environments.
b. Implement appropriate backups and sufficient documentation and retention periods for each iteration of data backup.
c. Periodically reassess backup and recovery strategies as technology and threats change.
d. Maintain an accessible, off-site repository of software, configuration settings, and related documentation.
e. Establish procedures to recover critical networks and systems, including:
Backup types (physical or virtual).
Backup levels (full, incremental, or differential).
Update and retention cycle frequencies.
Software and hardware compatibility reviews.
Data transmission controls.
Data repository maintenance.
f. Protect offline data backups from destructive malware that may corrupt production and online backup versions of data.",Semantic,Intersects with,8,10,"PR.IR-02.01: The organization designs, documents, implements, tests, and maintains environmental and physical controls to meet defined business resilience requirements (e.g., environmental monitoring, dual power and communication sources, regionally separated backup processing facilities, etc.)",PROTECT / Technology Infrastructure Resilience / Environmental Threat Protections,PR.IR-02.01
Objective 6: Determine whether the entity’s risk management strategies are designed to achieve resilience.,FFIEC-BCM-06.03,"3. Determine whether management has implemented data and cyber resilience measures that:
a. Maintain confidentiality, integrity, and availability for backup, replication, and production environments.
b. Implement appropriate backups and sufficient documentation and retention periods for each iteration of data backup.
c. Periodically reassess backup and recovery strategies as technology and threats change.
d. Maintain an accessible, off-site repository of software, configuration settings, and related documentation.
e. Establish procedures to recover critical networks and systems, including:
Backup types (physical or virtual).
Backup levels (full, incremental, or differential).
Update and retention cycle frequencies.
Software and hardware compatibility reviews.
Data transmission controls.
Data repository maintenance.
f. Protect offline data backups from destructive malware that may corrupt production and online backup versions of data.",Semantic,Intersects with,8,10,"PR.IR-03.01:  The organization implements mechanisms (e.g., failsafe, load balancing, hot swaps, redundant equipment, alternate services, backup facilities, etc.) to achieve resilience requirements in normal and adverse situations.",PROTECT / Technology Infrastructure Resilience / Resilience Measures,PR.IR-03.01
Objective 6: Determine whether the entity’s risk management strategies are designed to achieve resilience.,FFIEC-BCM-06.04,"4. Determine whether management documented and implemented, as appropriate, the following resilience measures for personnel:
a. Staffing and skills needed to operate critical functions related to business continuity.
b. Lodging arrangements for displaced employees and their families.
c. Basic necessities and services for displaced employees, including water, food, clothing, childcare, and transportation.
d. On-site medical support and mobile command centers.
e. Secure telecommunication options if employees work from an alternate location.
f. Designated emergency personnel, including critical business process-level employees (i.e., those necessary to ensure all critical business operations function appropriately).",Functional ,Intersects with,6,6,"GV.OC-05.01: The organization identifies, assesses, and documents the key dependencies, interdependencies, and potential points of failure to support the delivery of critical services (e.g., systems, business processes, workforce, third parties, facilities, etc.)",GOVERN / Organizational Context / Organizational Service Dependencies,GV.OC-05.01
Objective 6: Determine whether the entity’s risk management strategies are designed to achieve resilience.,FFIEC-BCM-06.04,"4. Determine whether management documented and implemented, as appropriate, the following resilience measures for personnel:
a. Staffing and skills needed to operate critical functions related to business continuity.
b. Lodging arrangements for displaced employees and their families.
c. Basic necessities and services for displaced employees, including water, food, clothing, childcare, and transportation.
d. On-site medical support and mobile command centers.
e. Secure telecommunication options if employees work from an alternate location.
f. Designated emergency personnel, including critical business process-level employees (i.e., those necessary to ensure all critical business operations function appropriately).",Semantic,Intersects with,6,6,"GV.RM-09.02: The resilience program ensures that the organization can continue operating critical business functions and deliver services to stakeholders, to include critical infrastructure partners, during adverse incidents and cyber attacks (e.g., propagation of malware or extended system outages).",GOVERN / Risk Management Strategy  / Business Continuity & Resilience Risk Management,GV.RM-09.02
Objective 6: Determine whether the entity’s risk management strategies are designed to achieve resilience.,FFIEC-BCM-06.04,"4. Determine whether management documented and implemented, as appropriate, the following resilience measures for personnel:
a. Staffing and skills needed to operate critical functions related to business continuity.
b. Lodging arrangements for displaced employees and their families.
c. Basic necessities and services for displaced employees, including water, food, clothing, childcare, and transportation.
d. On-site medical support and mobile command centers.
e. Secure telecommunication options if employees work from an alternate location.
f. Designated emergency personnel, including critical business process-level employees (i.e., those necessary to ensure all critical business operations function appropriately).",Functional ,Intersects with,4,6,"GV.RR-03.01: The organization's budgeting and resourcing processes identify, prioritize, and address resource needs to manage identified technology and cybersecurity risks (e.g., skill shortages, headcount, new tools, incident-related expenses, and unsupported systems).","GOVERN / Roles, Responsibilities, and Authorities / Resource Adequacy",GV.RR-03.01
Objective 6: Determine whether the entity’s risk management strategies are designed to achieve resilience.,FFIEC-BCM-06.04,"4. Determine whether management documented and implemented, as appropriate, the following resilience measures for personnel:
a. Staffing and skills needed to operate critical functions related to business continuity.
b. Lodging arrangements for displaced employees and their families.
c. Basic necessities and services for displaced employees, including water, food, clothing, childcare, and transportation.
d. On-site medical support and mobile command centers.
e. Secure telecommunication options if employees work from an alternate location.
f. Designated emergency personnel, including critical business process-level employees (i.e., those necessary to ensure all critical business operations function appropriately).",Semantic,Intersects with,7,6,GV.RR-03.02: The organization regularly assesses its skill and resource level requirements against its current personnel complement to determine gaps in resource need.,"GOVERN / Roles, Responsibilities, and Authorities / Resource Adequacy",GV.RR-03.02
Objective 6: Determine whether the entity’s risk management strategies are designed to achieve resilience.,FFIEC-BCM-06.04,"4. Determine whether management documented and implemented, as appropriate, the following resilience measures for personnel:
a. Staffing and skills needed to operate critical functions related to business continuity.
b. Lodging arrangements for displaced employees and their families.
c. Basic necessities and services for displaced employees, including water, food, clothing, childcare, and transportation.
d. On-site medical support and mobile command centers.
e. Secure telecommunication options if employees work from an alternate location.
f. Designated emergency personnel, including critical business process-level employees (i.e., those necessary to ensure all critical business operations function appropriately).",Semantic,Intersects with,7,6,PR.AT-02.03: All personnel (employee and third party) are made aware of and are trained for their role and operational steps in response and recovery plans.,PROTECT / Awareness and Training / Specialized Role Awareness & Training,PR.AT-02.03
Objective 6: Determine whether the entity’s risk management strategies are designed to achieve resilience.,FFIEC-BCM-06.05,"5. Determine whether management documented and implemented, as appropriate, the following resilience measures for third-party service providers:
a. Considered disruptive events that threaten the operational resilience and viability of the entity's third-party service provider.
b. Assessed the entity's immediate or short-term space, systems, and personnel capacity to assume or transfer failed operations.
c. Assessed critical third-party service providers' susceptibility to multiple event scenarios.
d. Reviewed third-party service provider's resilience capabilities, including available test and SOC reports.
e. Verified that SLAs with third-party service providers align with the entity's recovery objectives.
f. Established plans for the resilience of third-party service providers supporting critical operations.",Functional ,Intersects with,6,9,"GV.OC-04.04: The organization prioritizes the resilience design, planning, testing, and monitoring of systems and other key internal and external dependencies according to their criticality to the supported business functions, enterprise mission, and to the financial services sector.",GOVERN / Organizational Context / Stakeholder Service Expectations,GV.OC-04.04
Objective 6: Determine whether the entity’s risk management strategies are designed to achieve resilience.,FFIEC-BCM-06.05,"5. Determine whether management documented and implemented, as appropriate, the following resilience measures for third-party service providers:
a. Considered disruptive events that threaten the operational resilience and viability of the entity's third-party service provider.
b. Assessed the entity's immediate or short-term space, systems, and personnel capacity to assume or transfer failed operations.
c. Assessed critical third-party service providers' susceptibility to multiple event scenarios.
d. Reviewed third-party service provider's resilience capabilities, including available test and SOC reports.
e. Verified that SLAs with third-party service providers align with the entity's recovery objectives.
f. Established plans for the resilience of third-party service providers supporting critical operations.",Functional ,Intersects with,7,9,"GV.OC-05.02: The organization has prioritized its external dependencies according to their criticality to the supported enterprise mission, business functions, and to the financial services sector.",GOVERN / Organizational Context / Organizational Service Dependencies,GV.OC-05.02
Objective 6: Determine whether the entity’s risk management strategies are designed to achieve resilience.,FFIEC-BCM-06.05,"5. Determine whether management documented and implemented, as appropriate, the following resilience measures for third-party service providers:
a. Considered disruptive events that threaten the operational resilience and viability of the entity's third-party service provider.
b. Assessed the entity's immediate or short-term space, systems, and personnel capacity to assume or transfer failed operations.
c. Assessed critical third-party service providers' susceptibility to multiple event scenarios.
d. Reviewed third-party service provider's resilience capabilities, including available test and SOC reports.
e. Verified that SLAs with third-party service providers align with the entity's recovery objectives.
f. Established plans for the resilience of third-party service providers supporting critical operations.",Semantic,Subset of ,8,9,"GV.RM-05.02: The organization establishes minimum requirements for its third-parties that include how the organizations will communicate and coordinate in times of emergency, including:
1) Joint maintenance of contingency plans;
2) Responsibilities for responding to incidents, including forensic investigations;
3) Planning and testing strategies that address severe events in order to identify single points of failure that would cause wide-scale disruption; and
4) Incorporating the potential impact of an incident into their BCM process and ensure resilience capabilities are in place.",GOVERN / Risk Management Strategy / Lines of Communication,GV.RM-05.02
Objective 6: Determine whether the entity’s risk management strategies are designed to achieve resilience.,FFIEC-BCM-06.05,"5. Determine whether management documented and implemented, as appropriate, the following resilience measures for third-party service providers:
a. Considered disruptive events that threaten the operational resilience and viability of the entity's third-party service provider.
b. Assessed the entity's immediate or short-term space, systems, and personnel capacity to assume or transfer failed operations.
c. Assessed critical third-party service providers' susceptibility to multiple event scenarios.
d. Reviewed third-party service provider's resilience capabilities, including available test and SOC reports.
e. Verified that SLAs with third-party service providers align with the entity's recovery objectives.
f. Established plans for the resilience of third-party service providers supporting critical operations.",Semantic,Subset of ,9,9,"EX.DD-03.02: The organization reviews, evaluates, and risk assesses a prospective critical third party's business continuity program, to include business impact analyses, risk assessments, continuity plans, disaster recovery plans, technology resilience architecture, and response and recovery plans, test plans, and test results.",EXTEND / Procurement Planning and Due Diligence / Technology & Cybersecurity Risk Assessment,EX.DD-03.02
Objective 6: Determine whether the entity’s risk management strategies are designed to achieve resilience.,FFIEC-BCM-06.05,"5. Determine whether management documented and implemented, as appropriate, the following resilience measures for third-party service providers:
a. Considered disruptive events that threaten the operational resilience and viability of the entity's third-party service provider.
b. Assessed the entity's immediate or short-term space, systems, and personnel capacity to assume or transfer failed operations.
c. Assessed critical third-party service providers' susceptibility to multiple event scenarios.
d. Reviewed third-party service provider's resilience capabilities, including available test and SOC reports.
e. Verified that SLAs with third-party service providers align with the entity's recovery objectives.
f. Established plans for the resilience of third-party service providers supporting critical operations.",Functional ,Intersects with,7,9,"EX.DD-03.03: The organization reviews, evaluates, and risk assesses a prospective critical third party's incident response program, to include monitoring and alerting capabilities, incident reporting procedures and protocols, and capabilities for event analysis, problem resolution, and forensic investigation.",EXTEND / Procurement Planning and Due Diligence / Technology & Cybersecurity Risk Assessment,EX.DD-03.03
Objective 6: Determine whether the entity’s risk management strategies are designed to achieve resilience.,FFIEC-BCM-06.05,"5. Determine whether management documented and implemented, as appropriate, the following resilience measures for third-party service providers:
a. Considered disruptive events that threaten the operational resilience and viability of the entity's third-party service provider.
b. Assessed the entity's immediate or short-term space, systems, and personnel capacity to assume or transfer failed operations.
c. Assessed critical third-party service providers' susceptibility to multiple event scenarios.
d. Reviewed third-party service provider's resilience capabilities, including available test and SOC reports.
e. Verified that SLAs with third-party service providers align with the entity's recovery objectives.
f. Established plans for the resilience of third-party service providers supporting critical operations.",Functional ,Intersects with,8,9,"EX.CN-02.03: Contracts with suppliers address, as relevant to the product or service, the supplier's obligation to maintain and regularly test a business continuity program and disaster recovery capability the meets the defined resilience requirements of the organization.",EXTEND / Third-Party Contracts and Agreements / Contract Cybersecurity-Related Requirements,EX.CN-02.03
Objective 6: Determine whether the entity’s risk management strategies are designed to achieve resilience.,FFIEC-BCM-06.05,"5. Determine whether management documented and implemented, as appropriate, the following resilience measures for third-party service providers:
a. Considered disruptive events that threaten the operational resilience and viability of the entity's third-party service provider.
b. Assessed the entity's immediate or short-term space, systems, and personnel capacity to assume or transfer failed operations.
c. Assessed critical third-party service providers' susceptibility to multiple event scenarios.
d. Reviewed third-party service provider's resilience capabilities, including available test and SOC reports.
e. Verified that SLAs with third-party service providers align with the entity's recovery objectives.
f. Established plans for the resilience of third-party service providers supporting critical operations.",Functional ,Intersects with,8,9,"EX.CN-02.04: Contracts with suppliers address, as relevant to the product or service, the supplier's obligation to regularly participate in joint and/or bilateral recovery exercises and tests, and to address significant issues identified through recovery testing.",EXTEND / Third-Party Contracts and Agreements / Contract Cybersecurity-Related Requirements,EX.CN-02.04
Objective 6: Determine whether the entity’s risk management strategies are designed to achieve resilience.,FFIEC-BCM-06.05,"5. Determine whether management documented and implemented, as appropriate, the following resilience measures for third-party service providers:
a. Considered disruptive events that threaten the operational resilience and viability of the entity's third-party service provider.
b. Assessed the entity's immediate or short-term space, systems, and personnel capacity to assume or transfer failed operations.
c. Assessed critical third-party service providers' susceptibility to multiple event scenarios.
d. Reviewed third-party service provider's resilience capabilities, including available test and SOC reports.
e. Verified that SLAs with third-party service providers align with the entity's recovery objectives.
f. Established plans for the resilience of third-party service providers supporting critical operations.",Functional ,Intersects with,6,9,EX.MM-02.01: The organization conducts regular third-party reviews for critical vendors to validate that requisite security and contractual controls are in place and continue to be operating as expected.,EXTEND / Monitoring and Managing Suppliers / Ongoing Third-Party Management,EX.MM-02.01
Objective 6: Determine whether the entity’s risk management strategies are designed to achieve resilience.,FFIEC-BCM-06.05,"5. Determine whether management documented and implemented, as appropriate, the following resilience measures for third-party service providers:
a. Considered disruptive events that threaten the operational resilience and viability of the entity's third-party service provider.
b. Assessed the entity's immediate or short-term space, systems, and personnel capacity to assume or transfer failed operations.
c. Assessed critical third-party service providers' susceptibility to multiple event scenarios.
d. Reviewed third-party service provider's resilience capabilities, including available test and SOC reports.
e. Verified that SLAs with third-party service providers align with the entity's recovery objectives.
f. Established plans for the resilience of third-party service providers supporting critical operations.",Semantic,Subset of ,8,9,"EX.MM-02.02: A process is in place to confirm that the organization's critical third-party service providers maintain their business continuity programs, conduct regular resiliency testing, and participate in joint and/or bilateral recovery exercises and tests.",EXTEND / Monitoring and Managing Suppliers / Ongoing Third-Party Management,EX.MM-02.02
Objective 6: Determine whether the entity’s risk management strategies are designed to achieve resilience.,FFIEC-BCM-06.05,"5. Determine whether management documented and implemented, as appropriate, the following resilience measures for third-party service providers:
a. Considered disruptive events that threaten the operational resilience and viability of the entity's third-party service provider.
b. Assessed the entity's immediate or short-term space, systems, and personnel capacity to assume or transfer failed operations.
c. Assessed critical third-party service providers' susceptibility to multiple event scenarios.
d. Reviewed third-party service provider's resilience capabilities, including available test and SOC reports.
e. Verified that SLAs with third-party service providers align with the entity's recovery objectives.
f. Established plans for the resilience of third-party service providers supporting critical operations.",Functional ,Intersects with,8,9,"EX.TR-01.01: The organization establishes contingencies to address circumstances that might put a vendor out of business or severely impact delivery of services to the organization, sector-critical systems, or the financial sector as a whole.",EXTEND / Relationship Termination / Termination Planning,EX.TR-01.01
Objective 6: Determine whether the entity’s risk management strategies are designed to achieve resilience.,FFIEC-BCM-06.05,"5. Determine whether management documented and implemented, as appropriate, the following resilience measures for third-party service providers:
a. Considered disruptive events that threaten the operational resilience and viability of the entity's third-party service provider.
b. Assessed the entity's immediate or short-term space, systems, and personnel capacity to assume or transfer failed operations.
c. Assessed critical third-party service providers' susceptibility to multiple event scenarios.
d. Reviewed third-party service provider's resilience capabilities, including available test and SOC reports.
e. Verified that SLAs with third-party service providers align with the entity's recovery objectives.
f. Established plans for the resilience of third-party service providers supporting critical operations.",Functional ,Intersects with,8,9,EX.TR-01.02: The organization periodically identifies and tests alternative solutions in case a critical external partner fails to perform as expected.,EXTEND / Relationship Termination / Termination Planning,EX.TR-01.02
Objective 6: Determine whether the entity’s risk management strategies are designed to achieve resilience.,FFIEC-BCM-06.05,"5. Determine whether management documented and implemented, as appropriate, the following resilience measures for third-party service providers:
a. Considered disruptive events that threaten the operational resilience and viability of the entity's third-party service provider.
b. Assessed the entity's immediate or short-term space, systems, and personnel capacity to assume or transfer failed operations.
c. Assessed critical third-party service providers' susceptibility to multiple event scenarios.
d. Reviewed third-party service provider's resilience capabilities, including available test and SOC reports.
e. Verified that SLAs with third-party service providers align with the entity's recovery objectives.
f. Established plans for the resilience of third-party service providers supporting critical operations.",Functional ,Intersects with,8,9,"EX.TR-01.03: The organization has a documented third-party termination/exit plan, to include procedures for timely removal of the third-party access, return of data and property, personnel disposition, and transition of services and support.",EXTEND / Relationship Termination / Termination Planning,EX.TR-01.03
Objective 6: Determine whether the entity’s risk management strategies are designed to achieve resilience.,FFIEC-BCM-06.06,"6. Determine whether management documented and implemented, as appropriate, the following resilience measures for telecommunications:
a. Identifying and mitigating single points of failure across the entity's infrastructure.
b. Developing and maintaining a plan to address an outage in the telecommunications lines with its primary third-party service providers.
c. Establishing redundant telecommunications links with each of the entity's third-party service providers through a contractual arrangement that allows either party to switch its connection to an alternate communication path.
d. Reviewing the entity's third-party service providers' plans and determining whether critical services can be restored within time frames acceptable to the entity.
e. Developing guidelines, commensurate with the entity's size, complexity, and risk profile, to diversify connections to mitigate the risk of a telecommunications failure.
f. Assessing the communications technology that bridges the transmission distance between the telecommunications service provider and the entity for single points of failure.
g. Monitoring relationships with telecommunications providers to manage risks.
h. Evaluating communications and resilience needs to ensure branch communications.
i. Inquiring about the physical paths used by telecommunications providers and verifying that system redundancies have been properly implemented.",Semantic,Intersects with,7,8,"GV.RM-09.01: The organization has an enterprise-wide resilience strategy and program, including architecture, cyber resilience, business continuity, disaster recovery, and incident response, which support its mission, stakeholder obligations, critical infrastructure role, and risk appetite.",GOVERN / Risk Management Strategy  / Business Continuity & Resilience Risk Management,GV.RM-09.01
Objective 6: Determine whether the entity’s risk management strategies are designed to achieve resilience.,FFIEC-BCM-06.06,"6. Determine whether management documented and implemented, as appropriate, the following resilience measures for telecommunications:
a. Identifying and mitigating single points of failure across the entity's infrastructure.
b. Developing and maintaining a plan to address an outage in the telecommunications lines with its primary third-party service providers.
c. Establishing redundant telecommunications links with each of the entity's third-party service providers through a contractual arrangement that allows either party to switch its connection to an alternate communication path.
d. Reviewing the entity's third-party service providers' plans and determining whether critical services can be restored within time frames acceptable to the entity.
e. Developing guidelines, commensurate with the entity's size, complexity, and risk profile, to diversify connections to mitigate the risk of a telecommunications failure.
f. Assessing the communications technology that bridges the transmission distance between the telecommunications service provider and the entity for single points of failure.
g. Monitoring relationships with telecommunications providers to manage risks.
h. Evaluating communications and resilience needs to ensure branch communications.
i. Inquiring about the physical paths used by telecommunications providers and verifying that system redundancies have been properly implemented.",Semantic,Intersects with,7,8,"GV.RM-09.02: The resilience program ensures that the organization can continue operating critical business functions and deliver services to stakeholders, to include critical infrastructure partners, during adverse incidents and cyber attacks (e.g., propagation of malware or extended system outages).",GOVERN / Risk Management Strategy  / Business Continuity & Resilience Risk Management,GV.RM-09.02
Objective 6: Determine whether the entity’s risk management strategies are designed to achieve resilience.,FFIEC-BCM-06.06,"6. Determine whether management documented and implemented, as appropriate, the following resilience measures for telecommunications:
a. Identifying and mitigating single points of failure across the entity's infrastructure.
b. Developing and maintaining a plan to address an outage in the telecommunications lines with its primary third-party service providers.
c. Establishing redundant telecommunications links with each of the entity's third-party service providers through a contractual arrangement that allows either party to switch its connection to an alternate communication path.
d. Reviewing the entity's third-party service providers' plans and determining whether critical services can be restored within time frames acceptable to the entity.
e. Developing guidelines, commensurate with the entity's size, complexity, and risk profile, to diversify connections to mitigate the risk of a telecommunications failure.
f. Assessing the communications technology that bridges the transmission distance between the telecommunications service provider and the entity for single points of failure.
g. Monitoring relationships with telecommunications providers to manage risks.
h. Evaluating communications and resilience needs to ensure branch communications.
i. Inquiring about the physical paths used by telecommunications providers and verifying that system redundancies have been properly implemented.",Functional ,Intersects with,6,8,"GV.SC-08.01: The organization's resilience strategy, plans, tests, and exercises incorporate its external dependencies and critical business partners.",GOVERN / Supply Chain Risk Management / Third Party Incident Management Integration,GV.SC-08.01
Objective 6: Determine whether the entity’s risk management strategies are designed to achieve resilience.,FFIEC-BCM-06.06,"6. Determine whether management documented and implemented, as appropriate, the following resilience measures for telecommunications:
a. Identifying and mitigating single points of failure across the entity's infrastructure.
b. Developing and maintaining a plan to address an outage in the telecommunications lines with its primary third-party service providers.
c. Establishing redundant telecommunications links with each of the entity's third-party service providers through a contractual arrangement that allows either party to switch its connection to an alternate communication path.
d. Reviewing the entity's third-party service providers' plans and determining whether critical services can be restored within time frames acceptable to the entity.
e. Developing guidelines, commensurate with the entity's size, complexity, and risk profile, to diversify connections to mitigate the risk of a telecommunications failure.
f. Assessing the communications technology that bridges the transmission distance between the telecommunications service provider and the entity for single points of failure.
g. Monitoring relationships with telecommunications providers to manage risks.
h. Evaluating communications and resilience needs to ensure branch communications.
i. Inquiring about the physical paths used by telecommunications providers and verifying that system redundancies have been properly implemented.",Semantic,Subset of ,7,8,"ID.IM-02.08: The organization tests and exercises, independently and in coordination with other critical sector partners, its ability to support sector-wide resilience in the event of extreme financial stress or the instability of external dependencies, such as connectivity to markets, payment systems, clearing entities, messaging services, etc.",IDENTIFY / Improvement / Tests & Exercises,ID.IM-02.08
Objective 6: Determine whether the entity’s risk management strategies are designed to achieve resilience.,FFIEC-BCM-06.06,"6. Determine whether management documented and implemented, as appropriate, the following resilience measures for telecommunications:
a. Identifying and mitigating single points of failure across the entity's infrastructure.
b. Developing and maintaining a plan to address an outage in the telecommunications lines with its primary third-party service providers.
c. Establishing redundant telecommunications links with each of the entity's third-party service providers through a contractual arrangement that allows either party to switch its connection to an alternate communication path.
d. Reviewing the entity's third-party service providers' plans and determining whether critical services can be restored within time frames acceptable to the entity.
e. Developing guidelines, commensurate with the entity's size, complexity, and risk profile, to diversify connections to mitigate the risk of a telecommunications failure.
f. Assessing the communications technology that bridges the transmission distance between the telecommunications service provider and the entity for single points of failure.
g. Monitoring relationships with telecommunications providers to manage risks.
h. Evaluating communications and resilience needs to ensure branch communications.
i. Inquiring about the physical paths used by telecommunications providers and verifying that system redundancies have been properly implemented.",Semantic,Subset of ,9,8,"PR.IR-01.03: The integrity and resilience of the organization's communications and control network services are enhanced through controls such as denial of service protections, secure name/address resolution, and/or alternate communications paths.",PROTECT / Technology Infrastructure Resilience / Logical Access Protections,PR.IR-01.03
Objective 6: Determine whether the entity’s risk management strategies are designed to achieve resilience.,FFIEC-BCM-06.06,"6. Determine whether management documented and implemented, as appropriate, the following resilience measures for telecommunications:
a. Identifying and mitigating single points of failure across the entity's infrastructure.
b. Developing and maintaining a plan to address an outage in the telecommunications lines with its primary third-party service providers.
c. Establishing redundant telecommunications links with each of the entity's third-party service providers through a contractual arrangement that allows either party to switch its connection to an alternate communication path.
d. Reviewing the entity's third-party service providers' plans and determining whether critical services can be restored within time frames acceptable to the entity.
e. Developing guidelines, commensurate with the entity's size, complexity, and risk profile, to diversify connections to mitigate the risk of a telecommunications failure.
f. Assessing the communications technology that bridges the transmission distance between the telecommunications service provider and the entity for single points of failure.
g. Monitoring relationships with telecommunications providers to manage risks.
h. Evaluating communications and resilience needs to ensure branch communications.
i. Inquiring about the physical paths used by telecommunications providers and verifying that system redundancies have been properly implemented.",Semantic,Subset of ,8,8,"PR.IR-02.01: The organization designs, documents, implements, tests, and maintains environmental and physical controls to meet defined business resilience requirements (e.g., environmental monitoring, dual power and communication sources, regionally separated backup processing facilities, etc.)",PROTECT / Technology Infrastructure Resilience / Environmental Threat Protections,PR.IR-02.01
Objective 6: Determine whether the entity’s risk management strategies are designed to achieve resilience.,FFIEC-BCM-06.07,"7. Determine whether management considers the following as part of the entity’s power resilience strategies:
a. Alternate energy sources (e.g., generators and multiple power grids).
b. Fuel requirements, both for fuel on-hand and contracts with suppliers for deliveries during events.
c. Continued maintenance of generators.
d. Testing of generators.",Functional ,Intersects with,6,7,"GV.RM-09.02: The resilience program ensures that the organization can continue operating critical business functions and deliver services to stakeholders, to include critical infrastructure partners, during adverse incidents and cyber attacks (e.g., propagation of malware or extended system outages).",GOVERN / Risk Management Strategy  / Business Continuity & Resilience Risk Management,GV.RM-09.02
Objective 6: Determine whether the entity’s risk management strategies are designed to achieve resilience.,FFIEC-BCM-06.07,"7. Determine whether management considers the following as part of the entity’s power resilience strategies:
a. Alternate energy sources (e.g., generators and multiple power grids).
b. Fuel requirements, both for fuel on-hand and contracts with suppliers for deliveries during events.
c. Continued maintenance of generators.
d. Testing of generators.",Semantic,Intersects with,7,7,"PR.IR-02.01: The organization designs, documents, implements, tests, and maintains environmental and physical controls to meet defined business resilience requirements (e.g., environmental monitoring, dual power and communication sources, regionally separated backup processing facilities, etc.)",PROTECT / Technology Infrastructure Resilience / Environmental Threat Protections,PR.IR-02.01
Objective 6: Determine whether the entity’s risk management strategies are designed to achieve resilience.,FFIEC-BCM-06.07,"7. Determine whether management considers the following as part of the entity’s power resilience strategies:
a. Alternate energy sources (e.g., generators and multiple power grids).
b. Fuel requirements, both for fuel on-hand and contracts with suppliers for deliveries during events.
c. Continued maintenance of generators.
d. Testing of generators.",Semantic,Intersects with,7,7,"RC.RP-02.02: Recovery plans are executed by first resuming critical services and core business functions, while minimizing any potential concurrent and widespread interruptions to interconnected entities and critical infrastructure, such as energy and telecommunications.",RECOVER / Incident Recovery Plan Execution / Recovery Action Performance,RC.RP-02.02
Objective 6: Determine whether the entity’s risk management strategies are designed to achieve resilience.,FFIEC-BCM-06.07,"7. Determine whether management considers the following as part of the entity’s power resilience strategies:
a. Alternate energy sources (e.g., generators and multiple power grids).
b. Fuel requirements, both for fuel on-hand and contracts with suppliers for deliveries during events.
c. Continued maintenance of generators.
d. Testing of generators.",Semantic,Intersects with,7,7,EX.TR-01.02: The organization periodically identifies and tests alternative solutions in case a critical external partner fails to perform as expected.,EXTEND / Relationship Termination / Termination Planning,EX.TR-01.02
Objective 6: Determine whether the entity’s risk management strategies are designed to achieve resilience.,FFIEC-BCM-06.08,8. Verify that BCM activities align with the entity’s change management process.,Semantic,Intersects with,9,10,"ID.RA-07.01: The organization defines and implements change management standards and procedures, to include emergency change procedures, that explicitly address risk identified both prior to and during a change, any new risk created post-change, as well as the reviewing and approving authorities (e.g., change advisory boards).",IDENTIFY / Risk Assessment / Change & Exception Management,ID.RA-07.01
Objective 6: Determine whether the entity’s risk management strategies are designed to achieve resilience.,FFIEC-BCM-06.08,8. Verify that BCM activities align with the entity’s change management process.,Semantic,Intersects with,9,10,"ID.RA-07.03: Technology projects and system change processes ensure that requisite changes in security posture, data classification and flows, architecture, support documentation, business processes, and business resilience plans are addressed.",IDENTIFY / Risk Assessment / Change & Exception Management,ID.RA-07.03
Objective 7: Determine whether the entity’s BCM includes communication protocols.,FFIEC-BCM-07.01,"1. Determine whether management considers, plans for, and prepares multiple mechanisms to communicate with personnel and other stakeholders while maintaining appropriate controls to safeguard customer information. Other stakeholders could include:
a. Regulatory agencies (federal and state).
b. Emergency responders.
c. Law enforcement.
d. Financial sector trade associations.
e. Information-sharing entities (e.g., FS-ISAC).",Semantic,Subset of ,9,10,ID.RA-02.02: The organization shares authorized information on its cyber resilience framework and the effectiveness of protection technologies bilaterally with trusted external stakeholders to promote the understanding of each party’s approach to securing systems.,IDENTIFY / Risk Assessment / Information Sharing Forums,ID.RA-02.02
Objective 7: Determine whether the entity’s BCM includes communication protocols.,FFIEC-BCM-07.01,"1. Determine whether management considers, plans for, and prepares multiple mechanisms to communicate with personnel and other stakeholders while maintaining appropriate controls to safeguard customer information. Other stakeholders could include:
a. Regulatory agencies (federal and state).
b. Emergency responders.
c. Law enforcement.
d. Financial sector trade associations.
e. Information-sharing entities (e.g., FS-ISAC).",Semantic,Subset of ,7,10,"ID.RA-08.01: The organization has established enterprise processes for soliciting, receiving and appropriately channeling vulnerability disclosures from: (1) Public sources (e.g., customers and security researchers); (2) Vulnerability sharing forums (e.g., FS-ISAC); and (3) Third-parties (e.g., cloud vendors); (4) Internal sources (e.g., development teams).",IDENTIFY / Risk Assessment / Vulnerability Disclosure Response,ID.RA-08.01
Objective 7: Determine whether the entity’s BCM includes communication protocols.,FFIEC-BCM-07.01,"1. Determine whether management considers, plans for, and prepares multiple mechanisms to communicate with personnel and other stakeholders while maintaining appropriate controls to safeguard customer information. Other stakeholders could include:
a. Regulatory agencies (federal and state).
b. Emergency responders.
c. Law enforcement.
d. Financial sector trade associations.
e. Information-sharing entities (e.g., FS-ISAC).",Semantic,Subset of ,9,10,"RS.CO-02.02: In the event of an incident, the organization notifies impacted stakeholders including, as required, government bodies, self-regulatory agencies and/or other supervisory bodies, within required timeframes.",RESPOND / Incident Response Reporting and Communication / Stakeholder Incident Notification,RS.CO-02.02
Objective 7: Determine whether the entity’s BCM includes communication protocols.,FFIEC-BCM-07.01,"1. Determine whether management considers, plans for, and prepares multiple mechanisms to communicate with personnel and other stakeholders while maintaining appropriate controls to safeguard customer information. Other stakeholders could include:
a. Regulatory agencies (federal and state).
b. Emergency responders.
c. Law enforcement.
d. Financial sector trade associations.
e. Information-sharing entities (e.g., FS-ISAC).",Semantic,Subset of ,9,10,"RS.CO-02.03: The organization maintains and regularly tests incident response communication procedures, with associated contact lists, call trees, and automatic notifications, to quickly coordinate and communicate with internal and external stakeholders during or following an incident.",RESPOND / Incident Response Reporting and Communication / Stakeholder Incident Notification,RS.CO-02.03
Objective 7: Determine whether the entity’s BCM includes communication protocols.,FFIEC-BCM-07.01,"1. Determine whether management considers, plans for, and prepares multiple mechanisms to communicate with personnel and other stakeholders while maintaining appropriate controls to safeguard customer information. Other stakeholders could include:
a. Regulatory agencies (federal and state).
b. Emergency responders.
c. Law enforcement.
d. Financial sector trade associations.
e. Information-sharing entities (e.g., FS-ISAC).",Semantic,Subset of ,9,10,"RS.CO-03.02: In the event of an incident, the organization shares authorized information, in a defined manner and through trusted channels, to facilitate the detection, response, resumption and recovery of its own systems and those of other partners and critical sector participants.",RESPOND / Incident Response Reporting and Communication / Stakeholder Incident Information Sharing,RS.CO-03.02
Objective 7: Determine whether the entity’s BCM includes communication protocols.,FFIEC-BCM-07.01,"1. Determine whether management considers, plans for, and prepares multiple mechanisms to communicate with personnel and other stakeholders while maintaining appropriate controls to safeguard customer information. Other stakeholders could include:
a. Regulatory agencies (federal and state).
b. Emergency responders.
c. Law enforcement.
d. Financial sector trade associations.
e. Information-sharing entities (e.g., FS-ISAC).",Semantic,Subset of ,9,10,"RC.CO-04.01: Pre-established communication plans and message templates, and authorized protocols, contacts, media, and communications, are used to notify and inform the public and key external stakeholders about an incident.",RECOVER / Incident Recovery Communication / Public Information Sharing,RC.CO-04.01
Objective 8: Assess the appropriateness of the entity’s enterprise-wide BCP. ,FFIEC-BCM-08.01,"1. Verify that management implemented a comprehensive BCP that is reflective of the entity’s risk environment. The BCP should outline the following:
a. Roles, responsibilities, and required skills for entity personnel and third-party service providers.
b. Solutions to various types of foreseeable disruptions, including those emanating from cyber threats.
c. Escalation thresholds.
d. Immediate steps to protect personnel and customers and minimize damage.
e. Prioritization and procedures to recover functions, services, and processes.
f. Critical information protection (e.g., physical, electronic, hybrid, and use of off-site storage).
g. Logistical arrangements (e.g., housing, transportation, or food) for personnel at the recovery locations.
h. Network equipment, connectivity, and communication needs, including entity-owned and personal mobile devices.
i. Personnel at alternate sites, including arrangements for those permanently located at the alternate facility.
j. Scope and frequency of testing.
k. Resumption of a normalized state for business processes.",Semantic,Subset of ,9,8,"GV.OC-04.02: The organization documents the business processes that are critical for the delivery of services and the functioning of the organization, and the impacts to the business if those processes are degraded or not functioning.",GOVERN / Organizational Context / Stakeholder Service Expectations,GV.OC-04.02
Objective 8: Assess the appropriateness of the entity’s enterprise-wide BCP. ,FFIEC-BCM-08.01,"1. Verify that management implemented a comprehensive BCP that is reflective of the entity’s risk environment. The BCP should outline the following:
a. Roles, responsibilities, and required skills for entity personnel and third-party service providers.
b. Solutions to various types of foreseeable disruptions, including those emanating from cyber threats.
c. Escalation thresholds.
d. Immediate steps to protect personnel and customers and minimize damage.
e. Prioritization and procedures to recover functions, services, and processes.
f. Critical information protection (e.g., physical, electronic, hybrid, and use of off-site storage).
g. Logistical arrangements (e.g., housing, transportation, or food) for personnel at the recovery locations.
h. Network equipment, connectivity, and communication needs, including entity-owned and personal mobile devices.
i. Personnel at alternate sites, including arrangements for those permanently located at the alternate facility.
j. Scope and frequency of testing.
k. Resumption of a normalized state for business processes.",Semantic,Subset of ,9,8,"GV.RM-09.01: The organization has an enterprise-wide resilience strategy and program, including architecture, cyber resilience, business continuity, disaster recovery, and incident response, which support its mission, stakeholder obligations, critical infrastructure role, and risk appetite.",GOVERN / Risk Management Strategy  / Business Continuity & Resilience Risk Management,GV.RM-09.01
Objective 8: Assess the appropriateness of the entity’s enterprise-wide BCP. ,FFIEC-BCM-08.01,"1. Verify that management implemented a comprehensive BCP that is reflective of the entity’s risk environment. The BCP should outline the following:
a. Roles, responsibilities, and required skills for entity personnel and third-party service providers.
b. Solutions to various types of foreseeable disruptions, including those emanating from cyber threats.
c. Escalation thresholds.
d. Immediate steps to protect personnel and customers and minimize damage.
e. Prioritization and procedures to recover functions, services, and processes.
f. Critical information protection (e.g., physical, electronic, hybrid, and use of off-site storage).
g. Logistical arrangements (e.g., housing, transportation, or food) for personnel at the recovery locations.
h. Network equipment, connectivity, and communication needs, including entity-owned and personal mobile devices.
i. Personnel at alternate sites, including arrangements for those permanently located at the alternate facility.
j. Scope and frequency of testing.
k. Resumption of a normalized state for business processes.",Semantic,Subset of ,9,8,"GV.RM-09.02: The resilience program ensures that the organization can continue operating critical business functions and deliver services to stakeholders, to include critical infrastructure partners, during adverse incidents and cyber attacks (e.g., propagation of malware or extended system outages).",GOVERN / Risk Management Strategy  / Business Continuity & Resilience Risk Management,GV.RM-09.02
Objective 8: Assess the appropriateness of the entity’s enterprise-wide BCP. ,FFIEC-BCM-08.01,"1. Verify that management implemented a comprehensive BCP that is reflective of the entity’s risk environment. The BCP should outline the following:
a. Roles, responsibilities, and required skills for entity personnel and third-party service providers.
b. Solutions to various types of foreseeable disruptions, including those emanating from cyber threats.
c. Escalation thresholds.
d. Immediate steps to protect personnel and customers and minimize damage.
e. Prioritization and procedures to recover functions, services, and processes.
f. Critical information protection (e.g., physical, electronic, hybrid, and use of off-site storage).
g. Logistical arrangements (e.g., housing, transportation, or food) for personnel at the recovery locations.
h. Network equipment, connectivity, and communication needs, including entity-owned and personal mobile devices.
i. Personnel at alternate sites, including arrangements for those permanently located at the alternate facility.
j. Scope and frequency of testing.
k. Resumption of a normalized state for business processes.",Semantic,Subset of ,8,8,"GV.RR-02.03: Resilience program roles and responsibilities are assigned to management across the organization to ensure risk assessment, planning, testing, and execution coverage for all critical business functions.","GOVERN / Roles, Responsibilities, and Authorities / Risk Management Roles & Responsibilities",GV.RR-02.03
Objective 8: Assess the appropriateness of the entity’s enterprise-wide BCP. ,FFIEC-BCM-08.01,"1. Verify that management implemented a comprehensive BCP that is reflective of the entity’s risk environment. The BCP should outline the following:
a. Roles, responsibilities, and required skills for entity personnel and third-party service providers.
b. Solutions to various types of foreseeable disruptions, including those emanating from cyber threats.
c. Escalation thresholds.
d. Immediate steps to protect personnel and customers and minimize damage.
e. Prioritization and procedures to recover functions, services, and processes.
f. Critical information protection (e.g., physical, electronic, hybrid, and use of off-site storage).
g. Logistical arrangements (e.g., housing, transportation, or food) for personnel at the recovery locations.
h. Network equipment, connectivity, and communication needs, including entity-owned and personal mobile devices.
i. Personnel at alternate sites, including arrangements for those permanently located at the alternate facility.
j. Scope and frequency of testing.
k. Resumption of a normalized state for business processes.",Semantic,Subset of ,8,8,"ID.AM-05.02: The organization's hardware, software, and data assets are prioritized for protection based on their sensitivity, criticality, vulnerability, business value, and dependency role in the delivery of critical services.",IDENTIFY / Asset Management / Asset Protection Prioritization,ID.AM-05.02
Objective 8: Assess the appropriateness of the entity’s enterprise-wide BCP. ,FFIEC-BCM-08.01,"1. Verify that management implemented a comprehensive BCP that is reflective of the entity’s risk environment. The BCP should outline the following:
a. Roles, responsibilities, and required skills for entity personnel and third-party service providers.
b. Solutions to various types of foreseeable disruptions, including those emanating from cyber threats.
c. Escalation thresholds.
d. Immediate steps to protect personnel and customers and minimize damage.
e. Prioritization and procedures to recover functions, services, and processes.
f. Critical information protection (e.g., physical, electronic, hybrid, and use of off-site storage).
g. Logistical arrangements (e.g., housing, transportation, or food) for personnel at the recovery locations.
h. Network equipment, connectivity, and communication needs, including entity-owned and personal mobile devices.
i. Personnel at alternate sites, including arrangements for those permanently located at the alternate facility.
j. Scope and frequency of testing.
k. Resumption of a normalized state for business processes.",Semantic,Intersects with,8,8,"ID.IM-02.04: The organization's testing program validates the effectiveness of its resilience strategy and response, disaster recovery, and resumption plans on a regular basis or upon major changes to business or system functions, and includes external stakeholders as required.",IDENTIFY / Improvement / Tests & Exercises,ID.IM-02.04
Objective 8: Assess the appropriateness of the entity’s enterprise-wide BCP. ,FFIEC-BCM-08.01,"1. Verify that management implemented a comprehensive BCP that is reflective of the entity’s risk environment. The BCP should outline the following:
a. Roles, responsibilities, and required skills for entity personnel and third-party service providers.
b. Solutions to various types of foreseeable disruptions, including those emanating from cyber threats.
c. Escalation thresholds.
d. Immediate steps to protect personnel and customers and minimize damage.
e. Prioritization and procedures to recover functions, services, and processes.
f. Critical information protection (e.g., physical, electronic, hybrid, and use of off-site storage).
g. Logistical arrangements (e.g., housing, transportation, or food) for personnel at the recovery locations.
h. Network equipment, connectivity, and communication needs, including entity-owned and personal mobile devices.
i. Personnel at alternate sites, including arrangements for those permanently located at the alternate facility.
j. Scope and frequency of testing.
k. Resumption of a normalized state for business processes.",Semantic,Intersects with,5,8,"ID.IM-02.05: The organization establishes testing programs that include a range of scenarios, including severe but plausible scenarios (e.g., disruptive, destructive, corruptive), that could affect the organization's ability to service internal and external stakeholders.",IDENTIFY / Improvement / Tests & Exercises,ID.IM-02.05
Objective 8: Assess the appropriateness of the entity’s enterprise-wide BCP. ,FFIEC-BCM-08.01,"1. Verify that management implemented a comprehensive BCP that is reflective of the entity’s risk environment. The BCP should outline the following:
a. Roles, responsibilities, and required skills for entity personnel and third-party service providers.
b. Solutions to various types of foreseeable disruptions, including those emanating from cyber threats.
c. Escalation thresholds.
d. Immediate steps to protect personnel and customers and minimize damage.
e. Prioritization and procedures to recover functions, services, and processes.
f. Critical information protection (e.g., physical, electronic, hybrid, and use of off-site storage).
g. Logistical arrangements (e.g., housing, transportation, or food) for personnel at the recovery locations.
h. Network equipment, connectivity, and communication needs, including entity-owned and personal mobile devices.
i. Personnel at alternate sites, including arrangements for those permanently located at the alternate facility.
j. Scope and frequency of testing.
k. Resumption of a normalized state for business processes.",Semantic,Subset of ,8,8,"ID.IM-02.06: The organization designs and tests its systems and processes, and employs third-party support resources (e.g., Sheltered Harbor), to enable recovery of accurate data (e.g., material financial transactions) sufficient to support defined business recovery time and recovery point objectives.",IDENTIFY / Improvement / Tests & Exercises,ID.IM-02.06
Objective 8: Assess the appropriateness of the entity’s enterprise-wide BCP. ,FFIEC-BCM-08.01,"1. Verify that management implemented a comprehensive BCP that is reflective of the entity’s risk environment. The BCP should outline the following:
a. Roles, responsibilities, and required skills for entity personnel and third-party service providers.
b. Solutions to various types of foreseeable disruptions, including those emanating from cyber threats.
c. Escalation thresholds.
d. Immediate steps to protect personnel and customers and minimize damage.
e. Prioritization and procedures to recover functions, services, and processes.
f. Critical information protection (e.g., physical, electronic, hybrid, and use of off-site storage).
g. Logistical arrangements (e.g., housing, transportation, or food) for personnel at the recovery locations.
h. Network equipment, connectivity, and communication needs, including entity-owned and personal mobile devices.
i. Personnel at alternate sites, including arrangements for those permanently located at the alternate facility.
j. Scope and frequency of testing.
k. Resumption of a normalized state for business processes.",Semantic,Subset of ,9,8,"ID.IM-04.02: The organization's incident response and business continuity plans contain clearly defined roles, responsibilities, and levels of decision-making authority, and include all needed areas of participation and expertise across the organization and key third-parties.",IDENTIFY / Improvement / Plans Affecting Operations,ID.IM-04.02
Objective 8: Assess the appropriateness of the entity’s enterprise-wide BCP. ,FFIEC-BCM-08.01,"1. Verify that management implemented a comprehensive BCP that is reflective of the entity’s risk environment. The BCP should outline the following:
a. Roles, responsibilities, and required skills for entity personnel and third-party service providers.
b. Solutions to various types of foreseeable disruptions, including those emanating from cyber threats.
c. Escalation thresholds.
d. Immediate steps to protect personnel and customers and minimize damage.
e. Prioritization and procedures to recover functions, services, and processes.
f. Critical information protection (e.g., physical, electronic, hybrid, and use of off-site storage).
g. Logistical arrangements (e.g., housing, transportation, or food) for personnel at the recovery locations.
h. Network equipment, connectivity, and communication needs, including entity-owned and personal mobile devices.
i. Personnel at alternate sites, including arrangements for those permanently located at the alternate facility.
j. Scope and frequency of testing.
k. Resumption of a normalized state for business processes.",Semantic,Subset of ,8,8,"ID.IM-04.05: Recovery plans include restoration of resilience following a long term loss of capability (e.g., at an alternate site or a third-party), detailing when the plan should be activated and implementation steps.",IDENTIFY / Improvement / Plans Affecting Operations,ID.IM-04.05
Objective 8: Assess the appropriateness of the entity’s enterprise-wide BCP. ,FFIEC-BCM-08.01,"1. Verify that management implemented a comprehensive BCP that is reflective of the entity’s risk environment. The BCP should outline the following:
a. Roles, responsibilities, and required skills for entity personnel and third-party service providers.
b. Solutions to various types of foreseeable disruptions, including those emanating from cyber threats.
c. Escalation thresholds.
d. Immediate steps to protect personnel and customers and minimize damage.
e. Prioritization and procedures to recover functions, services, and processes.
f. Critical information protection (e.g., physical, electronic, hybrid, and use of off-site storage).
g. Logistical arrangements (e.g., housing, transportation, or food) for personnel at the recovery locations.
h. Network equipment, connectivity, and communication needs, including entity-owned and personal mobile devices.
i. Personnel at alternate sites, including arrangements for those permanently located at the alternate facility.
j. Scope and frequency of testing.
k. Resumption of a normalized state for business processes.",Functional ,Intersects with,5,8,"ID.IM-04.08: The organization regularly reviews response strategy, incident management plans, recovery plans, and associated tests and exercises and updates them, as necessary, based on:
(1) Lessons learned from incidents that have occurred (both internal and external to the organization);
(2) Current cyber threat intelligence (both internal and external sources);
(3) Recent and wide-scale cyber attack scenarios;
(4) Operationally and technically plausible future cyber attacks;
(5) Organizational or technical environment changes; and,
(6) New technological developments.",IDENTIFY / Improvement / Plans Affecting Operations,ID.IM-04.08
Objective 8: Assess the appropriateness of the entity’s enterprise-wide BCP. ,FFIEC-BCM-08.01,"1. Verify that management implemented a comprehensive BCP that is reflective of the entity’s risk environment. The BCP should outline the following:
a. Roles, responsibilities, and required skills for entity personnel and third-party service providers.
b. Solutions to various types of foreseeable disruptions, including those emanating from cyber threats.
c. Escalation thresholds.
d. Immediate steps to protect personnel and customers and minimize damage.
e. Prioritization and procedures to recover functions, services, and processes.
f. Critical information protection (e.g., physical, electronic, hybrid, and use of off-site storage).
g. Logistical arrangements (e.g., housing, transportation, or food) for personnel at the recovery locations.
h. Network equipment, connectivity, and communication needs, including entity-owned and personal mobile devices.
i. Personnel at alternate sites, including arrangements for those permanently located at the alternate facility.
j. Scope and frequency of testing.
k. Resumption of a normalized state for business processes.",Semantic,Intersects with,8,8,PR.AT-02.03: All personnel (employee and third party) are made aware of and are trained for their role and operational steps in response and recovery plans.,PROTECT / Awareness and Training / Specialized Role Awareness & Training,PR.AT-02.03
Objective 8: Assess the appropriateness of the entity’s enterprise-wide BCP. ,FFIEC-BCM-08.01,"1. Verify that management implemented a comprehensive BCP that is reflective of the entity’s risk environment. The BCP should outline the following:
a. Roles, responsibilities, and required skills for entity personnel and third-party service providers.
b. Solutions to various types of foreseeable disruptions, including those emanating from cyber threats.
c. Escalation thresholds.
d. Immediate steps to protect personnel and customers and minimize damage.
e. Prioritization and procedures to recover functions, services, and processes.
f. Critical information protection (e.g., physical, electronic, hybrid, and use of off-site storage).
g. Logistical arrangements (e.g., housing, transportation, or food) for personnel at the recovery locations.
h. Network equipment, connectivity, and communication needs, including entity-owned and personal mobile devices.
i. Personnel at alternate sites, including arrangements for those permanently located at the alternate facility.
j. Scope and frequency of testing.
k. Resumption of a normalized state for business processes.",Semantic,Intersects with,5,8,"PR.IR-01.03: The integrity and resilience of the organization's communications and control network services are enhanced through controls such as denial of service protections, secure name/address resolution, and/or alternate communications paths.",PROTECT / Technology Infrastructure Resilience / Logical Access Protections,PR.IR-01.03
Objective 8: Assess the appropriateness of the entity’s enterprise-wide BCP. ,FFIEC-BCM-08.01,"1. Verify that management implemented a comprehensive BCP that is reflective of the entity’s risk environment. The BCP should outline the following:
a. Roles, responsibilities, and required skills for entity personnel and third-party service providers.
b. Solutions to various types of foreseeable disruptions, including those emanating from cyber threats.
c. Escalation thresholds.
d. Immediate steps to protect personnel and customers and minimize damage.
e. Prioritization and procedures to recover functions, services, and processes.
f. Critical information protection (e.g., physical, electronic, hybrid, and use of off-site storage).
g. Logistical arrangements (e.g., housing, transportation, or food) for personnel at the recovery locations.
h. Network equipment, connectivity, and communication needs, including entity-owned and personal mobile devices.
i. Personnel at alternate sites, including arrangements for those permanently located at the alternate facility.
j. Scope and frequency of testing.
k. Resumption of a normalized state for business processes.",Semantic,Intersects with,6,8,"RS.CO-02.01: The organization's incident response program includes defined and approved escalation protocols, linked to organizational decision levels and communication strategies, including which types of information will be shared, with whom (e.g., the organization's governing authority and senior management), and how information provided to the organization will be acted upon.",RESPOND / Incident Response Reporting and Communication / Stakeholder Incident Notification,RS.CO-02.01
Objective 8: Assess the appropriateness of the entity’s enterprise-wide BCP. ,FFIEC-BCM-08.01,"1. Verify that management implemented a comprehensive BCP that is reflective of the entity’s risk environment. The BCP should outline the following:
a. Roles, responsibilities, and required skills for entity personnel and third-party service providers.
b. Solutions to various types of foreseeable disruptions, including those emanating from cyber threats.
c. Escalation thresholds.
d. Immediate steps to protect personnel and customers and minimize damage.
e. Prioritization and procedures to recover functions, services, and processes.
f. Critical information protection (e.g., physical, electronic, hybrid, and use of off-site storage).
g. Logistical arrangements (e.g., housing, transportation, or food) for personnel at the recovery locations.
h. Network equipment, connectivity, and communication needs, including entity-owned and personal mobile devices.
i. Personnel at alternate sites, including arrangements for those permanently located at the alternate facility.
j. Scope and frequency of testing.
k. Resumption of a normalized state for business processes.",Semantic,Subset of ,7,8,"RC.RP-01.01: The organization executes its recovery plans, including incident recovery, disaster recovery, and business continuity plans, during or after an incident to resume operations.",RECOVER / Incident Recovery Plan Execution / Recovery Plan Execution,RC.RP-01.01
Objective 8: Assess the appropriateness of the entity’s enterprise-wide BCP. ,FFIEC-BCM-08.01,"1. Verify that management implemented a comprehensive BCP that is reflective of the entity’s risk environment. The BCP should outline the following:
a. Roles, responsibilities, and required skills for entity personnel and third-party service providers.
b. Solutions to various types of foreseeable disruptions, including those emanating from cyber threats.
c. Escalation thresholds.
d. Immediate steps to protect personnel and customers and minimize damage.
e. Prioritization and procedures to recover functions, services, and processes.
f. Critical information protection (e.g., physical, electronic, hybrid, and use of off-site storage).
g. Logistical arrangements (e.g., housing, transportation, or food) for personnel at the recovery locations.
h. Network equipment, connectivity, and communication needs, including entity-owned and personal mobile devices.
i. Personnel at alternate sites, including arrangements for those permanently located at the alternate facility.
j. Scope and frequency of testing.
k. Resumption of a normalized state for business processes.",Semantic,Subset of ,8,8,"RC.RP-02.02: Recovery plans are executed by first resuming critical services and core business functions, while minimizing any potential concurrent and widespread interruptions to interconnected entities and critical infrastructure, such as energy and telecommunications.",RECOVER / Incident Recovery Plan Execution / Recovery Action Performance,RC.RP-02.02
Objective 8: Assess the appropriateness of the entity’s enterprise-wide BCP. ,FFIEC-BCM-08.01,"1. Verify that management implemented a comprehensive BCP that is reflective of the entity’s risk environment. The BCP should outline the following:
a. Roles, responsibilities, and required skills for entity personnel and third-party service providers.
b. Solutions to various types of foreseeable disruptions, including those emanating from cyber threats.
c. Escalation thresholds.
d. Immediate steps to protect personnel and customers and minimize damage.
e. Prioritization and procedures to recover functions, services, and processes.
f. Critical information protection (e.g., physical, electronic, hybrid, and use of off-site storage).
g. Logistical arrangements (e.g., housing, transportation, or food) for personnel at the recovery locations.
h. Network equipment, connectivity, and communication needs, including entity-owned and personal mobile devices.
i. Personnel at alternate sites, including arrangements for those permanently located at the alternate facility.
j. Scope and frequency of testing.
k. Resumption of a normalized state for business processes.",Semantic,Intersects with,6,8,"RC.RP-06.01: Incident management activities are closed under defined conditions and documentation to support subsequent post-mortem review, process improvement, and any follow-on activities is collected and verified.",RECOVER / Incident Recovery Plan Execution / End-of-Incident Determination,RC.RP-06.01
Objective 8: Assess the appropriateness of the entity’s enterprise-wide BCP. ,FFIEC-BCM-08.02,"2. If management outsources the BCP’s development, verify that management maintains oversight and ownership of the BCP.
a. Determine whether management verified the third-party service provider’s qualifications and expertise.
b. Verify that entity management worked with the third-party service provider to design executable and viable strategies.
c. Verify that the plan reflects the entity’s current products, business processes, and third-party service providers.
d. Determine whether roles and responsibilities reflect the entity’s current organizational structure.",Functional ,Intersects with,6,6,"GV.RM-05.02: The organization establishes minimum requirements for its third- parties that include how the organizations will communicate and coordinate in times of emergency, including:
1) Joint maintenance of contingency plans;
2) Responsibilities for responding to incidents, including forensic investigations; 3) Planning and testing strategies that address severe events in order to identify single points of failure that would cause wide-scale disruption; and
4) Incorporating the potential impact of an incident into their BCM process and ensure resilience capabilities are in place.",GOVERN / Risk Management Strategy / Lines of Communication,GV.RM-05.02
Objective 8: Assess the appropriateness of the entity’s enterprise-wide BCP. ,FFIEC-BCM-08.02,"2. If management outsources the BCP’s development, verify that management maintains oversight and ownership of the BCP.
a. Determine whether management verified the third-party service provider’s qualifications and expertise.
b. Verify that entity management worked with the third-party service provider to design executable and viable strategies.
c. Verify that the plan reflects the entity’s current products, business processes, and third-party service providers.
d. Determine whether roles and responsibilities reflect the entity’s current organizational structure.",Functional ,Intersects with,5,6,"GV.SC-01.01: The organization maintains a third-party risk management strategy and program to identify and manage the risks associated with third parties throughout their lifecycles in a timely manner, including in support of sector-critical systems and operations, to ensure alignment within risk appetite.",GOVERN / Supply Chain Risk Management / Supply Chain Risk Management Program,GV.SC-01.01
Objective 8: Assess the appropriateness of the entity’s enterprise-wide BCP. ,FFIEC-BCM-08.02,"2. If management outsources the BCP’s development, verify that management maintains oversight and ownership of the BCP.
a. Determine whether management verified the third-party service provider’s qualifications and expertise.
b. Verify that entity management worked with the third-party service provider to design executable and viable strategies.
c. Verify that the plan reflects the entity’s current products, business processes, and third-party service providers.
d. Determine whether roles and responsibilities reflect the entity’s current organizational structure.",Functional ,Intersects with,5,6,"GV.RR-02.01: The roles, responsibilities, qualifications, and skill requirements for personnel (employees and third parties) that implement, manage, and oversee the technology, cybersecurity, and resilience programs are defined, aligned, coordinated, and holistically managed.","GOVERN / Roles, Responsibilities, and Authorities / Risk Management Roles & Responsibilities",GV.RR-02.01
Objective 8: Assess the appropriateness of the entity’s enterprise-wide BCP. ,FFIEC-BCM-08.02,"2. If management outsources the BCP’s development, verify that management maintains oversight and ownership of the BCP.
a. Determine whether management verified the third-party service provider’s qualifications and expertise.
b. Verify that entity management worked with the third-party service provider to design executable and viable strategies.
c. Verify that the plan reflects the entity’s current products, business processes, and third-party service providers.
d. Determine whether roles and responsibilities reflect the entity’s current organizational structure.",Functional ,Superset of,8,6,"ID.IM-04.07: The organization pre-identifies, pre-qualifies, and retains third party incident management support and forensic service firms, as required, that can be called upon to quickly assist with incident response, investigation, and recovery.",IDENTIFY / Improvement / Plans Affecting Operations,ID.IM-04.07
Objective 8: Assess the appropriateness of the entity’s enterprise-wide BCP. ,FFIEC-BCM-08.02,"2. If management outsources the BCP’s development, verify that management maintains oversight and ownership of the BCP.
a. Determine whether management verified the third-party service provider’s qualifications and expertise.
b. Verify that entity management worked with the third-party service provider to design executable and viable strategies.
c. Verify that the plan reflects the entity’s current products, business processes, and third-party service providers.
d. Determine whether roles and responsibilities reflect the entity’s current organizational structure.",Functional ,Intersects with,6,6,"EX.DD-03.01: The organization reviews, evaluates, and risk assesses a prospective critical third party's cybersecurity program, including its ability to identify, assess, monitor, and mitigate its cyber risks; the completeness of its policies and procedures; the strength of its technical and administrative controls; and the coverage of its internal and independent control testing programs.",EXTEND / Procurement Planning and Due Diligence / Technology & Cybersecurity Risk Assessment,EX.DD-03.01
Objective 8: Assess the appropriateness of the entity’s enterprise-wide BCP. ,FFIEC-BCM-08.02,"2. If management outsources the BCP’s development, verify that management maintains oversight and ownership of the BCP.
a. Determine whether management verified the third-party service provider’s qualifications and expertise.
b. Verify that entity management worked with the third-party service provider to design executable and viable strategies.
c. Verify that the plan reflects the entity’s current products, business processes, and third-party service providers.
d. Determine whether roles and responsibilities reflect the entity’s current organizational structure.",Functional ,Intersects with,5,6,"EX.DD-03.02: The organization reviews, evaluates, and risk assesses a prospective critical third party's business continuity program, to include business impact analyses, risk assessments, continuity plans, disaster recovery plans, technology resilience architecture, and response and recovery plans, test plans, and test results.",EXTEND / Procurement Planning and Due Diligence / Technology & Cybersecurity Risk Assessment,EX.DD-03.02
Objective 8: Assess the appropriateness of the entity’s enterprise-wide BCP. ,FFIEC-BCM-08.02,"2. If management outsources the BCP’s development, verify that management maintains oversight and ownership of the BCP.
a. Determine whether management verified the third-party service provider’s qualifications and expertise.
b. Verify that entity management worked with the third-party service provider to design executable and viable strategies.
c. Verify that the plan reflects the entity’s current products, business processes, and third-party service providers.
d. Determine whether roles and responsibilities reflect the entity’s current organizational structure.",Functional ,Intersects with,4,6,"EX.CN-02.01: The organization's contracts require third-parties to implement minimum technology and cybersecurity management requirements, to maintain those practices for the life of the relationship, and to provide evidence of compliance on an ongoing basis.",EXTEND / Third-Party Contracts and Agreements / Contract Cybersecurity-Related Requirements,EX.CN-02.01
Objective 8: Assess the appropriateness of the entity’s enterprise-wide BCP. ,FFIEC-BCM-08.03,"3. Determine whether the BCP includes event management procedures that detail reasonably foreseeable event types, and those procedures include threshold metrics and response methods.
a. Verify that procedures explain how to report an event to management and the situations that warrant notification.
b. Determine whether management (either an individual or team) has implemented procedures to communicate with both internal and external stakeholders.
c. Verify that event management processes include event response procedures that are appropriate to the event.",Semantic,Subset of ,9,10,"DE.AE-06.01: The organization has established processes and protocols to communicate, alert, and regularly report potential cyber attacks and incident information, including its corresponding analysis and cyber threat intelligence, to authorized internal and external stakeholders.",DETECT / Adverse Event Analysis / Event Information Sharing,DE.AE-06.01
Objective 8: Assess the appropriateness of the entity’s enterprise-wide BCP. ,FFIEC-BCM-08.03,"3. Determine whether the BCP includes event management procedures that detail reasonably foreseeable event types, and those procedures include threshold metrics and response methods.
a. Verify that procedures explain how to report an event to management and the situations that warrant notification.
b. Determine whether management (either an individual or team) has implemented procedures to communicate with both internal and external stakeholders.
c. Verify that event management processes include event response procedures that are appropriate to the event.",Semantic,Subset of ,8,10,"DE.AE-08.01: Defined criteria and severity levels are in place to facilitate the declaration, escalation, organization, and alignment of response activities to response plans within the organization and across relevant third parties.",DETECT / Adverse Event Analysis / Incident Declaration,DE.AE-08.01
Objective 8: Assess the appropriateness of the entity’s enterprise-wide BCP. ,FFIEC-BCM-08.03,"3. Determine whether the BCP includes event management procedures that detail reasonably foreseeable event types, and those procedures include threshold metrics and response methods.
a. Verify that procedures explain how to report an event to management and the situations that warrant notification.
b. Determine whether management (either an individual or team) has implemented procedures to communicate with both internal and external stakeholders.
c. Verify that event management processes include event response procedures that are appropriate to the event.",Semantic,Subset of ,8,10,RS.MA-05.01: The organization's incident response plans define severity levels and associated criteria for initiating response plans and escalating event response to appropriate stakeholders and management levels.,RESPOND / Incident Management / Recovery Initiation,RS.MA-05.01
Objective 8: Assess the appropriateness of the entity’s enterprise-wide BCP. ,FFIEC-BCM-08.03,"3. Determine whether the BCP includes event management procedures that detail reasonably foreseeable event types, and those procedures include threshold metrics and response methods.
a. Verify that procedures explain how to report an event to management and the situations that warrant notification.
b. Determine whether management (either an individual or team) has implemented procedures to communicate with both internal and external stakeholders.
c. Verify that event management processes include event response procedures that are appropriate to the event.",Semantic,Subset of ,9,10,"RS.CO-02.01: The organization's incident response program includes defined and approved escalation protocols, linked to organizational decision levels and communication strategies, including which types of information will be shared, with whom (e.g., the organization's governing authority and senior management), and how information provided to the organization will be acted upon.",RESPOND / Incident Response Reporting and Communication / Stakeholder Incident Notification,RS.CO-02.01
Objective 8: Assess the appropriateness of the entity’s enterprise-wide BCP. ,FFIEC-BCM-08.03,"3. Determine whether the BCP includes event management procedures that detail reasonably foreseeable event types, and those procedures include threshold metrics and response methods.
a. Verify that procedures explain how to report an event to management and the situations that warrant notification.
b. Determine whether management (either an individual or team) has implemented procedures to communicate with both internal and external stakeholders.
c. Verify that event management processes include event response procedures that are appropriate to the event.",Semantic,Subset of ,7,10,"RS.CO-02.02: In the event of an incident, the organization notifies impacted stakeholders including, as required, government bodies, self-regulatory agencies and/or other supervisory bodies, within required timeframes.",RESPOND / Incident Response Reporting and Communication / Stakeholder Incident Notification,RS.CO-02.02
Objective 8: Assess the appropriateness of the entity’s enterprise-wide BCP. ,FFIEC-BCM-08.03,"3. Determine whether the BCP includes event management procedures that detail reasonably foreseeable event types, and those procedures include threshold metrics and response methods.
a. Verify that procedures explain how to report an event to management and the situations that warrant notification.
b. Determine whether management (either an individual or team) has implemented procedures to communicate with both internal and external stakeholders.
c. Verify that event management processes include event response procedures that are appropriate to the event.",Semantic,Subset of ,7,10,"RS.CO-02.03: The organization maintains and regularly tests incident response communication procedures, with associated contact lists, call trees, and automatic notifications, to quickly coordinate and communicate with internal and external stakeholders during or following an incident.",RESPOND / Incident Response Reporting and Communication / Stakeholder Incident Notification,RS.CO-02.03
Objective 8: Assess the appropriateness of the entity’s enterprise-wide BCP. ,FFIEC-BCM-08.03,"3. Determine whether the BCP includes event management procedures that detail reasonably foreseeable event types, and those procedures include threshold metrics and response methods.
a. Verify that procedures explain how to report an event to management and the situations that warrant notification.
b. Determine whether management (either an individual or team) has implemented procedures to communicate with both internal and external stakeholders.
c. Verify that event management processes include event response procedures that are appropriate to the event.",Semantic,Subset of ,7,10,"RC.CO-04.01: Pre-established communication plans and message templates, and authorized protocols, contacts, media, and communications, are used to notify and inform the public and key external stakeholders about an incident.",RECOVER / Incident Recovery Communication / Public Information Sharing,RC.CO-04.01
Objective 8: Assess the appropriateness of the entity’s enterprise-wide BCP. ,FFIEC-BCM-08.04,"4. Assess management’s protocols for operations continuity and system recovery. Verify that procedures are clear, concise, accessible, and can be implemented in an emergency. Verify the BCP includes procedures for the following:
a. Manual steps for critical functions, as applicable.
b. Alternate identity verification methods.
c. Fraud identification and suspicious activity reporting.
d. Other procedures as applicable. Examples may include:
Addressing customer service requests during downtime.
Tracking daily transactions.
Reconciling general ledger accounts.
Documenting operational tasks.
Posting entries after system recovery.
Maintaining backup records to provide customer account information (account numbers, customer names, addresses, account status, and account balances).",Semantic,Intersects with,7,9,"GV.OC-04.03: Resilience requirements to support the delivery of critical services are established for all operating states (e.g., under duress/attack, during recovery, and normal operations).",GOVERN / Organizational Context / Stakeholder Service Expectations,GV.OC-04.03
Objective 8: Assess the appropriateness of the entity’s enterprise-wide BCP. ,FFIEC-BCM-08.04,"4. Assess management’s protocols for operations continuity and system recovery. Verify that procedures are clear, concise, accessible, and can be implemented in an emergency. Verify the BCP includes procedures for the following:
a. Manual steps for critical functions, as applicable.
b. Alternate identity verification methods.
c. Fraud identification and suspicious activity reporting.
d. Other procedures as applicable. Examples may include:
Addressing customer service requests during downtime.
Tracking daily transactions.
Reconciling general ledger accounts.
Documenting operational tasks.
Posting entries after system recovery.
Maintaining backup records to provide customer account information (account numbers, customer names, addresses, account status, and account balances).",Semantic,Subset of ,6,9,"GV.RM-09.02: The resilience program ensures that the organization can continue operating critical business functions and deliver services to stakeholders, to include critical infrastructure partners, during adverse incidents and cyber attacks (e.g., propagation of malware or extended system outages).",GOVERN / Risk Management Strategy  / Business Continuity & Resilience Risk Management,GV.RM-09.02
Objective 8: Assess the appropriateness of the entity’s enterprise-wide BCP. ,FFIEC-BCM-08.04,"4. Assess management’s protocols for operations continuity and system recovery. Verify that procedures are clear, concise, accessible, and can be implemented in an emergency. Verify the BCP includes procedures for the following:
a. Manual steps for critical functions, as applicable.
b. Alternate identity verification methods.
c. Fraud identification and suspicious activity reporting.
d. Other procedures as applicable. Examples may include:
Addressing customer service requests during downtime.
Tracking daily transactions.
Reconciling general ledger accounts.
Documenting operational tasks.
Posting entries after system recovery.
Maintaining backup records to provide customer account information (account numbers, customer names, addresses, account status, and account balances).",Semantic,Intersects with,7,9,"GV.PO-01.07: The organization maintains documented business continuity and resilience program policies and procedures approved by the governing authority (e.g., the Board or one of its committees).","GOVERN / Policies, Processes, and Procedures / Establishment of Policies & Procedures",GV.PO-01.07
Objective 8: Assess the appropriateness of the entity’s enterprise-wide BCP. ,FFIEC-BCM-08.04,"4. Assess management’s protocols for operations continuity and system recovery. Verify that procedures are clear, concise, accessible, and can be implemented in an emergency. Verify the BCP includes procedures for the following:
a. Manual steps for critical functions, as applicable.
b. Alternate identity verification methods.
c. Fraud identification and suspicious activity reporting.
d. Other procedures as applicable. Examples may include:
Addressing customer service requests during downtime.
Tracking daily transactions.
Reconciling general ledger accounts.
Documenting operational tasks.
Posting entries after system recovery.
Maintaining backup records to provide customer account information (account numbers, customer names, addresses, account status, and account balances).",Functional ,Intersects with,5,9,"ID.IM-02.06: The organization designs and tests its systems and processes to enable recovery of accurate data (e.g., material financial transactions) sufficient to support defined business recovery time and recovery point objectives.",IDENTIFY / Improvement / Tests & Exercises,ID.IM-02.06
Objective 8: Assess the appropriateness of the entity’s enterprise-wide BCP. ,FFIEC-BCM-08.04,"4. Assess management’s protocols for operations continuity and system recovery. Verify that procedures are clear, concise, accessible, and can be implemented in an emergency. Verify the BCP includes procedures for the following:
a. Manual steps for critical functions, as applicable.
b. Alternate identity verification methods.
c. Fraud identification and suspicious activity reporting.
d. Other procedures as applicable. Examples may include:
Addressing customer service requests during downtime.
Tracking daily transactions.
Reconciling general ledger accounts.
Documenting operational tasks.
Posting entries after system recovery.
Maintaining backup records to provide customer account information (account numbers, customer names, addresses, account status, and account balances).",Semantic,Intersects with,6,9,"ID.IM-02.08: The organization tests and exercises, independently and in coordination with other critical sector partners, its ability to support sector-wide resilience in the event of extreme financial stress or the instability of external dependencies, such as connectivity to markets, payment systems, clearing entities, messaging services, etc.",IDENTIFY / Improvement / Tests & Exercises,ID.IM-02.08
Objective 8: Assess the appropriateness of the entity’s enterprise-wide BCP. ,FFIEC-BCM-08.04,"4. Assess management’s protocols for operations continuity and system recovery. Verify that procedures are clear, concise, accessible, and can be implemented in an emergency. Verify the BCP includes procedures for the following:
a. Manual steps for critical functions, as applicable.
b. Alternate identity verification methods.
c. Fraud identification and suspicious activity reporting.
d. Other procedures as applicable. Examples may include:
Addressing customer service requests during downtime.
Tracking daily transactions.
Reconciling general ledger accounts.
Documenting operational tasks.
Posting entries after system recovery.
Maintaining backup records to provide customer account information (account numbers, customer names, addresses, account status, and account balances).",Semantic,Subset of ,9,9,"ID.IM-04.05: Recovery plans include restoration of resilience following a long term loss of capability (e.g., at an alternate site or a third-party), detailing when the plan should be activated and implementation steps.",IDENTIFY / Improvement / Plans Affecting Operations,ID.IM-04.05
Objective 8: Assess the appropriateness of the entity’s enterprise-wide BCP. ,FFIEC-BCM-08.04,"4. Assess management’s protocols for operations continuity and system recovery. Verify that procedures are clear, concise, accessible, and can be implemented in an emergency. Verify the BCP includes procedures for the following:
a. Manual steps for critical functions, as applicable.
b. Alternate identity verification methods.
c. Fraud identification and suspicious activity reporting.
d. Other procedures as applicable. Examples may include:
Addressing customer service requests during downtime.
Tracking daily transactions.
Reconciling general ledger accounts.
Documenting operational tasks.
Posting entries after system recovery.
Maintaining backup records to provide customer account information (account numbers, customer names, addresses, account status, and account balances).",Semantic,Subset of ,8,9,"PR.DS-11.01: The organization defines and implements standards and procedures for configuring and performing backups and data replications, including defining backup requirements by data/application/infrastructure criticality, segregating (e.g., air-gapping) and securing backups, verifying backup integrity, and performing backup restoration testing.",PROTECT / Data Security / Data Backup,PR.DS-11.01
Objective 8: Assess the appropriateness of the entity’s enterprise-wide BCP. ,FFIEC-BCM-08.04,"4. Assess management’s protocols for operations continuity and system recovery. Verify that procedures are clear, concise, accessible, and can be implemented in an emergency. Verify the BCP includes procedures for the following:
a. Manual steps for critical functions, as applicable.
b. Alternate identity verification methods.
c. Fraud identification and suspicious activity reporting.
d. Other procedures as applicable. Examples may include:
Addressing customer service requests during downtime.
Tracking daily transactions.
Reconciling general ledger accounts.
Documenting operational tasks.
Posting entries after system recovery.
Maintaining backup records to provide customer account information (account numbers, customer names, addresses, account status, and account balances).",Semantic,Subset of ,8,9,"RC.RP-01.01: The organization executes its recovery plans, including incident recovery, disaster recovery, and business continuity plans, during or after an incident to resume operations.",RECOVER / Incident Recovery Plan Execution / Recovery Plan Execution,RC.RP-01.01
Objective 8: Assess the appropriateness of the entity’s enterprise-wide BCP. ,FFIEC-BCM-08.04,"4. Assess management’s protocols for operations continuity and system recovery. Verify that procedures are clear, concise, accessible, and can be implemented in an emergency. Verify the BCP includes procedures for the following:
a. Manual steps for critical functions, as applicable.
b. Alternate identity verification methods.
c. Fraud identification and suspicious activity reporting.
d. Other procedures as applicable. Examples may include:
Addressing customer service requests during downtime.
Tracking daily transactions.
Reconciling general ledger accounts.
Documenting operational tasks.
Posting entries after system recovery.
Maintaining backup records to provide customer account information (account numbers, customer names, addresses, account status, and account balances).",Semantic,Intersects with,7,9,"RC.RP-02.02: Recovery plans are executed by first resuming critical services and core business functions, while minimizing any potential concurrent and widespread interruptions to interconnected entities and critical infrastructure, such as energy and telecommunications.",RECOVER / Incident Recovery Plan Execution / Recovery Action Performance,RC.RP-02.02
Objective 8: Assess the appropriateness of the entity’s enterprise-wide BCP. ,FFIEC-BCM-08.05,"5. Verify that the BCP lists alternatives for core operations, facilities, infrastructure systems, suppliers, utilities, interdependent business partners, and key personnel.
a. Verify that the BCP includes site relocation for short-, medium-, and long-term scenarios.
b. Determine whether management considers scalability.
c. Verify that recovery alternatives can accommodate the services and processing capabilities affecting critical operations, including:
Core processing.
Check processing and imaging.
Commercial cash management.
Mailing, faxing, and printing.
Customer identification.
Data center activities.",Semantic,Subset of ,9,9,"GV.RM-09.02: The resilience program ensures that the organization can continue operating critical business functions and deliver services to stakeholders, to include critical infrastructure partners, during adverse incidents and cyber attacks (e.g., propagation of malware or extended system outages).",GOVERN / Risk Management Strategy  / Business Continuity & Resilience Risk Management,GV.RM-09.02
Objective 8: Assess the appropriateness of the entity’s enterprise-wide BCP. ,FFIEC-BCM-08.05,"5. Verify that the BCP lists alternatives for core operations, facilities, infrastructure systems, suppliers, utilities, interdependent business partners, and key personnel.
a. Verify that the BCP includes site relocation for short-, medium-, and long-term scenarios.
b. Determine whether management considers scalability.
c. Verify that recovery alternatives can accommodate the services and processing capabilities affecting critical operations, including:
Core processing.
Check processing and imaging.
Commercial cash management.
Mailing, faxing, and printing.
Customer identification.
Data center activities.",Functional ,Subset of ,7,9,"ID.RA-05.04: The organization uses scenario planning, table-top-exercises, or similar event analysis techniques to identify vulnerabilities and determine potential impacts to critical infrastructure, technology, and business processes.",IDENTIFY / Risk Assessment / Risk Exposure Determination & Prioritization,ID.RA-05.04
Objective 8: Assess the appropriateness of the entity’s enterprise-wide BCP. ,FFIEC-BCM-08.05,"5. Verify that the BCP lists alternatives for core operations, facilities, infrastructure systems, suppliers, utilities, interdependent business partners, and key personnel.
a. Verify that the BCP includes site relocation for short-, medium-, and long-term scenarios.
b. Determine whether management considers scalability.
c. Verify that recovery alternatives can accommodate the services and processing capabilities affecting critical operations, including:
Core processing.
Check processing and imaging.
Commercial cash management.
Mailing, faxing, and printing.
Customer identification.
Data center activities.",Functional ,Subset of ,7,9,"ID.IM-02.05: The organization establishes testing programs that include a range of scenarios, including severe but plausible scenarios (e.g., disruptive, destructive, corruptive), that could affect the organization's ability to service internal and external stakeholders.",IDENTIFY / Improvement / Tests & Exercises,ID.IM-02.05
Objective 8: Assess the appropriateness of the entity’s enterprise-wide BCP. ,FFIEC-BCM-08.05,"5. Verify that the BCP lists alternatives for core operations, facilities, infrastructure systems, suppliers, utilities, interdependent business partners, and key personnel.
a. Verify that the BCP includes site relocation for short-, medium-, and long-term scenarios.
b. Determine whether management considers scalability.
c. Verify that recovery alternatives can accommodate the services and processing capabilities affecting critical operations, including:
Core processing.
Check processing and imaging.
Commercial cash management.
Mailing, faxing, and printing.
Customer identification.
Data center activities.",Semantic,Intersects with,8,9,"ID.IM-04.03: Recovery plans include service resumption steps for all operating environments, including traditional, alternate recovery, and highly available (e.g., cloud) infrastructures.",IDENTIFY / Improvement / Plans Affecting Operations,ID.IM-04.03
Objective 8: Assess the appropriateness of the entity’s enterprise-wide BCP. ,FFIEC-BCM-08.05,"5. Verify that the BCP lists alternatives for core operations, facilities, infrastructure systems, suppliers, utilities, interdependent business partners, and key personnel.
a. Verify that the BCP includes site relocation for short-, medium-, and long-term scenarios.
b. Determine whether management considers scalability.
c. Verify that recovery alternatives can accommodate the services and processing capabilities affecting critical operations, including:
Core processing.
Check processing and imaging.
Commercial cash management.
Mailing, faxing, and printing.
Customer identification.
Data center activities.",Semantic,Subset of ,9,9,"ID.IM-04.05: Recovery plans include restoration of resilience following a long term loss of capability (e.g., at an alternate site or a third-party), detailing when the plan should be activated and implementation steps.",IDENTIFY / Improvement / Plans Affecting Operations,ID.IM-04.05
Objective 8: Assess the appropriateness of the entity’s enterprise-wide BCP. ,FFIEC-BCM-08.05,"5. Verify that the BCP lists alternatives for core operations, facilities, infrastructure systems, suppliers, utilities, interdependent business partners, and key personnel.
a. Verify that the BCP includes site relocation for short-, medium-, and long-term scenarios.
b. Determine whether management considers scalability.
c. Verify that recovery alternatives can accommodate the services and processing capabilities affecting critical operations, including:
Core processing.
Check processing and imaging.
Commercial cash management.
Mailing, faxing, and printing.
Customer identification.
Data center activities.",Semantic,Subset of ,8,9,"PR.IR-03.01:  The organization implements mechanisms (e.g., failsafe, load balancing, hot swaps, redundant equipment, alternate services, backup facilities, etc.) to achieve resilience requirements in normal and adverse situations.",PROTECT / Technology Infrastructure Resilience / Resilience Measures,PR.IR-03.01
Objective 8: Assess the appropriateness of the entity’s enterprise-wide BCP. ,FFIEC-BCM-08.05,"5. Verify that the BCP lists alternatives for core operations, facilities, infrastructure systems, suppliers, utilities, interdependent business partners, and key personnel.
a. Verify that the BCP includes site relocation for short-, medium-, and long-term scenarios.
b. Determine whether management considers scalability.
c. Verify that recovery alternatives can accommodate the services and processing capabilities affecting critical operations, including:
Core processing.
Check processing and imaging.
Commercial cash management.
Mailing, faxing, and printing.
Customer identification.
Data center activities.",Functional ,Subset of ,7,9,EX.TR-01.02: The organization periodically identifies and tests alternative solutions in case a critical external partner fails to perform as expected.,EXTEND / Relationship Termination / Termination Planning,EX.TR-01.02
Objective 8: Assess the appropriateness of the entity’s enterprise-wide BCP. ,FFIEC-BCM-08.06,"6. Verify that the BCP includes procedures for coordination with the first responders and local and state government agencies, when appropriate.",Semantic,Subset of ,10,10,"RS.CO-02.02: In the event of an incident, the organization notifies impacted stakeholders including, as required, government bodies, self-regulatory agencies and/or other supervisory bodies, within required timeframes.",RESPOND / Incident Response Reporting and Communication / Stakeholder Incident Notification,RS.CO-02.02
Objective 8: Assess the appropriateness of the entity’s enterprise-wide BCP. ,FFIEC-BCM-08.07,"7. Verify that the BCP includes procedures to establish an alternate physical location(s) where personnel and customers can go to conduct business, if appropriate.",Functional ,Intersects with,8,8,"ID.IM-04.03: Recovery plans include service resumption steps for all operating environments, including traditional, alternate recovery, and highly available (e.g., cloud) infrastructures.",IDENTIFY / Improvement / Plans Affecting Operations,ID.IM-04.03
Objective 8: Assess the appropriateness of the entity’s enterprise-wide BCP. ,FFIEC-BCM-08.07,"7. Verify that the BCP includes procedures to establish an alternate physical location(s) where personnel and customers can go to conduct business, if appropriate.",Semantic,Subset of ,8,8,"ID.IM-04.05: Recovery plans include restoration of resilience following a long term loss of capability (e.g., at an alternate site or a third-party), detailing when the plan should be activated and implementation steps.",IDENTIFY / Improvement / Plans Affecting Operations,ID.IM-04.05
Objective 8: Assess the appropriateness of the entity’s enterprise-wide BCP. ,FFIEC-BCM-08.07,"7. Verify that the BCP includes procedures to establish an alternate physical location(s) where personnel and customers can go to conduct business, if appropriate.",Functional ,Intersects with,6,8,"PR.IR-03.01:  The organization implements mechanisms (e.g., failsafe, load balancing, hot swaps, redundant equipment, alternate services, backup facilities, etc.) to achieve resilience requirements in normal and adverse situations.",PROTECT / Technology Infrastructure Resilience / Resilience Measures,PR.IR-03.01
Objective 8: Assess the appropriateness of the entity’s enterprise-wide BCP. ,FFIEC-BCM-08.08,"8. Determine whether the BCP addresses alternate arrangements in the event payment systems fail (e.g., ATMs, funds transfers, electronic banking, remote deposit capture, mobile capabilities).
a. Determine whether the BCP addresses processes for retrieving and transmitting transactions when payment systems are disrupted (e.g., manual procedures for calling in or faxing wire or automated clearing house requests to correspondent banks; mitigating strategies for web-based systems; or third-party software used to perform transactions).
b. Determine whether management verifies that redundant electronic payment systems and equipment (e.g., tokens and routers) are included at recovery sites for activation and that documentation is maintained for timely posting of entries when systems are recovered.
c. Determine whether instant issue cards are utilized and card company security procedures are implemented to limit potential fraud.",Functional ,Intersects with,3,7,"GV.RM-09.02: The resilience program ensures that the organization can continue operating critical business functions and deliver services to stakeholders, to include critical infrastructure partners, during adverse incidents and cyber attacks (e.g., propagation of malware or extended system outages).",GOVERN / Risk Management Strategy  / Business Continuity & Resilience Risk Management,GV.RM-09.02
Objective 8: Assess the appropriateness of the entity’s enterprise-wide BCP. ,FFIEC-BCM-08.08,"8. Determine whether the BCP addresses alternate arrangements in the event payment systems fail (e.g., ATMs, funds transfers, electronic banking, remote deposit capture, mobile capabilities).
a. Determine whether the BCP addresses processes for retrieving and transmitting transactions when payment systems are disrupted (e.g., manual procedures for calling in or faxing wire or automated clearing house requests to correspondent banks; mitigating strategies for web-based systems; or third-party software used to perform transactions).
b. Determine whether management verifies that redundant electronic payment systems and equipment (e.g., tokens and routers) are included at recovery sites for activation and that documentation is maintained for timely posting of entries when systems are recovered.
c. Determine whether instant issue cards are utilized and card company security procedures are implemented to limit potential fraud.",Functional ,Intersects with,4,7,"ID.IM-02.08: The organization tests and exercises, independently and in coordination with other critical sector partners, its ability to support sector-wide resilience in the event of extreme financial stress or the instability of external dependencies, such as connectivity to markets, payment systems, clearing entities, messaging services, etc.",IDENTIFY / Improvement / Tests & Exercises,ID.IM-02.08
Objective 8: Assess the appropriateness of the entity’s enterprise-wide BCP. ,FFIEC-BCM-08.08,"8. Determine whether the BCP addresses alternate arrangements in the event payment systems fail (e.g., ATMs, funds transfers, electronic banking, remote deposit capture, mobile capabilities).
a. Determine whether the BCP addresses processes for retrieving and transmitting transactions when payment systems are disrupted (e.g., manual procedures for calling in or faxing wire or automated clearing house requests to correspondent banks; mitigating strategies for web-based systems; or third-party software used to perform transactions).
b. Determine whether management verifies that redundant electronic payment systems and equipment (e.g., tokens and routers) are included at recovery sites for activation and that documentation is maintained for timely posting of entries when systems are recovered.
c. Determine whether instant issue cards are utilized and card company security procedures are implemented to limit potential fraud.",Functional ,Intersects with,4,7,"ID.IM-04.04: The organization has plans to identify, in a timely manner, the status of all transactions and member positions at the time of a disruption, supported by corresponding recovery point objectives.",IDENTIFY / Improvement / Plans Affecting Operations,ID.IM-04.04
Objective 8: Assess the appropriateness of the entity’s enterprise-wide BCP. ,FFIEC-BCM-08.09,"9. Verify that the BCP addresses the entity's cash management requirements. Procedures may include:
a. Pre-established cash delivery arrangements.
b. Plans for increases in branch traffic when ATMs are unavailable.
c. Plans for the entity's operational cash needs.
d. Temporary purchase authority guidelines.
e. Expense reimbursement options for personnel
f. Higher-limit credit cards or separate checking accounts with designated individuals who can sign checks in emergency situations.",Semantic,Intersects with,2,6,"GV.RM-09.02: The resilience program ensures that the organization can continue operating critical business functions and deliver services to stakeholders, to include critical infrastructure partners, during adverse incidents and cyber attacks (e.g., propagation of malware or extended system outages).",GOVERN / Risk Management Strategy  / Business Continuity & Resilience Risk Management,GV.RM-09.02
Objective 8: Assess the appropriateness of the entity’s enterprise-wide BCP. ,FFIEC-BCM-08.09,"9. Verify that the BCP addresses the entity's cash management requirements. Procedures may include:
a. Pre-established cash delivery arrangements.
b. Plans for increases in branch traffic when ATMs are unavailable.
c. Plans for the entity's operational cash needs.
d. Temporary purchase authority guidelines.
e. Expense reimbursement options for personnel
f. Higher-limit credit cards or separate checking accounts with designated individuals who can sign checks in emergency situations.",Semantic,Intersects with,3,6,"ID.IM-02.08: The organization tests and exercises, independently and in coordination with other critical sector partners, its ability to support sector-wide resilience in the event of extreme financial stress or the instability of external dependencies, such as connectivity to markets, payment systems, clearing entities, messaging services, etc.",IDENTIFY / Improvement / Tests & Exercises,ID.IM-02.08
Objective 8: Assess the appropriateness of the entity’s enterprise-wide BCP. ,FFIEC-BCM-08.09,"9. Verify that the BCP addresses the entity's cash management requirements. Procedures may include:
a. Pre-established cash delivery arrangements.
b. Plans for increases in branch traffic when ATMs are unavailable.
c. Plans for the entity's operational cash needs.
d. Temporary purchase authority guidelines.
e. Expense reimbursement options for personnel
f. Higher-limit credit cards or separate checking accounts with designated individuals who can sign checks in emergency situations.",Semantic,Intersects with,2,6,"ID.IM-04.04: The organization has plans to identify, in a timely manner, the status of all transactions and member positions at the time of a disruption, supported by corresponding recovery point objectives.",IDENTIFY / Improvement / Plans Affecting Operations,ID.IM-04.04
Objective 8: Assess the appropriateness of the entity’s enterprise-wide BCP. ,FFIEC-BCM-08.10,"10. Determine whether management established an incident response process. As part of incident management planning, determine whether management does the following:
a. Aligns incident response procedures with other related processes (e.g., cybersecurity, network operations, and physical security).
b. Considers incident response procedures during the development of the business continuity strategy.
c. Leverages routine processes (e.g., vulnerability management and network monitoring) to anticipate potential incidents, including cyber incidents.
",Semantic,Subset of ,9,10,"GV.RM-09.01: The organization has an enterprise-wide resilience strategy and program, including architecture, cyber resilience, business continuity, disaster recovery, and incident response, which support its mission, stakeholder obligations, critical infrastructure role, and risk appetite.",GOVERN / Risk Management Strategy  / Business Continuity & Resilience Risk Management,GV.RM-09.01
Objective 8: Assess the appropriateness of the entity’s enterprise-wide BCP. ,FFIEC-BCM-08.10,"10. Determine whether management established an incident response process. As part of incident management planning, determine whether management does the following:
a. Aligns incident response procedures with other related processes (e.g., cybersecurity, network operations, and physical security).
b. Considers incident response procedures during the development of the business continuity strategy.
c. Leverages routine processes (e.g., vulnerability management and network monitoring) to anticipate potential incidents, including cyber incidents.
",Semantic,Intersects with,7,10,"ID.IM-04.01: The organization's business continuity, disaster recovery, crisis management, and response plans are in place and managed, aligned with each other, and incorporate considerations of cyber incidents.",IDENTIFY / Improvement / Plans Affecting Operations,ID.IM-04.01
Objective 8: Assess the appropriateness of the entity’s enterprise-wide BCP. ,FFIEC-BCM-08.10,"10. Determine whether management established an incident response process. As part of incident management planning, determine whether management does the following:
a. Aligns incident response procedures with other related processes (e.g., cybersecurity, network operations, and physical security).
b. Considers incident response procedures during the development of the business continuity strategy.
c. Leverages routine processes (e.g., vulnerability management and network monitoring) to anticipate potential incidents, including cyber incidents.
",Semantic,Intersects with,7,10,"ID.IM-04.02: The organization's incident response and business continuity plans contain clearly defined roles, responsibilities, and levels of decision-making authority, and include all needed areas of participation and expertise across the organization and key third-parties.",IDENTIFY / Improvement / Plans Affecting Operations,ID.IM-04.02
Objective 8: Assess the appropriateness of the entity’s enterprise-wide BCP. ,FFIEC-BCM-08.10,"10. Determine whether management established an incident response process. As part of incident management planning, determine whether management does the following:
a. Aligns incident response procedures with other related processes (e.g., cybersecurity, network operations, and physical security).
b. Considers incident response procedures during the development of the business continuity strategy.
c. Leverages routine processes (e.g., vulnerability management and network monitoring) to anticipate potential incidents, including cyber incidents.
",Semantic,Subset of ,9,10,"RS.MA-01.01: The organization's response plans are in place and executed during or after an incident, to include coordination with relevant third parties and engagement of third-party incident support services.",RESPOND / Incident Management / Response Plan Execution,RS.MA-01.01
Objective 8: Assess the appropriateness of the entity’s enterprise-wide BCP. ,FFIEC-BCM-08.10,"10. Determine whether management established an incident response process. As part of incident management planning, determine whether management does the following:
a. Aligns incident response procedures with other related processes (e.g., cybersecurity, network operations, and physical security).
b. Considers incident response procedures during the development of the business continuity strategy.
c. Leverages routine processes (e.g., vulnerability management and network monitoring) to anticipate potential incidents, including cyber incidents.
",Semantic,Intersects with,7,10,"RS.CO-02.01: The organization's incident response program includes defined and approved escalation protocols, linked to organizational decision levels and communication strategies, including which types of information will be shared, with whom (e.g., the organization's governing authority and senior management), and how information provided to the organization will be acted upon.",RESPOND / Incident Response Reporting and Communication / Stakeholder Incident Notification,RS.CO-02.01
Objective 8: Assess the appropriateness of the entity’s enterprise-wide BCP. ,FFIEC-BCM-08.10,"10. Determine whether management established an incident response process. As part of incident management planning, determine whether management does the following:
a. Aligns incident response procedures with other related processes (e.g., cybersecurity, network operations, and physical security).
b. Considers incident response procedures during the development of the business continuity strategy.
c. Leverages routine processes (e.g., vulnerability management and network monitoring) to anticipate potential incidents, including cyber incidents.
",Semantic,Intersects with,7,10,"RS.CO-02.03: The organization maintains and regularly tests incident response communication procedures, with associated contact lists, call trees, and automatic notifications, to quickly coordinate and communicate with internal and external stakeholders during or following an incident.",RESPOND / Incident Response Reporting and Communication / Stakeholder Incident Notification,RS.CO-02.03
Objective 8: Assess the appropriateness of the entity’s enterprise-wide BCP. ,FFIEC-BCM-08.10,"10. Determine whether management established an incident response process. As part of incident management planning, determine whether management does the following:
a. Aligns incident response procedures with other related processes (e.g., cybersecurity, network operations, and physical security).
b. Considers incident response procedures during the development of the business continuity strategy.
c. Leverages routine processes (e.g., vulnerability management and network monitoring) to anticipate potential incidents, including cyber incidents.
",Semantic,Intersects with,7,10,"RC.RP-01.01: The organization executes its recovery plans, including incident recovery, disaster recovery, and business continuity plans, during or after an incident to resume operations.",RECOVER / Incident Recovery Plan Execution / Recovery Plan Execution,RC.RP-01.01
Objective 8: Assess the appropriateness of the entity’s enterprise-wide BCP. ,FFIEC-BCM-08.11,"11. Verify that management developed a coordinated disaster recovery strategy for data centers, networks, servers, storage, service monitoring, user support, and related software. Verify that procedures address the following:
a. Security controls and protocols, including physical and logical.
b. Procedures for restoring backlogged activity or lost transactions to identify how transaction records will be brought current within expected recovery time frames.
c. Instructions to access the repository of critical information when the primary facility is unavailable.
",Semantic,Intersects with,8,7,"ID.IM-02.06: The organization designs and tests its systems and processes to enable recovery of accurate data (e.g., material financial transactions) sufficient to support defined business recovery time and recovery point objectives.",IDENTIFY / Improvement / Tests & Exercises,ID.IM-02.06
Objective 8: Assess the appropriateness of the entity’s enterprise-wide BCP. ,FFIEC-BCM-08.11,"11. Verify that management developed a coordinated disaster recovery strategy for data centers, networks, servers, storage, service monitoring, user support, and related software. Verify that procedures address the following:
a. Security controls and protocols, including physical and logical.
b. Procedures for restoring backlogged activity or lost transactions to identify how transaction records will be brought current within expected recovery time frames.
c. Instructions to access the repository of critical information when the primary facility is unavailable.
",Semantic,Intersects with,7,7,"ID.IM-04.03: Recovery plans include service resumption steps for all operating environments, including traditional, alternate recovery, and highly available (e.g., cloud) infrastructures.",IDENTIFY / Improvement / Plans Affecting Operations,ID.IM-04.03
Objective 8: Assess the appropriateness of the entity’s enterprise-wide BCP. ,FFIEC-BCM-08.11,"11. Verify that management developed a coordinated disaster recovery strategy for data centers, networks, servers, storage, service monitoring, user support, and related software. Verify that procedures address the following:
a. Security controls and protocols, including physical and logical.
b. Procedures for restoring backlogged activity or lost transactions to identify how transaction records will be brought current within expected recovery time frames.
c. Instructions to access the repository of critical information when the primary facility is unavailable.
",Semantic,Intersects with,6,7,"ID.IM-04.04: The organization has plans to identify, in a timely manner, the status of all transactions and member positions at the time of a disruption, supported by corresponding recovery point objectives.",IDENTIFY / Improvement / Plans Affecting Operations,ID.IM-04.04
Objective 8: Assess the appropriateness of the entity’s enterprise-wide BCP. ,FFIEC-BCM-08.11,"11. Verify that management developed a coordinated disaster recovery strategy for data centers, networks, servers, storage, service monitoring, user support, and related software. Verify that procedures address the following:
a. Security controls and protocols, including physical and logical.
b. Procedures for restoring backlogged activity or lost transactions to identify how transaction records will be brought current within expected recovery time frames.
c. Instructions to access the repository of critical information when the primary facility is unavailable.
",Semantic,Intersects with,5,7,"ID.IM-04.05: Recovery plans include restoration of resilience following a long term loss of capability (e.g., at an alternate site or a third-party), detailing when the plan should be activated and implementation steps.",IDENTIFY / Improvement / Plans Affecting Operations,ID.IM-04.05
Objective 8: Assess the appropriateness of the entity’s enterprise-wide BCP. ,FFIEC-BCM-08.11,"11. Verify that management developed a coordinated disaster recovery strategy for data centers, networks, servers, storage, service monitoring, user support, and related software. Verify that procedures address the following:
a. Security controls and protocols, including physical and logical.
b. Procedures for restoring backlogged activity or lost transactions to identify how transaction records will be brought current within expected recovery time frames.
c. Instructions to access the repository of critical information when the primary facility is unavailable.
",Functional ,Intersects with,5,7,"PR.DS-11.01: The organization defines and implements standards and procedures for configuring and performing backups and data replications, including defining backup requirements by data/application/infrastructure criticality, segregating (e.g., air-gapping) and securing backups, verifying backup integrity, and performing backup restoration testing.",PROTECT / Data Security / Data Backup,PR.DS-11.01
Objective 8: Assess the appropriateness of the entity’s enterprise-wide BCP. ,FFIEC-BCM-08.11,"11. Verify that management developed a coordinated disaster recovery strategy for data centers, networks, servers, storage, service monitoring, user support, and related software. Verify that procedures address the following:
a. Security controls and protocols, including physical and logical.
b. Procedures for restoring backlogged activity or lost transactions to identify how transaction records will be brought current within expected recovery time frames.
c. Instructions to access the repository of critical information when the primary facility is unavailable.
",Functional ,Intersects with,5,7,"PR.IR-03.01:  The organization implements mechanisms (e.g., failsafe, load balancing, hot swaps, redundant equipment, alternate services, backup facilities, etc.) to achieve resilience requirements in normal and adverse situations.",PROTECT / Technology Infrastructure Resilience / Resilience Measures,PR.IR-03.01
Objective 8: Assess the appropriateness of the entity’s enterprise-wide BCP. ,FFIEC-BCM-08.11,"11. Verify that management developed a coordinated disaster recovery strategy for data centers, networks, servers, storage, service monitoring, user support, and related software. Verify that procedures address the following:
a. Security controls and protocols, including physical and logical.
b. Procedures for restoring backlogged activity or lost transactions to identify how transaction records will be brought current within expected recovery time frames.
c. Instructions to access the repository of critical information when the primary facility is unavailable.
",Semantic,Intersects with,5,7,"RC.RP-01.01: The organization executes its recovery plans, including incident recovery, disaster recovery, and business continuity plans, during or after an incident to resume operations.",RECOVER / Incident Recovery Plan Execution / Recovery Plan Execution,RC.RP-01.01
Objective 8: Assess the appropriateness of the entity’s enterprise-wide BCP. ,FFIEC-BCM-08.12,"12. Verify whether management designates key personnel from applicable departments to act during a crisis or emergency situation. Key personnel may include:
a. Senior management for leadership.
b. Facilities management for safety and physical security.
c. Human resources for personnel issues and travel.
d. Media relations for managing communications.
e. Finance and accounting for funds disbursement and financial decisions, including unanticipated expenses.
f. Legal and compliance for legal and regulatory concerns.
g. IT, including information security, and operations for specific tactical responses.",Semantic,Subset of ,7,10,"GV.RR-02.02: The organization has established and assigned roles and responsibilities for systematic cybersecurity threat identification, monitoring, detection, and event reporting processes, and ensures adequate coverage and organizational alignment for these functions.","GOVERN / Roles, Responsibilities, and Authorities / Risk Management Roles & Responsibilities",GV.RR-02.02
Objective 8: Assess the appropriateness of the entity’s enterprise-wide BCP. ,FFIEC-BCM-08.12,"12. Verify whether management designates key personnel from applicable departments to act during a crisis or emergency situation. Key personnel may include:
a. Senior management for leadership.
b. Facilities management for safety and physical security.
c. Human resources for personnel issues and travel.
d. Media relations for managing communications.
e. Finance and accounting for funds disbursement and financial decisions, including unanticipated expenses.
f. Legal and compliance for legal and regulatory concerns.
g. IT, including information security, and operations for specific tactical responses.",Functional ,Intersects with,9,10,"GV.RR-02.03: Resilience program roles and responsibilities are assigned to management across the organization to ensure risk assessment, planning, testing, and execution coverage for all critical business functions.","GOVERN / Roles, Responsibilities, and Authorities / Risk Management Roles & Responsibilities",GV.RR-02.03
Objective 8: Assess the appropriateness of the entity’s enterprise-wide BCP. ,FFIEC-BCM-08.12,"12. Verify whether management designates key personnel from applicable departments to act during a crisis or emergency situation. Key personnel may include:
a. Senior management for leadership.
b. Facilities management for safety and physical security.
c. Human resources for personnel issues and travel.
d. Media relations for managing communications.
e. Finance and accounting for funds disbursement and financial decisions, including unanticipated expenses.
f. Legal and compliance for legal and regulatory concerns.
g. IT, including information security, and operations for specific tactical responses.",Functional ,Intersects with,5,10,GV.RR-02.05: Personnel (employees and third parties) who fulfill the organization’s physical security and cybersecurity objectives understand their roles and responsibilities.,"GOVERN / Roles, Responsibilities, and Authorities / Risk Management Roles & Responsibilities",GV.RR-02.05
Objective 8: Assess the appropriateness of the entity’s enterprise-wide BCP. ,FFIEC-BCM-08.12,"12. Verify whether management designates key personnel from applicable departments to act during a crisis or emergency situation. Key personnel may include:
a. Senior management for leadership.
b. Facilities management for safety and physical security.
c. Human resources for personnel issues and travel.
d. Media relations for managing communications.
e. Finance and accounting for funds disbursement and financial decisions, including unanticipated expenses.
f. Legal and compliance for legal and regulatory concerns.
g. IT, including information security, and operations for specific tactical responses.",Semantic,Subset of ,9,10,"ID.IM-04.02: The organization's incident response and business continuity plans contain clearly defined roles, responsibilities, and levels of decision-making authority, and include all needed areas of participation and expertise across the organization and key third-parties.",IDENTIFY / Improvement / Plans Affecting Operations,ID.IM-04.02
Objective 8: Assess the appropriateness of the entity’s enterprise-wide BCP. ,FFIEC-BCM-08.12,"12. Verify whether management designates key personnel from applicable departments to act during a crisis or emergency situation. Key personnel may include:
a. Senior management for leadership.
b. Facilities management for safety and physical security.
c. Human resources for personnel issues and travel.
d. Media relations for managing communications.
e. Finance and accounting for funds disbursement and financial decisions, including unanticipated expenses.
f. Legal and compliance for legal and regulatory concerns.
g. IT, including information security, and operations for specific tactical responses.",Semantic,Subset of ,9,10,PR.AT-02.03: All personnel (employee and third party) are made aware of and are trained for their role and operational steps in response and recovery plans.,PROTECT / Awareness and Training / Specialized Role Awareness & Training,PR.AT-02.03
Objective 8: Assess the appropriateness of the entity’s enterprise-wide BCP. ,FFIEC-BCM-08.13,"13. Determine whether management established a crisis or emergency management process. Verify whether the BCP addresses the following:
a. Coordination with regulatory agencies, local and state officials, law enforcement, and first responders.
b. Disruptions not confined to a single event, facility, or geographic area.
c. Simultaneous disruptions of telecommunications and electronic messaging, including between the entity and third-party service providers.
d. Crisis or emergency management communication protocols, including the designation of a spokesperson(s) to communicate with the news media, as appropriate.",Functional ,Intersects with,6,9,"GV.RM-05.02: The organization establishes minimum requirements for its third-parties that include how the organizations will communicate and coordinate in times of emergency, including:
1) Joint maintenance of contingency plans;
2) Responsibilities for responding to incidents, including forensic investigations;
3) Planning and testing strategies that address severe events in order to identify single points of failure that would cause wide-scale disruption; and
4) Incorporating the potential impact of an incident into their BCM process and ensure resilience capabilities are in place.",GOVERN / Risk Management Strategy / Lines of Communication,GV.RM-05.02
Objective 8: Assess the appropriateness of the entity’s enterprise-wide BCP. ,FFIEC-BCM-08.13,"13. Determine whether management established a crisis or emergency management process. Verify whether the BCP addresses the following:
a. Coordination with regulatory agencies, local and state officials, law enforcement, and first responders.
b. Disruptions not confined to a single event, facility, or geographic area.
c. Simultaneous disruptions of telecommunications and electronic messaging, including between the entity and third-party service providers.
d. Crisis or emergency management communication protocols, including the designation of a spokesperson(s) to communicate with the news media, as appropriate.",Semantic,Intersects with,5,9,"GV.RM-09.02: The resilience program ensures that the organization can continue operating critical business functions and deliver services to stakeholders, to include critical infrastructure partners, during adverse incidents and cyber attacks (e.g., propagation of malware or extended system outages).",GOVERN / Risk Management Strategy  / Business Continuity & Resilience Risk Management,GV.RM-09.02
Objective 8: Assess the appropriateness of the entity’s enterprise-wide BCP. ,FFIEC-BCM-08.13,"13. Determine whether management established a crisis or emergency management process. Verify whether the BCP addresses the following:
a. Coordination with regulatory agencies, local and state officials, law enforcement, and first responders.
b. Disruptions not confined to a single event, facility, or geographic area.
c. Simultaneous disruptions of telecommunications and electronic messaging, including between the entity and third-party service providers.
d. Crisis or emergency management communication protocols, including the designation of a spokesperson(s) to communicate with the news media, as appropriate.",Semantic,Intersects with,8,9,"ID.IM-04.02: The organization's incident response and business continuity plans contain clearly defined roles, responsibilities, and levels of decision-making authority, and include all needed areas of participation and expertise across the organization and key third-parties.",IDENTIFY / Improvement / Plans Affecting Operations,ID.IM-04.02
Objective 8: Assess the appropriateness of the entity’s enterprise-wide BCP. ,FFIEC-BCM-08.13,"13. Determine whether management established a crisis or emergency management process. Verify whether the BCP addresses the following:
a. Coordination with regulatory agencies, local and state officials, law enforcement, and first responders.
b. Disruptions not confined to a single event, facility, or geographic area.
c. Simultaneous disruptions of telecommunications and electronic messaging, including between the entity and third-party service providers.
d. Crisis or emergency management communication protocols, including the designation of a spokesperson(s) to communicate with the news media, as appropriate.",Semantic,Intersects with,8,9,"RS.MA-04.01: Response activities are centrally coordinated, response progress and milestones are tracked and documented, and new incident information is assimilated into ongoing tasks, assignments, and escalations.",RESPOND / Incident Management / Incident Escalation,RS.MA-04.01
Objective 8: Assess the appropriateness of the entity’s enterprise-wide BCP. ,FFIEC-BCM-08.13,"13. Determine whether management established a crisis or emergency management process. Verify whether the BCP addresses the following:
a. Coordination with regulatory agencies, local and state officials, law enforcement, and first responders.
b. Disruptions not confined to a single event, facility, or geographic area.
c. Simultaneous disruptions of telecommunications and electronic messaging, including between the entity and third-party service providers.
d. Crisis or emergency management communication protocols, including the designation of a spokesperson(s) to communicate with the news media, as appropriate.",Semantic,Subset of ,9,9,"RS.CO-02.02: In the event of an incident, the organization notifies impacted stakeholders including, as required, government bodies, self-regulatory agencies and/or other supervisory bodies, within required timeframes.",RESPOND / Incident Response Reporting and Communication / Stakeholder Incident Notification,RS.CO-02.02
Objective 8: Assess the appropriateness of the entity’s enterprise-wide BCP. ,FFIEC-BCM-08.13,"13. Determine whether management established a crisis or emergency management process. Verify whether the BCP addresses the following:
a. Coordination with regulatory agencies, local and state officials, law enforcement, and first responders.
b. Disruptions not confined to a single event, facility, or geographic area.
c. Simultaneous disruptions of telecommunications and electronic messaging, including between the entity and third-party service providers.
d. Crisis or emergency management communication protocols, including the designation of a spokesperson(s) to communicate with the news media, as appropriate.",Semantic,Intersects with,8,9,"RS.CO-02.03: The organization maintains and regularly tests incident response communication procedures, with associated contact lists, call trees, and automatic notifications, to quickly coordinate and communicate with internal and external stakeholders during or following an incident.",RESPOND / Incident Response Reporting and Communication / Stakeholder Incident Notification,RS.CO-02.03
Objective 8: Assess the appropriateness of the entity’s enterprise-wide BCP. ,FFIEC-BCM-08.13,"13. Determine whether management established a crisis or emergency management process. Verify whether the BCP addresses the following:
a. Coordination with regulatory agencies, local and state officials, law enforcement, and first responders.
b. Disruptions not confined to a single event, facility, or geographic area.
c. Simultaneous disruptions of telecommunications and electronic messaging, including between the entity and third-party service providers.
d. Crisis or emergency management communication protocols, including the designation of a spokesperson(s) to communicate with the news media, as appropriate.",Semantic,Intersects with,6,9,"RC.RP-01.01: The organization executes its recovery plans, including incident recovery, disaster recovery, and business continuity plans, during or after an incident to resume operations.",RECOVER / Incident Recovery Plan Execution / Recovery Plan Execution,RC.RP-01.01
Objective 8: Assess the appropriateness of the entity’s enterprise-wide BCP. ,FFIEC-BCM-08.13,"13. Determine whether management established a crisis or emergency management process. Verify whether the BCP addresses the following:
a. Coordination with regulatory agencies, local and state officials, law enforcement, and first responders.
b. Disruptions not confined to a single event, facility, or geographic area.
c. Simultaneous disruptions of telecommunications and electronic messaging, including between the entity and third-party service providers.
d. Crisis or emergency management communication protocols, including the designation of a spokesperson(s) to communicate with the news media, as appropriate.",Semantic,Subset of ,9,9,"RC.CO-03.02: The organization promptly communicates the status of recovery activities to regulatory authorities and relevant external stakeholders, as required or appropriate.",RECOVER / Incident Recovery Communication / Recovery Activity Communication,RC.CO-03.02
Objective 8: Assess the appropriateness of the entity’s enterprise-wide BCP. ,FFIEC-BCM-08.13,"13. Determine whether management established a crisis or emergency management process. Verify whether the BCP addresses the following:
a. Coordination with regulatory agencies, local and state officials, law enforcement, and first responders.
b. Disruptions not confined to a single event, facility, or geographic area.
c. Simultaneous disruptions of telecommunications and electronic messaging, including between the entity and third-party service providers.
d. Crisis or emergency management communication protocols, including the designation of a spokesperson(s) to communicate with the news media, as appropriate.",Semantic,Subset of ,8,9,"RC.CO-04.01: Pre-established communication plans and message templates, and authorized protocols, contacts, media, and communications, are used to notify and inform the public and key external stakeholders about an incident.",RECOVER / Incident Recovery Communication / Public Information Sharing,RC.CO-04.01
Objective 9: Determine whether the BCM program includes training and awareness to educate stakeholders about the entity’s continuity objectives and BCM goals.,FFIEC-BCM-09.01,"1. Verify that the training program aligns with the entity's BCM strategy. Determine whether management does the following:
a. Inventories the current skillsets for BCM and identifies and addresses any training gaps.
b. Establishes goals and objectives for supporting the BCM program as part of the entity's performance management process.
c. Implements a training program to educate stakeholders about the BCM goals and objectives. Elements may include:
Exercises.
Current risks.
Future risks.
Recent failures.
New programs/technologies.
Organizational changes.
Previous (exercise) lessons learned.",Functional ,Intersects with,5,9,GV.RR-02.05: Personnel (employees and third parties) who fulfill the organization’s physical security and cybersecurity objectives understand their roles and responsibilities.,"GOVERN / Roles, Responsibilities, and Authorities / Risk Management Roles & Responsibilities",GV.RR-02.05
Objective 9: Determine whether the BCM program includes training and awareness to educate stakeholders about the entity’s continuity objectives and BCM goals.,FFIEC-BCM-09.01,"1. Verify that the training program aligns with the entity's BCM strategy. Determine whether management does the following:
a. Inventories the current skillsets for BCM and identifies and addresses any training gaps.
b. Establishes goals and objectives for supporting the BCM program as part of the entity's performance management process.
c. Implements a training program to educate stakeholders about the BCM goals and objectives. Elements may include:
Exercises.
Current risks.
Future risks.
Recent failures.
New programs/technologies.
Organizational changes.
Previous (exercise) lessons learned.",Semantic,Intersects with,8,9,GV.RR-03.02: The organization regularly assesses its skill and resource level requirements against its current personnel complement to determine gaps in resource need.,"GOVERN / Roles, Responsibilities, and Authorities / Resource Adequacy",GV.RR-03.02
Objective 9: Determine whether the BCM program includes training and awareness to educate stakeholders about the entity’s continuity objectives and BCM goals.,FFIEC-BCM-09.01,"1. Verify that the training program aligns with the entity's BCM strategy. Determine whether management does the following:
a. Inventories the current skillsets for BCM and identifies and addresses any training gaps.
b. Establishes goals and objectives for supporting the BCM program as part of the entity's performance management process.
c. Implements a training program to educate stakeholders about the BCM goals and objectives. Elements may include:
Exercises.
Current risks.
Future risks.
Recent failures.
New programs/technologies.
Organizational changes.
Previous (exercise) lessons learned.",Semantic,Subset of ,6,9,"PR.AT-01.03: Cybersecurity awareness training is updated on a regular basis to reflect risks and threats identified by the organization, the organization's security policies and standards, applicable laws and regulations, and changes in individual responsibilities.",PROTECT / Awareness and Training / User Awareness & Training,PR.AT-01.03
Objective 9: Determine whether the BCM program includes training and awareness to educate stakeholders about the entity’s continuity objectives and BCM goals.,FFIEC-BCM-09.01,"1. Verify that the training program aligns with the entity's BCM strategy. Determine whether management does the following:
a. Inventories the current skillsets for BCM and identifies and addresses any training gaps.
b. Establishes goals and objectives for supporting the BCM program as part of the entity's performance management process.
c. Implements a training program to educate stakeholders about the BCM goals and objectives. Elements may include:
Exercises.
Current risks.
Future risks.
Recent failures.
New programs/technologies.
Organizational changes.
Previous (exercise) lessons learned.",Semantic,Subset of ,8,9,"PR.AT-01.04: As new technology is deployed or undergoes change that also requires changes in practices, all impacted personnel (e.g., end-users, developers, operators, etc.) are trained on the new system and any accompanying technology and cybersecurity risks.",PROTECT / Awareness and Training / User Awareness & Training,PR.AT-01.04
Objective 9: Determine whether the BCM program includes training and awareness to educate stakeholders about the entity’s continuity objectives and BCM goals.,FFIEC-BCM-09.01,"1. Verify that the training program aligns with the entity's BCM strategy. Determine whether management does the following:
a. Inventories the current skillsets for BCM and identifies and addresses any training gaps.
b. Establishes goals and objectives for supporting the BCM program as part of the entity's performance management process.
c. Implements a training program to educate stakeholders about the BCM goals and objectives. Elements may include:
Exercises.
Current risks.
Future risks.
Recent failures.
New programs/technologies.
Organizational changes.
Previous (exercise) lessons learned.",Semantic,Subset of ,9,9,"PR.AT-02.01: Mechanisms are in place to ensure that the personnel working with cybersecurity and technology (e.g., developers, DBAs, network admins, etc.) maintain current knowledge and skills related to changing threats, countermeasures, new tools, best practices, and their job responsibilities.",PROTECT / Awareness and Training / Specialized Role Awareness & Training,PR.AT-02.01
Objective 9: Determine whether the BCM program includes training and awareness to educate stakeholders about the entity’s continuity objectives and BCM goals.,FFIEC-BCM-09.01,"1. Verify that the training program aligns with the entity's BCM strategy. Determine whether management does the following:
a. Inventories the current skillsets for BCM and identifies and addresses any training gaps.
b. Establishes goals and objectives for supporting the BCM program as part of the entity's performance management process.
c. Implements a training program to educate stakeholders about the BCM goals and objectives. Elements may include:
Exercises.
Current risks.
Future risks.
Recent failures.
New programs/technologies.
Organizational changes.
Previous (exercise) lessons learned.",Semantic,Intersects with,9,9,PR.AT-02.03: All personnel (employee and third party) are made aware of and are trained for their role and operational steps in response and recovery plans.,PROTECT / Awareness and Training / Specialized Role Awareness & Training,PR.AT-02.03
Objective 9: Determine whether the BCM program includes training and awareness to educate stakeholders about the entity’s continuity objectives and BCM goals.,FFIEC-BCM-09.01,"1. Verify that the training program aligns with the entity's BCM strategy. Determine whether management does the following:
a. Inventories the current skillsets for BCM and identifies and addresses any training gaps.
b. Establishes goals and objectives for supporting the BCM program as part of the entity's performance management process.
c. Implements a training program to educate stakeholders about the BCM goals and objectives. Elements may include:
Exercises.
Current risks.
Future risks.
Recent failures.
New programs/technologies.
Organizational changes.
Previous (exercise) lessons learned.",Semantic,Intersects with,8,9,PR.AT-02.04: The organization maintains and enhances the skills and knowledge of the in-house staff performing incident management and forensic investigation activities.,PROTECT / Awareness and Training / Specialized Role Awareness & Training,PR.AT-02.04
Objective 9: Determine whether the BCM program includes training and awareness to educate stakeholders about the entity’s continuity objectives and BCM goals.,FFIEC-BCM-09.01,"1. Verify that the training program aligns with the entity's BCM strategy. Determine whether management does the following:
a. Inventories the current skillsets for BCM and identifies and addresses any training gaps.
b. Establishes goals and objectives for supporting the BCM program as part of the entity's performance management process.
c. Implements a training program to educate stakeholders about the BCM goals and objectives. Elements may include:
Exercises.
Current risks.
Future risks.
Recent failures.
New programs/technologies.
Organizational changes.
Previous (exercise) lessons learned.",Semantic,Intersects with,6,9,"PR.AT-02.06: The organization has established and maintains a cybersecurity awareness program through which the organization's customers are kept aware of new threats and vulnerabilities, basic cybersecurity hygiene practices, and their role in cybersecurity, as appropriate.",PROTECT / Awareness and Training / Specialized Role Awareness & Training,PR.AT-02.06
Objective 9: Determine whether the BCM program includes training and awareness to educate stakeholders about the entity’s continuity objectives and BCM goals.,FFIEC-BCM-09.01,"1. Verify that the training program aligns with the entity's BCM strategy. Determine whether management does the following:
a. Inventories the current skillsets for BCM and identifies and addresses any training gaps.
b. Establishes goals and objectives for supporting the BCM program as part of the entity's performance management process.
c. Implements a training program to educate stakeholders about the BCM goals and objectives. Elements may include:
Exercises.
Current risks.
Future risks.
Recent failures.
New programs/technologies.
Organizational changes.
Previous (exercise) lessons learned.",Semantic,Subset of ,8,9,"PR.AT-02.07: The organization's governing body (e.g., the Board or one of its committees) and senior management receive cybersecurity situational awareness training to include appropriate skills and knowledge to: (1) Evaluate and manage cyber risks; (2) Promote a culture that recognizes that staff at all levels have important responsibilities in ensuring the organization's cyber resilience; and (3) Lead by example.",PROTECT / Awareness and Training / Specialized Role Awareness & Training,PR.AT-02.07
Objective 9: Determine whether the BCM program includes training and awareness to educate stakeholders about the entity’s continuity objectives and BCM goals.,FFIEC-BCM-09.02,"2. Assess whether management tailors training to the target audience, based on the audience's needs. The target audience could include:
a. Board members.
b. Senior management.
c. Business process owners.
d. Frontline personnel.
e. Contract personnel, as applicable.",Semantic,Intersects with,8,8,GV.RR-03.02: The organization regularly assesses its skill and resource level requirements against its current personnel complement to determine gaps in resource need.,"GOVERN / Roles, Responsibilities, and Authorities / Resource Adequacy",GV.RR-03.02
Objective 9: Determine whether the BCM program includes training and awareness to educate stakeholders about the entity’s continuity objectives and BCM goals.,FFIEC-BCM-09.02,"2. Assess whether management tailors training to the target audience, based on the audience's needs. The target audience could include:
a. Board members.
b. Senior management.
c. Business process owners.
d. Frontline personnel.
e. Contract personnel, as applicable.",Semantic,Subset of ,8,8,"PR.AT-02.01: Mechanisms are in place to ensure that the personnel working with cybersecurity and technology (e.g., developers, DBAs, network admins, etc.) maintain current knowledge and skills related to changing threats, countermeasures, new tools, best practices, and their job responsibilities.",PROTECT / Awareness and Training / Specialized Role Awareness & Training,PR.AT-02.01
Objective 9: Determine whether the BCM program includes training and awareness to educate stakeholders about the entity’s continuity objectives and BCM goals.,FFIEC-BCM-09.02,"2. Assess whether management tailors training to the target audience, based on the audience's needs. The target audience could include:
a. Board members.
b. Senior management.
c. Business process owners.
d. Frontline personnel.
e. Contract personnel, as applicable.",Semantic,Subset of ,8,8,"PR.AT-02.02: High-risk groups, such as those with elevated privileges or in sensitive business functions (including privileged users, senior executives, cybersecurity personnel and third-party stakeholders), receive cybersecurity situational awareness training for their roles and responsibilities.",PROTECT / Awareness and Training / Specialized Role Awareness & Training,PR.AT-02.02
Objective 9: Determine whether the BCM program includes training and awareness to educate stakeholders about the entity’s continuity objectives and BCM goals.,FFIEC-BCM-09.02,"2. Assess whether management tailors training to the target audience, based on the audience's needs. The target audience could include:
a. Board members.
b. Senior management.
c. Business process owners.
d. Frontline personnel.
e. Contract personnel, as applicable.",Functional ,Intersects with,4,8,PR.AT-02.04: The organization maintains and enhances the skills and knowledge of the in-house staff performing incident management and forensic investigation activities.,PROTECT / Awareness and Training / Specialized Role Awareness & Training,PR.AT-02.04
Objective 9: Determine whether the BCM program includes training and awareness to educate stakeholders about the entity’s continuity objectives and BCM goals.,FFIEC-BCM-09.02,"2. Assess whether management tailors training to the target audience, based on the audience's needs. The target audience could include:
a. Board members.
b. Senior management.
c. Business process owners.
d. Frontline personnel.
e. Contract personnel, as applicable.",Semantic,Subset of ,8,8,"PR.AT-02.07: The organization's governing body (e.g., the Board or one of its committees) and senior management receive cybersecurity situational awareness training to include appropriate skills and knowledge to: (1) Evaluate and manage cyber risks; (2) Promote a culture that recognizes that staff at all levels have important responsibilities in ensuring the organization's cyber resilience; and (3) Lead by example.",PROTECT / Awareness and Training / Specialized Role Awareness & Training,PR.AT-02.07
Objective 9: Determine whether the BCM program includes training and awareness to educate stakeholders about the entity’s continuity objectives and BCM goals.,FFIEC-BCM-09.03,"3. Validate that management incorporates significant business continuity concepts, interdependencies, disruption impacts, and operations resilience into the training program.",Functional ,Intersects with,5,9,"PR.AT-01.02: Cybersecurity awareness training includes, at a minimum, awareness of and competencies for data protection, personal data handling, compliance obligations, working with third parties, detecting cyber risks, and how to report any unusual activity or incidents.",PROTECT / Awareness and Training / User Awareness & Training,PR.AT-01.02
Objective 9: Determine whether the BCM program includes training and awareness to educate stakeholders about the entity’s continuity objectives and BCM goals.,FFIEC-BCM-09.03,"3. Validate that management incorporates significant business continuity concepts, interdependencies, disruption impacts, and operations resilience into the training program.",Functional ,Intersects with,5,9,"PR.AT-02.01: Mechanisms are in place to ensure that the personnel working with cybersecurity and technology (e.g., developers, DBAs, network admins, etc.) maintain current knowledge and skills related to changing threats, countermeasures, new tools, best practices, and their job responsibilities.",PROTECT / Awareness and Training / Specialized Role Awareness & Training,PR.AT-02.01
Objective 9: Determine whether the BCM program includes training and awareness to educate stakeholders about the entity’s continuity objectives and BCM goals.,FFIEC-BCM-09.03,"3. Validate that management incorporates significant business continuity concepts, interdependencies, disruption impacts, and operations resilience into the training program.",Functional ,Intersects with,9,9,PR.AT-02.03: All personnel (employee and third party) are made aware of and are trained for their role and operational steps in response and recovery plans.,PROTECT / Awareness and Training / Specialized Role Awareness & Training,PR.AT-02.03
Objective 9: Determine whether the BCM program includes training and awareness to educate stakeholders about the entity’s continuity objectives and BCM goals.,FFIEC-BCM-09.03,"3. Validate that management incorporates significant business continuity concepts, interdependencies, disruption impacts, and operations resilience into the training program.",Functional ,Intersects with,5,9,PR.AT-02.04: The organization maintains and enhances the skills and knowledge of the in-house staff performing incident management and forensic investigation activities.,PROTECT / Awareness and Training / Specialized Role Awareness & Training,PR.AT-02.04
Objective 9: Determine whether the BCM program includes training and awareness to educate stakeholders about the entity’s continuity objectives and BCM goals.,FFIEC-BCM-09.04,"4. Verify that the BCM training program, including board training, is updated as significant changes occur.",Semantic,Subset of ,8,8,"PR.AT-01.03: Cybersecurity awareness training is updated on a regular basis to reflect risks and threats identified by the organization, the organization's security policies and standards, applicable laws and regulations, and changes in individual responsibilities.",PROTECT / Awareness and Training / User Awareness & Training,PR.AT-01.03
Objective 10: Determine whether the exercise and testing program is sufficient to allow management to assess the entity’s ability to meet its continuity objectives.,FFIEC-BCM-10.01,"1. Determine whether management implemented a comprehensive exercise and testing program, objectives, and plans to validate the entity’s ability to restore critical business functions.",Semantic,Subset of ,9,10,"GV.OC-04.04: The organization prioritizes the resilience design, planning, testing, and monitoring of systems and other key internal and external dependencies according to their criticality to the supported business functions, enterprise mission, and to the financial services sector.",GOVERN / Organizational Context / Stakeholder Service Expectations,GV.OC-04.04
Objective 10: Determine whether the exercise and testing program is sufficient to allow management to assess the entity’s ability to meet its continuity objectives.,FFIEC-BCM-10.01,"1. Determine whether management implemented a comprehensive exercise and testing program, objectives, and plans to validate the entity’s ability to restore critical business functions.",Semantic,Intersects with,7,10,"GV.SC-08.01: The organization's resilience strategy, plans, tests, and exercises incorporate its external dependencies and critical business partners.",GOVERN / Supply Chain Risk Management / Third Party Incident Management Integration,GV.SC-08.01
Objective 10: Determine whether the exercise and testing program is sufficient to allow management to assess the entity’s ability to meet its continuity objectives.,FFIEC-BCM-10.01,"1. Determine whether management implemented a comprehensive exercise and testing program, objectives, and plans to validate the entity’s ability to restore critical business functions.",Semantic,Subset of ,8,10,"ID.IM-01.01: Technology, cybersecurity, and resilience controls are regularly assessed and/or tested for design and operating effectiveness.",IDENTIFY / Improvement / Continuous Improvements Evaluation,ID.IM-01.01
Objective 10: Determine whether the exercise and testing program is sufficient to allow management to assess the entity’s ability to meet its continuity objectives.,FFIEC-BCM-10.01,"1. Determine whether management implemented a comprehensive exercise and testing program, objectives, and plans to validate the entity’s ability to restore critical business functions.",Semantic,Subset of ,9,10,"ID.IM-02.04: The organization's testing program validates the effectiveness of its resilience strategy and response, disaster recovery, and resumption plans on a regular basis or upon major changes to business or system functions, and includes external stakeholders as required.",IDENTIFY / Improvement / Tests & Exercises,ID.IM-02.04
Objective 10: Determine whether the exercise and testing program is sufficient to allow management to assess the entity’s ability to meet its continuity objectives.,FFIEC-BCM-10.01,"1. Determine whether management implemented a comprehensive exercise and testing program, objectives, and plans to validate the entity’s ability to restore critical business functions.",Semantic,Subset of ,9,10,"ID.IM-02.05: The organization establishes testing programs that include a range of scenarios, including severe but plausible scenarios (e.g., disruptive, destructive, corruptive), that could affect the organization's ability to service internal and external stakeholders.",IDENTIFY / Improvement / Tests & Exercises,ID.IM-02.05
Objective 10: Determine whether the exercise and testing program is sufficient to allow management to assess the entity’s ability to meet its continuity objectives.,FFIEC-BCM-10.01,"1. Determine whether management implemented a comprehensive exercise and testing program, objectives, and plans to validate the entity’s ability to restore critical business functions.",Semantic,Subset of ,9,10,"ID.IM-02.06: The organization designs and tests its systems and processes to enable recovery of accurate data (e.g., material financial transactions) sufficient to support defined business recovery time and recovery point objectives.",IDENTIFY / Improvement / Tests & Exercises,ID.IM-02.06
Objective 10: Determine whether the exercise and testing program is sufficient to allow management to assess the entity’s ability to meet its continuity objectives.,FFIEC-BCM-10.01,"1. Determine whether management implemented a comprehensive exercise and testing program, objectives, and plans to validate the entity’s ability to restore critical business functions.",Semantic,Subset of ,9,10,"ID.IM-02.08: The organization tests and exercises, independently and in coordination with other critical sector partners, its ability to support sector-wide resilience in the event of extreme financial stress or the instability of external dependencies, such as connectivity to markets, payment systems, clearing entities, messaging services, etc.",IDENTIFY / Improvement / Tests & Exercises,ID.IM-02.08
Objective 10: Determine whether the exercise and testing program is sufficient to allow management to assess the entity’s ability to meet its continuity objectives.,FFIEC-BCM-10.01,"1. Determine whether management implemented a comprehensive exercise and testing program, objectives, and plans to validate the entity’s ability to restore critical business functions.",Semantic,Superset of,8,10,"ID.IM-04.08: The organization regularly reviews response strategy, incident management plans, recovery plans, and associated tests and exercises and updates them, as necessary, based on:
(1) Lessons learned from incidents that have occurred (both internal and external to the organization);
(2) Current cyber threat intelligence (both internal and external sources); (3) Recent and wide-scale cyber attack scenarios;
(4) Operationally and technically plausible future cyber attacks;
(5) Organizational or technocal environment changes; and,
(6) New technological developments.",IDENTIFY / Improvement / Plans Affecting Operations,ID.IM-04.08
Objective 10: Determine whether the exercise and testing program is sufficient to allow management to assess the entity’s ability to meet its continuity objectives.,FFIEC-BCM-10.01,"1. Determine whether management implemented a comprehensive exercise and testing program, objectives, and plans to validate the entity’s ability to restore critical business functions.",Semantic,Intersects with,6,10,"PR.IR-02.01: The organization designs, documents, implements, tests, and maintains environmental and physical controls to meet defined business resilience requirements (e.g., environmental monitoring, dual power and communication sources, regionally separated backup processing facilities, etc.)",PROTECT / Technology Infrastructure Resilience / Environmental Threat Protections,PR.IR-02.01
Objective 10: Determine whether the exercise and testing program is sufficient to allow management to assess the entity’s ability to meet its continuity objectives.,FFIEC-BCM-10.02,2. Verify that the program is appropriate for the entity's risk profile. Assess whether the entity's consolidated exercise and test schedule is reflective of exercise and test objectives and the overall exercise and test universe.,Semantic,Subset of ,8,9,"GV.OC-04.04: The organization prioritizes the resilience design, planning, testing, and monitoring of systems and other key internal and external dependencies according to their criticality to the supported business functions, enterprise mission, and to the financial services sector.",GOVERN / Organizational Context / Stakeholder Service Expectations,GV.OC-04.04
Objective 10: Determine whether the exercise and testing program is sufficient to allow management to assess the entity’s ability to meet its continuity objectives.,FFIEC-BCM-10.02,2. Verify that the program is appropriate for the entity's risk profile. Assess whether the entity's consolidated exercise and test schedule is reflective of exercise and test objectives and the overall exercise and test universe.,Semantic,Subset of ,8,9,"ID.IM-02.04: The organization's testing program validates the effectiveness of its resilience strategy and response, disaster recovery, and resumption plans on a regular basis or upon major changes to business or system functions, and includes external stakeholders as required.",IDENTIFY / Improvement / Tests & Exercises,ID.IM-02.04
Objective 10: Determine whether the exercise and testing program is sufficient to allow management to assess the entity’s ability to meet its continuity objectives.,FFIEC-BCM-10.02,2. Verify that the program is appropriate for the entity's risk profile. Assess whether the entity's consolidated exercise and test schedule is reflective of exercise and test objectives and the overall exercise and test universe.,Semantic,Intersects with,6,9,"ID.IM-02.05: The organization establishes testing programs that include a range of scenarios, including severe but plausible scenarios (e.g., disruptive, destructive, corruptive), that could affect the organization's ability to service internal and external stakeholders.",IDENTIFY / Improvement / Tests & Exercises,ID.IM-02.05
Objective 10: Determine whether the exercise and testing program is sufficient to allow management to assess the entity’s ability to meet its continuity objectives.,FFIEC-BCM-10.02,2. Verify that the program is appropriate for the entity's risk profile. Assess whether the entity's consolidated exercise and test schedule is reflective of exercise and test objectives and the overall exercise and test universe.,Semantic,Intersects with,6,9,"ID.IM-02.06: The organization designs and tests its systems and processes, and employs third-party support resources (e.g., Sheltered Harbor), to enable recovery of accurate data (e.g., material financial transactions) sufficient to support defined business recovery time and recovery point objectives.",IDENTIFY / Improvement / Tests & Exercises,ID.IM-02.06
Objective 10: Determine whether the exercise and testing program is sufficient to allow management to assess the entity’s ability to meet its continuity objectives.,FFIEC-BCM-10.03,"3. Determine whether management covers all of the functions in the exercise and test universe according to its established timeframes (e.g., all processes are covered annually or every three years).",Functional ,Subset of ,8,8,"ID.IM-02.04: The organization's testing program validates the effectiveness of its resilience strategy and response, disaster recovery, and resumption plans on a regular basis or upon major changes to business or system functions, and includes external stakeholders as required.",IDENTIFY / Improvement / Tests & Exercises,ID.IM-02.04
Objective 10: Determine whether the exercise and testing program is sufficient to allow management to assess the entity’s ability to meet its continuity objectives.,FFIEC-BCM-10.04,4. Determine whether management has designated personnel with the authority to control the exercise or test and confirm exercise and test milestones are met.,Semantic,Subset of ,8,9,"GV.RR-02.03: Resilience program roles and responsibilities are assigned to management across the organization to ensure risk assessment, planning, testing, and execution coverage for all critical business functions.","GOVERN / Roles, Responsibilities, and Authorities / Risk Management Roles & Responsibilities",GV.RR-02.03
Objective 10: Determine whether the exercise and testing program is sufficient to allow management to assess the entity’s ability to meet its continuity objectives.,FFIEC-BCM-10.05,5. Verify that business line management retains ownership for testing its specific business processes and coordinates with personnel involved in the enterprise-wide BCM process and support areas.,Semantic,Subset of ,6,7,"GV.RR-02.03: Resilience program roles and responsibilities are assigned to management across the organization to ensure risk assessment, planning, testing, and execution coverage for all critical business functions.","GOVERN / Roles, Responsibilities, and Authorities / Risk Management Roles & Responsibilities",GV.RR-02.03
Objective 10: Determine whether the exercise and testing program is sufficient to allow management to assess the entity’s ability to meet its continuity objectives.,FFIEC-BCM-10.05,5. Verify that business line management retains ownership for testing its specific business processes and coordinates with personnel involved in the enterprise-wide BCM process and support areas.,Semantic,Subset of ,6,7,"ID.IM-02.04: The organization's testing program validates the effectiveness of its resilience strategy and response, disaster recovery, and resumption plans on a regular basis or upon major changes to business or system functions, and includes external stakeholders as required.",IDENTIFY / Improvement / Tests & Exercises,ID.IM-02.04
Objective 10: Determine whether the exercise and testing program is sufficient to allow management to assess the entity’s ability to meet its continuity objectives.,FFIEC-BCM-10.05,5. Verify that business line management retains ownership for testing its specific business processes and coordinates with personnel involved in the enterprise-wide BCM process and support areas.,Semantic,Subset of ,7,7,"ID.IM-02.07: The organization's governing body (e.g., the Board or one of its committees) and senior management are involved in testing as part of a crisis management team and are informed of test results.",IDENTIFY / Improvement / Tests & Exercises,ID.IM-02.07
Objective 10: Determine whether the exercise and testing program is sufficient to allow management to assess the entity’s ability to meet its continuity objectives.,FFIEC-BCM-10.06,"6. Verify that exercises and tests occur at appropriate intervals, or when significant changes affect the entity’s operating environment.",Functional ,Subset of ,8,10,"ID.IM-02.04: The organization's testing program validates the effectiveness of its resilience strategy and response, disaster recovery, and resumption plans on a regular basis or upon major changes to business or system functions, and includes external stakeholders as required.",IDENTIFY / Improvement / Tests & Exercises,ID.IM-02.04
Objective 10: Determine whether the exercise and testing program is sufficient to allow management to assess the entity’s ability to meet its continuity objectives.,FFIEC-BCM-10.07,"7. Verify that management developed a process that is sufficiently robust to confirm the effectiveness of the entity's business continuity program. Therefore, the exercise program should incorporate the following:
a. A policy that includes strategies and expectations for exercise and test planning.
b. Roles and responsibilities for implementation.
c. Sufficient personnel to perform the exercise or test, provide oversight, and document the results.
d. Precautions to safeguard production data, such as performing a backup before performing a test in a test environment, or testing during non-peak hours.
e. Provisions for emergency stops and concluding exercises and tests.
f. Verification of continuity and resilience process assumptions and the ability to process a sufficient volume of work during adverse operating conditions.
g. Activities commensurate with the importance of the business process.
h. Entity's processes commensurate with their significance to critical financial markets.
i. Comparison of exercise and test results against the BCP to identify gaps between the exercise or test process and recovery guidelines, with revisions incorporated where appropriate.
j. Independent review of business continuity program and exercises and tests (internal and external).",Semantic,Subset of ,8,10,"GV.RM-09.02: The resilience program ensures that the organization can continue operating critical business functions and deliver services to stakeholders, to include critical infrastructure partners, during adverse incidents and cyber attacks (e.g., propagation of malware or extended system outages).",GOVERN / Risk Management Strategy  / Business Continuity & Resilience Risk Management,GV.RM-09.02
Objective 10: Determine whether the exercise and testing program is sufficient to allow management to assess the entity’s ability to meet its continuity objectives.,FFIEC-BCM-10.07,"7. Verify that management developed a process that is sufficiently robust to confirm the effectiveness of the entity's business continuity program. Therefore, the exercise program should incorporate the following:
a. A policy that includes strategies and expectations for exercise and test planning.
b. Roles and responsibilities for implementation.
c. Sufficient personnel to perform the exercise or test, provide oversight, and document the results.
d. Precautions to safeguard production data, such as performing a backup before performing a test in a test environment, or testing during non-peak hours.
e. Provisions for emergency stops and concluding exercises and tests.
f. Verification of continuity and resilience process assumptions and the ability to process a sufficient volume of work during adverse operating conditions.
g. Activities commensurate with the importance of the business process.
h. Entity's processes commensurate with their significance to critical financial markets.
i. Comparison of exercise and test results against the BCP to identify gaps between the exercise or test process and recovery guidelines, with revisions incorporated where appropriate.
j. Independent review of business continuity program and exercises and tests (internal and external).",Semantic,Subset of ,8,10,"GV.RR-01.03: The governing authority (e.g., the Board or one of its committees) regularly reviews, oversees, and holds senior management accountable for implementing the organization’s resilience strategy and program and for managing the organization's ongoing resilience risks.","GOVERN / Roles, Responsibilities, and Authorities / Organizational Leadership Responsibility",GV.RR-01.03
Objective 10: Determine whether the exercise and testing program is sufficient to allow management to assess the entity’s ability to meet its continuity objectives.,FFIEC-BCM-10.07,"7. Verify that management developed a process that is sufficiently robust to confirm the effectiveness of the entity's business continuity program. Therefore, the exercise program should incorporate the following:
a. A policy that includes strategies and expectations for exercise and test planning.
b. Roles and responsibilities for implementation.
c. Sufficient personnel to perform the exercise or test, provide oversight, and document the results.
d. Precautions to safeguard production data, such as performing a backup before performing a test in a test environment, or testing during non-peak hours.
e. Provisions for emergency stops and concluding exercises and tests.
f. Verification of continuity and resilience process assumptions and the ability to process a sufficient volume of work during adverse operating conditions.
g. Activities commensurate with the importance of the business process.
h. Entity's processes commensurate with their significance to critical financial markets.
i. Comparison of exercise and test results against the BCP to identify gaps between the exercise or test process and recovery guidelines, with revisions incorporated where appropriate.
j. Independent review of business continuity program and exercises and tests (internal and external).",Semantic,Subset of ,8,10,"GV.PO-01.07: The organization maintains documented business continuity and resilience program policies and procedures approved by the governing authority (e.g., the Board or one of its committees).","GOVERN / Policies, Processes, and Procedures / Establishment of Policies & Procedures",GV.PO-01.07
Objective 10: Determine whether the exercise and testing program is sufficient to allow management to assess the entity’s ability to meet its continuity objectives.,FFIEC-BCM-10.07,"7. Verify that management developed a process that is sufficiently robust to confirm the effectiveness of the entity's business continuity program. Therefore, the exercise program should incorporate the following:
a. A policy that includes strategies and expectations for exercise and test planning.
b. Roles and responsibilities for implementation.
c. Sufficient personnel to perform the exercise or test, provide oversight, and document the results.
d. Precautions to safeguard production data, such as performing a backup before performing a test in a test environment, or testing during non-peak hours.
e. Provisions for emergency stops and concluding exercises and tests.
f. Verification of continuity and resilience process assumptions and the ability to process a sufficient volume of work during adverse operating conditions.
g. Activities commensurate with the importance of the business process.
h. Entity's processes commensurate with their significance to critical financial markets.
i. Comparison of exercise and test results against the BCP to identify gaps between the exercise or test process and recovery guidelines, with revisions incorporated where appropriate.
j. Independent review of business continuity program and exercises and tests (internal and external).",Semantic,Subset of ,8,10,"GV.OV-03.02: Resilience program performance is measured and regularly reported to senior executives and the governing authority (e.g., the Board or one of its committees).",GOVERN / Oversight / Risk Management Performance Measurement,GV.OV-03.02
Objective 10: Determine whether the exercise and testing program is sufficient to allow management to assess the entity’s ability to meet its continuity objectives.,FFIEC-BCM-10.07,"7. Verify that management developed a process that is sufficiently robust to confirm the effectiveness of the entity's business continuity program. Therefore, the exercise program should incorporate the following:
a. A policy that includes strategies and expectations for exercise and test planning.
b. Roles and responsibilities for implementation.
c. Sufficient personnel to perform the exercise or test, provide oversight, and document the results.
d. Precautions to safeguard production data, such as performing a backup before performing a test in a test environment, or testing during non-peak hours.
e. Provisions for emergency stops and concluding exercises and tests.
f. Verification of continuity and resilience process assumptions and the ability to process a sufficient volume of work during adverse operating conditions.
g. Activities commensurate with the importance of the business process.
h. Entity's processes commensurate with their significance to critical financial markets.
i. Comparison of exercise and test results against the BCP to identify gaps between the exercise or test process and recovery guidelines, with revisions incorporated where appropriate.
j. Independent review of business continuity program and exercises and tests (internal and external).",Semantic,Subset of ,8,10,"GV.AU-01.03: The independent audit function tests technology management, cybersecurity, incident response, and resilience policies and controls.",GOVERN / Independent Audit Function / Independent Audit Compliance Assessment,GV.AU-01.03
Objective 10: Determine whether the exercise and testing program is sufficient to allow management to assess the entity’s ability to meet its continuity objectives.,FFIEC-BCM-10.07,"7. Verify that management developed a process that is sufficiently robust to confirm the effectiveness of the entity's business continuity program. Therefore, the exercise program should incorporate the following:
a. A policy that includes strategies and expectations for exercise and test planning.
b. Roles and responsibilities for implementation.
c. Sufficient personnel to perform the exercise or test, provide oversight, and document the results.
d. Precautions to safeguard production data, such as performing a backup before performing a test in a test environment, or testing during non-peak hours.
e. Provisions for emergency stops and concluding exercises and tests.
f. Verification of continuity and resilience process assumptions and the ability to process a sufficient volume of work during adverse operating conditions.
g. Activities commensurate with the importance of the business process.
h. Entity's processes commensurate with their significance to critical financial markets.
i. Comparison of exercise and test results against the BCP to identify gaps between the exercise or test process and recovery guidelines, with revisions incorporated where appropriate.
j. Independent review of business continuity program and exercises and tests (internal and external).",Functional ,Intersects with,7,10,ID.RA-02.02: The organization shares authorized information on its cyber resilience framework and the effectiveness of protection technologies bilaterally with trusted external stakeholders to promote the understanding of each party’s approach to securing systems.,IDENTIFY / Risk Assessment / Information Sharing Forums,ID.RA-02.02
Objective 10: Determine whether the exercise and testing program is sufficient to allow management to assess the entity’s ability to meet its continuity objectives.,FFIEC-BCM-10.07,"7. Verify that management developed a process that is sufficiently robust to confirm the effectiveness of the entity's business continuity program. Therefore, the exercise program should incorporate the following:
a. A policy that includes strategies and expectations for exercise and test planning.
b. Roles and responsibilities for implementation.
c. Sufficient personnel to perform the exercise or test, provide oversight, and document the results.
d. Precautions to safeguard production data, such as performing a backup before performing a test in a test environment, or testing during non-peak hours.
e. Provisions for emergency stops and concluding exercises and tests.
f. Verification of continuity and resilience process assumptions and the ability to process a sufficient volume of work during adverse operating conditions.
g. Activities commensurate with the importance of the business process.
h. Entity's processes commensurate with their significance to critical financial markets.
i. Comparison of exercise and test results against the BCP to identify gaps between the exercise or test process and recovery guidelines, with revisions incorporated where appropriate.
j. Independent review of business continuity program and exercises and tests (internal and external).",Semantic,Subset of ,8,10,"ID.RA-06.04: The organization assesses the threats, impacts, and risks that could adversely affect the organization's ability to provide services on an ongoing basis, and develops its resilience requirements and plans to address those risks.",IDENTIFY / Risk Assessment / Risk Response Determination,ID.RA-06.04
Objective 10: Determine whether the exercise and testing program is sufficient to allow management to assess the entity’s ability to meet its continuity objectives.,FFIEC-BCM-10.07,"7. Verify that management developed a process that is sufficiently robust to confirm the effectiveness of the entity's business continuity program. Therefore, the exercise program should incorporate the following:
a. A policy that includes strategies and expectations for exercise and test planning.
b. Roles and responsibilities for implementation.
c. Sufficient personnel to perform the exercise or test, provide oversight, and document the results.
d. Precautions to safeguard production data, such as performing a backup before performing a test in a test environment, or testing during non-peak hours.
e. Provisions for emergency stops and concluding exercises and tests.
f. Verification of continuity and resilience process assumptions and the ability to process a sufficient volume of work during adverse operating conditions.
g. Activities commensurate with the importance of the business process.
h. Entity's processes commensurate with their significance to critical financial markets.
i. Comparison of exercise and test results against the BCP to identify gaps between the exercise or test process and recovery guidelines, with revisions incorporated where appropriate.
j. Independent review of business continuity program and exercises and tests (internal and external).",Semantic,Subset of ,9,10,"ID.IM-02.04: The organization's testing program validates the effectiveness of its resilience strategy and response, disaster recovery, and resumption plans on a regular basis or upon major changes to business or system functions, and includes external stakeholders as required.",IDENTIFY / Improvement / Tests & Exercises,ID.IM-02.04
Objective 10: Determine whether the exercise and testing program is sufficient to allow management to assess the entity’s ability to meet its continuity objectives.,FFIEC-BCM-10.07,"7. Verify that management developed a process that is sufficiently robust to confirm the effectiveness of the entity's business continuity program. Therefore, the exercise program should incorporate the following:
a. A policy that includes strategies and expectations for exercise and test planning.
b. Roles and responsibilities for implementation.
c. Sufficient personnel to perform the exercise or test, provide oversight, and document the results.
d. Precautions to safeguard production data, such as performing a backup before performing a test in a test environment, or testing during non-peak hours.
e. Provisions for emergency stops and concluding exercises and tests.
f. Verification of continuity and resilience process assumptions and the ability to process a sufficient volume of work during adverse operating conditions.
g. Activities commensurate with the importance of the business process.
h. Entity's processes commensurate with their significance to critical financial markets.
i. Comparison of exercise and test results against the BCP to identify gaps between the exercise or test process and recovery guidelines, with revisions incorporated where appropriate.
j. Independent review of business continuity program and exercises and tests (internal and external).",Functional ,Intersects with,6,10,"ID.IM-02.05: The organization establishes testing programs that include a range of scenarios, including severe but plausible scenarios (e.g., disruptive, destructive, corruptive), that could affect the organization's ability to service internal and external stakeholders.",IDENTIFY / Improvement / Tests & Exercises,ID.IM-02.05
Objective 10: Determine whether the exercise and testing program is sufficient to allow management to assess the entity’s ability to meet its continuity objectives.,FFIEC-BCM-10.07,"7. Verify that management developed a process that is sufficiently robust to confirm the effectiveness of the entity's business continuity program. Therefore, the exercise program should incorporate the following:
a. A policy that includes strategies and expectations for exercise and test planning.
b. Roles and responsibilities for implementation.
c. Sufficient personnel to perform the exercise or test, provide oversight, and document the results.
d. Precautions to safeguard production data, such as performing a backup before performing a test in a test environment, or testing during non-peak hours.
e. Provisions for emergency stops and concluding exercises and tests.
f. Verification of continuity and resilience process assumptions and the ability to process a sufficient volume of work during adverse operating conditions.
g. Activities commensurate with the importance of the business process.
h. Entity's processes commensurate with their significance to critical financial markets.
i. Comparison of exercise and test results against the BCP to identify gaps between the exercise or test process and recovery guidelines, with revisions incorporated where appropriate.
j. Independent review of business continuity program and exercises and tests (internal and external).",Functional ,Intersects with,6,10,"ID.IM-02.07: The organization's governing body (e.g., the Board or one of its committees) and senior management are involved in testing as part of a crisis management team and are informed of test results.",IDENTIFY / Improvement / Tests & Exercises,ID.IM-02.07
Objective 10: Determine whether the exercise and testing program is sufficient to allow management to assess the entity’s ability to meet its continuity objectives.,FFIEC-BCM-10.07,"7. Verify that management developed a process that is sufficiently robust to confirm the effectiveness of the entity's business continuity program. Therefore, the exercise program should incorporate the following:
a. A policy that includes strategies and expectations for exercise and test planning.
b. Roles and responsibilities for implementation.
c. Sufficient personnel to perform the exercise or test, provide oversight, and document the results.
d. Precautions to safeguard production data, such as performing a backup before performing a test in a test environment, or testing during non-peak hours.
e. Provisions for emergency stops and concluding exercises and tests.
f. Verification of continuity and resilience process assumptions and the ability to process a sufficient volume of work during adverse operating conditions.
g. Activities commensurate with the importance of the business process.
h. Entity's processes commensurate with their significance to critical financial markets.
i. Comparison of exercise and test results against the BCP to identify gaps between the exercise or test process and recovery guidelines, with revisions incorporated where appropriate.
j. Independent review of business continuity program and exercises and tests (internal and external).",Semantic,Subset of ,9,10,"ID.IM-02.08: The organization tests and exercises, independently and in coordination with other critical sector partners, its ability to support sector-wide resilience in the event of extreme financial stress or the instability of external dependencies, such as connectivity to markets, payment systems, clearing entities, messaging services, etc.",IDENTIFY / Improvement / Tests & Exercises,ID.IM-02.08
Objective 10: Determine whether the exercise and testing program is sufficient to allow management to assess the entity’s ability to meet its continuity objectives.,FFIEC-BCM-10.07,"7. Verify that management developed a process that is sufficiently robust to confirm the effectiveness of the entity's business continuity program. Therefore, the exercise program should incorporate the following:
a. A policy that includes strategies and expectations for exercise and test planning.
b. Roles and responsibilities for implementation.
c. Sufficient personnel to perform the exercise or test, provide oversight, and document the results.
d. Precautions to safeguard production data, such as performing a backup before performing a test in a test environment, or testing during non-peak hours.
e. Provisions for emergency stops and concluding exercises and tests.
f. Verification of continuity and resilience process assumptions and the ability to process a sufficient volume of work during adverse operating conditions.
g. Activities commensurate with the importance of the business process.
h. Entity's processes commensurate with their significance to critical financial markets.
i. Comparison of exercise and test results against the BCP to identify gaps between the exercise or test process and recovery guidelines, with revisions incorporated where appropriate.
j. Independent review of business continuity program and exercises and tests (internal and external).",Semantic,Subset of ,7,10,"ID.IM-02.09: Corrective actions for gaps identified during security-related, incident management, response plan, and disaster recovery testing are retested and validated, or have a formal risk acceptance or risk exception.",IDENTIFY / Improvement / Tests & Exercises,ID.IM-02.09
Objective 10: Determine whether the exercise and testing program is sufficient to allow management to assess the entity’s ability to meet its continuity objectives.,FFIEC-BCM-10.07,"7. Verify that management developed a process that is sufficiently robust to confirm the effectiveness of the entity's business continuity program. Therefore, the exercise program should incorporate the following:
a. A policy that includes strategies and expectations for exercise and test planning.
b. Roles and responsibilities for implementation.
c. Sufficient personnel to perform the exercise or test, provide oversight, and document the results.
d. Precautions to safeguard production data, such as performing a backup before performing a test in a test environment, or testing during non-peak hours.
e. Provisions for emergency stops and concluding exercises and tests.
f. Verification of continuity and resilience process assumptions and the ability to process a sufficient volume of work during adverse operating conditions.
g. Activities commensurate with the importance of the business process.
h. Entity's processes commensurate with their significance to critical financial markets.
i. Comparison of exercise and test results against the BCP to identify gaps between the exercise or test process and recovery guidelines, with revisions incorporated where appropriate.
j. Independent review of business continuity program and exercises and tests (internal and external).",Semantic,Subset of ,7,10,"ID.IM-03.01: A formal process is in place to improve protection controls and processes by integrating recommendations, findings, and lessons learned from exercises, testing, audits, assessments, and incidents.",IDENTIFY / Improvement / Improvements from Lessons Learned,ID.IM-03.01
Objective 10: Determine whether the exercise and testing program is sufficient to allow management to assess the entity’s ability to meet its continuity objectives.,FFIEC-BCM-10.07,"7. Verify that management developed a process that is sufficiently robust to confirm the effectiveness of the entity's business continuity program. Therefore, the exercise program should incorporate the following:
a. A policy that includes strategies and expectations for exercise and test planning.
b. Roles and responsibilities for implementation.
c. Sufficient personnel to perform the exercise or test, provide oversight, and document the results.
d. Precautions to safeguard production data, such as performing a backup before performing a test in a test environment, or testing during non-peak hours.
e. Provisions for emergency stops and concluding exercises and tests.
f. Verification of continuity and resilience process assumptions and the ability to process a sufficient volume of work during adverse operating conditions.
g. Activities commensurate with the importance of the business process.
h. Entity's processes commensurate with their significance to critical financial markets.
i. Comparison of exercise and test results against the BCP to identify gaps between the exercise or test process and recovery guidelines, with revisions incorporated where appropriate.
j. Independent review of business continuity program and exercises and tests (internal and external).",Semantic,Subset of ,8,10,"PR.DS-11.01: The organization defines and implements standards and procedures for configuring and performing backups and data replications, including defining backup requirements by data/application/infrastructure criticality, segregating (e.g., air-gapping) and securing backups, verifying backup integrity, and performing backup restoration testing.",PROTECT / Data Security / Data Backup,PR.DS-11.01
Objective 10: Determine whether the exercise and testing program is sufficient to allow management to assess the entity’s ability to meet its continuity objectives.,FFIEC-BCM-10.07,"7. Verify that management developed a process that is sufficiently robust to confirm the effectiveness of the entity's business continuity program. Therefore, the exercise program should incorporate the following:
a. A policy that includes strategies and expectations for exercise and test planning.
b. Roles and responsibilities for implementation.
c. Sufficient personnel to perform the exercise or test, provide oversight, and document the results.
d. Precautions to safeguard production data, such as performing a backup before performing a test in a test environment, or testing during non-peak hours.
e. Provisions for emergency stops and concluding exercises and tests.
f. Verification of continuity and resilience process assumptions and the ability to process a sufficient volume of work during adverse operating conditions.
g. Activities commensurate with the importance of the business process.
h. Entity's processes commensurate with their significance to critical financial markets.
i. Comparison of exercise and test results against the BCP to identify gaps between the exercise or test process and recovery guidelines, with revisions incorporated where appropriate.
j. Independent review of business continuity program and exercises and tests (internal and external).",Semantic,Subset of ,7,10,"PR.IR-03.01:  The organization implements mechanisms (e.g., failsafe, load balancing, hot swaps, redundant equipment, alternate services, backup facilities, etc.) to achieve resilience requirements in normal and adverse situations.",PROTECT / Technology Infrastructure Resilience / Resilience Measures,PR.IR-03.01
Objective 10: Determine whether the exercise and testing program is sufficient to allow management to assess the entity’s ability to meet its continuity objectives.,FFIEC-BCM-10.07,"7. Verify that management developed a process that is sufficiently robust to confirm the effectiveness of the entity's business continuity program. Therefore, the exercise program should incorporate the following:
a. A policy that includes strategies and expectations for exercise and test planning.
b. Roles and responsibilities for implementation.
c. Sufficient personnel to perform the exercise or test, provide oversight, and document the results.
d. Precautions to safeguard production data, such as performing a backup before performing a test in a test environment, or testing during non-peak hours.
e. Provisions for emergency stops and concluding exercises and tests.
f. Verification of continuity and resilience process assumptions and the ability to process a sufficient volume of work during adverse operating conditions.
g. Activities commensurate with the importance of the business process.
h. Entity's processes commensurate with their significance to critical financial markets.
i. Comparison of exercise and test results against the BCP to identify gaps between the exercise or test process and recovery guidelines, with revisions incorporated where appropriate.
j. Independent review of business continuity program and exercises and tests (internal and external).",Semantic,Subset of ,8,10,"RC.RP-02.02: Recovery plans are executed by first resuming critical services and core business functions, while minimizing any potential concurrent and widespread interruptions to interconnected entities and critical infrastructure, such as energy and telecommunications.",RECOVER / Incident Recovery Plan Execution / Recovery Action Performance,RC.RP-02.02
Objective 10: Determine whether the exercise and testing program is sufficient to allow management to assess the entity’s ability to meet its continuity objectives.,FFIEC-BCM-10.08,"8. Determine whether the exercise and test policy is appropriate and includes the following:
a. Key roles and responsibilities.
b. Minimum frequency, scope, and reporting.
c. Documentation expectations.
d. Processes for correcting deficiencies identified during exercises or tests.
e. Communication and connectivity between the entity and third-party service providers.
f. Participation with critical third-party service providers to confirm that entity personnel understand integration with all related recovery processes.",Functional ,Intersects with,8,8,"GV.RM-05.02: The organization establishes minimum requirements for its third-parties that include how the organizations will communicate and coordinate in times of emergency, including:
1) Joint maintenance of contingency plans;
2) Responsibilities for responding to incidents, including forensic investigations;
3) Planning and testing strategies that address severe events in order to identify single points of failure that would cause wide-scale disruption; and
4) Incorporating the potential impact of an incident into their BCM process and ensure resilience capabilities are in place.",GOVERN / Risk Management Strategy / Lines of Communication,GV.RM-05.02
Objective 10: Determine whether the exercise and testing program is sufficient to allow management to assess the entity’s ability to meet its continuity objectives.,FFIEC-BCM-10.08,"8. Determine whether the exercise and test policy is appropriate and includes the following:
a. Key roles and responsibilities.
b. Minimum frequency, scope, and reporting.
c. Documentation expectations.
d. Processes for correcting deficiencies identified during exercises or tests.
e. Communication and connectivity between the entity and third-party service providers.
f. Participation with critical third-party service providers to confirm that entity personnel understand integration with all related recovery processes.",Functional ,Intersects with,7,8,"GV.SC-08.01: The organization's resilience strategy, plans, tests, and exercises incorporate its external dependencies and critical business partners.",GOVERN / Supply Chain Risk Management / Third Party Incident Management Integration,GV.SC-08.01
Objective 10: Determine whether the exercise and testing program is sufficient to allow management to assess the entity’s ability to meet its continuity objectives.,FFIEC-BCM-10.08,"8. Determine whether the exercise and test policy is appropriate and includes the following:
a. Key roles and responsibilities.
b. Minimum frequency, scope, and reporting.
c. Documentation expectations.
d. Processes for correcting deficiencies identified during exercises or tests.
e. Communication and connectivity between the entity and third-party service providers.
f. Participation with critical third-party service providers to confirm that entity personnel understand integration with all related recovery processes.",Functional ,Intersects with,6,8,"GV.RR-02.03: Resilience program roles and responsibilities are assigned to management across the organization to ensure risk assessment, planning, testing, and execution coverage for all critical business functions.","GOVERN / Roles, Responsibilities, and Authorities / Risk Management Roles & Responsibilities",GV.RR-02.03
Objective 10: Determine whether the exercise and testing program is sufficient to allow management to assess the entity’s ability to meet its continuity objectives.,FFIEC-BCM-10.08,"8. Determine whether the exercise and test policy is appropriate and includes the following:
a. Key roles and responsibilities.
b. Minimum frequency, scope, and reporting.
c. Documentation expectations.
d. Processes for correcting deficiencies identified during exercises or tests.
e. Communication and connectivity between the entity and third-party service providers.
f. Participation with critical third-party service providers to confirm that entity personnel understand integration with all related recovery processes.",Semantic,Subset of ,7,8,"GV.OV-03.02: Resilience program performance is measured and regularly reported to senior executives and the governing authority (e.g., the Board or one of its committees).",GOVERN / Oversight / Risk Management Performance Measurement,GV.OV-03.02
Objective 10: Determine whether the exercise and testing program is sufficient to allow management to assess the entity’s ability to meet its continuity objectives.,FFIEC-BCM-10.08,"8. Determine whether the exercise and test policy is appropriate and includes the following:
a. Key roles and responsibilities.
b. Minimum frequency, scope, and reporting.
c. Documentation expectations.
d. Processes for correcting deficiencies identified during exercises or tests.
e. Communication and connectivity between the entity and third-party service providers.
f. Participation with critical third-party service providers to confirm that entity personnel understand integration with all related recovery processes.",Functional ,Intersects with,8,8,"ID.IM-04.08: The organization regularly reviews response strategy, incident management plans, recovery plans, and associated tests and exercises and updates them, as necessary, based on:
(1) Lessons learned from incidents that have occurred (both internal and external to the organization);
(2) Current cyber threat intelligence (both internal and external sources);
(3) Recent and wide-scale cyber attack scenarios;
(4) Operationally and technically plausible future cyber attacks;
(5) Organizational or technical environment changes; and,
(6) New technological developments.",IDENTIFY / Improvement / Plans Affecting Operations,ID.IM-04.08
Objective 10: Determine whether the exercise and testing program is sufficient to allow management to assess the entity’s ability to meet its continuity objectives.,FFIEC-BCM-10.08,"8. Determine whether the exercise and test policy is appropriate and includes the following:
a. Key roles and responsibilities.
b. Minimum frequency, scope, and reporting.
c. Documentation expectations.
d. Processes for correcting deficiencies identified during exercises or tests.
e. Communication and connectivity between the entity and third-party service providers.
f. Participation with critical third-party service providers to confirm that entity personnel understand integration with all related recovery processes.",Functional ,Intersects with,7,8,"EX.CN-02.04: Contracts with suppliers address, as relevant to the product or service, the supplier's obligation to regularly participate in joint and/or bilateral recovery exercises and tests, and to address significant issues identified through recovery testing.",EXTEND / Third-Party Contracts and Agreements / Contract Cybersecurity-Related Requirements,EX.CN-02.04
Objective 10: Determine whether the exercise and testing program is sufficient to allow management to assess the entity’s ability to meet its continuity objectives.,FFIEC-BCM-10.08,"8. Determine whether the exercise and test policy is appropriate and includes the following:
a. Key roles and responsibilities.
b. Minimum frequency, scope, and reporting.
c. Documentation expectations.
d. Processes for correcting deficiencies identified during exercises or tests.
e. Communication and connectivity between the entity and third-party service providers.
f. Participation with critical third-party service providers to confirm that entity personnel understand integration with all related recovery processes.",Functional ,Intersects with,7,8,"EX.MM-02.02: A process is in place to confirm that the organization's critical third-party service providers maintain their business continuity programs, conduct regular resiliency testing, and participate in joint and/or bilateral recovery exercises and tests.",EXTEND / Monitoring and Managing Suppliers / Ongoing Third-Party Management,EX.MM-02.02
Objective 10: Determine whether the exercise and testing program is sufficient to allow management to assess the entity’s ability to meet its continuity objectives.,FFIEC-BCM-10.09,"9. Determine whether the exercise and test strategies allow management to demonstrate the entity's ability to support connectivity, functionality, volume, and capacity using alternate facilities. Strategies may include the following:
a. Expectations for individual business lines and use of exercise and testing methodologies and scenarios.
b. Internal and external dependencies, including activities outsourced to domestic and foreign-based third-party service providers.
c. Multi-year plan(s) to execute the specific depth and breadth of exercises and tests, which use different methodologies and scenarios over time.
d. Expectations for testing internal and external recovery dependencies.
e. Assumptions, methodologies, and exercises used to develop the test strategies.
f. Transaction processing and functional testing to assess the recoverability of infrastructure, capacity, and data integrity.",Functional ,Intersects with,5,7,"GV.RM-05.02: The organization establishes minimum requirements for its third-parties that include how the organizations will communicate and coordinate in times of emergency, including:
1) Joint maintenance of contingency plans;
2) Responsibilities for responding to incidents, including forensic investigations;
3) Planning and testing strategies that address severe events in order to identify single points of failure that would cause wide-scale disruption; and
4) Incorporating the potential impact of an incident into their BCM process and ensure resilience capabilities are in place.",GOVERN / Risk Management Strategy / Lines of Communication,GV.RM-05.02
Objective 10: Determine whether the exercise and testing program is sufficient to allow management to assess the entity’s ability to meet its continuity objectives.,FFIEC-BCM-10.09,"9. Determine whether the exercise and test strategies allow management to demonstrate the entity's ability to support connectivity, functionality, volume, and capacity using alternate facilities. Strategies may include the following:
a. Expectations for individual business lines and use of exercise and testing methodologies and scenarios.
b. Internal and external dependencies, including activities outsourced to domestic and foreign-based third-party service providers.
c. Multi-year plan(s) to execute the specific depth and breadth of exercises and tests, which use different methodologies and scenarios over time.
d. Expectations for testing internal and external recovery dependencies.
e. Assumptions, methodologies, and exercises used to develop the test strategies.
f. Transaction processing and functional testing to assess the recoverability of infrastructure, capacity, and data integrity.",Functional ,Intersects with,5,7,"GV.SC-08.01: The organization's resilience strategy, plans, tests, and exercises incorporate its external dependencies and critical business partners.",GOVERN / Supply Chain Risk Management / Third Party Incident Management Integration,GV.SC-08.01
Objective 10: Determine whether the exercise and testing program is sufficient to allow management to assess the entity’s ability to meet its continuity objectives.,FFIEC-BCM-10.09,"9. Determine whether the exercise and test strategies allow management to demonstrate the entity's ability to support connectivity, functionality, volume, and capacity using alternate facilities. Strategies may include the following:
a. Expectations for individual business lines and use of exercise and testing methodologies and scenarios.
b. Internal and external dependencies, including activities outsourced to domestic and foreign-based third-party service providers.
c. Multi-year plan(s) to execute the specific depth and breadth of exercises and tests, which use different methodologies and scenarios over time.
d. Expectations for testing internal and external recovery dependencies.
e. Assumptions, methodologies, and exercises used to develop the test strategies.
f. Transaction processing and functional testing to assess the recoverability of infrastructure, capacity, and data integrity.",Functional ,Intersects with,5,7,"ID.IM-02.04: The organization's testing program validates the effectiveness of its resilience strategy and response, disaster recovery, and resumption plans on a regular basis or upon major changes to business or system functions, and includes external stakeholders as required.",IDENTIFY / Improvement / Tests & Exercises,ID.IM-02.04
Objective 10: Determine whether the exercise and testing program is sufficient to allow management to assess the entity’s ability to meet its continuity objectives.,FFIEC-BCM-10.09,"9. Determine whether the exercise and test strategies allow management to demonstrate the entity's ability to support connectivity, functionality, volume, and capacity using alternate facilities. Strategies may include the following:
a. Expectations for individual business lines and use of exercise and testing methodologies and scenarios.
b. Internal and external dependencies, including activities outsourced to domestic and foreign-based third-party service providers.
c. Multi-year plan(s) to execute the specific depth and breadth of exercises and tests, which use different methodologies and scenarios over time.
d. Expectations for testing internal and external recovery dependencies.
e. Assumptions, methodologies, and exercises used to develop the test strategies.
f. Transaction processing and functional testing to assess the recoverability of infrastructure, capacity, and data integrity.",Functional ,Intersects with,5,7,"ID.IM-02.05: The organization establishes testing programs that include a range of scenarios, including severe but plausible scenarios (e.g., disruptive, destructive, corruptive), that could affect the organization's ability to service internal and external stakeholders.",IDENTIFY / Improvement / Tests & Exercises,ID.IM-02.05
Objective 10: Determine whether the exercise and testing program is sufficient to allow management to assess the entity’s ability to meet its continuity objectives.,FFIEC-BCM-10.09,"9. Determine whether the exercise and test strategies allow management to demonstrate the entity's ability to support connectivity, functionality, volume, and capacity using alternate facilities. Strategies may include the following:
a. Expectations for individual business lines and use of exercise and testing methodologies and scenarios.
b. Internal and external dependencies, including activities outsourced to domestic and foreign-based third-party service providers.
c. Multi-year plan(s) to execute the specific depth and breadth of exercises and tests, which use different methodologies and scenarios over time.
d. Expectations for testing internal and external recovery dependencies.
e. Assumptions, methodologies, and exercises used to develop the test strategies.
f. Transaction processing and functional testing to assess the recoverability of infrastructure, capacity, and data integrity.",Semantic,Subset of ,7,7,"ID.IM-02.06: The organization designs and tests its systems and processes, and employs third-party support resources (e.g., Sheltered Harbor), to enable recovery of accurate data (e.g., material financial transactions) sufficient to support defined business recovery time and recovery point objectives.",IDENTIFY / Improvement / Tests & Exercises,ID.IM-02.06
Objective 10: Determine whether the exercise and testing program is sufficient to allow management to assess the entity’s ability to meet its continuity objectives.,FFIEC-BCM-10.09,"9. Determine whether the exercise and test strategies allow management to demonstrate the entity's ability to support connectivity, functionality, volume, and capacity using alternate facilities. Strategies may include the following:
a. Expectations for individual business lines and use of exercise and testing methodologies and scenarios.
b. Internal and external dependencies, including activities outsourced to domestic and foreign-based third-party service providers.
c. Multi-year plan(s) to execute the specific depth and breadth of exercises and tests, which use different methodologies and scenarios over time.
d. Expectations for testing internal and external recovery dependencies.
e. Assumptions, methodologies, and exercises used to develop the test strategies.
f. Transaction processing and functional testing to assess the recoverability of infrastructure, capacity, and data integrity.",Semantic,Subset of ,6,7,"PR.IR-02.01: The organization designs, documents, implements, tests, and maintains environmental and physical controls to meet defined business resilience requirements (e.g., environmental monitoring, dual power and communication sources, regionally separated backup processing facilities, etc.)",PROTECT / Technology Infrastructure Resilience / Environmental Threat Protections,PR.IR-02.01
Objective 10: Determine whether the exercise and testing program is sufficient to allow management to assess the entity’s ability to meet its continuity objectives.,FFIEC-BCM-10.09,"9. Determine whether the exercise and test strategies allow management to demonstrate the entity's ability to support connectivity, functionality, volume, and capacity using alternate facilities. Strategies may include the following:
a. Expectations for individual business lines and use of exercise and testing methodologies and scenarios.
b. Internal and external dependencies, including activities outsourced to domestic and foreign-based third-party service providers.
c. Multi-year plan(s) to execute the specific depth and breadth of exercises and tests, which use different methodologies and scenarios over time.
d. Expectations for testing internal and external recovery dependencies.
e. Assumptions, methodologies, and exercises used to develop the test strategies.
f. Transaction processing and functional testing to assess the recoverability of infrastructure, capacity, and data integrity.",Semantic,Subset of ,6,7,"PR.IR-03.01:  The organization implements mechanisms (e.g., failsafe, load balancing, hot swaps, redundant equipment, alternate services, backup facilities, etc.) to achieve resilience requirements in normal and adverse situations.",PROTECT / Technology Infrastructure Resilience / Resilience Measures,PR.IR-03.01
Objective 10: Determine whether the exercise and testing program is sufficient to allow management to assess the entity’s ability to meet its continuity objectives.,FFIEC-BCM-10.10,"10. Verify that exercise and test objectives include resilience, system monitoring, and the recovery of business processes and critical system components.",Semantic,Subset of ,9,10,"GV.OC-04.04: The organization prioritizes the resilience design, planning, testing, and monitoring of systems and other key internal and external dependencies according to their criticality to the supported business functions, enterprise mission, and to the financial services sector.",GOVERN / Organizational Context / Stakeholder Service Expectations,GV.OC-04.04
Objective 10: Determine whether the exercise and testing program is sufficient to allow management to assess the entity’s ability to meet its continuity objectives.,FFIEC-BCM-10.10,"10. Verify that exercise and test objectives include resilience, system monitoring, and the recovery of business processes and critical system components.",Semantic,Subset of ,9,10,"ID.IM-02.04: The organization's testing program validates the effectiveness of its resilience strategy and response, disaster recovery, and resumption plans on a regular basis or upon major changes to business or system functions, and includes external stakeholders as required.",IDENTIFY / Improvement / Tests & Exercises,ID.IM-02.04
Objective 10: Determine whether the exercise and testing program is sufficient to allow management to assess the entity’s ability to meet its continuity objectives.,FFIEC-BCM-10.10,"10. Verify that exercise and test objectives include resilience, system monitoring, and the recovery of business processes and critical system components.",Semantic,Subset of ,8,10,"ID.IM-02.06: The organization designs and tests its systems and processes to enable recovery of accurate data (e.g., material financial transactions) sufficient to support defined business recovery time and recovery point objectives.",IDENTIFY / Improvement / Tests & Exercises,ID.IM-02.06
Objective 10: Determine whether the exercise and testing program is sufficient to allow management to assess the entity’s ability to meet its continuity objectives.,FFIEC-BCM-10.10,"10. Verify that exercise and test objectives include resilience, system monitoring, and the recovery of business processes and critical system components.",Semantic,Intersects with,7,10,"ID.IM-02.08: The organization tests and exercises, independently and in coordination with other critical sector partners, its ability to support sector-wide resilience in the event of extreme financial stress or the instability of external dependencies, such as connectivity to markets, payment systems, clearing entities, messaging services, etc.",IDENTIFY / Improvement / Tests & Exercises,ID.IM-02.08
Objective 10: Determine whether the exercise and testing program is sufficient to allow management to assess the entity’s ability to meet its continuity objectives.,FFIEC-BCM-10.11,"11. Verify that exercises and associated tests accomplish the following objectives:
a. Build confidence that resilience and recovery strategies meet business requirements.
b. Demonstrate that critical services can be recovered within agreed upon recovery objectives (RTOs, RPOs, and MTDs) and customer SLAs.
c. Establish that critical services can be restored in the event of an incident at the recovery location.
d. Familiarize staff with recovery processes.
e. Verify that personnel are adequately trained and knowledgeable of recovery plans and procedures.
f. Confirm that exercise and test plans remain compatible with the BCP and the entity's infrastructure.
g. Identify any gaps between business continuity procedures and objectives.",Semantic,Intersects with,7,9,"GV.SC-08.01: The organization's resilience strategy, plans, tests, and exercises incorporate its external dependencies and critical business partners.",GOVERN / Supply Chain Risk Management / Third Party Incident Management Integration,GV.SC-08.01
Objective 10: Determine whether the exercise and testing program is sufficient to allow management to assess the entity’s ability to meet its continuity objectives.,FFIEC-BCM-10.11,"11. Verify that exercises and associated tests accomplish the following objectives:
a. Build confidence that resilience and recovery strategies meet business requirements.
b. Demonstrate that critical services can be recovered within agreed upon recovery objectives (RTOs, RPOs, and MTDs) and customer SLAs.
c. Establish that critical services can be restored in the event of an incident at the recovery location.
d. Familiarize staff with recovery processes.
e. Verify that personnel are adequately trained and knowledgeable of recovery plans and procedures.
f. Confirm that exercise and test plans remain compatible with the BCP and the entity's infrastructure.
g. Identify any gaps between business continuity procedures and objectives.",Semantic,Subset of ,8,9,"ID.IM-02.04: The organization's testing program validates the effectiveness of its resilience strategy and response, disaster recovery, and resumption plans on a regular basis or upon major changes to business or system functions, and includes external stakeholders as required.",IDENTIFY / Improvement / Tests & Exercises,ID.IM-02.04
Objective 10: Determine whether the exercise and testing program is sufficient to allow management to assess the entity’s ability to meet its continuity objectives.,FFIEC-BCM-10.11,"11. Verify that exercises and associated tests accomplish the following objectives:
a. Build confidence that resilience and recovery strategies meet business requirements.
b. Demonstrate that critical services can be recovered within agreed upon recovery objectives (RTOs, RPOs, and MTDs) and customer SLAs.
c. Establish that critical services can be restored in the event of an incident at the recovery location.
d. Familiarize staff with recovery processes.
e. Verify that personnel are adequately trained and knowledgeable of recovery plans and procedures.
f. Confirm that exercise and test plans remain compatible with the BCP and the entity's infrastructure.
g. Identify any gaps between business continuity procedures and objectives.",Semantic,Subset of ,9,9,"ID.IM-02.06: The organization designs and tests its systems and processes, and employs third-party support resources (e.g., Sheltered Harbor), to enable recovery of accurate data (e.g., material financial transactions) sufficient to support defined business recovery time and recovery point objectives.",IDENTIFY / Improvement / Tests & Exercises,ID.IM-02.06
Objective 10: Determine whether the exercise and testing program is sufficient to allow management to assess the entity’s ability to meet its continuity objectives.,FFIEC-BCM-10.11,"11. Verify that exercises and associated tests accomplish the following objectives:
a. Build confidence that resilience and recovery strategies meet business requirements.
b. Demonstrate that critical services can be recovered within agreed upon recovery objectives (RTOs, RPOs, and MTDs) and customer SLAs.
c. Establish that critical services can be restored in the event of an incident at the recovery location.
d. Familiarize staff with recovery processes.
e. Verify that personnel are adequately trained and knowledgeable of recovery plans and procedures.
f. Confirm that exercise and test plans remain compatible with the BCP and the entity's infrastructure.
g. Identify any gaps between business continuity procedures and objectives.",Semantic,Intersects with,8,9,"ID.IM-02.08: The organization tests and exercises, independently and in coordination with other critical sector partners, its ability to support sector-wide resilience in the event of extreme financial stress or the instability of external dependencies, such as connectivity to markets, payment systems, clearing entities, messaging services, etc.",IDENTIFY / Improvement / Tests & Exercises,ID.IM-02.08
Objective 10: Determine whether the exercise and testing program is sufficient to allow management to assess the entity’s ability to meet its continuity objectives.,FFIEC-BCM-10.11,"11. Verify that exercises and associated tests accomplish the following objectives:
a. Build confidence that resilience and recovery strategies meet business requirements.
b. Demonstrate that critical services can be recovered within agreed upon recovery objectives (RTOs, RPOs, and MTDs) and customer SLAs.
c. Establish that critical services can be restored in the event of an incident at the recovery location.
d. Familiarize staff with recovery processes.
e. Verify that personnel are adequately trained and knowledgeable of recovery plans and procedures.
f. Confirm that exercise and test plans remain compatible with the BCP and the entity's infrastructure.
g. Identify any gaps between business continuity procedures and objectives.",Semantic,Subset of ,8,9,"ID.IM-02.09: Corrective actions for gaps identified during security-related, incident management, response plan, and disaster recovery testing are retested and validated, or have a formal risk acceptance or risk exception.",IDENTIFY / Improvement / Tests & Exercises,ID.IM-02.09
Objective 10: Determine whether the exercise and testing program is sufficient to allow management to assess the entity’s ability to meet its continuity objectives.,FFIEC-BCM-10.12,"12. Determine whether management established exercise and test plans, commensurate with the nature, scale, and complexity of the recovery objectives that address the objectives and expectations of the exercise or test and outline the scenario and any assumptions or constraints that may exist. Verify whether exercise and test plans include the following:
a. Identification of roles and responsibilities for participants, support personnel, and observers.
b. Metrics to assess whether objectives are met.
c. A consolidated exercise and test schedule that encompasses all objectives.
d. Specific descriptions of objectives and methods.
e. Roles and responsibilities for all test participants, including support personnel.
f. Identification of decision makers and succession plans.
g. Exercise and test locations to be utilized.
h. Escalation procedures and the ability to adjust for simulated scenarios.
i. Contact information.",Semantic,Subset of ,6,7,"GV.OC-04.04: The organization prioritizes the resilience design, planning, testing, and monitoring of systems and other key internal and external dependencies according to their criticality to the supported business functions, enterprise mission, and to the financial services sector.",GOVERN / Organizational Context / Stakeholder Service Expectations,GV.OC-04.04
Objective 10: Determine whether the exercise and testing program is sufficient to allow management to assess the entity’s ability to meet its continuity objectives.,FFIEC-BCM-10.12,"12. Determine whether management established exercise and test plans, commensurate with the nature, scale, and complexity of the recovery objectives that address the objectives and expectations of the exercise or test and outline the scenario and any assumptions or constraints that may exist. Verify whether exercise and test plans include the following:
a. Identification of roles and responsibilities for participants, support personnel, and observers.
b. Metrics to assess whether objectives are met.
c. A consolidated exercise and test schedule that encompasses all objectives.
d. Specific descriptions of objectives and methods.
e. Roles and responsibilities for all test participants, including support personnel.
f. Identification of decision makers and succession plans.
g. Exercise and test locations to be utilized.
h. Escalation procedures and the ability to adjust for simulated scenarios.
i. Contact information.",Semantic,Intersects with,7,7,"GV.SC-08.01: The organization's resilience strategy, plans, tests, and exercises incorporate its external dependencies and critical business partners.",GOVERN / Supply Chain Risk Management / Third Party Incident Management Integration,GV.SC-08.01
Objective 10: Determine whether the exercise and testing program is sufficient to allow management to assess the entity’s ability to meet its continuity objectives.,FFIEC-BCM-10.12,"12. Determine whether management established exercise and test plans, commensurate with the nature, scale, and complexity of the recovery objectives that address the objectives and expectations of the exercise or test and outline the scenario and any assumptions or constraints that may exist. Verify whether exercise and test plans include the following:
a. Identification of roles and responsibilities for participants, support personnel, and observers.
b. Metrics to assess whether objectives are met.
c. A consolidated exercise and test schedule that encompasses all objectives.
d. Specific descriptions of objectives and methods.
e. Roles and responsibilities for all test participants, including support personnel.
f. Identification of decision makers and succession plans.
g. Exercise and test locations to be utilized.
h. Escalation procedures and the ability to adjust for simulated scenarios.
i. Contact information.",Semantic,Subset of ,7,7,"GV.OV-03.02: Resilience program performance is measured and regularly reported to senior executives and the governing authority (e.g., the Board or one of its committees).",GOVERN / Oversight / Risk Management Performance Measurement,GV.OV-03.02
Objective 10: Determine whether the exercise and testing program is sufficient to allow management to assess the entity’s ability to meet its continuity objectives.,FFIEC-BCM-10.12,"12. Determine whether management established exercise and test plans, commensurate with the nature, scale, and complexity of the recovery objectives that address the objectives and expectations of the exercise or test and outline the scenario and any assumptions or constraints that may exist. Verify whether exercise and test plans include the following:
a. Identification of roles and responsibilities for participants, support personnel, and observers.
b. Metrics to assess whether objectives are met.
c. A consolidated exercise and test schedule that encompasses all objectives.
d. Specific descriptions of objectives and methods.
e. Roles and responsibilities for all test participants, including support personnel.
f. Identification of decision makers and succession plans.
g. Exercise and test locations to be utilized.
h. Escalation procedures and the ability to adjust for simulated scenarios.
i. Contact information.",Semantic,Subset of ,7,7,"ID.IM-02.04: The organization's testing program validates the effectiveness of its resilience strategy and response, disaster recovery, and resumption plans on a regular basis or upon major changes to business or system functions, and includes external stakeholders as required.",IDENTIFY / Improvement / Tests & Exercises,ID.IM-02.04
Objective 10: Determine whether the exercise and testing program is sufficient to allow management to assess the entity’s ability to meet its continuity objectives.,FFIEC-BCM-10.12,"12. Determine whether management established exercise and test plans, commensurate with the nature, scale, and complexity of the recovery objectives that address the objectives and expectations of the exercise or test and outline the scenario and any assumptions or constraints that may exist. Verify whether exercise and test plans include the following:
a. Identification of roles and responsibilities for participants, support personnel, and observers.
b. Metrics to assess whether objectives are met.
c. A consolidated exercise and test schedule that encompasses all objectives.
d. Specific descriptions of objectives and methods.
e. Roles and responsibilities for all test participants, including support personnel.
f. Identification of decision makers and succession plans.
g. Exercise and test locations to be utilized.
h. Escalation procedures and the ability to adjust for simulated scenarios.
i. Contact information.",Semantic,Subset of ,7,7,"ID.IM-02.06: The organization designs and tests its systems and processes, and employs third-party support resources (e.g., Sheltered Harbor), to enable recovery of accurate data (e.g., material financial transactions) sufficient to support defined business recovery time and recovery point objectives.",IDENTIFY / Improvement / Tests & Exercises,ID.IM-02.06
Objective 10: Determine whether the exercise and testing program is sufficient to allow management to assess the entity’s ability to meet its continuity objectives.,FFIEC-BCM-10.12,"12. Determine whether management established exercise and test plans, commensurate with the nature, scale, and complexity of the recovery objectives that address the objectives and expectations of the exercise or test and outline the scenario and any assumptions or constraints that may exist. Verify whether exercise and test plans include the following:
a. Identification of roles and responsibilities for participants, support personnel, and observers.
b. Metrics to assess whether objectives are met.
c. A consolidated exercise and test schedule that encompasses all objectives.
d. Specific descriptions of objectives and methods.
e. Roles and responsibilities for all test participants, including support personnel.
f. Identification of decision makers and succession plans.
g. Exercise and test locations to be utilized.
h. Escalation procedures and the ability to adjust for simulated scenarios.
i. Contact information.",Semantic,Subset of ,7,7,"ID.IM-02.07: The organization's governing body (e.g., the Board or one of its committees) and senior management are involved in testing as part of a crisis management team and are informed of test results.",IDENTIFY / Improvement / Tests & Exercises,ID.IM-02.07
Objective 10: Determine whether the exercise and testing program is sufficient to allow management to assess the entity’s ability to meet its continuity objectives.,FFIEC-BCM-10.12,"12. Determine whether management established exercise and test plans, commensurate with the nature, scale, and complexity of the recovery objectives that address the objectives and expectations of the exercise or test and outline the scenario and any assumptions or constraints that may exist. Verify whether exercise and test plans include the following:
a. Identification of roles and responsibilities for participants, support personnel, and observers.
b. Metrics to assess whether objectives are met.
c. A consolidated exercise and test schedule that encompasses all objectives.
d. Specific descriptions of objectives and methods.
e. Roles and responsibilities for all test participants, including support personnel.
f. Identification of decision makers and succession plans.
g. Exercise and test locations to be utilized.
h. Escalation procedures and the ability to adjust for simulated scenarios.
i. Contact information.",Semantic,Subset of ,7,7,"ID.IM-02.08: The organization tests and exercises, independently and in coordination with other critical sector partners, its ability to support sector-wide resilience in the event of extreme financial stress or the instability of external dependencies, such as connectivity to markets, payment systems, clearing entities, messaging services, etc.",IDENTIFY / Improvement / Tests & Exercises,ID.IM-02.08
Objective 10: Determine whether the exercise and testing program is sufficient to allow management to assess the entity’s ability to meet its continuity objectives.,FFIEC-BCM-10.12,"12. Determine whether management established exercise and test plans, commensurate with the nature, scale, and complexity of the recovery objectives that address the objectives and expectations of the exercise or test and outline the scenario and any assumptions or constraints that may exist. Verify whether exercise and test plans include the following:
a. Identification of roles and responsibilities for participants, support personnel, and observers.
b. Metrics to assess whether objectives are met.
c. A consolidated exercise and test schedule that encompasses all objectives.
d. Specific descriptions of objectives and methods.
e. Roles and responsibilities for all test participants, including support personnel.
f. Identification of decision makers and succession plans.
g. Exercise and test locations to be utilized.
h. Escalation procedures and the ability to adjust for simulated scenarios.
i. Contact information.",Functional ,Intersects with,5,7,"ID.IM-04.02: The organization's incident response and business continuity plans contain clearly defined roles, responsibilities, and levels of decision-making authority, and include all needed areas of participation and expertise across the organization and key third-parties.",IDENTIFY / Improvement / Plans Affecting Operations,ID.IM-04.02
Objective 10: Determine whether the exercise and testing program is sufficient to allow management to assess the entity’s ability to meet its continuity objectives.,FFIEC-BCM-10.12,"12. Determine whether management established exercise and test plans, commensurate with the nature, scale, and complexity of the recovery objectives that address the objectives and expectations of the exercise or test and outline the scenario and any assumptions or constraints that may exist. Verify whether exercise and test plans include the following:
a. Identification of roles and responsibilities for participants, support personnel, and observers.
b. Metrics to assess whether objectives are met.
c. A consolidated exercise and test schedule that encompasses all objectives.
d. Specific descriptions of objectives and methods.
e. Roles and responsibilities for all test participants, including support personnel.
f. Identification of decision makers and succession plans.
g. Exercise and test locations to be utilized.
h. Escalation procedures and the ability to adjust for simulated scenarios.
i. Contact information.",Functional ,Intersects with,6,7,"RS.CO-02.03: The organization maintains and regularly tests incident response communication procedures, with associated contact lists, call trees, and automatic notifications, to quickly coordinate and communicate with internal and external stakeholders during or following an incident.",RESPOND / Incident Response Reporting and Communication / Stakeholder Incident Notification,RS.CO-02.03
Objective 10: Determine whether the exercise and testing program is sufficient to allow management to assess the entity’s ability to meet its continuity objectives.,FFIEC-BCM-10.13,"13. Determine whether management developed reasonably foreseeable threat scenarios that simulate disruptions in business functions and the ability to meet both business requirements and customer expectations. Management should:
a. Identify and document assumptions used in developing each scenario.
b. Develop scenarios that include threats that could affect third-party service providers, including communication processes with applicable stakeholders.
c. Develop exercises that demonstrate not only the ability to failover to an alternate site but also validate recovery objectives.
d. Create scenarios that include only the data and systems that would be available for recovery.",Semantic,Intersects with,6,9,"ID.RA-03.04: The organization regularly reviews and updates its threat analysis methodology, threat information sources, and supporting tools.",IDENTIFY / Risk Assessment / Threat Identification,ID.RA-03.04
Objective 10: Determine whether the exercise and testing program is sufficient to allow management to assess the entity’s ability to meet its continuity objectives.,FFIEC-BCM-10.13,"13. Determine whether management developed reasonably foreseeable threat scenarios that simulate disruptions in business functions and the ability to meet both business requirements and customer expectations. Management should:
a. Identify and document assumptions used in developing each scenario.
b. Develop scenarios that include threats that could affect third-party service providers, including communication processes with applicable stakeholders.
c. Develop exercises that demonstrate not only the ability to failover to an alternate site but also validate recovery objectives.
d. Create scenarios that include only the data and systems that would be available for recovery.",Semantic,Subset of ,8,9,"ID.RA-05.04: The organization uses scenario planning, table-top-exercises, or similar event analysis techniques to identify vulnerabilities and determine potential impacts to critical infrastructure, technology, and business processes.",IDENTIFY / Risk Assessment / Risk Exposure Determination & Prioritization,ID.RA-05.04
Objective 10: Determine whether the exercise and testing program is sufficient to allow management to assess the entity’s ability to meet its continuity objectives.,FFIEC-BCM-10.13,"13. Determine whether management developed reasonably foreseeable threat scenarios that simulate disruptions in business functions and the ability to meet both business requirements and customer expectations. Management should:
a. Identify and document assumptions used in developing each scenario.
b. Develop scenarios that include threats that could affect third-party service providers, including communication processes with applicable stakeholders.
c. Develop exercises that demonstrate not only the ability to failover to an alternate site but also validate recovery objectives.
d. Create scenarios that include only the data and systems that would be available for recovery.",Semantic,Subset of ,8,9,"ID.RA-06.04: The organization assesses the threats, impacts, and risks that could adversely affect the organization's ability to provide services on an ongoing basis, and develops its resilience requirements and plans to address those risks.",IDENTIFY / Risk Assessment / Risk Response Determination,ID.RA-06.04
Objective 10: Determine whether the exercise and testing program is sufficient to allow management to assess the entity’s ability to meet its continuity objectives.,FFIEC-BCM-10.13,"13. Determine whether management developed reasonably foreseeable threat scenarios that simulate disruptions in business functions and the ability to meet both business requirements and customer expectations. Management should:
a. Identify and document assumptions used in developing each scenario.
b. Develop scenarios that include threats that could affect third-party service providers, including communication processes with applicable stakeholders.
c. Develop exercises that demonstrate not only the ability to failover to an alternate site but also validate recovery objectives.
d. Create scenarios that include only the data and systems that would be available for recovery.",Semantic,Subset of ,8,9,"ID.IM-02.03: The organization tests and validates the effectiveness of the incident detection, reporting, and communication processes and protocols with internal and external stakeholders.",IDENTIFY / Improvement / Tests & Exercises,ID.IM-02.03
Objective 10: Determine whether the exercise and testing program is sufficient to allow management to assess the entity’s ability to meet its continuity objectives.,FFIEC-BCM-10.13,"13. Determine whether management developed reasonably foreseeable threat scenarios that simulate disruptions in business functions and the ability to meet both business requirements and customer expectations. Management should:
a. Identify and document assumptions used in developing each scenario.
b. Develop scenarios that include threats that could affect third-party service providers, including communication processes with applicable stakeholders.
c. Develop exercises that demonstrate not only the ability to failover to an alternate site but also validate recovery objectives.
d. Create scenarios that include only the data and systems that would be available for recovery.",Semantic,Subset of ,8,9,"ID.IM-02.05: The organization establishes testing programs that include a range of scenarios, including severe but plausible scenarios (e.g., disruptive, destructive, corruptive), that could affect the organization's ability to service internal and external stakeholders.",IDENTIFY / Improvement / Tests & Exercises,ID.IM-02.05
Objective 10: Determine whether the exercise and testing program is sufficient to allow management to assess the entity’s ability to meet its continuity objectives.,FFIEC-BCM-10.13,"13. Determine whether management developed reasonably foreseeable threat scenarios that simulate disruptions in business functions and the ability to meet both business requirements and customer expectations. Management should:
a. Identify and document assumptions used in developing each scenario.
b. Develop scenarios that include threats that could affect third-party service providers, including communication processes with applicable stakeholders.
c. Develop exercises that demonstrate not only the ability to failover to an alternate site but also validate recovery objectives.
d. Create scenarios that include only the data and systems that would be available for recovery.",Semantic,Subset of ,8,9,"ID.IM-02.06: The organization designs and tests its systems and processes to enable recovery of accurate data (e.g., material financial transactions) sufficient to support defined business recovery time and recovery point objectives.",IDENTIFY / Improvement / Tests & Exercises,ID.IM-02.06
Objective 10: Determine whether the exercise and testing program is sufficient to allow management to assess the entity’s ability to meet its continuity objectives.,FFIEC-BCM-10.13,"13. Determine whether management developed reasonably foreseeable threat scenarios that simulate disruptions in business functions and the ability to meet both business requirements and customer expectations. Management should:
a. Identify and document assumptions used in developing each scenario.
b. Develop scenarios that include threats that could affect third-party service providers, including communication processes with applicable stakeholders.
c. Develop exercises that demonstrate not only the ability to failover to an alternate site but also validate recovery objectives.
d. Create scenarios that include only the data and systems that would be available for recovery.",Semantic,Subset of ,8,9,"ID.IM-02.08: The organization tests and exercises, independently and in coordination with other critical sector partners, its ability to support sector-wide resilience in the event of extreme financial stress or the instability of external dependencies, such as connectivity to markets, payment systems, clearing entities, messaging services, etc.",IDENTIFY / Improvement / Tests & Exercises,ID.IM-02.08
Objective 10: Determine whether the exercise and testing program is sufficient to allow management to assess the entity’s ability to meet its continuity objectives.,FFIEC-BCM-10.13,"13. Determine whether management developed reasonably foreseeable threat scenarios that simulate disruptions in business functions and the ability to meet both business requirements and customer expectations. Management should:
a. Identify and document assumptions used in developing each scenario.
b. Develop scenarios that include threats that could affect third-party service providers, including communication processes with applicable stakeholders.
c. Develop exercises that demonstrate not only the ability to failover to an alternate site but also validate recovery objectives.
d. Create scenarios that include only the data and systems that would be available for recovery.",Semantic,Intersects with,5,9,EX.TR-01.02: The organization periodically identifies and tests alternative solutions in case a critical external partner fails to perform as expected.,EXTEND / Relationship Termination / Termination Planning,EX.TR-01.02
Objective 10: Determine whether the exercise and testing program is sufficient to allow management to assess the entity’s ability to meet its continuity objectives.,FFIEC-BCM-10.14,"14. Verify that exercise and test scripts document the procedures for executing the exercise or test, which may include:
a. Applications, business processes, systems, or facilities reviewed.
b. Sequential steps for employees or external parties to perform.
c. Procedures to guide manual work-around processes.
d. A detailed schedule for completion.
e. Methods for participants to record results, quantifiable metrics, and any issues.",Semantic,Intersects with,5,5,"ID.IM-02.05: The organization establishes testing programs that include a range of scenarios, including severe but plausible scenarios (e.g., disruptive, destructive, corruptive), that could affect the organization's ability to service internal and external stakeholders.",IDENTIFY / Improvement / Tests & Exercises,ID.IM-02.05
Objective 10: Determine whether the exercise and testing program is sufficient to allow management to assess the entity’s ability to meet its continuity objectives.,FFIEC-BCM-10.14,"14. Verify that exercise and test scripts document the procedures for executing the exercise or test, which may include:
a. Applications, business processes, systems, or facilities reviewed.
b. Sequential steps for employees or external parties to perform.
c. Procedures to guide manual work-around processes.
d. A detailed schedule for completion.
e. Methods for participants to record results, quantifiable metrics, and any issues.",Semantic,Intersects with,5,5,"ID.IM-02.06: The organization designs and tests its systems and processes to enable recovery of accurate data (e.g., material financial transactions) sufficient to support defined business recovery time and recovery point objectives.",IDENTIFY / Improvement / Tests & Exercises,ID.IM-02.06
Objective 10: Determine whether the exercise and testing program is sufficient to allow management to assess the entity’s ability to meet its continuity objectives.,FFIEC-BCM-10.15,"15. Assess whether exercise and test methods are commensurate with the size and complexity of the entity and the criticality of the function to the entity. Verify that exercises and tests are designed to do following:
a. Validate personnel knowledge and skills, including backup responsibilities.
b. Operate and perform duties (e.g., daily, quarterly, annually) from an alternate site.
c. Process transactions and assess system functionality.
d. Test the viability of both full and incremental backups.
e. Test network connectivity and interdependencies, including those with critical third-party service providers.",Semantic,Subset of ,9,9,"GV.OC-04.04: The organization prioritizes the resilience design, planning, testing, and monitoring of systems and other key internal and external dependencies according to their criticality to the supported business functions, enterprise mission, and to the financial services sector.",GOVERN / Organizational Context / Stakeholder Service Expectations,GV.OC-04.04
Objective 10: Determine whether the exercise and testing program is sufficient to allow management to assess the entity’s ability to meet its continuity objectives.,FFIEC-BCM-10.15,"15. Assess whether exercise and test methods are commensurate with the size and complexity of the entity and the criticality of the function to the entity. Verify that exercises and tests are designed to do following:
a. Validate personnel knowledge and skills, including backup responsibilities.
b. Operate and perform duties (e.g., daily, quarterly, annually) from an alternate site.
c. Process transactions and assess system functionality.
d. Test the viability of both full and incremental backups.
e. Test network connectivity and interdependencies, including those with critical third-party service providers.",Semantic,Subset of ,8,9,"ID.IM-02.06: The organization designs and tests its systems and processes, and employs third-party support resources (e.g., Sheltered Harbor), to enable recovery of accurate data (e.g., material financial transactions) sufficient to support defined business recovery time and recovery point objectives.",IDENTIFY / Improvement / Tests & Exercises,ID.IM-02.06
Objective 10: Determine whether the exercise and testing program is sufficient to allow management to assess the entity’s ability to meet its continuity objectives.,FFIEC-BCM-10.15,"15. Assess whether exercise and test methods are commensurate with the size and complexity of the entity and the criticality of the function to the entity. Verify that exercises and tests are designed to do following:
a. Validate personnel knowledge and skills, including backup responsibilities.
b. Operate and perform duties (e.g., daily, quarterly, annually) from an alternate site.
c. Process transactions and assess system functionality.
d. Test the viability of both full and incremental backups.
e. Test network connectivity and interdependencies, including those with critical third-party service providers.",Semantic,Subset of ,9,9,"ID.IM-02.08: The organization tests and exercises, independently and in coordination with other critical sector partners, its ability to support sector-wide resilience in the event of extreme financial stress or the instability of external dependencies, such as connectivity to markets, payment systems, clearing entities, messaging services, etc.",IDENTIFY / Improvement / Tests & Exercises,ID.IM-02.08
Objective 10: Determine whether the exercise and testing program is sufficient to allow management to assess the entity’s ability to meet its continuity objectives.,FFIEC-BCM-10.15,"15. Assess whether exercise and test methods are commensurate with the size and complexity of the entity and the criticality of the function to the entity. Verify that exercises and tests are designed to do following:
a. Validate personnel knowledge and skills, including backup responsibilities.
b. Operate and perform duties (e.g., daily, quarterly, annually) from an alternate site.
c. Process transactions and assess system functionality.
d. Test the viability of both full and incremental backups.
e. Test network connectivity and interdependencies, including those with critical third-party service providers.",Semantic,Subset of ,9,9,"PR.DS-11.01: The organization defines and implements standards and procedures for configuring and performing backups and data replications, including defining backup requirements by data/application/infrastructure criticality, segregating (e.g., air-gapping) and securing backups, verifying backup integrity, and performing backup restoration testing.",PROTECT / Data Security / Data Backup,PR.DS-11.01
Objective 10: Determine whether the exercise and testing program is sufficient to allow management to assess the entity’s ability to meet its continuity objectives.,FFIEC-BCM-10.15,"15. Assess whether exercise and test methods are commensurate with the size and complexity of the entity and the criticality of the function to the entity. Verify that exercises and tests are designed to do following:
a. Validate personnel knowledge and skills, including backup responsibilities.
b. Operate and perform duties (e.g., daily, quarterly, annually) from an alternate site.
c. Process transactions and assess system functionality.
d. Test the viability of both full and incremental backups.
e. Test network connectivity and interdependencies, including those with critical third-party service providers.",Functional ,Intersects with,5,9,EX.TR-01.02: The organization periodically identifies and tests alternative solutions in case a critical external partner fails to perform as expected.,EXTEND / Relationship Termination / Termination Planning,EX.TR-01.02
Objective 10: Determine whether the exercise and testing program is sufficient to allow management to assess the entity’s ability to meet its continuity objectives.,FFIEC-BCM-10.16,"16. If management performs full-scale exercises, verify whether the exercise includes the following, where appropriate:
a. Engaging personnel from all business units to participate and interact with internal and external management response teams.
b. Validating that the crisis/emergency management process is operating as designed.
c. Verifying personnel knowledge and skills.
d. Validating management response and decision-making capability.
e. Demonstrating coordination among participants and decision makers.
f. Validating communication protocols.
g. Conducting activities at alternate locations or facilities.
h. Processing data using backup media or alternative methods.
i. Completing actual transactional volumes or an illustrative subset.
j. Performing recovery exercises over a sufficient length of time to allow issues to unfold as they would in a crisis.",Semantic,Subset of ,8,8,"ID.IM-02.04: The organization's testing program validates the effectiveness of its resilience strategy and response, disaster recovery, and resumption plans on a regular basis or upon major changes to business or system functions, and includes external stakeholders as required.",IDENTIFY / Improvement / Tests & Exercises,ID.IM-02.04
Objective 10: Determine whether the exercise and testing program is sufficient to allow management to assess the entity’s ability to meet its continuity objectives.,FFIEC-BCM-10.16,"16. If management performs full-scale exercises, verify whether the exercise includes the following, where appropriate:
a. Engaging personnel from all business units to participate and interact with internal and external management response teams.
b. Validating that the crisis/emergency management process is operating as designed.
c. Verifying personnel knowledge and skills.
d. Validating management response and decision-making capability.
e. Demonstrating coordination among participants and decision makers.
f. Validating communication protocols.
g. Conducting activities at alternate locations or facilities.
h. Processing data using backup media or alternative methods.
i. Completing actual transactional volumes or an illustrative subset.
j. Performing recovery exercises over a sufficient length of time to allow issues to unfold as they would in a crisis.",Semantic,Subset of ,8,8,"ID.IM-02.06: The organization designs and tests its systems and processes, and employs third-party support resources (e.g., Sheltered Harbor), to enable recovery of accurate data (e.g., material financial transactions) sufficient to support defined business recovery time and recovery point objectives.",IDENTIFY / Improvement / Tests & Exercises,ID.IM-02.06
Objective 10: Determine whether the exercise and testing program is sufficient to allow management to assess the entity’s ability to meet its continuity objectives.,FFIEC-BCM-10.16,"16. If management performs full-scale exercises, verify whether the exercise includes the following, where appropriate:
a. Engaging personnel from all business units to participate and interact with internal and external management response teams.
b. Validating that the crisis/emergency management process is operating as designed.
c. Verifying personnel knowledge and skills.
d. Validating management response and decision-making capability.
e. Demonstrating coordination among participants and decision makers.
f. Validating communication protocols.
g. Conducting activities at alternate locations or facilities.
h. Processing data using backup media or alternative methods.
i. Completing actual transactional volumes or an illustrative subset.
j. Performing recovery exercises over a sufficient length of time to allow issues to unfold as they would in a crisis.",Semantic,Subset of ,8,8,"ID.IM-04.03: Recovery plans include service resumption steps for all operating environments, including traditional, alternate recovery, and highly available (e.g., cloud) infrastructures.",IDENTIFY / Improvement / Plans Affecting Operations,ID.IM-04.03
Objective 10: Determine whether the exercise and testing program is sufficient to allow management to assess the entity’s ability to meet its continuity objectives.,FFIEC-BCM-10.16,"16. If management performs full-scale exercises, verify whether the exercise includes the following, where appropriate:
a. Engaging personnel from all business units to participate and interact with internal and external management response teams.
b. Validating that the crisis/emergency management process is operating as designed.
c. Verifying personnel knowledge and skills.
d. Validating management response and decision-making capability.
e. Demonstrating coordination among participants and decision makers.
f. Validating communication protocols.
g. Conducting activities at alternate locations or facilities.
h. Processing data using backup media or alternative methods.
i. Completing actual transactional volumes or an illustrative subset.
j. Performing recovery exercises over a sufficient length of time to allow issues to unfold as they would in a crisis.",Functional ,Intersects with,5,8,"PR.AT-02.01: Mechanisms are in place to ensure that the personnel working with cybersecurity and technology (e.g., developers, DBAs, network admins, etc.) maintain current knowledge and skills related to changing threats, countermeasures, new tools, best practices, and their job responsibilities.",PROTECT / Awareness and Training / Specialized Role Awareness & Training,PR.AT-02.01
Objective 10: Determine whether the exercise and testing program is sufficient to allow management to assess the entity’s ability to meet its continuity objectives.,FFIEC-BCM-10.16,"16. If management performs full-scale exercises, verify whether the exercise includes the following, where appropriate:
a. Engaging personnel from all business units to participate and interact with internal and external management response teams.
b. Validating that the crisis/emergency management process is operating as designed.
c. Verifying personnel knowledge and skills.
d. Validating management response and decision-making capability.
e. Demonstrating coordination among participants and decision makers.
f. Validating communication protocols.
g. Conducting activities at alternate locations or facilities.
h. Processing data using backup media or alternative methods.
i. Completing actual transactional volumes or an illustrative subset.
j. Performing recovery exercises over a sufficient length of time to allow issues to unfold as they would in a crisis.",Semantic,Subset of ,8,8,"PR.DS-11.01: The organization defines and implements standards and procedures for configuring and performing backups and data replications, including defining backup requirements by data/application/infrastructure criticality, segregating (e.g., air-gapping) and securing backups, verifying backup integrity, and performing backup restoration testing.",PROTECT / Data Security / Data Backup,PR.DS-11.01
Objective 10: Determine whether the exercise and testing program is sufficient to allow management to assess the entity’s ability to meet its continuity objectives.,FFIEC-BCM-10.16,"16. If management performs full-scale exercises, verify whether the exercise includes the following, where appropriate:
a. Engaging personnel from all business units to participate and interact with internal and external management response teams.
b. Validating that the crisis/emergency management process is operating as designed.
c. Verifying personnel knowledge and skills.
d. Validating management response and decision-making capability.
e. Demonstrating coordination among participants and decision makers.
f. Validating communication protocols.
g. Conducting activities at alternate locations or facilities.
h. Processing data using backup media or alternative methods.
i. Completing actual transactional volumes or an illustrative subset.
j. Performing recovery exercises over a sufficient length of time to allow issues to unfold as they would in a crisis.",Functional ,Intersects with,7,8,"PR.IR-02.01: The organization designs, documents, implements, tests, and maintains environmental and physical controls to meet defined business resilience requirements (e.g., environmental monitoring, dual power and communication sources, regionally separated backup processing facilities, etc.)",PROTECT / Technology Infrastructure Resilience / Environmental Threat Protections,PR.IR-02.01
Objective 10: Determine whether the exercise and testing program is sufficient to allow management to assess the entity’s ability to meet its continuity objectives.,FFIEC-BCM-10.16,"16. If management performs full-scale exercises, verify whether the exercise includes the following, where appropriate:
a. Engaging personnel from all business units to participate and interact with internal and external management response teams.
b. Validating that the crisis/emergency management process is operating as designed.
c. Verifying personnel knowledge and skills.
d. Validating management response and decision-making capability.
e. Demonstrating coordination among participants and decision makers.
f. Validating communication protocols.
g. Conducting activities at alternate locations or facilities.
h. Processing data using backup media or alternative methods.
i. Completing actual transactional volumes or an illustrative subset.
j. Performing recovery exercises over a sufficient length of time to allow issues to unfold as they would in a crisis.",Functional ,Intersects with,7,8,"RS.CO-02.03: The organization maintains and regularly tests incident response communication procedures, with associated contact lists, call trees, and automatic notifications, to quickly coordinate and communicate with internal and external stakeholders during or following an incident.",RESPOND / Incident Response Reporting and Communication / Stakeholder Incident Notification,RS.CO-02.03
Objective 10: Determine whether the exercise and testing program is sufficient to allow management to assess the entity’s ability to meet its continuity objectives.,FFIEC-BCM-10.16,"16. If management performs full-scale exercises, verify whether the exercise includes the following, where appropriate:
a. Engaging personnel from all business units to participate and interact with internal and external management response teams.
b. Validating that the crisis/emergency management process is operating as designed.
c. Verifying personnel knowledge and skills.
d. Validating management response and decision-making capability.
e. Demonstrating coordination among participants and decision makers.
f. Validating communication protocols.
g. Conducting activities at alternate locations or facilities.
h. Processing data using backup media or alternative methods.
i. Completing actual transactional volumes or an illustrative subset.
j. Performing recovery exercises over a sufficient length of time to allow issues to unfold as they would in a crisis.",Functional ,Intersects with,7,8,"RC.RP-03.01: Restoration steps include the verification of backups, data replications, system images, and other restoration assets prior to continued use.",RECOVER / Incident Recovery Plan Execution / Backup & Restoration Asset Integrity,RC.RP-03.01
Objective 10: Determine whether the exercise and testing program is sufficient to allow management to assess the entity’s ability to meet its continuity objectives.,FFIEC-BCM-10.17,"17. If management performs limited-scale exercises, verify whether the exercise includes the following, where appropriate:
a. Implementing a plan appropriate to the scenario.
b. Verifying personnel knowledge and skills.
c. Validating management response and decision-making capability.
d. Executing on-the-scene coordination and decision-making roles.
e. Verifying whether participants can connect to alternate system(s).
f. Conducting activities at alternate locations or facilities.
g. Testing communication and remote access capability (e.g., switching to alternate equipment or telecommuting).",Semantic,Subset of ,6,6,"ID.IM-02.03: The organization tests and validates the effectiveness of the incident detection, reporting, and communication processes and protocols with internal and external stakeholders.",IDENTIFY / Improvement / Tests & Exercises,ID.IM-02.03
Objective 10: Determine whether the exercise and testing program is sufficient to allow management to assess the entity’s ability to meet its continuity objectives.,FFIEC-BCM-10.17,"17. If management performs limited-scale exercises, verify whether the exercise includes the following, where appropriate:
a. Implementing a plan appropriate to the scenario.
b. Verifying personnel knowledge and skills.
c. Validating management response and decision-making capability.
d. Executing on-the-scene coordination and decision-making roles.
e. Verifying whether participants can connect to alternate system(s).
f. Conducting activities at alternate locations or facilities.
g. Testing communication and remote access capability (e.g., switching to alternate equipment or telecommuting).",Semantic,Subset of ,6,6,"ID.IM-02.04: The organization's testing program validates the effectiveness of its resilience strategy and response, disaster recovery, and resumption plans on a regular basis or upon major changes to business or system functions, and includes external stakeholders as required.",IDENTIFY / Improvement / Tests & Exercises,ID.IM-02.04
Objective 10: Determine whether the exercise and testing program is sufficient to allow management to assess the entity’s ability to meet its continuity objectives.,FFIEC-BCM-10.17,"17. If management performs limited-scale exercises, verify whether the exercise includes the following, where appropriate:
a. Implementing a plan appropriate to the scenario.
b. Verifying personnel knowledge and skills.
c. Validating management response and decision-making capability.
d. Executing on-the-scene coordination and decision-making roles.
e. Verifying whether participants can connect to alternate system(s).
f. Conducting activities at alternate locations or facilities.
g. Testing communication and remote access capability (e.g., switching to alternate equipment or telecommuting).",Semantic,Subset of ,6,6,"ID.IM-02.05: The organization establishes testing programs that include a range of scenarios, including severe but plausible scenarios (e.g., disruptive, destructive, corruptive), that could affect the organization's ability to service internal and external stakeholders.",IDENTIFY / Improvement / Tests & Exercises,ID.IM-02.05
Objective 10: Determine whether the exercise and testing program is sufficient to allow management to assess the entity’s ability to meet its continuity objectives.,FFIEC-BCM-10.17,"17. If management performs limited-scale exercises, verify whether the exercise includes the following, where appropriate:
a. Implementing a plan appropriate to the scenario.
b. Verifying personnel knowledge and skills.
c. Validating management response and decision-making capability.
d. Executing on-the-scene coordination and decision-making roles.
e. Verifying whether participants can connect to alternate system(s).
f. Conducting activities at alternate locations or facilities.
g. Testing communication and remote access capability (e.g., switching to alternate equipment or telecommuting).",Functional ,Intersects with,5,6,"ID.IM-02.09: Corrective actions for gaps identified during security-related, incident management, response plan, and disaster recovery testing are retested and validated, or have a formal risk acceptance or risk exception.",IDENTIFY / Improvement / Tests & Exercises,ID.IM-02.09
Objective 10: Determine whether the exercise and testing program is sufficient to allow management to assess the entity’s ability to meet its continuity objectives.,FFIEC-BCM-10.17,"17. If management performs limited-scale exercises, verify whether the exercise includes the following, where appropriate:
a. Implementing a plan appropriate to the scenario.
b. Verifying personnel knowledge and skills.
c. Validating management response and decision-making capability.
d. Executing on-the-scene coordination and decision-making roles.
e. Verifying whether participants can connect to alternate system(s).
f. Conducting activities at alternate locations or facilities.
g. Testing communication and remote access capability (e.g., switching to alternate equipment or telecommuting).",Functional ,Intersects with,5,6,"PR.AT-02.01: Mechanisms are in place to ensure that the personnel working with cybersecurity and technology (e.g., developers, DBAs, network admins, etc.) maintain current knowledge and skills related to changing threats, countermeasures, new tools, best practices, and their job responsibilities.",PROTECT / Awareness and Training / Specialized Role Awareness & Training,PR.AT-02.01
Objective 10: Determine whether the exercise and testing program is sufficient to allow management to assess the entity’s ability to meet its continuity objectives.,FFIEC-BCM-10.17,"17. If management performs limited-scale exercises, verify whether the exercise includes the following, where appropriate:
a. Implementing a plan appropriate to the scenario.
b. Verifying personnel knowledge and skills.
c. Validating management response and decision-making capability.
d. Executing on-the-scene coordination and decision-making roles.
e. Verifying whether participants can connect to alternate system(s).
f. Conducting activities at alternate locations or facilities.
g. Testing communication and remote access capability (e.g., switching to alternate equipment or telecommuting).",Functional ,Intersects with,8,6,"RS.CO-02.03: The organization maintains and regularly tests incident response communication procedures, with associated contact lists, call trees, and automatic notifications, to quickly coordinate and communicate with internal and external stakeholders during or following an incident.",RESPOND / Incident Response Reporting and Communication / Stakeholder Incident Notification,RS.CO-02.03
Objective 10: Determine whether the exercise and testing program is sufficient to allow management to assess the entity’s ability to meet its continuity objectives.,FFIEC-BCM-10.18,"18. If management performs tabletop exercises, determine whether targeted plans and procedures are reasonable, personnel understand their responsibilities, and different departmental or business unit plans are compatible with each other. (By themselves, tabletop exercises are likely insufficient to validate recovery capabilities because they are limited to a discussion-based analysis of policies and procedures.) Tabletop exercises may include the following:
a. Engaging operational and support personnel who are responsible for implementing the BCP.
b. Practicing and validating specific functional response capabilities.
c. Demonstrating knowledge and skills, as well as team interaction and decision-making capabilities.
d. Role playing with simulated responses, evaluating critical steps, recognizing difficulties, and resolving problems.
e. Clarifying critical plan elements, as well as problems noted during exercises.
f. Creating action plans to correct issues.",Functional ,Intersects with,6,7,"ID.RA-05.04: The organization uses scenario planning, table-top-exercises, or similar event analysis techniques to identify vulnerabilities and determine potential impacts to critical infrastructure, technology, and business processes.",IDENTIFY / Risk Assessment / Risk Exposure Determination & Prioritization,ID.RA-05.04
Objective 10: Determine whether the exercise and testing program is sufficient to allow management to assess the entity’s ability to meet its continuity objectives.,FFIEC-BCM-10.18,"18. If management performs tabletop exercises, determine whether targeted plans and procedures are reasonable, personnel understand their responsibilities, and different departmental or business unit plans are compatible with each other. (By themselves, tabletop exercises are likely insufficient to validate recovery capabilities because they are limited to a discussion-based analysis of policies and procedures.) Tabletop exercises may include the following:
a. Engaging operational and support personnel who are responsible for implementing the BCP.
b. Practicing and validating specific functional response capabilities.
c. Demonstrating knowledge and skills, as well as team interaction and decision-making capabilities.
d. Role playing with simulated responses, evaluating critical steps, recognizing difficulties, and resolving problems.
e. Clarifying critical plan elements, as well as problems noted during exercises.
f. Creating action plans to correct issues.",Semantic,Subset of ,6,7,"ID.IM-02.03: The organization tests and validates the effectiveness of the incident detection, reporting, and communication processes and protocols with internal and external stakeholders.",IDENTIFY / Improvement / Tests & Exercises,ID.IM-02.03
Objective 10: Determine whether the exercise and testing program is sufficient to allow management to assess the entity’s ability to meet its continuity objectives.,FFIEC-BCM-10.18,"18. If management performs tabletop exercises, determine whether targeted plans and procedures are reasonable, personnel understand their responsibilities, and different departmental or business unit plans are compatible with each other. (By themselves, tabletop exercises are likely insufficient to validate recovery capabilities because they are limited to a discussion-based analysis of policies and procedures.) Tabletop exercises may include the following:
a. Engaging operational and support personnel who are responsible for implementing the BCP.
b. Practicing and validating specific functional response capabilities.
c. Demonstrating knowledge and skills, as well as team interaction and decision-making capabilities.
d. Role playing with simulated responses, evaluating critical steps, recognizing difficulties, and resolving problems.
e. Clarifying critical plan elements, as well as problems noted during exercises.
f. Creating action plans to correct issues.",Semantic,Subset of ,7,7,"ID.IM-02.04: The organization's testing program validates the effectiveness of its resilience strategy and response, disaster recovery, and resumption plans on a regular basis or upon major changes to business or system functions, and includes external stakeholders as required.",IDENTIFY / Improvement / Tests & Exercises,ID.IM-02.04
Objective 10: Determine whether the exercise and testing program is sufficient to allow management to assess the entity’s ability to meet its continuity objectives.,FFIEC-BCM-10.18,"18. If management performs tabletop exercises, determine whether targeted plans and procedures are reasonable, personnel understand their responsibilities, and different departmental or business unit plans are compatible with each other. (By themselves, tabletop exercises are likely insufficient to validate recovery capabilities because they are limited to a discussion-based analysis of policies and procedures.) Tabletop exercises may include the following:
a. Engaging operational and support personnel who are responsible for implementing the BCP.
b. Practicing and validating specific functional response capabilities.
c. Demonstrating knowledge and skills, as well as team interaction and decision-making capabilities.
d. Role playing with simulated responses, evaluating critical steps, recognizing difficulties, and resolving problems.
e. Clarifying critical plan elements, as well as problems noted during exercises.
f. Creating action plans to correct issues.",Semantic,Subset of ,7,7,"ID.IM-02.05: The organization establishes testing programs that include a range of scenarios, including severe but plausible scenarios (e.g., disruptive, destructive, corruptive), that could affect the organization's ability to service internal and external stakeholders.",IDENTIFY / Improvement / Tests & Exercises,ID.IM-02.05
Objective 10: Determine whether the exercise and testing program is sufficient to allow management to assess the entity’s ability to meet its continuity objectives.,FFIEC-BCM-10.18,"18. If management performs tabletop exercises, determine whether targeted plans and procedures are reasonable, personnel understand their responsibilities, and different departmental or business unit plans are compatible with each other. (By themselves, tabletop exercises are likely insufficient to validate recovery capabilities because they are limited to a discussion-based analysis of policies and procedures.) Tabletop exercises may include the following:
a. Engaging operational and support personnel who are responsible for implementing the BCP.
b. Practicing and validating specific functional response capabilities.
c. Demonstrating knowledge and skills, as well as team interaction and decision-making capabilities.
d. Role playing with simulated responses, evaluating critical steps, recognizing difficulties, and resolving problems.
e. Clarifying critical plan elements, as well as problems noted during exercises.
f. Creating action plans to correct issues.",Semantic,Subset of ,6,7,"ID.IM-02.07: The organization's governing body (e.g., the Board or one of its committees) and senior management are involved in testing as part of a crisis management team and are informed of test results.",IDENTIFY / Improvement / Tests & Exercises,ID.IM-02.07
Objective 10: Determine whether the exercise and testing program is sufficient to allow management to assess the entity’s ability to meet its continuity objectives.,FFIEC-BCM-10.18,"18. If management performs tabletop exercises, determine whether targeted plans and procedures are reasonable, personnel understand their responsibilities, and different departmental or business unit plans are compatible with each other. (By themselves, tabletop exercises are likely insufficient to validate recovery capabilities because they are limited to a discussion-based analysis of policies and procedures.) Tabletop exercises may include the following:
a. Engaging operational and support personnel who are responsible for implementing the BCP.
b. Practicing and validating specific functional response capabilities.
c. Demonstrating knowledge and skills, as well as team interaction and decision-making capabilities.
d. Role playing with simulated responses, evaluating critical steps, recognizing difficulties, and resolving problems.
e. Clarifying critical plan elements, as well as problems noted during exercises.
f. Creating action plans to correct issues.",Semantic,Subset of ,7,7,"ID.IM-02.08: The organization tests and exercises, independently and in coordination with other critical sector partners, its ability to support sector-wide resilience in the event of extreme financial stress or the instability of external dependencies, such as connectivity to markets, payment systems, clearing entities, messaging services, etc.",IDENTIFY / Improvement / Tests & Exercises,ID.IM-02.08
Objective 10: Determine whether the exercise and testing program is sufficient to allow management to assess the entity’s ability to meet its continuity objectives.,FFIEC-BCM-10.18,"18. If management performs tabletop exercises, determine whether targeted plans and procedures are reasonable, personnel understand their responsibilities, and different departmental or business unit plans are compatible with each other. (By themselves, tabletop exercises are likely insufficient to validate recovery capabilities because they are limited to a discussion-based analysis of policies and procedures.) Tabletop exercises may include the following:
a. Engaging operational and support personnel who are responsible for implementing the BCP.
b. Practicing and validating specific functional response capabilities.
c. Demonstrating knowledge and skills, as well as team interaction and decision-making capabilities.
d. Role playing with simulated responses, evaluating critical steps, recognizing difficulties, and resolving problems.
e. Clarifying critical plan elements, as well as problems noted during exercises.
f. Creating action plans to correct issues.",Semantic,Subset of ,7,7,"ID.IM-02.09: Corrective actions for gaps identified during security-related, incident management, response plan, and disaster recovery testing are retested and validated, or have a formal risk acceptance or risk exception.",IDENTIFY / Improvement / Tests & Exercises,ID.IM-02.09
Objective 10: Determine whether the exercise and testing program is sufficient to allow management to assess the entity’s ability to meet its continuity objectives.,FFIEC-BCM-10.18,"18. If management performs tabletop exercises, determine whether targeted plans and procedures are reasonable, personnel understand their responsibilities, and different departmental or business unit plans are compatible with each other. (By themselves, tabletop exercises are likely insufficient to validate recovery capabilities because they are limited to a discussion-based analysis of policies and procedures.) Tabletop exercises may include the following:
a. Engaging operational and support personnel who are responsible for implementing the BCP.
b. Practicing and validating specific functional response capabilities.
c. Demonstrating knowledge and skills, as well as team interaction and decision-making capabilities.
d. Role playing with simulated responses, evaluating critical steps, recognizing difficulties, and resolving problems.
e. Clarifying critical plan elements, as well as problems noted during exercises.
f. Creating action plans to correct issues.",Semantic,Subset of ,6,7,"ID.IM-04.08: The organization regularly reviews response strategy, incident management plans, recovery plans, and associated tests and exercises and updates them, as necessary, based on:
(1) Lessons learned from incidents that have occurred (both internal and external to the organization);
(2) Current cyber threat intelligence (both internal and external sources);
(3) Recent and wide-scale cyber attack scenarios;
(4) Operationally and technically plausible future cyber attacks;
(5) Organizational or technical environment changes; and,
(6) New technological developments.",IDENTIFY / Improvement / Plans Affecting Operations,ID.IM-04.08
Objective 10: Determine whether the exercise and testing program is sufficient to allow management to assess the entity’s ability to meet its continuity objectives.,FFIEC-BCM-10.19,"19. Verify that management clearly defines the characteristics of a successful test, which may include the following:
a. Validating RPOs, RTOs, and MTDs.
b. Demonstrating recoverability at peak volumes.
c. Confirming that systems can support critical business processes (e.g., transfer to alternate sites, increased workloads, manual workarounds, and communication).
d. Integrating technologies that support critical business activities, including data replication, recovery, and off-site storage.
e. Testing backup data to assess integrity and availability.
f. Certifying facility controls (e.g., environmental, backup power, and physical security).
g. Verifying workspace restoration (e.g., network connectivity and communications).
h. Ensuring that personnel are familiar with and are able to execute their responsibilities.",Semantic,Subset of ,9,9,"GV.OC-05.03: The organization defines objectives (e.g., Recovery Time Objective, Maximum Tolerable Downtime, Impact Tolerance) for the resumption of critical operations in alignment with business imperatives, stakeholder obligations, and critical infrastructure dependencies.",GOVERN / Organizational Context / Organizational Service Dependencies,GV.OC-05.03
Objective 10: Determine whether the exercise and testing program is sufficient to allow management to assess the entity’s ability to meet its continuity objectives.,FFIEC-BCM-10.19,"19. Verify that management clearly defines the characteristics of a successful test, which may include the following:
a. Validating RPOs, RTOs, and MTDs.
b. Demonstrating recoverability at peak volumes.
c. Confirming that systems can support critical business processes (e.g., transfer to alternate sites, increased workloads, manual workarounds, and communication).
d. Integrating technologies that support critical business activities, including data replication, recovery, and off-site storage.
e. Testing backup data to assess integrity and availability.
f. Certifying facility controls (e.g., environmental, backup power, and physical security).
g. Verifying workspace restoration (e.g., network connectivity and communications).
h. Ensuring that personnel are familiar with and are able to execute their responsibilities.",Semantic,Subset of ,9,9,"GV.OV-03.02: Resilience program performance is measured and regularly reported to senior executives and the governing authority (e.g., the Board or one of its committees).",GOVERN / Oversight / Risk Management Performance Measurement,GV.OV-03.02
Objective 10: Determine whether the exercise and testing program is sufficient to allow management to assess the entity’s ability to meet its continuity objectives.,FFIEC-BCM-10.19,"19. Verify that management clearly defines the characteristics of a successful test, which may include the following:
a. Validating RPOs, RTOs, and MTDs.
b. Demonstrating recoverability at peak volumes.
c. Confirming that systems can support critical business processes (e.g., transfer to alternate sites, increased workloads, manual workarounds, and communication).
d. Integrating technologies that support critical business activities, including data replication, recovery, and off-site storage.
e. Testing backup data to assess integrity and availability.
f. Certifying facility controls (e.g., environmental, backup power, and physical security).
g. Verifying workspace restoration (e.g., network connectivity and communications).
h. Ensuring that personnel are familiar with and are able to execute their responsibilities.",Semantic,Subset of ,9,9,"ID.IM-01.01: Technology, cybersecurity, and resilience controls are regularly assessed and/or tested for design and operating effectiveness.",IDENTIFY / Improvement / Continuous Improvements Evaluation,ID.IM-01.01
Objective 10: Determine whether the exercise and testing program is sufficient to allow management to assess the entity’s ability to meet its continuity objectives.,FFIEC-BCM-10.19,"19. Verify that management clearly defines the characteristics of a successful test, which may include the following:
a. Validating RPOs, RTOs, and MTDs.
b. Demonstrating recoverability at peak volumes.
c. Confirming that systems can support critical business processes (e.g., transfer to alternate sites, increased workloads, manual workarounds, and communication).
d. Integrating technologies that support critical business activities, including data replication, recovery, and off-site storage.
e. Testing backup data to assess integrity and availability.
f. Certifying facility controls (e.g., environmental, backup power, and physical security).
g. Verifying workspace restoration (e.g., network connectivity and communications).
h. Ensuring that personnel are familiar with and are able to execute their responsibilities.",Semantic,Subset of ,9,9,"ID.IM-02.04: The organization's testing program validates the effectiveness of its resilience strategy and response, disaster recovery, and resumption plans on a regular basis or upon major changes to business or system functions, and includes external stakeholders as required.",IDENTIFY / Improvement / Tests & Exercises,ID.IM-02.04
Objective 10: Determine whether the exercise and testing program is sufficient to allow management to assess the entity’s ability to meet its continuity objectives.,FFIEC-BCM-10.19,"19. Verify that management clearly defines the characteristics of a successful test, which may include the following:
a. Validating RPOs, RTOs, and MTDs.
b. Demonstrating recoverability at peak volumes.
c. Confirming that systems can support critical business processes (e.g., transfer to alternate sites, increased workloads, manual workarounds, and communication).
d. Integrating technologies that support critical business activities, including data replication, recovery, and off-site storage.
e. Testing backup data to assess integrity and availability.
f. Certifying facility controls (e.g., environmental, backup power, and physical security).
g. Verifying workspace restoration (e.g., network connectivity and communications).
h. Ensuring that personnel are familiar with and are able to execute their responsibilities.",Semantic,Intersects with,9,9,"ID.IM-02.06: The organization designs and tests its systems and processes, and employs third-party support resources (e.g., Sheltered Harbor), to enable recovery of accurate data (e.g., material financial transactions) sufficient to support defined business recovery time and recovery point objectives.",IDENTIFY / Improvement / Tests & Exercises,ID.IM-02.06
Objective 10: Determine whether the exercise and testing program is sufficient to allow management to assess the entity’s ability to meet its continuity objectives.,FFIEC-BCM-10.19,"19. Verify that management clearly defines the characteristics of a successful test, which may include the following:
a. Validating RPOs, RTOs, and MTDs.
b. Demonstrating recoverability at peak volumes.
c. Confirming that systems can support critical business processes (e.g., transfer to alternate sites, increased workloads, manual workarounds, and communication).
d. Integrating technologies that support critical business activities, including data replication, recovery, and off-site storage.
e. Testing backup data to assess integrity and availability.
f. Certifying facility controls (e.g., environmental, backup power, and physical security).
g. Verifying workspace restoration (e.g., network connectivity and communications).
h. Ensuring that personnel are familiar with and are able to execute their responsibilities.",Semantic,Intersects with,8,9,"PR.DS-11.01: The organization defines and implements standards and procedures for configuring and performing backups and data replications, including defining backup requirements by data/application/infrastructure criticality, segregating (e.g., air-gapping) and securing backups, verifying backup integrity, and performing backup restoration testing.",PROTECT / Data Security / Data Backup,PR.DS-11.01
Objective 10: Determine whether the exercise and testing program is sufficient to allow management to assess the entity’s ability to meet its continuity objectives.,FFIEC-BCM-10.20,20. Determine whether the right to perform testing or participate in exercises and tests with third parties is described in the contract governing the entity’s relationship with the third-party service provider.,Semantic,Equal,10,10,"EX.CN-02.04: Contracts with suppliers address, as relevant to the product or service, the supplier's obligation to regularly participate in joint and/or bilateral recovery exercises and tests, and to address significant issues identified through recovery testing.",EXTEND / Third-Party Contracts and Agreements / Contract Cybersecurity-Related Requirements,EX.CN-02.04
Objective 10: Determine whether the exercise and testing program is sufficient to allow management to assess the entity’s ability to meet its continuity objectives.,FFIEC-BCM-10.21,"21. Determine whether exercises and tests with third-party service providers are included in the entity's enterprise exercise and test program based on the risk prioritization of the third-party service provider and the criticality of the services provided to the entity. Assess the following:
a. The process to rank third-party service providers based on criticality, risk, and testing scope.
b. Coordinated exercises and tests that reasonably validate the abilities of both the entity and the third-party service provider to recover, restore, resume, and maintain operations after disruptions consistent with business and contractual requirements.
c. Evidence that exercises and tests of critical service providers include reasonably foreseeable significant disruptive events.
d. Documentation of the scope, execution, and results of exercises and tests in which the entity is unable to directly participate.",Semantic,Intersects with,8,9,"GV.RM-05.02: The organization establishes minimum requirements for its third-parties that include how the organizations will communicate and coordinate in times of emergency, including:
1) Joint maintenance of contingency plans;
2) Responsibilities for responding to incidents, including forensic investigations;
3) Planning and testing strategies that address severe events in order to identify single points of failure that would cause wide-scale disruption; and
4) Incorporating the potential impact of an incident into their BCM process and ensure resilience capabilities are in place.",GOVERN / Risk Management Strategy / Lines of Communication,GV.RM-05.02
Objective 10: Determine whether the exercise and testing program is sufficient to allow management to assess the entity’s ability to meet its continuity objectives.,FFIEC-BCM-10.21,"21. Determine whether exercises and tests with third-party service providers are included in the entity's enterprise exercise and test program based on the risk prioritization of the third-party service provider and the criticality of the services provided to the entity. Assess the following:
a. The process to rank third-party service providers based on criticality, risk, and testing scope.
b. Coordinated exercises and tests that reasonably validate the abilities of both the entity and the third-party service provider to recover, restore, resume, and maintain operations after disruptions consistent with business and contractual requirements.
c. Evidence that exercises and tests of critical service providers include reasonably foreseeable significant disruptive events.
d. Documentation of the scope, execution, and results of exercises and tests in which the entity is unable to directly participate.",Semantic,Subset of ,8,9,"GV.SC-04.01: The organization regularly identifies, inventories, and risk-ranks third-party relationships that are in place, and addresses any identified relationships that were established without formal approval.",GOVERN / Supply Chain Risk Management / Supplier Identification & Prioritization,GV.SC-04.01
Objective 10: Determine whether the exercise and testing program is sufficient to allow management to assess the entity’s ability to meet its continuity objectives.,FFIEC-BCM-10.21,"21. Determine whether exercises and tests with third-party service providers are included in the entity's enterprise exercise and test program based on the risk prioritization of the third-party service provider and the criticality of the services provided to the entity. Assess the following:
a. The process to rank third-party service providers based on criticality, risk, and testing scope.
b. Coordinated exercises and tests that reasonably validate the abilities of both the entity and the third-party service provider to recover, restore, resume, and maintain operations after disruptions consistent with business and contractual requirements.
c. Evidence that exercises and tests of critical service providers include reasonably foreseeable significant disruptive events.
d. Documentation of the scope, execution, and results of exercises and tests in which the entity is unable to directly participate.",Semantic,Intersects with,8,9,"GV.SC-08.01: The organization's resilience strategy, plans, tests, and exercises incorporate its external dependencies and critical business partners.",GOVERN / Supply Chain Risk Management / Third Party Incident Management Integration,GV.SC-08.01
Objective 10: Determine whether the exercise and testing program is sufficient to allow management to assess the entity’s ability to meet its continuity objectives.,FFIEC-BCM-10.21,"21. Determine whether exercises and tests with third-party service providers are included in the entity's enterprise exercise and test program based on the risk prioritization of the third-party service provider and the criticality of the services provided to the entity. Assess the following:
a. The process to rank third-party service providers based on criticality, risk, and testing scope.
b. Coordinated exercises and tests that reasonably validate the abilities of both the entity and the third-party service provider to recover, restore, resume, and maintain operations after disruptions consistent with business and contractual requirements.
c. Evidence that exercises and tests of critical service providers include reasonably foreseeable significant disruptive events.
d. Documentation of the scope, execution, and results of exercises and tests in which the entity is unable to directly participate.",Semantic,Subset of ,9,9,"EX.DD-03.02: The organization reviews, evaluates, and risk assesses a prospective critical third party's business continuity program, to include business impact analyses, risk assessments, continuity plans, disaster recovery plans, technology resilience architecture, and response and recovery plans, test plans, and test results.",EXTEND / Procurement Planning and Due Diligence / Technology & Cybersecurity Risk Assessment,EX.DD-03.02
Objective 10: Determine whether the exercise and testing program is sufficient to allow management to assess the entity’s ability to meet its continuity objectives.,FFIEC-BCM-10.21,"21. Determine whether exercises and tests with third-party service providers are included in the entity's enterprise exercise and test program based on the risk prioritization of the third-party service provider and the criticality of the services provided to the entity. Assess the following:
a. The process to rank third-party service providers based on criticality, risk, and testing scope.
b. Coordinated exercises and tests that reasonably validate the abilities of both the entity and the third-party service provider to recover, restore, resume, and maintain operations after disruptions consistent with business and contractual requirements.
c. Evidence that exercises and tests of critical service providers include reasonably foreseeable significant disruptive events.
d. Documentation of the scope, execution, and results of exercises and tests in which the entity is unable to directly participate.",Semantic,Subset of ,9,9,"EX.CN-02.03: Contracts with suppliers address, as relevant to the product or service, the supplier's obligation to maintain and regularly test a business continuity program and disaster recovery capability the meets the defined resilience requirements of the organization.",EXTEND / Third-Party Contracts and Agreements / Contract Cybersecurity-Related Requirements,EX.CN-02.03
Objective 10: Determine whether the exercise and testing program is sufficient to allow management to assess the entity’s ability to meet its continuity objectives.,FFIEC-BCM-10.21,"21. Determine whether exercises and tests with third-party service providers are included in the entity's enterprise exercise and test program based on the risk prioritization of the third-party service provider and the criticality of the services provided to the entity. Assess the following:
a. The process to rank third-party service providers based on criticality, risk, and testing scope.
b. Coordinated exercises and tests that reasonably validate the abilities of both the entity and the third-party service provider to recover, restore, resume, and maintain operations after disruptions consistent with business and contractual requirements.
c. Evidence that exercises and tests of critical service providers include reasonably foreseeable significant disruptive events.
d. Documentation of the scope, execution, and results of exercises and tests in which the entity is unable to directly participate.",Semantic,Subset of ,9,9,"EX.CN-02.04: Contracts with suppliers address, as relevant to the product or service, the supplier's obligation to regularly participate in joint and/or bilateral recovery exercises and tests, and to address significant issues identified through recovery testing.",EXTEND / Third-Party Contracts and Agreements / Contract Cybersecurity-Related Requirements,EX.CN-02.04
Objective 10: Determine whether the exercise and testing program is sufficient to allow management to assess the entity’s ability to meet its continuity objectives.,FFIEC-BCM-10.21,"21. Determine whether exercises and tests with third-party service providers are included in the entity's enterprise exercise and test program based on the risk prioritization of the third-party service provider and the criticality of the services provided to the entity. Assess the following:
a. The process to rank third-party service providers based on criticality, risk, and testing scope.
b. Coordinated exercises and tests that reasonably validate the abilities of both the entity and the third-party service provider to recover, restore, resume, and maintain operations after disruptions consistent with business and contractual requirements.
c. Evidence that exercises and tests of critical service providers include reasonably foreseeable significant disruptive events.
d. Documentation of the scope, execution, and results of exercises and tests in which the entity is unable to directly participate.",Semantic,Subset of ,9,9,"EX.MM-02.02: A process is in place to confirm that the organization's critical third-party service providers maintain their business continuity programs, conduct regular resiliency testing, and participate in joint and/or bilateral recovery exercises and tests.",EXTEND / Monitoring and Managing Suppliers / Ongoing Third-Party Management,EX.MM-02.02
Objective 10: Determine whether the exercise and testing program is sufficient to allow management to assess the entity’s ability to meet its continuity objectives.,FFIEC-BCM-10.22,"22. Determine whether the entity participates in its critical third-party service providers' exercise and test program(s) at reasonable intervals. Assess the execution of the exercises and tests and whether they included the following:
a. End-to-end and, when appropriate, full-scale exercises.
b. Transaction processing and functional testing.
c. Network connectivity and interdependencies to include those with critical fourth parties.
d. Bidirectional operations between the entity's and its third-party service provider's primary and alternate locations and systems.
e. Supply chain considerations.",Functional ,Intersects with,4,7,"GV.OC-05.01: The organization identifies, assesses, and documents the key dependencies, interdependencies, and potential points of failure to support the delivery of critical services (e.g., systems, business processes, workforce, third parties, facilities, etc.)",GOVERN / Organizational Context / Organizational Service Dependencies,GV.OC-05.01
Objective 10: Determine whether the exercise and testing program is sufficient to allow management to assess the entity’s ability to meet its continuity objectives.,FFIEC-BCM-10.22,"22. Determine whether the entity participates in its critical third-party service providers' exercise and test program(s) at reasonable intervals. Assess the execution of the exercises and tests and whether they included the following:
a. End-to-end and, when appropriate, full-scale exercises.
b. Transaction processing and functional testing.
c. Network connectivity and interdependencies to include those with critical fourth parties.
d. Bidirectional operations between the entity's and its third-party service provider's primary and alternate locations and systems.
e. Supply chain considerations.",Semantic,Subset of ,7,7,"GV.RM-05.02: The organization establishes minimum requirements for its third-parties that include how the organizations will communicate and coordinate in times of emergency, including:
1) Joint maintenance of contingency plans;
2) Responsibilities for responding to incidents, including forensic investigations;
3) Planning and testing strategies that address severe events in order to identify single points of failure that would cause wide-scale disruption; and
4) Incorporating the potential impact of an incident into their BCM process and ensure resilience capabilities are in place.",GOVERN / Risk Management Strategy / Lines of Communication,GV.RM-05.02
Objective 10: Determine whether the exercise and testing program is sufficient to allow management to assess the entity’s ability to meet its continuity objectives.,FFIEC-BCM-10.22,"22. Determine whether the entity participates in its critical third-party service providers' exercise and test program(s) at reasonable intervals. Assess the execution of the exercises and tests and whether they included the following:
a. End-to-end and, when appropriate, full-scale exercises.
b. Transaction processing and functional testing.
c. Network connectivity and interdependencies to include those with critical fourth parties.
d. Bidirectional operations between the entity's and its third-party service provider's primary and alternate locations and systems.
e. Supply chain considerations.",Semantic,Subset of ,7,7,"GV.SC-08.01: The organization's resilience strategy, plans, tests, and exercises incorporate its external dependencies and critical business partners.",GOVERN / Supply Chain Risk Management / Third Party Incident Management Integration,GV.SC-08.01
Objective 10: Determine whether the exercise and testing program is sufficient to allow management to assess the entity’s ability to meet its continuity objectives.,FFIEC-BCM-10.22,"22. Determine whether the entity participates in its critical third-party service providers' exercise and test program(s) at reasonable intervals. Assess the execution of the exercises and tests and whether they included the following:
a. End-to-end and, when appropriate, full-scale exercises.
b. Transaction processing and functional testing.
c. Network connectivity and interdependencies to include those with critical fourth parties.
d. Bidirectional operations between the entity's and its third-party service provider's primary and alternate locations and systems.
e. Supply chain considerations.",Functional ,Intersects with,4,7,"ID.IM-02.04: The organization's testing program validates the effectiveness of its resilience strategy and response, disaster recovery, and resumption plans on a regular basis or upon major changes to business or system functions, and includes external stakeholders as required.",IDENTIFY / Improvement / Tests & Exercises,ID.IM-02.04
Objective 10: Determine whether the exercise and testing program is sufficient to allow management to assess the entity’s ability to meet its continuity objectives.,FFIEC-BCM-10.22,"22. Determine whether the entity participates in its critical third-party service providers' exercise and test program(s) at reasonable intervals. Assess the execution of the exercises and tests and whether they included the following:
a. End-to-end and, when appropriate, full-scale exercises.
b. Transaction processing and functional testing.
c. Network connectivity and interdependencies to include those with critical fourth parties.
d. Bidirectional operations between the entity's and its third-party service provider's primary and alternate locations and systems.
e. Supply chain considerations.",Functional ,Intersects with,5,7,"ID.IM-02.06: The organization designs and tests its systems and processes, and employs third-party support resources (e.g., Sheltered Harbor), to enable recovery of accurate data (e.g., material financial transactions) sufficient to support defined business recovery time and recovery point objectives.",IDENTIFY / Improvement / Tests & Exercises,ID.IM-02.06
Objective 10: Determine whether the exercise and testing program is sufficient to allow management to assess the entity’s ability to meet its continuity objectives.,FFIEC-BCM-10.22,"22. Determine whether the entity participates in its critical third-party service providers' exercise and test program(s) at reasonable intervals. Assess the execution of the exercises and tests and whether they included the following:
a. End-to-end and, when appropriate, full-scale exercises.
b. Transaction processing and functional testing.
c. Network connectivity and interdependencies to include those with critical fourth parties.
d. Bidirectional operations between the entity's and its third-party service provider's primary and alternate locations and systems.
e. Supply chain considerations.",Functional ,Subset of ,7,7,"ID.IM-02.08: The organization tests and exercises, independently and in coordination with other critical sector partners, its ability to support sector-wide resilience in the event of extreme financial stress or the instability of external dependencies, such as connectivity to markets, payment systems, clearing entities, messaging services, etc.",IDENTIFY / Improvement / Tests & Exercises,ID.IM-02.08
Objective 10: Determine whether the exercise and testing program is sufficient to allow management to assess the entity’s ability to meet its continuity objectives.,FFIEC-BCM-10.22,"22. Determine whether the entity participates in its critical third-party service providers' exercise and test program(s) at reasonable intervals. Assess the execution of the exercises and tests and whether they included the following:
a. End-to-end and, when appropriate, full-scale exercises.
b. Transaction processing and functional testing.
c. Network connectivity and interdependencies to include those with critical fourth parties.
d. Bidirectional operations between the entity's and its third-party service provider's primary and alternate locations and systems.
e. Supply chain considerations.",Functional ,Intersects with,6,7,"EX.MM-02.02: A process is in place to confirm that the organization's critical third-party service providers maintain their business continuity programs, conduct regular resiliency testing, and participate in joint and/or bilateral recovery exercises and tests.",EXTEND / Monitoring and Managing Suppliers / Ongoing Third-Party Management,EX.MM-02.02
Objective 10: Determine whether the exercise and testing program is sufficient to allow management to assess the entity’s ability to meet its continuity objectives.,FFIEC-BCM-10.23,"23. Determine whether testing scenarios with critical third-party service providers consider the following:
a. An outage or disruption of the service provider.
b. An outage or disruption at the entity.
c. Incident response plans.
d. Crisis management plans.
e. Communication processes with third-party service providers and other stakeholders.
f. Cyber events.
g. Returning to normal operations.",Semantic,Subset of ,7,7,"ID.IM-02.03: The organization tests and validates the effectiveness of the incident detection, reporting, and communication processes and protocols with internal and external stakeholders.",IDENTIFY / Improvement / Tests & Exercises,ID.IM-02.03
Objective 10: Determine whether the exercise and testing program is sufficient to allow management to assess the entity’s ability to meet its continuity objectives.,FFIEC-BCM-10.23,"23. Determine whether testing scenarios with critical third-party service providers consider the following:
a. An outage or disruption of the service provider.
b. An outage or disruption at the entity.
c. Incident response plans.
d. Crisis management plans.
e. Communication processes with third-party service providers and other stakeholders.
f. Cyber events.
g. Returning to normal operations.",Semantic,Subset of ,7,7,"ID.IM-02.04: The organization's testing program validates the effectiveness of its resilience strategy and response, disaster recovery, and resumption plans on a regular basis or upon major changes to business or system functions, and includes external stakeholders as required.",IDENTIFY / Improvement / Tests & Exercises,ID.IM-02.04
Objective 10: Determine whether the exercise and testing program is sufficient to allow management to assess the entity’s ability to meet its continuity objectives.,FFIEC-BCM-10.23,"23. Determine whether testing scenarios with critical third-party service providers consider the following:
a. An outage or disruption of the service provider.
b. An outage or disruption at the entity.
c. Incident response plans.
d. Crisis management plans.
e. Communication processes with third-party service providers and other stakeholders.
f. Cyber events.
g. Returning to normal operations.",Semantic,Subset of ,7,7,"ID.IM-02.08: The organization tests and exercises, independently and in coordination with other critical sector partners, its ability to support sector-wide resilience in the event of extreme financial stress or the instability of external dependencies, such as connectivity to markets, payment systems, clearing entities, messaging services, etc.",IDENTIFY / Improvement / Tests & Exercises,ID.IM-02.08
Objective 10: Determine whether the exercise and testing program is sufficient to allow management to assess the entity’s ability to meet its continuity objectives.,FFIEC-BCM-10.23,"23. Determine whether testing scenarios with critical third-party service providers consider the following:
a. An outage or disruption of the service provider.
b. An outage or disruption at the entity.
c. Incident response plans.
d. Crisis management plans.
e. Communication processes with third-party service providers and other stakeholders.
f. Cyber events.
g. Returning to normal operations.",Semantic,Subset of ,7,7,"RS.CO-02.03: The organization maintains and regularly tests incident response communication procedures, with associated contact lists, call trees, and automatic notifications, to quickly coordinate and communicate with internal and external stakeholders during or following an incident.",RESPOND / Incident Response Reporting and Communication / Stakeholder Incident Notification,RS.CO-02.03
Objective 10: Determine whether the exercise and testing program is sufficient to allow management to assess the entity’s ability to meet its continuity objectives.,FFIEC-BCM-10.23,"23. Determine whether testing scenarios with critical third-party service providers consider the following:
a. An outage or disruption of the service provider.
b. An outage or disruption at the entity.
c. Incident response plans.
d. Crisis management plans.
e. Communication processes with third-party service providers and other stakeholders.
f. Cyber events.
g. Returning to normal operations.",Semantic,Subset of ,7,7,EX.TR-01.02: The organization periodically identifies and tests alternative solutions in case a critical external partner fails to perform as expected.,EXTEND / Relationship Termination / Termination Planning,EX.TR-01.02
Objective 10: Determine whether the exercise and testing program is sufficient to allow management to assess the entity’s ability to meet its continuity objectives.,FFIEC-BCM-10.24,"24. Determine whether the tests validate the core or significant firm's backup arrangements to confirm the following:
a. Backup sites are able to support typical payment and settlement volumes for an extended period.
b. Backup sites are fully independent of the critical infrastructure components that support the primary sites.
c. Trained employees are located at the backup sites at the time of disruption.
d. Backup site employees are independent of the staff located at the primary site at the time of disruption.
e. Backup site employees are able to recover clearing and settlement of open transactions within the time frames addressed in the BCM processes and applicable industry standards.",Functional ,Intersects with,7,8,"ID.IM-02.06: The organization designs and tests its systems and processes, and employs third-party support resources (e.g., Sheltered Harbor), to enable recovery of accurate data (e.g., material financial transactions) sufficient to support defined business recovery time and recovery point objectives.",IDENTIFY / Improvement / Tests & Exercises,ID.IM-02.06
Objective 10: Determine whether the exercise and testing program is sufficient to allow management to assess the entity’s ability to meet its continuity objectives.,FFIEC-BCM-10.24,"24. Determine whether the tests validate the core or significant firm's backup arrangements to confirm the following:
a. Backup sites are able to support typical payment and settlement volumes for an extended period.
b. Backup sites are fully independent of the critical infrastructure components that support the primary sites.
c. Trained employees are located at the backup sites at the time of disruption.
d. Backup site employees are independent of the staff located at the primary site at the time of disruption.
e. Backup site employees are able to recover clearing and settlement of open transactions within the time frames addressed in the BCM processes and applicable industry standards.",Functional ,Intersects with,8,8,"PR.DS-11.01: The organization defines and implements standards and procedures for configuring and performing backups and data replications, including defining backup requirements by data/application/infrastructure criticality, segregating (e.g., air-gapping) and securing backups, verifying backup integrity, and performing backup restoration testing.",PROTECT / Data Security / Data Backup,PR.DS-11.01
Objective 10: Determine whether the exercise and testing program is sufficient to allow management to assess the entity’s ability to meet its continuity objectives.,FFIEC-BCM-10.25,"25. Determine whether the exercise and test assumptions are appropriate for core and significant firms and consider the following:
a. Primary data centers and operations facilities that are completely inoperable without notice.
b. Whether personnel at primary sites, who are located at both data centers and operations facilities, are unavailable for an extended period.
c. Whether other organizations are also affected, causing effects that have the potential to cascade from one organization across to the entire financial services sector.
d. Infrastructure (e.g., power, telecommunications, transportation) that is disrupted.
e. Whether data recovery or reconstruction to restart payment and settlement functions can be completed within the time frames defined by the BCM process and applicable industry standards.
f. Whether continuity arrangements continue to operate until all pending transactions are closed.",Functional ,Intersects with,5,8,"GV.OC-04.04: The organization prioritizes the resilience design, planning, testing, and monitoring of systems and other key internal and external dependencies according to their criticality to the supported business functions, enterprise mission, and to the financial services sector.",GOVERN / Organizational Context / Stakeholder Service Expectations,GV.OC-04.04
Objective 10: Determine whether the exercise and testing program is sufficient to allow management to assess the entity’s ability to meet its continuity objectives.,FFIEC-BCM-10.25,"25. Determine whether the exercise and test assumptions are appropriate for core and significant firms and consider the following:
a. Primary data centers and operations facilities that are completely inoperable without notice.
b. Whether personnel at primary sites, who are located at both data centers and operations facilities, are unavailable for an extended period.
c. Whether other organizations are also affected, causing effects that have the potential to cascade from one organization across to the entire financial services sector.
d. Infrastructure (e.g., power, telecommunications, transportation) that is disrupted.
e. Whether data recovery or reconstruction to restart payment and settlement functions can be completed within the time frames defined by the BCM process and applicable industry standards.
f. Whether continuity arrangements continue to operate until all pending transactions are closed.",Functional ,Intersects with,4,8,"GV.RM-09.02: The resilience program ensures that the organization can continue operating critical business functions and deliver services to stakeholders, to include critical infrastructure partners, during adverse incidents and cyber attacks (e.g., propagation of malware or extended system outages).",GOVERN / Risk Management Strategy  / Business Continuity & Resilience Risk Management,GV.RM-09.02
Objective 10: Determine whether the exercise and testing program is sufficient to allow management to assess the entity’s ability to meet its continuity objectives.,FFIEC-BCM-10.25,"25. Determine whether the exercise and test assumptions are appropriate for core and significant firms and consider the following:
a. Primary data centers and operations facilities that are completely inoperable without notice.
b. Whether personnel at primary sites, who are located at both data centers and operations facilities, are unavailable for an extended period.
c. Whether other organizations are also affected, causing effects that have the potential to cascade from one organization across to the entire financial services sector.
d. Infrastructure (e.g., power, telecommunications, transportation) that is disrupted.
e. Whether data recovery or reconstruction to restart payment and settlement functions can be completed within the time frames defined by the BCM process and applicable industry standards.
f. Whether continuity arrangements continue to operate until all pending transactions are closed.",Functional ,Intersects with,4,8,"ID.IM-02.04: The organization's testing program validates the effectiveness of its resilience strategy and response, disaster recovery, and resumption plans on a regular basis or upon major changes to business or system functions, and includes external stakeholders as required.",IDENTIFY / Improvement / Tests & Exercises,ID.IM-02.04
Objective 10: Determine whether the exercise and testing program is sufficient to allow management to assess the entity’s ability to meet its continuity objectives.,FFIEC-BCM-10.25,"25. Determine whether the exercise and test assumptions are appropriate for core and significant firms and consider the following:
a. Primary data centers and operations facilities that are completely inoperable without notice.
b. Whether personnel at primary sites, who are located at both data centers and operations facilities, are unavailable for an extended period.
c. Whether other organizations are also affected, causing effects that have the potential to cascade from one organization across to the entire financial services sector.
d. Infrastructure (e.g., power, telecommunications, transportation) that is disrupted.
e. Whether data recovery or reconstruction to restart payment and settlement functions can be completed within the time frames defined by the BCM process and applicable industry standards.
f. Whether continuity arrangements continue to operate until all pending transactions are closed.",Functional ,Intersects with,5,8,"ID.IM-02.05: The organization establishes testing programs that include a range of scenarios, including severe but plausible scenarios (e.g., disruptive, destructive, corruptive), that could affect the organization's ability to service internal and external stakeholders.",IDENTIFY / Improvement / Tests & Exercises,ID.IM-02.05
Objective 10: Determine whether the exercise and testing program is sufficient to allow management to assess the entity’s ability to meet its continuity objectives.,FFIEC-BCM-10.25,"25. Determine whether the exercise and test assumptions are appropriate for core and significant firms and consider the following:
a. Primary data centers and operations facilities that are completely inoperable without notice.
b. Whether personnel at primary sites, who are located at both data centers and operations facilities, are unavailable for an extended period.
c. Whether other organizations are also affected, causing effects that have the potential to cascade from one organization across to the entire financial services sector.
d. Infrastructure (e.g., power, telecommunications, transportation) that is disrupted.
e. Whether data recovery or reconstruction to restart payment and settlement functions can be completed within the time frames defined by the BCM process and applicable industry standards.
f. Whether continuity arrangements continue to operate until all pending transactions are closed.",Functional ,Intersects with,4,8,"ID.IM-02.06: The organization designs and tests its systems and processes to enable recovery of accurate data (e.g., material financial transactions) sufficient to support defined business recovery time and recovery point objectives.",IDENTIFY / Improvement / Tests & Exercises,ID.IM-02.06
Objective 10: Determine whether the exercise and testing program is sufficient to allow management to assess the entity’s ability to meet its continuity objectives.,FFIEC-BCM-10.25,"25. Determine whether the exercise and test assumptions are appropriate for core and significant firms and consider the following:
a. Primary data centers and operations facilities that are completely inoperable without notice.
b. Whether personnel at primary sites, who are located at both data centers and operations facilities, are unavailable for an extended period.
c. Whether other organizations are also affected, causing effects that have the potential to cascade from one organization across to the entire financial services sector.
d. Infrastructure (e.g., power, telecommunications, transportation) that is disrupted.
e. Whether data recovery or reconstruction to restart payment and settlement functions can be completed within the time frames defined by the BCM process and applicable industry standards.
f. Whether continuity arrangements continue to operate until all pending transactions are closed.",Functional ,Intersects with,6,8,"ID.IM-04.04: The organization has plans to identify, in a timely manner, the status of all transactions and member positions at the time of a disruption, supported by corresponding recovery point objectives.",IDENTIFY / Improvement / Plans Affecting Operations,ID.IM-04.04
Objective 10: Determine whether the exercise and testing program is sufficient to allow management to assess the entity’s ability to meet its continuity objectives.,FFIEC-BCM-10.25,"25. Determine whether the exercise and test assumptions are appropriate for core and significant firms and consider the following:
a. Primary data centers and operations facilities that are completely inoperable without notice.
b. Whether personnel at primary sites, who are located at both data centers and operations facilities, are unavailable for an extended period.
c. Whether other organizations are also affected, causing effects that have the potential to cascade from one organization across to the entire financial services sector.
d. Infrastructure (e.g., power, telecommunications, transportation) that is disrupted.
e. Whether data recovery or reconstruction to restart payment and settlement functions can be completed within the time frames defined by the BCM process and applicable industry standards.
f. Whether continuity arrangements continue to operate until all pending transactions are closed.",Functional ,Intersects with,4,8,"PR.DS-11.01: The organization defines and implements standards and procedures for configuring and performing backups and data replications, including defining backup requirements by data/application/infrastructure criticality, segregating (e.g., air-gapping) and securing backups, verifying backup integrity, and performing backup restoration testing.",PROTECT / Data Security / Data Backup,PR.DS-11.01
Objective 10: Determine whether the exercise and testing program is sufficient to allow management to assess the entity’s ability to meet its continuity objectives.,FFIEC-BCM-10.26,26. Determine whether the core firm’s testing strategy includes plans to test the ability of significant firms that clear or settle transactions to recover critical clearing and settlement activities from geographically dispersed backup sites within a reasonable time frame.,Functional ,Intersects with,7,8,"GV.SC-08.01: The organization's resilience strategy, plans, tests, and exercises incorporate its external dependencies and critical business partners.",GOVERN / Supply Chain Risk Management / Third Party Incident Management Integration,GV.SC-08.01
Objective 10: Determine whether the exercise and testing program is sufficient to allow management to assess the entity’s ability to meet its continuity objectives.,FFIEC-BCM-10.26,26. Determine whether the core firm’s testing strategy includes plans to test the ability of significant firms that clear or settle transactions to recover critical clearing and settlement activities from geographically dispersed backup sites within a reasonable time frame.,Functional ,Intersects with,7,8,"ID.IM-02.06: The organization designs and tests its systems and processes to enable recovery of accurate data (e.g., material financial transactions) sufficient to support defined business recovery time and recovery point objectives.",IDENTIFY / Improvement / Tests & Exercises,ID.IM-02.06
Objective 10: Determine whether the exercise and testing program is sufficient to allow management to assess the entity’s ability to meet its continuity objectives.,FFIEC-BCM-10.26,26. Determine whether the core firm’s testing strategy includes plans to test the ability of significant firms that clear or settle transactions to recover critical clearing and settlement activities from geographically dispersed backup sites within a reasonable time frame.,Functional ,Intersects with,8,8,"ID.IM-02.08: The organization tests and exercises, independently and in coordination with other critical sector partners, its ability to support sector-wide resilience in the event of extreme financial stress or the instability of external dependencies, such as connectivity to markets, payment systems, clearing entities, messaging services, etc.",IDENTIFY / Improvement / Tests & Exercises,ID.IM-02.08
Objective 10: Determine whether the exercise and testing program is sufficient to allow management to assess the entity’s ability to meet its continuity objectives.,FFIEC-BCM-10.27,"27. Determine whether the significant firm has an external exercise and test strategy that addresses key interdependencies, such as exercises and tests with third-party market providers and key customers, and determine the following:
a. Whether external exercise and test strategies include the significant firm's backup sites to the core firm's backup sites.
b. Whether the significant firm participates in industry (e.g., U.S. Department of the Treasury's Hamilton Series and FS-ISAC's CAPS exercises) or cross-market tests sponsored by core firms, markets, or trade associations. Tests should incorporate verifying the connectivity from alternate sites and include transaction, settlement, and payment processes, to the extent practical.",Functional ,Intersects with,6,9,"GV.OC-04.04: The organization prioritizes the resilience design, planning, testing, and monitoring of systems and other key internal and external dependencies according to their criticality to the supported business functions, enterprise mission, and to the financial services sector.",GOVERN / Organizational Context / Stakeholder Service Expectations,GV.OC-04.04
Objective 10: Determine whether the exercise and testing program is sufficient to allow management to assess the entity’s ability to meet its continuity objectives.,FFIEC-BCM-10.27,"27. Determine whether the significant firm has an external exercise and test strategy that addresses key interdependencies, such as exercises and tests with third-party market providers and key customers, and determine the following:
a. Whether external exercise and test strategies include the significant firm's backup sites to the core firm's backup sites.
b. Whether the significant firm participates in industry (e.g., U.S. Department of the Treasury's Hamilton Series and FS-ISAC's CAPS exercises) or cross-market tests sponsored by core firms, markets, or trade associations. Tests should incorporate verifying the connectivity from alternate sites and include transaction, settlement, and payment processes, to the extent practical.",Functional ,Superset of,7,9,"GV.SC-08.01: The organization's resilience strategy, plans, tests, and exercises incorporate its external dependencies and critical business partners.",GOVERN / Supply Chain Risk Management / Third Party Incident Management Integration,GV.SC-08.01
Objective 10: Determine whether the exercise and testing program is sufficient to allow management to assess the entity’s ability to meet its continuity objectives.,FFIEC-BCM-10.27,"27. Determine whether the significant firm has an external exercise and test strategy that addresses key interdependencies, such as exercises and tests with third-party market providers and key customers, and determine the following:
a. Whether external exercise and test strategies include the significant firm's backup sites to the core firm's backup sites.
b. Whether the significant firm participates in industry (e.g., U.S. Department of the Treasury's Hamilton Series and FS-ISAC's CAPS exercises) or cross-market tests sponsored by core firms, markets, or trade associations. Tests should incorporate verifying the connectivity from alternate sites and include transaction, settlement, and payment processes, to the extent practical.",Functional ,Superset of,7,9,"ID.IM-02.06: The organization designs and tests its systems and processes, and employs third-party support resources (e.g., Sheltered Harbor), to enable recovery of accurate data (e.g., material financial transactions) sufficient to support defined business recovery time and recovery point objectives.",IDENTIFY / Improvement / Tests & Exercises,ID.IM-02.06
Objective 10: Determine whether the exercise and testing program is sufficient to allow management to assess the entity’s ability to meet its continuity objectives.,FFIEC-BCM-10.27,"27. Determine whether the significant firm has an external exercise and test strategy that addresses key interdependencies, such as exercises and tests with third-party market providers and key customers, and determine the following:
a. Whether external exercise and test strategies include the significant firm's backup sites to the core firm's backup sites.
b. Whether the significant firm participates in industry (e.g., U.S. Department of the Treasury's Hamilton Series and FS-ISAC's CAPS exercises) or cross-market tests sponsored by core firms, markets, or trade associations. Tests should incorporate verifying the connectivity from alternate sites and include transaction, settlement, and payment processes, to the extent practical.",Functional ,Intersects with,7,9,"ID.IM-02.08: The organization tests and exercises, independently and in coordination with other critical sector partners, its ability to support sector-wide resilience in the event of extreme financial stress or the instability of external dependencies, such as connectivity to markets, payment systems, clearing entities, messaging services, etc.",IDENTIFY / Improvement / Tests & Exercises,ID.IM-02.08
Objective 10: Determine whether the exercise and testing program is sufficient to allow management to assess the entity’s ability to meet its continuity objectives.,FFIEC-BCM-10.27,"27. Determine whether the significant firm has an external exercise and test strategy that addresses key interdependencies, such as exercises and tests with third-party market providers and key customers, and determine the following:
a. Whether external exercise and test strategies include the significant firm's backup sites to the core firm's backup sites.
b. Whether the significant firm participates in industry (e.g., U.S. Department of the Treasury's Hamilton Series and FS-ISAC's CAPS exercises) or cross-market tests sponsored by core firms, markets, or trade associations. Tests should incorporate verifying the connectivity from alternate sites and include transaction, settlement, and payment processes, to the extent practical.",Functional ,Intersects with,4,9,"PR.DS-11.01: The organization defines and implements standards and procedures for configuring and performing backups and data replications, including defining backup requirements by data/application/infrastructure criticality, segregating (e.g., air-gapping) and securing backups, verifying backup integrity, and performing backup restoration testing.",PROTECT / Data Security / Data Backup,PR.DS-11.01
Objective 10: Determine whether the exercise and testing program is sufficient to allow management to assess the entity’s ability to meet its continuity objectives.,FFIEC-BCM-10.28,"28. Determine whether the exercise and test program is sufficient to demonstrate the entity's ability to meet its continuity objectives and whether the results demonstrate the readiness of personnel to achieve the entity's recovery and resumption objectives. Determine whether management accomplishes the following:
a. Coordinate the execution of its exercise and test program to fully exercise its business continuity planning process.
b. Analyze and compare results against stated objectives.
c. Raise issues with appropriate personnel and assign responsibility for resolution.
d. Escalate issues that cannot be resolved in a timely manner to the appropriate level of management.
e. Prioritize and track issues through final resolution.
f. Analyze results and issues to determine whether problems can be traced to a common source.
g. Document recommendations for future exercise and tests.",Semantic,Subset of ,6,10,"GV.OV-03.02: Resilience program performance is measured and regularly reported to senior executives and the governing authority (e.g., the Board or one of its committees).",GOVERN / Oversight / Risk Management Performance Measurement,GV.OV-03.02
Objective 10: Determine whether the exercise and testing program is sufficient to allow management to assess the entity’s ability to meet its continuity objectives.,FFIEC-BCM-10.28,"28. Determine whether the exercise and test program is sufficient to demonstrate the entity's ability to meet its continuity objectives and whether the results demonstrate the readiness of personnel to achieve the entity's recovery and resumption objectives. Determine whether management accomplishes the following:
a. Coordinate the execution of its exercise and test program to fully exercise its business continuity planning process.
b. Analyze and compare results against stated objectives.
c. Raise issues with appropriate personnel and assign responsibility for resolution.
d. Escalate issues that cannot be resolved in a timely manner to the appropriate level of management.
e. Prioritize and track issues through final resolution.
f. Analyze results and issues to determine whether problems can be traced to a common source.
g. Document recommendations for future exercise and tests.",Semantic,Subset of ,10,10,"ID.IM-02.04: The organization's testing program validates the effectiveness of its resilience strategy and response, disaster recovery, and resumption plans on a regular basis or upon major changes to business or system functions, and includes external stakeholders as required.",IDENTIFY / Improvement / Tests & Exercises,ID.IM-02.04
Objective 10: Determine whether the exercise and testing program is sufficient to allow management to assess the entity’s ability to meet its continuity objectives.,FFIEC-BCM-10.28,"28. Determine whether the exercise and test program is sufficient to demonstrate the entity's ability to meet its continuity objectives and whether the results demonstrate the readiness of personnel to achieve the entity's recovery and resumption objectives. Determine whether management accomplishes the following:
a. Coordinate the execution of its exercise and test program to fully exercise its business continuity planning process.
b. Analyze and compare results against stated objectives.
c. Raise issues with appropriate personnel and assign responsibility for resolution.
d. Escalate issues that cannot be resolved in a timely manner to the appropriate level of management.
e. Prioritize and track issues through final resolution.
f. Analyze results and issues to determine whether problems can be traced to a common source.
g. Document recommendations for future exercise and tests.",Semantic,Subset of ,9,10,"ID.IM-02.06: The organization designs and tests its systems and processes to enable recovery of accurate data (e.g., material financial transactions) sufficient to support defined business recovery time and recovery point objectives.",IDENTIFY / Improvement / Tests & Exercises,ID.IM-02.06
Objective 10: Determine whether the exercise and testing program is sufficient to allow management to assess the entity’s ability to meet its continuity objectives.,FFIEC-BCM-10.28,"28. Determine whether the exercise and test program is sufficient to demonstrate the entity's ability to meet its continuity objectives and whether the results demonstrate the readiness of personnel to achieve the entity's recovery and resumption objectives. Determine whether management accomplishes the following:
a. Coordinate the execution of its exercise and test program to fully exercise its business continuity planning process.
b. Analyze and compare results against stated objectives.
c. Raise issues with appropriate personnel and assign responsibility for resolution.
d. Escalate issues that cannot be resolved in a timely manner to the appropriate level of management.
e. Prioritize and track issues through final resolution.
f. Analyze results and issues to determine whether problems can be traced to a common source.
g. Document recommendations for future exercise and tests.",Semantic,Subset of ,6,10,"ID.IM-02.07: The organization's governing body (e.g., the Board or one of its committees) and senior management are involved in testing as part of a crisis management team and are informed of test results.",IDENTIFY / Improvement / Tests & Exercises,ID.IM-02.07
Objective 10: Determine whether the exercise and testing program is sufficient to allow management to assess the entity’s ability to meet its continuity objectives.,FFIEC-BCM-10.28,"28. Determine whether the exercise and test program is sufficient to demonstrate the entity's ability to meet its continuity objectives and whether the results demonstrate the readiness of personnel to achieve the entity's recovery and resumption objectives. Determine whether management accomplishes the following:
a. Coordinate the execution of its exercise and test program to fully exercise its business continuity planning process.
b. Analyze and compare results against stated objectives.
c. Raise issues with appropriate personnel and assign responsibility for resolution.
d. Escalate issues that cannot be resolved in a timely manner to the appropriate level of management.
e. Prioritize and track issues through final resolution.
f. Analyze results and issues to determine whether problems can be traced to a common source.
g. Document recommendations for future exercise and tests.",Semantic,Subset of ,7,10,"ID.IM-02.09: Corrective actions for gaps identified during security-related, incident management, response plan, and disaster recovery testing are retested and validated, or have a formal risk acceptance or risk exception.",IDENTIFY / Improvement / Tests & Exercises,ID.IM-02.09
Objective 10: Determine whether the exercise and testing program is sufficient to allow management to assess the entity’s ability to meet its continuity objectives.,FFIEC-BCM-10.29,29. Verify that corrective actions have been implemented and that retesting occurs in a timely fashion to address deficiencies in meeting the entity’s objectives.,Semantic,Subset of ,10,10,"ID.IM-02.09: Corrective actions for gaps identified during security-related, incident management, response plan, and disaster recovery testing are retested and validated, or have a formal risk acceptance or risk exception.",IDENTIFY / Improvement / Tests & Exercises,ID.IM-02.09
Objective 10: Determine whether the exercise and testing program is sufficient to allow management to assess the entity’s ability to meet its continuity objectives.,FFIEC-BCM-10.30,"30. Verify that test results are used to update the business continuity processes, enhance future testing, and evaluate whether risk mitigation strategies should be adjusted.",Semantic,Subset of ,10,10,"ID.IM-03.01: A formal process is in place to improve protection controls and processes by integrating recommendations, findings, and lessons learned from exercises, testing, audits, assessments, and incidents.",IDENTIFY / Improvement / Improvements from Lessons Learned,ID.IM-03.01
Objective 10: Determine whether the exercise and testing program is sufficient to allow management to assess the entity’s ability to meet its continuity objectives.,FFIEC-BCM-10.30,"30. Verify that test results are used to update the business continuity processes, enhance future testing, and evaluate whether risk mitigation strategies should be adjusted.",Functional ,Intersects with,10,10,"ID.IM-04.08: The organization regularly reviews response strategy, incident management plans, recovery plans, and associated tests and exercises and updates them, as necessary, based on:
(1) Lessons learned from incidents that have occurred (both internal and external to the organization);
(2) Current cyber threat intelligence (both internal and external sources);
(3) Recent and wide-scale cyber attack scenarios;
(4) Operationally and technically plausible future cyber attacks;
(5) Organizational or technical environment changes; and,
(6) New technological developments.",IDENTIFY / Improvement / Plans Affecting Operations,ID.IM-04.08
Objective 11: Determine whether management continuously measures the progress and assesses the effectiveness of BCM and uses the information to improve the BCM process.,FFIEC-BCM-11.01,"1. Determine whether management reviews and updates the business continuity program to reflect the current environment. Triggers that prompt maintenance and improvement of the BCM may include the following:
a. Changes in enterprise strategies.
b. New or reconfigured products, services, or infrastructure.
c. Changes in products and services offered by third-party service providers.
d. Deficiencies identified in third-party service provider BCM processes.
e. New legislation, regulatory requirements, or resilience practices.
f. Results of operational metric analysis (e.g., key risk indications, key performance indicators).
g. Early warning indicators that may identify potential continuity events, crises, or incidents (e.g., frequency and severity of storms, heightened cyber attack activity, or increases in customer service calls).
h. Variances between budgeted and actual BCM expenses.
i. Results from exercises and tests and lessons learned.
j. Changes in the threat landscape (e.g., new capabilities, intent of threat actors).
k. Recommendations (e.g., from audits, vulnerability assessments, and penetration tests, including those involving the use of advanced cybersecurity analysis and assessments).",Functional ,Intersects with,5,8,"GV.OV-03.01: The organization develops, implements, and reports to management and the governing body (e.g., the Board or one of its committees) key technology and cybersecurity risk and performance indicators and metrics to measure, monitor, and report actionable indicators.",GOVERN / Oversight / Risk Management Performance Measurement,GV.OV-03.01
Objective 11: Determine whether management continuously measures the progress and assesses the effectiveness of BCM and uses the information to improve the BCM process.,FFIEC-BCM-11.01,"1. Determine whether management reviews and updates the business continuity program to reflect the current environment. Triggers that prompt maintenance and improvement of the BCM may include the following:
a. Changes in enterprise strategies.
b. New or reconfigured products, services, or infrastructure.
c. Changes in products and services offered by third-party service providers.
d. Deficiencies identified in third-party service provider BCM processes.
e. New legislation, regulatory requirements, or resilience practices.
f. Results of operational metric analysis (e.g., key risk indications, key performance indicators).
g. Early warning indicators that may identify potential continuity events, crises, or incidents (e.g., frequency and severity of storms, heightened cyber attack activity, or increases in customer service calls).
h. Variances between budgeted and actual BCM expenses.
i. Results from exercises and tests and lessons learned.
j. Changes in the threat landscape (e.g., new capabilities, intent of threat actors).
k. Recommendations (e.g., from audits, vulnerability assessments, and penetration tests, including those involving the use of advanced cybersecurity analysis and assessments).",Semantic,Subset of ,8,8,"ID.IM-03.01: A formal process is in place to improve protection controls and processes by integrating recommendations, findings, and lessons learned from exercises, testing, audits, assessments, and incidents.",IDENTIFY / Improvement / Improvements from Lessons Learned,ID.IM-03.01
Objective 11: Determine whether management continuously measures the progress and assesses the effectiveness of BCM and uses the information to improve the BCM process.,FFIEC-BCM-11.01,"1. Determine whether management reviews and updates the business continuity program to reflect the current environment. Triggers that prompt maintenance and improvement of the BCM may include the following:
a. Changes in enterprise strategies.
b. New or reconfigured products, services, or infrastructure.
c. Changes in products and services offered by third-party service providers.
d. Deficiencies identified in third-party service provider BCM processes.
e. New legislation, regulatory requirements, or resilience practices.
f. Results of operational metric analysis (e.g., key risk indications, key performance indicators).
g. Early warning indicators that may identify potential continuity events, crises, or incidents (e.g., frequency and severity of storms, heightened cyber attack activity, or increases in customer service calls).
h. Variances between budgeted and actual BCM expenses.
i. Results from exercises and tests and lessons learned.
j. Changes in the threat landscape (e.g., new capabilities, intent of threat actors).
k. Recommendations (e.g., from audits, vulnerability assessments, and penetration tests, including those involving the use of advanced cybersecurity analysis and assessments).",Functional ,Intersects with,5,8,"ID.IM-03.02: The organization establishes a systematic and comprehensive program to regularly evaluate and improve its monitoring and detection processes and controls as the threat environment changes, tools and techniques evolve, and lessons are learned.",IDENTIFY / Improvement / Improvements from Lessons Learned,ID.IM-03.02
Objective 11: Determine whether management continuously measures the progress and assesses the effectiveness of BCM and uses the information to improve the BCM process.,FFIEC-BCM-11.01,"1. Determine whether management reviews and updates the business continuity program to reflect the current environment. Triggers that prompt maintenance and improvement of the BCM may include the following:
a. Changes in enterprise strategies.
b. New or reconfigured products, services, or infrastructure.
c. Changes in products and services offered by third-party service providers.
d. Deficiencies identified in third-party service provider BCM processes.
e. New legislation, regulatory requirements, or resilience practices.
f. Results of operational metric analysis (e.g., key risk indications, key performance indicators).
g. Early warning indicators that may identify potential continuity events, crises, or incidents (e.g., frequency and severity of storms, heightened cyber attack activity, or increases in customer service calls).
h. Variances between budgeted and actual BCM expenses.
i. Results from exercises and tests and lessons learned.
j. Changes in the threat landscape (e.g., new capabilities, intent of threat actors).
k. Recommendations (e.g., from audits, vulnerability assessments, and penetration tests, including those involving the use of advanced cybersecurity analysis and assessments).",Functional ,Intersects with,5,8,"ID.IM-04.01: The organization's business continuity, disaster recovery, crisis management, and response plans are in place and managed, aligned with each other, and incorporate considerations of cyber incidents.",IDENTIFY / Improvement / Plans Affecting Operations,ID.IM-04.01
Objective 11: Determine whether management continuously measures the progress and assesses the effectiveness of BCM and uses the information to improve the BCM process.,FFIEC-BCM-11.01,"1. Determine whether management reviews and updates the business continuity program to reflect the current environment. Triggers that prompt maintenance and improvement of the BCM may include the following:
a. Changes in enterprise strategies.
b. New or reconfigured products, services, or infrastructure.
c. Changes in products and services offered by third-party service providers.
d. Deficiencies identified in third-party service provider BCM processes.
e. New legislation, regulatory requirements, or resilience practices.
f. Results of operational metric analysis (e.g., key risk indications, key performance indicators).
g. Early warning indicators that may identify potential continuity events, crises, or incidents (e.g., frequency and severity of storms, heightened cyber attack activity, or increases in customer service calls).
h. Variances between budgeted and actual BCM expenses.
i. Results from exercises and tests and lessons learned.
j. Changes in the threat landscape (e.g., new capabilities, intent of threat actors).
k. Recommendations (e.g., from audits, vulnerability assessments, and penetration tests, including those involving the use of advanced cybersecurity analysis and assessments).",Functional ,Intersects with,7,8,"ID.IM-04.08: The organization regularly reviews response strategy, incident management plans, recovery plans, and associated tests and exercises and updates them, as necessary, based on:
(1) Lessons learned from incidents that have occurred (both internal and external to the organization);
(2) Current cyber threat intelligence (both internal and external sources);
(3) Recent and wide-scale cyber attack scenarios;
(4) Operationally and technically plausible future cyber attacks;
(5) Organizational or technical environment changes; and,
(6) New technological developments.",IDENTIFY / Improvement / Plans Affecting Operations,ID.IM-04.08
Objective 11: Determine whether management continuously measures the progress and assesses the effectiveness of BCM and uses the information to improve the BCM process.,FFIEC-BCM-11.02,"2. Determine whether management has documented, analyzed, and reviewed lessons learned from adverse events. Documented procedures for incorporating lessons learned may include:
a. Identifying the failure(s).
b. Determining the cause(s).
c. Evaluating potential solutions.
d. Implementing corrective actions as appropriate.
e. Recording and reviewing corrective actions taken.",Semantic,Subset of ,9,10,"ID.IM-02.09: Corrective actions for gaps identified during security-related, incident management, response plan, and disaster recovery testing are retested and validated, or have a formal risk acceptance or risk exception.",IDENTIFY / Improvement / Tests & Exercises,ID.IM-02.09
Objective 11: Determine whether management continuously measures the progress and assesses the effectiveness of BCM and uses the information to improve the BCM process.,FFIEC-BCM-11.02,"2. Determine whether management has documented, analyzed, and reviewed lessons learned from adverse events. Documented procedures for incorporating lessons learned may include:
a. Identifying the failure(s).
b. Determining the cause(s).
c. Evaluating potential solutions.
d. Implementing corrective actions as appropriate.
e. Recording and reviewing corrective actions taken.",Semantic,Subset of ,7,10,"ID.IM-03.01: A formal process is in place to improve protection controls and processes by integrating recommendations, findings, and lessons learned from exercises, testing, audits, assessments, and incidents.",IDENTIFY / Improvement / Improvements from Lessons Learned,ID.IM-03.01
Objective 11: Determine whether management continuously measures the progress and assesses the effectiveness of BCM and uses the information to improve the BCM process.,FFIEC-BCM-11.02,"2. Determine whether management has documented, analyzed, and reviewed lessons learned from adverse events. Documented procedures for incorporating lessons learned may include:
a. Identifying the failure(s).
b. Determining the cause(s).
c. Evaluating potential solutions.
d. Implementing corrective actions as appropriate.
e. Recording and reviewing corrective actions taken.",Semantic,Subset of ,8,10,"ID.IM-04.08: The organization regularly reviews response strategy, incident management plans, recovery plans, and associated tests and exercises and updates them, as necessary, based on:
(1) Lessons learned from incidents that have occurred (both internal and external to the organization);
(2) Current cyber threat intelligence (both internal and external sources);
(3) Recent and wide-scale cyber attack scenarios;
(4) Operationally and technically plausible future cyber attacks;
(5) Organizational or technical environment changes; and,
(6) New technological developments.",IDENTIFY / Improvement / Plans Affecting Operations,ID.IM-04.08
Objective 11: Determine whether management continuously measures the progress and assesses the effectiveness of BCM and uses the information to improve the BCM process.,FFIEC-BCM-11.02,"2. Determine whether management has documented, analyzed, and reviewed lessons learned from adverse events. Documented procedures for incorporating lessons learned may include:
a. Identifying the failure(s).
b. Determining the cause(s).
c. Evaluating potential solutions.
d. Implementing corrective actions as appropriate.
e. Recording and reviewing corrective actions taken.",Semantic,Subset of ,8,10,"DE.AE-04.01: The organization has a documented process to analyze and triage incidents to assess root cause, technical impact, mitigation priority, and business impact on the organization, as well as across the financial sector and other third party stakeholders.",DETECT / Adverse Event Analysis / Impact & Scope Determination,DE.AE-04.01
Objective 11: Determine whether management continuously measures the progress and assesses the effectiveness of BCM and uses the information to improve the BCM process.,FFIEC-BCM-11.02,"2. Determine whether management has documented, analyzed, and reviewed lessons learned from adverse events. Documented procedures for incorporating lessons learned may include:
a. Identifying the failure(s).
b. Determining the cause(s).
c. Evaluating potential solutions.
d. Implementing corrective actions as appropriate.
e. Recording and reviewing corrective actions taken.",Semantic,Subset of ,8,10,"RS.AN-03.01: The organization performs a thorough investigation to determine the nature and scope of an event, possible root causes, and the potential damage inflicted.",RESPOND / Incident Analysis / Incident Analysis & Root Cause Determination,RS.AN-03.01
Objective 11: Determine whether management continuously measures the progress and assesses the effectiveness of BCM and uses the information to improve the BCM process.,FFIEC-BCM-11.03,"3. Verify that management documents, tracks, and resolves any changes when updating the BCP and the exercise and testing program(s). Furthermore, verify that management maintains appropriate version control of key BCM documents.",Functional ,Intersects with,8,8,"ID.RA-07.03: Technology projects and system change processes ensure that requisite changes in security posture, data classification and flows, architecture, support documentation, business processes, and business resilience plans are addressed.",IDENTIFY / Risk Assessment / Change & Exception Management,ID.RA-07.03
Objective 11: Determine whether management continuously measures the progress and assesses the effectiveness of BCM and uses the information to improve the BCM process.,FFIEC-BCM-11.03,"3. Verify that management documents, tracks, and resolves any changes when updating the BCP and the exercise and testing program(s). Furthermore, verify that management maintains appropriate version control of key BCM documents.",Functional ,Intersects with,8,8,"ID.IM-02.09: Corrective actions for gaps identified during security-related, incident management, response plan, and disaster recovery testing are retested and validated, or have a formal risk acceptance or risk exception.",IDENTIFY / Improvement / Tests & Exercises,ID.IM-02.09
Objective 11: Determine whether management continuously measures the progress and assesses the effectiveness of BCM and uses the information to improve the BCM process.,FFIEC-BCM-11.03,"3. Verify that management documents, tracks, and resolves any changes when updating the BCP and the exercise and testing program(s). Furthermore, verify that management maintains appropriate version control of key BCM documents.",Semantic,Subset of ,7,8,"ID.IM-04.01: The organization's business continuity, disaster recovery, crisis management, and response plans are in place and managed, aligned with each other, and incorporate considerations of cyber incidents",IDENTIFY / Improvement / Plans Affecting Operations,ID.IM-04.01
Objective 11: Determine whether management continuously measures the progress and assesses the effectiveness of BCM and uses the information to improve the BCM process.,FFIEC-BCM-11.04,4. Determine whether management maintains backup copies of relevant BCM documentation in the event that the primary repository becomes inaccessible,Semantic,Intersects with,7,7,"ID.AM-05.02: The organization's hardware, software, and data assets are prioritized for protection based on their sensitivity, criticality, vulnerability, business value, and dependency role in the delivery of critical services.",IDENTIFY / Asset Management / Asset Protection Prioritization,ID.AM-05.02
Objective 11: Determine whether management continuously measures the progress and assesses the effectiveness of BCM and uses the information to improve the BCM process.,FFIEC-BCM-11.04,4. Determine whether management maintains backup copies of relevant BCM documentation in the event that the primary repository becomes inaccessible,Semantic,Intersects with,7,7,"PR.DS-01.01: Data-at-rest is protected commensurate with the criticality and sensitivity of the information and in alignment with the data classification and protection policy (e.g., through the use of encryption, authentication, access control, segregation, masking, tokenization, and file integrity monitoring).",PROTECT / Data Security / Protection of Data at Rest,PR.DS-01.01
Objective 11: Determine whether management continuously measures the progress and assesses the effectiveness of BCM and uses the information to improve the BCM process.,FFIEC-BCM-11.04,4. Determine whether management maintains backup copies of relevant BCM documentation in the event that the primary repository becomes inaccessible,Semantic,Intersects with,7,7,"PR.DS-11.01: The organization defines and implements standards and procedures for configuring and performing backups and data replications, including defining backup requirements by data/application/infrastructure criticality, segregating (e.g., air-gapping) and securing backups, verifying backup integrity, and performing backup restoration testing.",PROTECT / Data Security / Data Backup,PR.DS-11.01
Objective 12: Determine whether the board has established expectations for BCM reporting.,FFIEC-BCM-12.01,"1. Review board minutes to determine whether management periodically reports to the board on the status of BCM.
a. Determine whether reports include a written BCM presentation, including the BIA, risk assessment, BCP, exercise and test results, and identified issues.
b. Determine whether management provides the board with regular strategy updates based on changes in personnel, roles and responsibilities, and business operations.
c. Verify that management documents the reasons (e.g., cost and service level) for choosing recovery alternatives and why they are appropriate based on the entity's risk profile and complexity.
d. Assess whether the board provides a credible challenge to management, when appropriate.",Functional ,Intersects with,5,7,"GV.RM-02.01: The governing authority (e.g., the Board or one of its committees) endorses and regularly reviews technology and cybersecurity risk appetite and is regularly informed about the status of, and material changes to, the organization's inherent risk profile.",GOVERN / Risk Management Strategy / Risk Appetite & Risk Tolerance Statements,GV.RM-02.01
Objective 12: Determine whether the board has established expectations for BCM reporting.,FFIEC-BCM-12.01,"1. Review board minutes to determine whether management periodically reports to the board on the status of BCM.
a. Determine whether reports include a written BCM presentation, including the BIA, risk assessment, BCP, exercise and test results, and identified issues.
b. Determine whether management provides the board with regular strategy updates based on changes in personnel, roles and responsibilities, and business operations.
c. Verify that management documents the reasons (e.g., cost and service level) for choosing recovery alternatives and why they are appropriate based on the entity's risk profile and complexity.
d. Assess whether the board provides a credible challenge to management, when appropriate.",Semantic,Subset of ,7,7,"GV.RM-04.01: The governing authority (e.g., the Board or one of its committees) and senior management provide guidance, direction, and credible challenge in the design and implementation of risk management strategies, assessment of identified risks against risk appetite and risk tolerance, and in the selection of risk treatment approaches.",GOVERN / Risk Management Strategy / Risk Response Strategic Direction,GV.RM-04.01
Objective 12: Determine whether the board has established expectations for BCM reporting.,FFIEC-BCM-12.01,"1. Review board minutes to determine whether management periodically reports to the board on the status of BCM.
a. Determine whether reports include a written BCM presentation, including the BIA, risk assessment, BCP, exercise and test results, and identified issues.
b. Determine whether management provides the board with regular strategy updates based on changes in personnel, roles and responsibilities, and business operations.
c. Verify that management documents the reasons (e.g., cost and service level) for choosing recovery alternatives and why they are appropriate based on the entity's risk profile and complexity.
d. Assess whether the board provides a credible challenge to management, when appropriate.",Semantic,Subset of ,7,7,"GV.OV-01.01: The governing authority (e.g., the Board or one of its committees) regularly reviews and evaluates the organization's ability to manage its technology, cybersecurity, third-party, and resilience risks.",GOVERN / Oversight / Risk Management Strategy Outcomes Review,GV.OV-01.01
Objective 12: Determine whether the board has established expectations for BCM reporting.,FFIEC-BCM-12.01,"1. Review board minutes to determine whether management periodically reports to the board on the status of BCM.
a. Determine whether reports include a written BCM presentation, including the BIA, risk assessment, BCP, exercise and test results, and identified issues.
b. Determine whether management provides the board with regular strategy updates based on changes in personnel, roles and responsibilities, and business operations.
c. Verify that management documents the reasons (e.g., cost and service level) for choosing recovery alternatives and why they are appropriate based on the entity's risk profile and complexity.
d. Assess whether the board provides a credible challenge to management, when appropriate.",Semantic,Subset of ,7,7,"GV.OV-03.02: Resilience program performance is measured and regularly reported to senior executives and the governing authority (e.g., the Board or one of its committees).",GOVERN / Oversight / Risk Management Performance Measurement,GV.OV-03.02
Objective 12: Determine whether the board has established expectations for BCM reporting.,FFIEC-BCM-12.01,"1. Review board minutes to determine whether management periodically reports to the board on the status of BCM.
a. Determine whether reports include a written BCM presentation, including the BIA, risk assessment, BCP, exercise and test results, and identified issues.
b. Determine whether management provides the board with regular strategy updates based on changes in personnel, roles and responsibilities, and business operations.
c. Verify that management documents the reasons (e.g., cost and service level) for choosing recovery alternatives and why they are appropriate based on the entity's risk profile and complexity.
d. Assess whether the board provides a credible challenge to management, when appropriate.",Semantic,Intersects with,6,7,"ID.IM-02.07: The organization's governing body (e.g., the Board or one of its committees) and senior management are involved in testing as part of a crisis management team and are informed of test results.",IDENTIFY / Improvement / Tests & Exercises,ID.IM-02.07
Objective 12: Determine whether the board has established expectations for BCM reporting.,FFIEC-BCM-12.01,"1. Review board minutes to determine whether management periodically reports to the board on the status of BCM.
a. Determine whether reports include a written BCM presentation, including the BIA, risk assessment, BCP, exercise and test results, and identified issues.
b. Determine whether management provides the board with regular strategy updates based on changes in personnel, roles and responsibilities, and business operations.
c. Verify that management documents the reasons (e.g., cost and service level) for choosing recovery alternatives and why they are appropriate based on the entity's risk profile and complexity.
d. Assess whether the board provides a credible challenge to management, when appropriate.",Semantic,Intersects with,6,7,"ID.IM-02.09: Corrective actions for gaps identified during security-related, incident management, response plan, and disaster recovery testing are retested and validated, or have a formal risk acceptance or risk exception.",IDENTIFY / Improvement / Tests & Exercises,ID.IM-02.09
