,"JFSA (Financial Services Agency, Japan) Comprehensive Guidelines for Supervision of Major Banks (June 2021)
to CRI Profile ver. 2.1 Mapping","JFSA (Financial Services Agency, Japan) Comprehensive Guidelines for Supervision of Major Banks (June 2021)
to CRI Profile ver. 2.1 Mapping","JFSA (Financial Services Agency, Japan) Comprehensive Guidelines for Supervision of Major Banks (June 2021)
to CRI Profile ver. 2.1 Mapping","JFSA (Financial Services Agency, Japan) Comprehensive Guidelines for Supervision of Major Banks (June 2021)
to CRI Profile ver. 2.1 Mapping","JFSA (Financial Services Agency, Japan) Comprehensive Guidelines for Supervision of Major Banks (June 2021)
to CRI Profile ver. 2.1 Mapping","JFSA (Financial Services Agency, Japan) Comprehensive Guidelines for Supervision of Major Banks (June 2021)
to CRI Profile ver. 2.1 Mapping","JFSA (Financial Services Agency, Japan) Comprehensive Guidelines for Supervision of Major Banks (June 2021)
to CRI Profile ver. 2.1 Mapping","JFSA (Financial Services Agency, Japan) Comprehensive Guidelines for Supervision of Major Banks (June 2021)
to CRI Profile ver. 2.1 Mapping",,
JFSA Comprehensive Guidelines for Supervision of Major Banks (Provisional Translation) (June 2021),JFSA Comprehensive Guidelines for Supervision of Major Banks (Provisional Translation) (June 2021),JFSA Comprehensive Guidelines for Supervision of Major Banks (Provisional Translation) (June 2021),JFSA Comprehensive Guidelines for Supervision of Major Banks (Provisional Translation) (June 2021),Mapping Relationship,Mapping Relationship,Mapping Relationship,Mapping Relationship,CRI Profile ver. 2.1,CRI Profile ver. 2.1,CRI Profile ver. 2.1
Document Section,Subsection,JFSA Id,JFSA Statement,Rationale,Relationship,AS,FCS,CRI Profile ver. 2.1 Diagnostic Statement,Profile Subsection,Profile Id
III-3-7-1 Information Technology (IT) System Risk / III-3-7-1-2 Major Supervisory Viewpoints,(1)(i) Recognition of IT system risk,JFSA-01 ,"Whether officers and employees, including the representative director, have fully recognized the importance of IT system risk, reviewed it regularly, and formulated a basic policy for the bank-wide management of IT system risk.",Semantic,Superset of,8,10,"GV.OC-02.01: The organization's obligation to its customers, employees, and stakeholders to maintain safety and soundness, while balancing size and complexity, is reflected in the organization's risk management strategy and framework,  its risk appetite and risk tolerance statements, and in a risk-aware culture.",GOVERN / Organizational Context / Stakeholder Risk Management Expectations,GV.OC-02.01
III-3-7-1 Information Technology (IT) System Risk / III-3-7-1-2 Major Supervisory Viewpoints,(1)(i) Recognition of IT system risk,JFSA-01 ,"Whether officers and employees, including the representative director, have fully recognized the importance of IT system risk, reviewed it regularly, and formulated a basic policy for the bank-wide management of IT system risk.",Semantic,Superset of,8,10,GV.OC-02.02: Technology and cybersecurity risk management strategies identify and communicate the organization’s role within the financial services sector as a component of critical infrastructure.,GOVERN / Organizational Context / Stakeholder Risk Management Expectations,GV.OC-02.02
III-3-7-1 Information Technology (IT) System Risk / III-3-7-1-2 Major Supervisory Viewpoints,(1)(i) Recognition of IT system risk,JFSA-01 ,"Whether officers and employees, including the representative director, have fully recognized the importance of IT system risk, reviewed it regularly, and formulated a basic policy for the bank-wide management of IT system risk.",Semantic,Superset of,8,10,GV.OC-02.03: Technology and cybersecurity risk management strategies identify and communicate the organization's role as it relates to other critical infrastructure sectors outside of the financial services sector and the interdependency risks.,GOVERN / Organizational Context / Stakeholder Risk Management Expectations,GV.OC-02.03
III-3-7-1 Information Technology (IT) System Risk / III-3-7-1-2 Major Supervisory Viewpoints,(1)(i) Recognition of IT system risk,JFSA-01 ,"Whether officers and employees, including the representative director, have fully recognized the importance of IT system risk, reviewed it regularly, and formulated a basic policy for the bank-wide management of IT system risk.",Semantic,Intersects with,6,10,"GV.RM-02.01: The governing authority (e.g., the Board or one of its committees) endorses and regularly reviews technology and cybersecurity risk appetite and is regularly informed about the status of, and material changes to, the organization's inherent risk profile.",GOVERN / Risk Management Strategy / Risk Appetite & Risk Tolerance Statements,GV.RM-02.01
III-3-7-1 Information Technology (IT) System Risk / III-3-7-1-2 Major Supervisory Viewpoints,(1)(i) Recognition of IT system risk,JFSA-01 ,"Whether officers and employees, including the representative director, have fully recognized the importance of IT system risk, reviewed it regularly, and formulated a basic policy for the bank-wide management of IT system risk.",Semantic,Superset of,8,10,"GV.RM-04.01: The governing authority (e.g., the Board or one of its committees) and senior management provide guidance, direction, and credible challenge in the design and implementation of risk management strategies, assessment of identified risks against risk appetite and risk tolerance, and in the selection of risk treatment approaches.",GOVERN / Risk Management Strategy / Risk Response Strategic Direction,GV.RM-04.01
III-3-7-1 Information Technology (IT) System Risk / III-3-7-1-2 Major Supervisory Viewpoints,(1)(i) Recognition of IT system risk,JFSA-01 ,"Whether officers and employees, including the representative director, have fully recognized the importance of IT system risk, reviewed it regularly, and formulated a basic policy for the bank-wide management of IT system risk.",Semantic,Superset of,9,10,"GV.RM-06.01: Technology and cybersecurity risk management and risk assessment processes and methodologies are documented and regularly reviewed and updated to address changes in the risk profile and risk appetite, the evolving threat environment, and new technologies, products, services, and interdependencies.",GOVERN / Risk Management Strategy / Standardized Risk Management Method,GV.RM-06.01
III-3-7-1 Information Technology (IT) System Risk / III-3-7-1-2 Major Supervisory Viewpoints,(1)(i) Recognition of IT system risk,JFSA-01 ,"Whether officers and employees, including the representative director, have fully recognized the importance of IT system risk, reviewed it regularly, and formulated a basic policy for the bank-wide management of IT system risk.",Semantic,Superset of,8,10,"GV.RR-01.01: The governing authority (e.g., the Board or one of its committees) oversees and holds senior management accountable for implementing the organization’s technology and cybersecurity risk management strategies and frameworks.","GOVERN / Roles, Responsibilities, and Authorities / Organizational Leadership Responsibility",GV.RR-01.01
III-3-7-1 Information Technology (IT) System Risk / III-3-7-1-2 Major Supervisory Viewpoints,(1)(i) Recognition of IT system risk,JFSA-01 ,"Whether officers and employees, including the representative director, have fully recognized the importance of IT system risk, reviewed it regularly, and formulated a basic policy for the bank-wide management of IT system risk.",Semantic,Superset of,6,10,"GV.RR-01.02: The governing authority (e.g., the Board or one of its committees) regularly reviews, oversees, and holds senior management accountable for implementing the organization’s third-party risk management strategy and program and for managing the organization's ongoing risks associated with the aggregate and specific use of third parties.","GOVERN / Roles, Responsibilities, and Authorities / Organizational Leadership Responsibility",GV.RR-01.02
III-3-7-1 Information Technology (IT) System Risk / III-3-7-1-2 Major Supervisory Viewpoints,(1)(i) Recognition of IT system risk,JFSA-01 ,"Whether officers and employees, including the representative director, have fully recognized the importance of IT system risk, reviewed it regularly, and formulated a basic policy for the bank-wide management of IT system risk.",Semantic,Intersects with,6,10,"GV.RR-01.03: The governing authority (e.g., the Board or one of its committees) regularly reviews, oversees, and holds senior management accountable for implementing the organization’s resilience strategy and program and for managing the organization's ongoing resilience risks.","GOVERN / Roles, Responsibilities, and Authorities / Organizational Leadership Responsibility",GV.RR-01.03
III-3-7-1 Information Technology (IT) System Risk / III-3-7-1-2 Major Supervisory Viewpoints,(1)(i) Recognition of IT system risk,JFSA-01 ,"Whether officers and employees, including the representative director, have fully recognized the importance of IT system risk, reviewed it regularly, and formulated a basic policy for the bank-wide management of IT system risk.",Semantic,Superset of,7,10,"GV.PO-01.01: Technology and cybersecurity policies are documented, maintained and approved by the governing authority (e.g., the Board or one of its committees) or a designated executive.","GOVERN / Policies, Processes, and Procedures / Establishment of Policies & Procedures",GV.PO-01.01
III-3-7-1 Information Technology (IT) System Risk / III-3-7-1-2 Major Supervisory Viewpoints,(1)(i) Recognition of IT system risk,JFSA-01 ,"Whether officers and employees, including the representative director, have fully recognized the importance of IT system risk, reviewed it regularly, and formulated a basic policy for the bank-wide management of IT system risk.",Semantic,Superset of,7,10,"GV.PO-01.07: The organization maintains documented business continuity and resilience program policies and procedures approved by the governing authority (e.g., the Board or one of its committees).","GOVERN / Policies, Processes, and Procedures / Establishment of Policies & Procedures",GV.PO-01.07
III-3-7-1 Information Technology (IT) System Risk / III-3-7-1-2 Major Supervisory Viewpoints,(1)(i) Recognition of IT system risk,JFSA-01 ,"Whether officers and employees, including the representative director, have fully recognized the importance of IT system risk, reviewed it regularly, and formulated a basic policy for the bank-wide management of IT system risk.",Semantic,Superset of,7,10,"GV.PO-01.08: The organization maintains documented third-party risk management program policies and procedures approved by the governing authority (e.g., the Board or one of its committees).","GOVERN / Policies, Processes, and Procedures / Establishment of Policies & Procedures",GV.PO-01.08
III-3-7-1 Information Technology (IT) System Risk / III-3-7-1-2 Major Supervisory Viewpoints,(1)(i) Recognition of IT system risk,JFSA-01 ,"Whether officers and employees, including the representative director, have fully recognized the importance of IT system risk, reviewed it regularly, and formulated a basic policy for the bank-wide management of IT system risk.",Semantic,Intersects with,7,10,"GV.OV-01.01: The governing authority (e.g., the Board or one of its committees) regularly reviews and evaluates the organization's ability to manage its technology, cybersecurity, third-party, and resilience risks.",GOVERN / Oversight / Risk Management Strategy Outcomes Review,GV.OV-01.01
III-3-7-1 Information Technology (IT) System Risk / III-3-7-1-2 Major Supervisory Viewpoints,(1)(i) Recognition of IT system risk,JFSA-01 ,"Whether officers and employees, including the representative director, have fully recognized the importance of IT system risk, reviewed it regularly, and formulated a basic policy for the bank-wide management of IT system risk.",Semantic,Superset of,8,10,"GV.OV-01.02: The designated Cybersecurity Officer (e.g., CISO) periodically reports to the appropriate governing authority (e.g., the Board or one of its committees) or equivalent governing body on the status of cybersecurity within the organization.",GOVERN / Oversight / Risk Management Strategy Outcomes Review,GV.OV-01.02
III-3-7-1 Information Technology (IT) System Risk / III-3-7-1-2 Major Supervisory Viewpoints,(1)(i) Recognition of IT system risk,JFSA-01 ,"Whether officers and employees, including the representative director, have fully recognized the importance of IT system risk, reviewed it regularly, and formulated a basic policy for the bank-wide management of IT system risk.",Semantic,Superset of,9,10,"GV.OV-01.03: The designated Technology Officer (e.g., CIO or CTO) regularly reports to the governing authority (e.g., the Board or one of its committees) on the status of technology use and risks within the organization.",GOVERN / Oversight / Risk Management Strategy Outcomes Review,GV.OV-01.03
III-3-7-1 Information Technology (IT) System Risk / III-3-7-1-2 Major Supervisory Viewpoints,(1)(i) Recognition of IT system risk,JFSA-01 ,"Whether officers and employees, including the representative director, have fully recognized the importance of IT system risk, reviewed it regularly, and formulated a basic policy for the bank-wide management of IT system risk.",Semantic,Intersects with,7,10,"GV.IR-02.02: The independent risk management function regularly assesses the organization's controls and cybersecurity risk exposure, identifies opportunities for improvement based on assessment results, and recommends program improvements",GOVERN / Independent Risk Management Function / Independent Risk Management Evaluation,GV.IR-02.02
III-3-7-1 Information Technology (IT) System Risk / III-3-7-1-2 Major Supervisory Viewpoints,(1)(ii) Recognition of IT system risk,JFSA-02,"Whether the representative director has recognized that prevention and efforts for rapid recovery from an IT system failure and cybersecurity incident (hereinafter referred to as ""system failure"") is an important issue for the management of the bank, and developed an appropriate control environment. ",Semantic,Superset of,7,10,"GV.OC-05.03: The organization defines objectives (e.g., Recovery Time Objective, Maximum Tolerable Downtime, Impact Tolerance) for the resumption of critical operations in alignment with business imperatives, stakeholder obligations, and critical infrastructure dependencies.",GOVERN / Organizational Context / Organizational Service Dependencies,GV.OC-05.03
III-3-7-1 Information Technology (IT) System Risk / III-3-7-1-2 Major Supervisory Viewpoints,(1)(ii) Recognition of IT system risk,JFSA-02,"Whether the representative director has recognized that prevention and efforts for rapid recovery from an IT system failure and cybersecurity incident (hereinafter referred to as ""system failure"") is an important issue for the management of the bank, and developed an appropriate control environment. ",Semantic,Superset of,7,10,"GV.OC-05.04: Recovery point objectives to support data integrity are consistent with the organization's recovery time objectives, information flow dependencies between systems, and business obligations.",GOVERN / Organizational Context / Organizational Service Dependencies,GV.OC-05.04
III-3-7-1 Information Technology (IT) System Risk / III-3-7-1-2 Major Supervisory Viewpoints,(1)(ii) Recognition of IT system risk,JFSA-02,"Whether the representative director has recognized that prevention and efforts for rapid recovery from an IT system failure and cybersecurity incident (hereinafter referred to as ""system failure"") is an important issue for the management of the bank, and developed an appropriate control environment. ",Semantic,Superset of,7,10,"GV.SC-08.01: The organization's resilience strategy, plans, tests, and exercises incorporate its external dependencies and critical business partners.",GOVERN / Supply Chain Risk Management / Third Party Incident Management Integration,GV.SC-08.01
III-3-7-1 Information Technology (IT) System Risk / III-3-7-1-2 Major Supervisory Viewpoints,(1)(ii) Recognition of IT system risk,JFSA-02,"Whether the representative director has recognized that prevention and efforts for rapid recovery from an IT system failure and cybersecurity incident (hereinafter referred to as ""system failure"") is an important issue for the management of the bank, and developed an appropriate control environment. ",Semantic,Superset of,7,10,ID.RA-02.02: The organization shares authorized information on its cyber resilience framework and the effectiveness of protection technologies bilaterally with trusted external stakeholders to promote the understanding of each party’s approach to securing systems.,IDENTIFY / Risk Assessment / Information Sharing Forums,ID.RA-02.02
III-3-7-1 Information Technology (IT) System Risk / III-3-7-1-2 Major Supervisory Viewpoints,(1)(ii) Recognition of IT system risk,JFSA-02,"Whether the representative director has recognized that prevention and efforts for rapid recovery from an IT system failure and cybersecurity incident (hereinafter referred to as ""system failure"") is an important issue for the management of the bank, and developed an appropriate control environment. ",Semantic,Superset of,6,10,"ID.IM-02.04: The organization's testing program validates the effectiveness of its resilience strategy and response, disaster recovery, and resumption plans on a regular basis or upon major changes to business or system functions, and includes external stakeholders as required.",IDENTIFY / Improvement / Tests & Exercises,ID.IM-02.04
III-3-7-1 Information Technology (IT) System Risk / III-3-7-1-2 Major Supervisory Viewpoints,(1)(ii) Recognition of IT system risk,JFSA-02,"Whether the representative director has recognized that prevention and efforts for rapid recovery from an IT system failure and cybersecurity incident (hereinafter referred to as ""system failure"") is an important issue for the management of the bank, and developed an appropriate control environment. ",Semantic,Superset of,6,10,"ID.IM-02.05: The organization establishes testing programs that include a range of scenarios, including severe but plausible scenarios (e.g., disruptive, destructive, corruptive), that could affect the organization's ability to service internal and external stakeholders.",IDENTIFY / Improvement / Tests & Exercises,ID.IM-02.05
III-3-7-1 Information Technology (IT) System Risk / III-3-7-1-2 Major Supervisory Viewpoints,(1)(ii) Recognition of IT system risk,JFSA-02,"Whether the representative director has recognized that prevention and efforts for rapid recovery from an IT system failure and cybersecurity incident (hereinafter referred to as ""system failure"") is an important issue for the management of the bank, and developed an appropriate control environment. ",Semantic,Superset of,7,10,"ID.IM-02.06: The organization designs and tests its systems and processes, and employs third-party support resources (e.g., Sheltered Harbor), to enable recovery of accurate data (e.g., material financial transactions) sufficient to support defined business recovery time and recovery point objectives.",IDENTIFY / Improvement / Tests & Exercises,ID.IM-02.06
III-3-7-1 Information Technology (IT) System Risk / III-3-7-1-2 Major Supervisory Viewpoints,(1)(ii) Recognition of IT system risk,JFSA-02,"Whether the representative director has recognized that prevention and efforts for rapid recovery from an IT system failure and cybersecurity incident (hereinafter referred to as ""system failure"") is an important issue for the management of the bank, and developed an appropriate control environment. ",Semantic,Superset of,7,10,"ID.IM-02.07: The organization's governing body (e.g., the Board or one of its committees) and senior management are involved in testing as part of a crisis management team and are informed of test results.",IDENTIFY / Improvement / Tests & Exercises,ID.IM-02.07
III-3-7-1 Information Technology (IT) System Risk / III-3-7-1-2 Major Supervisory Viewpoints,(1)(ii) Recognition of IT system risk,JFSA-02,"Whether the representative director has recognized that prevention and efforts for rapid recovery from an IT system failure and cybersecurity incident (hereinafter referred to as ""system failure"") is an important issue for the management of the bank, and developed an appropriate control environment. ",Semantic,Superset of,6,10,"ID.IM-02.08: The organization tests and exercises, independently and in coordination with other critical sector partners, its ability to support sector-wide resilience in the event of extreme financial stress or the instability of external dependencies, such as connectivity to markets, payment systems, clearing entities, messaging services, etc.",IDENTIFY / Improvement / Tests & Exercises,ID.IM-02.08
III-3-7-1 Information Technology (IT) System Risk / III-3-7-1-2 Major Supervisory Viewpoints,(1)(ii) Recognition of IT system risk,JFSA-02,"Whether the representative director has recognized that prevention and efforts for rapid recovery from an IT system failure and cybersecurity incident (hereinafter referred to as ""system failure"") is an important issue for the management of the bank, and developed an appropriate control environment. ",Semantic,Intersects with,5,10,"ID.IM-02.09: Corrective actions for gaps identified during security-related, incident management, response plan, and disaster recovery testing are retested and validated, or have a formal risk acceptance or risk exception.",IDENTIFY / Improvement / Tests & Exercises,ID.IM-02.09
III-3-7-1 Information Technology (IT) System Risk / III-3-7-1-2 Major Supervisory Viewpoints,(1)(ii) Recognition of IT system risk,JFSA-02,"Whether the representative director has recognized that prevention and efforts for rapid recovery from an IT system failure and cybersecurity incident (hereinafter referred to as ""system failure"") is an important issue for the management of the bank, and developed an appropriate control environment. ",Semantic,Intersects with,5,10,"ID.IM-04.01: The organization's business continuity, disaster recovery, crisis management, and response plans are in place and managed, aligned with each other, and incorporate considerations of cyber incidents.",IDENTIFY / Improvement / Plans Affecting Operations,ID.IM-04.01
III-3-7-1 Information Technology (IT) System Risk / III-3-7-1-2 Major Supervisory Viewpoints,(1)(ii) Recognition of IT system risk,JFSA-02,"Whether the representative director has recognized that prevention and efforts for rapid recovery from an IT system failure and cybersecurity incident (hereinafter referred to as ""system failure"") is an important issue for the management of the bank, and developed an appropriate control environment. ",Semantic,Superset of,7,10,"ID.IM-04.05: Recovery plans include restoration of resilience following a long term loss of capability (e.g., at an alternate site or a third-party), detailing when the plan should be activated and implementation steps.",IDENTIFY / Improvement / Plans Affecting Operations,ID.IM-04.05
III-3-7-1 Information Technology (IT) System Risk / III-3-7-1-2 Major Supervisory Viewpoints,(1)(ii) Recognition of IT system risk,JFSA-02,"Whether the representative director has recognized that prevention and efforts for rapid recovery from an IT system failure and cybersecurity incident (hereinafter referred to as ""system failure"") is an important issue for the management of the bank, and developed an appropriate control environment. ",Semantic,Intersects with,5,10,"ID.IM-04.08: The organization regularly reviews response strategy, incident management plans, recovery plans, and associated tests and exercises and updates them, as necessary, based on:
(1) Lessons learned from incidents that have occurred (both internal and external to the organization);
(2) Current cyber threat intelligence (both internal and external sources);
(3) Recent and wide-scale cyber attack scenarios;
(4) Operationally and technically plausible future cyber attacks;
(5) Organizational or technical environment changes; and,
(6) New technological developments.",IDENTIFY / Improvement / Plans Affecting Operations,ID.IM-04.08
III-3-7-1 Information Technology (IT) System Risk / III-3-7-1-2 Major Supervisory Viewpoints,(1)(ii) Recognition of IT system risk,JFSA-02,"Whether the representative director has recognized that prevention and efforts for rapid recovery from an IT system failure and cybersecurity incident (hereinafter referred to as ""system failure"") is an important issue for the management of the bank, and developed an appropriate control environment. ",Semantic,Superset of,7,10,"RC.RP-01.01: The organization executes its recovery plans, including incident recovery, disaster recovery, and business continuity plans, during or after an incident to resume operations.",RECOVER / Incident Recovery Plan Execution / Recovery Plan Execution,RC.RP-01.01
III-3-7-1 Information Technology (IT) System Risk / III-3-7-1-2 Major Supervisory Viewpoints,(1)(iii) Recognition of IT system risk,JFSA-03,Whether the board of directors has appointed a person who has sufficient knowledge and experience relating to the IT system to properly perform the relevant work as a director who takes overall responsibility for the IT system upon fully recognizing the importance of managing the IT system risk.,Semantic,Superset of,7,9,"GV.RR-01.01: The governing authority (e.g., the Board or one of its committees) oversees and holds senior management accountable for implementing the organization’s technology and cybersecurity risk management strategies and frameworks.","GOVERN / Roles, Responsibilities, and Authorities / Organizational Leadership Responsibility",GV.RR-01.01
III-3-7-1 Information Technology (IT) System Risk / III-3-7-1-2 Major Supervisory Viewpoints,(1)(iii) Recognition of IT system risk,JFSA-03,Whether the board of directors has appointed a person who has sufficient knowledge and experience relating to the IT system to properly perform the relevant work as a director who takes overall responsibility for the IT system upon fully recognizing the importance of managing the IT system risk.,Semantic,Superset of,9,9,"GV.RR-01.04: The organization has designated a qualified Cybersecurity Officer (e.g., CISO) who is responsible and accountable for developing a cybersecurity strategy, overseeing and implementing its cybersecurity program, and enforcing its cybersecurity policy.","GOVERN / Roles, Responsibilities, and Authorities / Organizational Leadership Responsibility",GV.RR-01.04
III-3-7-1 Information Technology (IT) System Risk / III-3-7-1-2 Major Supervisory Viewpoints,(1)(iii) Recognition of IT system risk,JFSA-03,Whether the board of directors has appointed a person who has sufficient knowledge and experience relating to the IT system to properly perform the relevant work as a director who takes overall responsibility for the IT system upon fully recognizing the importance of managing the IT system risk.,Semantic,Superset of,7,9,"GV.RR-01.05: The organization designates a qualified Technology Officer (e.g., CIO or CTO) who is responsible and accountable for developing technology strategy, overseeing and implementing its technology program, and enforcing its technology policy.","GOVERN / Roles, Responsibilities, and Authorities / Organizational Leadership Responsibility",GV.RR-01.05
III-3-7-1 Information Technology (IT) System Risk / III-3-7-1-2 Major Supervisory Viewpoints,(1)(iii) Recognition of IT system risk,JFSA-03,Whether the board of directors has appointed a person who has sufficient knowledge and experience relating to the IT system to properly perform the relevant work as a director who takes overall responsibility for the IT system upon fully recognizing the importance of managing the IT system risk.,Semantic,Superset of,9,9,"GV.PO-02.01: The cybersecurity policy is regularly reviewed, revised, and communicated under the leadership of a designated Cybersecurity Officer (e.g., CISO) to address changes in the risk profile and risk appetite, the evolving threat environment, and new technologies, products, services, and interdependencies.","GOVERN / Policies, Processes, and Procedures / Policy & Procedure Review & Update",GV.PO-02.01
III-3-7-1 Information Technology (IT) System Risk / III-3-7-1-2 Major Supervisory Viewpoints,(1)(iv) Recognition of IT system risk,JFSA-04,"Whether the representative director and directors (or executive officers in cases where the bank is a company with a nominating committee, etc.) have determined their specific responsibility to assume and the response to take in case of a crisis in which a system failure occurs. Also, whether they conduct drills giving directions by themselves and ensure the effectiveness thereof.",Semantic,Superset of,7,8,"ID.IM-02.07: The organization's governing body (e.g., the Board or one of its committees) and senior management are involved in testing as part of a crisis management team and are informed of test results.",IDENTIFY / Improvement / Tests & Exercises,ID.IM-02.07
III-3-7-1 Information Technology (IT) System Risk / III-3-7-1-2 Major Supervisory Viewpoints,(1)(iv) Recognition of IT system risk,JFSA-04,"Whether the representative director and directors (or executive officers in cases where the bank is a company with a nominating committee, etc.) have determined their specific responsibility to assume and the response to take in case of a crisis in which a system failure occurs. Also, whether they conduct drills giving directions by themselves and ensure the effectiveness thereof.",Semantic,Superset of,9,8,"ID.IM-04.02: The organization's incident response and business continuity plans contain clearly defined roles, responsibilities, and levels of decision-making authority, and include all needed areas of participation and expertise across the organization and key third-parties.",IDENTIFY / Improvement / Plans Affecting Operations,ID.IM-04.02
III-3-7-1 Information Technology (IT) System Risk / III-3-7-1-2 Major Supervisory Viewpoints,(1)(iv) Recognition of IT system risk,JFSA-04,"Whether the representative director and directors (or executive officers in cases where the bank is a company with a nominating committee, etc.) have determined their specific responsibility to assume and the response to take in case of a crisis in which a system failure occurs. Also, whether they conduct drills giving directions by themselves and ensure the effectiveness thereof.",Semantic,Superset of,7,8,"RS.AN-08.01: Available incident information is assessed to determine the extent of impact to the organization and its stakeholders, the potential near- and long-term financial implications, and whether or not the incident constitutes a material event.",RESPOND / Incident Analysis / Incident Magnitude Determination,RS.AN-08.01
III-3-7-1 Information Technology (IT) System Risk / III-3-7-1-2 Major Supervisory Viewpoints,(1)(iv) Recognition of IT system risk,JFSA-04,"Whether the representative director and directors (or executive officers in cases where the bank is a company with a nominating committee, etc.) have determined their specific responsibility to assume and the response to take in case of a crisis in which a system failure occurs. Also, whether they conduct drills giving directions by themselves and ensure the effectiveness thereof.",Semantic,Superset of,8,8,"RS.CO-02.01: The organization's incident response program includes defined and approved escalation protocols, linked to organizational decision levels and communication strategies, including which types of information will be shared, with whom (e.g., the organization's governing authority and senior management), and how information provided to the organization will be acted upon.",RESPOND / Incident Response Reporting and Communication / Stakeholder Incident Notification,RS.CO-02.01
III-3-7-1 Information Technology (IT) System Risk / III-3-7-1-2 Major Supervisory Viewpoints,(1)(iv) Recognition of IT system risk,JFSA-04,"Whether the representative director and directors (or executive officers in cases where the bank is a company with a nominating committee, etc.) have determined their specific responsibility to assume and the response to take in case of a crisis in which a system failure occurs. Also, whether they conduct drills giving directions by themselves and ensure the effectiveness thereof.",Semantic,Superset of,6,8,"RS.CO-02.02: In the event of an incident, the organization notifies impacted stakeholders including, as required, government bodies, self-regulatory agencies and/or other supervisory bodies, within required timeframes.",RESPOND / Incident Response Reporting and Communication / Stakeholder Incident Notification,RS.CO-02.02
III-3-7-1 Information Technology (IT) System Risk / III-3-7-1-2 Major Supervisory Viewpoints,(1)(iv) Recognition of IT system risk,JFSA-04,"Whether the representative director and directors (or executive officers in cases where the bank is a company with a nominating committee, etc.) have determined their specific responsibility to assume and the response to take in case of a crisis in which a system failure occurs. Also, whether they conduct drills giving directions by themselves and ensure the effectiveness thereof.",Semantic,Superset of,8,8,"RS.CO-02.03: The organization maintains and regularly tests incident response communication procedures, with associated contact lists, call trees, and automatic notifications, to quickly coordinate and communicate with internal and external stakeholders during or following an incident.",RESPOND / Incident Response Reporting and Communication / Stakeholder Incident Notification,RS.CO-02.03
III-3-7-1 Information Technology (IT) System Risk / III-3-7-1-2 Major Supervisory Viewpoints,(2)(i) Control environment for managing IT system risk,JFSA-05,"Whether the board of directors has established the risk management environment while fully understanding that, due to the highly networked computer system, if risk becomes apparent, the impact will cause a chain reaction, spread widely and seriously, and badly affect the management of the bank.",Semantic,Superset of,8,9,"GV.OC-04.02: The organization documents the business processes that are critical for the delivery of services and the functioning of the organization, and the impacts to the business if those processes are degraded or not functioning.",GOVERN / Organizational Context / Stakeholder Service Expectations,GV.OC-04.02
III-3-7-1 Information Technology (IT) System Risk / III-3-7-1-2 Major Supervisory Viewpoints,(2)(i) Control environment for managing IT system risk,JFSA-05,"Whether the board of directors has established the risk management environment while fully understanding that, due to the highly networked computer system, if risk becomes apparent, the impact will cause a chain reaction, spread widely and seriously, and badly affect the management of the bank.",Semantic,Intersects with,6,9,"GV.OC-04.04: The organization prioritizes the resilience design, planning, testing, and monitoring of systems and other key internal and external dependencies according to their criticality to the supported business functions, enterprise mission, and to the financial services sector.",GOVERN / Organizational Context / Stakeholder Service Expectations,GV.OC-04.04
III-3-7-1 Information Technology (IT) System Risk / III-3-7-1-2 Major Supervisory Viewpoints,(2)(i) Control environment for managing IT system risk,JFSA-05,"Whether the board of directors has established the risk management environment while fully understanding that, due to the highly networked computer system, if risk becomes apparent, the impact will cause a chain reaction, spread widely and seriously, and badly affect the management of the bank.",Semantic,Superset of,8,9,"GV.OC-05.01: The organization identifies, assesses, and documents the key dependencies, interdependencies, and potential points of failure to support the delivery of critical services (e.g., systems, business processes, workforce, third parties, facilities, etc.)",GOVERN / Organizational Context / Organizational Service Dependencies,GV.OC-05.01
III-3-7-1 Information Technology (IT) System Risk / III-3-7-1-2 Major Supervisory Viewpoints,(2)(i) Control environment for managing IT system risk,JFSA-05,"Whether the board of directors has established the risk management environment while fully understanding that, due to the highly networked computer system, if risk becomes apparent, the impact will cause a chain reaction, spread widely and seriously, and badly affect the management of the bank.",Semantic,Superset of,8,9,"GV.OC-05.02: The organization has prioritized its external dependencies according to their criticality to the supported enterprise mission, business functions, and to the financial services sector.",GOVERN / Organizational Context / Organizational Service Dependencies,GV.OC-05.02
III-3-7-1 Information Technology (IT) System Risk / III-3-7-1-2 Major Supervisory Viewpoints,(2)(i) Control environment for managing IT system risk,JFSA-05,"Whether the board of directors has established the risk management environment while fully understanding that, due to the highly networked computer system, if risk becomes apparent, the impact will cause a chain reaction, spread widely and seriously, and badly affect the management of the bank.",Semantic,Intersects with,5,9,"GV.SC-08.01: The organization's resilience strategy, plans, tests, and exercises incorporate its external dependencies and critical business partners.",GOVERN / Supply Chain Risk Management / Third Party Incident Management Integration,GV.SC-08.01
III-3-7-1 Information Technology (IT) System Risk / III-3-7-1-2 Major Supervisory Viewpoints,(2)(ii) Control environment for managing IT system risk,JFSA-06,"Whether the bank has established a basic policy for managing IT system risk, and whether the basic policy for managing IT system risk contains the security policy (a basic policy for proper protection of information assets of an organization) and the outsourcing policy.",Semantic,Superset of,5,7,"GV.RM-01.03: The organization has established, and maintains, technology and cybersecurity programs designed to protect the confidentiality, integrity and availability of its information and operational systems, commensurate with the organization's risk appetite and business needs.",GOVERN / Risk Management Strategy / Risk Management Objectives Agreement,GV.RM-01.03
III-3-7-1 Information Technology (IT) System Risk / III-3-7-1-2 Major Supervisory Viewpoints,(2)(ii) Control environment for managing IT system risk,JFSA-06,"Whether the bank has established a basic policy for managing IT system risk, and whether the basic policy for managing IT system risk contains the security policy (a basic policy for proper protection of information assets of an organization) and the outsourcing policy.",Semantic,Superset of,5,7,"GV.RM-09.01: The organization has an enterprise-wide resilience strategy and program, including architecture, cyber resilience, business continuity, disaster recovery, and incident response, which support its mission, stakeholder obligations, critical infrastructure role, and risk appetite.",GOVERN / Risk Management Strategy  / Business Continuity & Resilience Risk Management,GV.RM-09.01
III-3-7-1 Information Technology (IT) System Risk / III-3-7-1-2 Major Supervisory Viewpoints,(2)(ii) Control environment for managing IT system risk,JFSA-06,"Whether the bank has established a basic policy for managing IT system risk, and whether the basic policy for managing IT system risk contains the security policy (a basic policy for proper protection of information assets of an organization) and the outsourcing policy.",Semantic,Superset of,6,7,"GV.SC-01.01: The organization maintains a third-party risk management strategy and program to identify and manage the risks associated with third parties throughout their lifecycles in a timely manner, including in support of sector-critical systems and operations, to ensure alignment within risk appetite.",GOVERN / Supply Chain Risk Management / Supply Chain Risk Management Program,GV.SC-01.01
III-3-7-1 Information Technology (IT) System Risk / III-3-7-1-2 Major Supervisory Viewpoints,(2)(ii) Control environment for managing IT system risk,JFSA-06,"Whether the bank has established a basic policy for managing IT system risk, and whether the basic policy for managing IT system risk contains the security policy (a basic policy for proper protection of information assets of an organization) and the outsourcing policy.",Semantic,Superset of,6,7,"GV.PO-01.01: Technology and cybersecurity policies are documented, maintained and approved by the governing authority (e.g., the Board or one of its committees) or a designated executive.","GOVERN / Policies, Processes, and Procedures / Establishment of Policies & Procedures",GV.PO-01.01
III-3-7-1 Information Technology (IT) System Risk / III-3-7-1-2 Major Supervisory Viewpoints,(2)(ii) Control environment for managing IT system risk,JFSA-06,"Whether the bank has established a basic policy for managing IT system risk, and whether the basic policy for managing IT system risk contains the security policy (a basic policy for proper protection of information assets of an organization) and the outsourcing policy.",Functional ,Superset of,5,7,"GV.PO-01.07: The organization maintains documented business continuity and resilience program policies and procedures approved by the governing authority (e.g., the Board or one of its committees).","GOVERN / Policies, Processes, and Procedures / Establishment of Policies & Procedures",GV.PO-01.07
III-3-7-1 Information Technology (IT) System Risk / III-3-7-1-2 Major Supervisory Viewpoints,(2)(ii) Control environment for managing IT system risk,JFSA-06,"Whether the bank has established a basic policy for managing IT system risk, and whether the basic policy for managing IT system risk contains the security policy (a basic policy for proper protection of information assets of an organization) and the outsourcing policy.",Functional ,Superset of,5,7,"GV.PO-01.08: The organization maintains documented third-party risk management program policies and procedures approved by the governing authority (e.g., the Board or one of its committees).","GOVERN / Policies, Processes, and Procedures / Establishment of Policies & Procedures",GV.PO-01.08
III-3-7-1 Information Technology (IT) System Risk / III-3-7-1-2 Major Supervisory Viewpoints,(2)(iii) Control environment for managing IT system risk,JFSA-07,"Whether the bank is basing the details of its control environment for managing IT system risk on criteria that allow it to judge objective levels of its details. Also, whether the bank revises, on a continual basis, its control environment for managing IT system risk according to the identification and analysis of system failures, results of implementation of risk management, progress of technology, etc.",Semantic,Superset of,7,9,"GV.IR-02.02: The independent risk management function regularly assesses the organization's controls and cybersecurity risk exposure, identifies opportunities for improvement based on assessment results, and recommends program improvements",GOVERN / Independent Risk Management Function / Independent Risk Management Evaluation,GV.IR-02.02
III-3-7-1 Information Technology (IT) System Risk / III-3-7-1-2 Major Supervisory Viewpoints,(2)(iii) Control environment for managing IT system risk,JFSA-07,"Whether the bank is basing the details of its control environment for managing IT system risk on criteria that allow it to judge objective levels of its details. Also, whether the bank revises, on a continual basis, its control environment for managing IT system risk according to the identification and analysis of system failures, results of implementation of risk management, progress of technology, etc.",Semantic,Superset of,9,9,"ID.RA-06.01: Technology and cybersecurity risk management programs and risk assessment processes produce actionable recommendations that the organization uses to select, design, prioritize, implement, maintain, evaluate, and modify cybersecurity and technology controls.",IDENTIFY / Risk Assessment / Risk Response Determination,ID.RA-06.01
III-3-7-1 Information Technology (IT) System Risk / III-3-7-1-2 Major Supervisory Viewpoints,(2)(iii) Control environment for managing IT system risk,JFSA-07,"Whether the bank is basing the details of its control environment for managing IT system risk on criteria that allow it to judge objective levels of its details. Also, whether the bank revises, on a continual basis, its control environment for managing IT system risk according to the identification and analysis of system failures, results of implementation of risk management, progress of technology, etc.",Semantic,Superset of,7,9,"ID.RA-06.03: Technology and cybersecurity programs identify and implement controls to manage applicable risks within the risk appetite set by the governing authority (e.g., the Board or one of its committees).",IDENTIFY / Risk Assessment / Risk Response Determination,ID.RA-06.03
III-3-7-1 Information Technology (IT) System Risk / III-3-7-1-2 Major Supervisory Viewpoints,(2)(iii) Control environment for managing IT system risk,JFSA-07,"Whether the bank is basing the details of its control environment for managing IT system risk on criteria that allow it to judge objective levels of its details. Also, whether the bank revises, on a continual basis, its control environment for managing IT system risk according to the identification and analysis of system failures, results of implementation of risk management, progress of technology, etc.",Semantic,Superset of,9,9,"ID.IM-03.01: A formal process is in place to improve protection controls and processes by integrating recommendations, findings, and lessons learned from exercises, testing, audits, assessments, and incidents.",IDENTIFY / Improvement / Improvements from Lessons Learned,ID.IM-03.01
III-3-7-1 Information Technology (IT) System Risk / III-3-7-1-2 Major Supervisory Viewpoints,(2)(iii) Control environment for managing IT system risk,JFSA-07,"Whether the bank is basing the details of its control environment for managing IT system risk on criteria that allow it to judge objective levels of its details. Also, whether the bank revises, on a continual basis, its control environment for managing IT system risk according to the identification and analysis of system failures, results of implementation of risk management, progress of technology, etc.",Semantic,Superset of,9,9,"ID.IM-03.02: The organization establishes a systematic and comprehensive program to regularly evaluate and improve its monitoring and detection processes and controls as the threat environment changes, tools and techniques evolve, and lessons are learned.",IDENTIFY / Improvement / Improvements from Lessons Learned,ID.IM-03.02
III-3-7-1 Information Technology (IT) System Risk / III-3-7-1-2 Major Supervisory Viewpoints,(3)(i) Assessment of IT system risk,JFSA-08,"Whether the section in charge of managing IT system risk recognizes and assesses risks periodically and in a timely manner by recognizing the fact that risks are becoming diverse due to changes in the external environment, such as seen in the examples of system failures induced by large-scale transactions as a result of increased customer channels and efforts to enhance information networks that bring about more diverse and broad-based impacts. Also, whether it takes sufficient measures to address the risks that have been identified.",Semantic,Superset of,8,8,"GV.RM-06.01: Technology and cybersecurity risk management and risk assessment processes and methodologies are documented and regularly reviewed and updated to address changes in the risk profile and risk appetite, the evolving threat environment, and new technologies, products, services, and interdependencies.",GOVERN / Risk Management Strategy / Standardized Risk Management Method,GV.RM-06.01
III-3-7-1 Information Technology (IT) System Risk / III-3-7-1-2 Major Supervisory Viewpoints,(3)(i) Assessment of IT system risk,JFSA-08,"Whether the section in charge of managing IT system risk recognizes and assesses risks periodically and in a timely manner by recognizing the fact that risks are becoming diverse due to changes in the external environment, such as seen in the examples of system failures induced by large-scale transactions as a result of increased customer channels and efforts to enhance information networks that bring about more diverse and broad-based impacts. Also, whether it takes sufficient measures to address the risks that have been identified.",Semantic,Superset of,8,8,"ID.RA-05.04: The organization uses scenario planning, table-top-exercises, or similar event analysis techniques to identify vulnerabilities and determine potential impacts to critical infrastructure, technology, and business processes.",IDENTIFY / Risk Assessment / Risk Exposure Determination & Prioritization,ID.RA-05.04
III-3-7-1 Information Technology (IT) System Risk / III-3-7-1-2 Major Supervisory Viewpoints,(3)(i) Assessment of IT system risk,JFSA-08,"Whether the section in charge of managing IT system risk recognizes and assesses risks periodically and in a timely manner by recognizing the fact that risks are becoming diverse due to changes in the external environment, such as seen in the examples of system failures induced by large-scale transactions as a result of increased customer channels and efforts to enhance information networks that bring about more diverse and broad-based impacts. Also, whether it takes sufficient measures to address the risks that have been identified.",Semantic,Superset of,8,8,"ID.RA-06.01: Technology and cybersecurity risk management programs and risk assessment processes produce actionable recommendations that the organization uses to select, design, prioritize, implement, maintain, evaluate, and modify cybersecurity and technology controls.",IDENTIFY / Risk Assessment / Risk Response Determination,ID.RA-06.01
III-3-7-1 Information Technology (IT) System Risk / III-3-7-1-2 Major Supervisory Viewpoints,(3)(i) Assessment of IT system risk,JFSA-08,"Whether the section in charge of managing IT system risk recognizes and assesses risks periodically and in a timely manner by recognizing the fact that risks are becoming diverse due to changes in the external environment, such as seen in the examples of system failures induced by large-scale transactions as a result of increased customer channels and efforts to enhance information networks that bring about more diverse and broad-based impacts. Also, whether it takes sufficient measures to address the risks that have been identified.",Semantic,Superset of,8,8,"ID.IM-02.04: The organization's testing program validates the effectiveness of its resilience strategy and response, disaster recovery, and resumption plans on a regular basis or upon major changes to business or system functions, and includes external stakeholders as required.",IDENTIFY / Improvement / Tests & Exercises,ID.IM-02.04
III-3-7-1 Information Technology (IT) System Risk / III-3-7-1-2 Major Supervisory Viewpoints,(3)(i) Assessment of IT system risk,JFSA-08,"Whether the section in charge of managing IT system risk recognizes and assesses risks periodically and in a timely manner by recognizing the fact that risks are becoming diverse due to changes in the external environment, such as seen in the examples of system failures induced by large-scale transactions as a result of increased customer channels and efforts to enhance information networks that bring about more diverse and broad-based impacts. Also, whether it takes sufficient measures to address the risks that have been identified.",Semantic,Superset of,8,8,"ID.IM-02.05: The organization establishes testing programs that include a range of scenarios, including severe but plausible scenarios (e.g., disruptive, destructive, corruptive), that could affect the organization's ability to service internal and external stakeholders.",IDENTIFY / Improvement / Tests & Exercises,ID.IM-02.05
III-3-7-1 Information Technology (IT) System Risk / III-3-7-1-2 Major Supervisory Viewpoints,(3)(i) Assessment of IT system risk,JFSA-08,"Whether the section in charge of managing IT system risk recognizes and assesses risks periodically and in a timely manner by recognizing the fact that risks are becoming diverse due to changes in the external environment, such as seen in the examples of system failures induced by large-scale transactions as a result of increased customer channels and efforts to enhance information networks that bring about more diverse and broad-based impacts. Also, whether it takes sufficient measures to address the risks that have been identified.",Semantic,Superset of,8,8,"ID.IM-02.08: The organization tests and exercises, independently and in coordination with other critical sector partners, its ability to support sector-wide resilience in the event of extreme financial stress or the instability of external dependencies, such as connectivity to markets, payment systems, clearing entities, messaging services, etc.",IDENTIFY / Improvement / Tests & Exercises,ID.IM-02.08
III-3-7-1 Information Technology (IT) System Risk / III-3-7-1-2 Major Supervisory Viewpoints,(3)(iii) Assessment of IT system risk,JFSA-10,"Whether the section in charge of product development cooperates with the section in charge of managing IT system risk at the time of introduction of a new product or alternation of the content of an existing product, and also, whether the section in charge of managing IT system risk evaluates the relevant IT system regardless of whether the system is newly developed or not.",Semantic,Superset of,9,10,"GV.RM-07.01: The organization has mechanisms in place to ensure that strategies, initiatives, opportunities, and emerging technologies (e.g., artificial intelligence, quantum computing, etc.) are evaluated both in terms of risks and uncertainties that are potentially detrimental to the organization, as well as potentially advantageous to the organization (i.e., positive risks).",GOVERN / Risk Management Strategy / Strategic Opportunities,GV.RM-07.01
III-3-7-1 Information Technology (IT) System Risk / III-3-7-1-2 Major Supervisory Viewpoints,(3)(iii) Assessment of IT system risk,JFSA-10,"Whether the section in charge of product development cooperates with the section in charge of managing IT system risk at the time of introduction of a new product or alternation of the content of an existing product, and also, whether the section in charge of managing IT system risk evaluates the relevant IT system regardless of whether the system is newly developed or not.",Semantic,Superset of,9,10,"GV.RM-08.01: Technology and cybersecurity risk management frameworks are applied to, and are adapted as needed by, the organization's innovations in technology use and adoption of emerging technologies.",GOVERN / Risk Management Strategy  / Technology Assimilation & Implementations,GV.RM-08.01
III-3-7-1 Information Technology (IT) System Risk / III-3-7-1-2 Major Supervisory Viewpoints,(3)(iii) Assessment of IT system risk,JFSA-10,"Whether the section in charge of product development cooperates with the section in charge of managing IT system risk at the time of introduction of a new product or alternation of the content of an existing product, and also, whether the section in charge of managing IT system risk evaluates the relevant IT system regardless of whether the system is newly developed or not.",Semantic,Superset of,9,10,"GV.RM-08.02: Technology and cybersecurity risk management frameworks are applied to all technology projects and procurements to ensure that security requirements (e.g., data confidentiality, access control, event logging, etc.) are addressed consistently from project onset.",GOVERN / Risk Management Strategy  / Technology Assimilation & Implementations,GV.RM-08.02
III-3-7-1 Information Technology (IT) System Risk / III-3-7-1-2 Major Supervisory Viewpoints,(3)(iii) Assessment of IT system risk,JFSA-10,"Whether the section in charge of product development cooperates with the section in charge of managing IT system risk at the time of introduction of a new product or alternation of the content of an existing product, and also, whether the section in charge of managing IT system risk evaluates the relevant IT system regardless of whether the system is newly developed or not.",Semantic,Superset of,9,10,"GV.RM-08.04: The organization integrates the use of technology architecture in its governance processes to support consistent approaches to security and technology design, integration of third party services, consideration and adoption of new technologies, and investment and procurement decisioning.",GOVERN / Risk Management Strategy  / Technology Assimilation & Implementations,GV.RM-08.04
III-3-7-1 Information Technology (IT) System Risk / III-3-7-1-2 Major Supervisory Viewpoints,(3)(iii) Assessment of IT system risk,JFSA-10,"Whether the section in charge of product development cooperates with the section in charge of managing IT system risk at the time of introduction of a new product or alternation of the content of an existing product, and also, whether the section in charge of managing IT system risk evaluates the relevant IT system regardless of whether the system is newly developed or not.",Semantic,Superset of,9,10,"PR.AT-01.04: As new technology is deployed or undergoes change that also requires changes in practices, all impacted personnel (e.g., end-users, developers, operators, etc.) are trained on the new system and any accompanying technology and cybersecurity risks.",PROTECT / Awareness and Training / User Awareness & Training,PR.AT-01.04
III-3-7-1 Information Technology (IT) System Risk / III-3-7-1-2 Major Supervisory Viewpoints,(4)(i) Management of information security,JFSA-11,"Whether the bank has made a developed policy, instilled organizational readiness, and introduced in-house rules and a developed internal control environment, in order to appropriately manage information assets. Also, whether it is making continuous efforts to improve its information security control environment through the PDCA cycle, taking notice of illegal incidents or lapses at other companies.",Semantic,Superset of,8,9,"GV.RR-02.06: Roles and responsibilities for the inventory, ownership, and custodianship of applications, data and other technology assets are established and maintained.","GOVERN / Roles, Responsibilities, and Authorities / Risk Management Roles & Responsibilities",GV.RR-02.06
III-3-7-1 Information Technology (IT) System Risk / III-3-7-1-2 Major Supervisory Viewpoints,(4)(i) Management of information security,JFSA-11,"Whether the bank has made a developed policy, instilled organizational readiness, and introduced in-house rules and a developed internal control environment, in order to appropriately manage information assets. Also, whether it is making continuous efforts to improve its information security control environment through the PDCA cycle, taking notice of illegal incidents or lapses at other companies.",Semantic,Superset of,8,9,"ID.AM-01.01: The organization maintains a current and complete asset inventory of physical devices, hardware, and information systems.",IDENTIFY / Asset Management / Hardware Inventory,ID.AM-01.01
III-3-7-1 Information Technology (IT) System Risk / III-3-7-1-2 Major Supervisory Viewpoints,(4)(i) Management of information security,JFSA-11,"Whether the bank has made a developed policy, instilled organizational readiness, and introduced in-house rules and a developed internal control environment, in order to appropriately manage information assets. Also, whether it is making continuous efforts to improve its information security control environment through the PDCA cycle, taking notice of illegal incidents or lapses at other companies.",Semantic,Superset of,8,9,"ID.AM-02.01: The organization maintains a current and complete inventory of software platforms, business applications, and other software assets (e.g., virtual machines and virtual network devices).","IDENTIFY / Asset Management / Software, Services, & Systems Inventory",ID.AM-02.01
III-3-7-1 Information Technology (IT) System Risk / III-3-7-1-2 Major Supervisory Viewpoints,(4)(i) Management of information security,JFSA-11,"Whether the bank has made a developed policy, instilled organizational readiness, and introduced in-house rules and a developed internal control environment, in order to appropriately manage information assets. Also, whether it is making continuous efforts to improve its information security control environment through the PDCA cycle, taking notice of illegal incidents or lapses at other companies.",Semantic,Superset of,7,9,"ID.AM-04.01: Hardware, software, and data assets maintained by or located at suppliers or other third parties are included in asset management inventories and lifecycle management processes as required for effective management and security.",IDENTIFY / Asset Management / Supplier Services Inventory,ID.AM-04.01
III-3-7-1 Information Technology (IT) System Risk / III-3-7-1-2 Major Supervisory Viewpoints,(4)(i) Management of information security,JFSA-11,"Whether the bank has made a developed policy, instilled organizational readiness, and introduced in-house rules and a developed internal control environment, in order to appropriately manage information assets. Also, whether it is making continuous efforts to improve its information security control environment through the PDCA cycle, taking notice of illegal incidents or lapses at other companies.",Semantic,Superset of,7,9,"ID.AM-05.02: The organization's hardware, software, and data assets are prioritized for protection based on their sensitivity, criticality, vulnerability, business value, and dependency role in the delivery of critical services.",IDENTIFY / Asset Management / Asset Protection Prioritization,ID.AM-05.02
III-3-7-1 Information Technology (IT) System Risk / III-3-7-1-2 Major Supervisory Viewpoints,(4)(i) Management of information security,JFSA-11,"Whether the bank has made a developed policy, instilled organizational readiness, and introduced in-house rules and a developed internal control environment, in order to appropriately manage information assets. Also, whether it is making continuous efforts to improve its information security control environment through the PDCA cycle, taking notice of illegal incidents or lapses at other companies.",Semantic,Superset of,8,9,"ID.AM-07.01: The organization maintains a current inventory of the data being created, stored, or processed by its information assets and data flow diagrams depicting key internal and external data flows.",IDENTIFY / Asset Management / Data & Metadata Inventory,ID.AM-07.01
III-3-7-1 Information Technology (IT) System Risk / III-3-7-1-2 Major Supervisory Viewpoints,(4)(i) Management of information security,JFSA-11,"Whether the bank has made a developed policy, instilled organizational readiness, and introduced in-house rules and a developed internal control environment, in order to appropriately manage information assets. Also, whether it is making continuous efforts to improve its information security control environment through the PDCA cycle, taking notice of illegal incidents or lapses at other companies.",Semantic,Superset of,8,9,"ID.AM-08.01: The organization establishes and maintains asset lifecycle management policies and procedures to ensure that assets are acquired, tracked, implemented, used, decommissioned, and protected commensurate with their sensitivity, criticality, and business value.",IDENTIFY / Asset Management / Asset Life Cycle Management,ID.AM-08.01
III-3-7-1 Information Technology (IT) System Risk / III-3-7-1-2 Major Supervisory Viewpoints,(4)(i) Management of information security,JFSA-11,"Whether the bank has made a developed policy, instilled organizational readiness, and introduced in-house rules and a developed internal control environment, in order to appropriately manage information assets. Also, whether it is making continuous efforts to improve its information security control environment through the PDCA cycle, taking notice of illegal incidents or lapses at other companies.",Semantic,Superset of,8,9,"ID.IM-01.03: The organization establishes specific objectives, performance criteria, benchmarks, and tolerance limits to identify areas that have improved or are in need of improvement over time.",IDENTIFY / Improvement / Continuous Improvements Evaluation,ID.IM-01.03
III-3-7-1 Information Technology (IT) System Risk / III-3-7-1-2 Major Supervisory Viewpoints,(4)(ii) Management of information security,JFSA-12,"Whether the bank manages information security by designating individuals responsible for it and clarifying their roles/responsibilities in an effort to maintain the confidentiality, integrity, and availability of information. Also, whether the individuals responsible for information security are tasked with handling the security of IT system, data, and network management.",Semantic,Superset of,9,10,"GV.SC-02.01: The organization clearly defines, and includes in contractual agreements, the division of cybersecurity and technology risk management responsibilities between the organization and its third parties (e.g., a Shared Responsibilities Model).",GOVERN / Supply Chain Risk Management / Third Party Roles & Responsibilities,GV.SC-02.01
III-3-7-1 Information Technology (IT) System Risk / III-3-7-1-2 Major Supervisory Viewpoints,(4)(ii) Management of information security,JFSA-12,"Whether the bank manages information security by designating individuals responsible for it and clarifying their roles/responsibilities in an effort to maintain the confidentiality, integrity, and availability of information. Also, whether the individuals responsible for information security are tasked with handling the security of IT system, data, and network management.",Semantic,Superset of,9,10,"GV.RR-01.04: The organization has designated a qualified Cybersecurity Officer (e.g., CISO) who is responsible and accountable for developing a cybersecurity strategy, overseeing and implementing its cybersecurity program, and enforcing its cybersecurity policy.","GOVERN / Roles, Responsibilities, and Authorities / Organizational Leadership Responsibility",GV.RR-01.04
III-3-7-1 Information Technology (IT) System Risk / III-3-7-1-2 Major Supervisory Viewpoints,(4)(ii) Management of information security,JFSA-12,"Whether the bank manages information security by designating individuals responsible for it and clarifying their roles/responsibilities in an effort to maintain the confidentiality, integrity, and availability of information. Also, whether the individuals responsible for information security are tasked with handling the security of IT system, data, and network management.",Semantic,Superset of,9,10,"GV.RR-01.05: The organization designates a qualified Technology Officer (e.g., CIO or CTO) who is responsible and accountable for developing technology strategy, overseeing and implementing its technology program, and enforcing its technology policy.","GOVERN / Roles, Responsibilities, and Authorities / Organizational Leadership Responsibility",GV.RR-01.05
III-3-7-1 Information Technology (IT) System Risk / III-3-7-1-2 Major Supervisory Viewpoints,(4)(ii) Management of information security,JFSA-12,"Whether the bank manages information security by designating individuals responsible for it and clarifying their roles/responsibilities in an effort to maintain the confidentiality, integrity, and availability of information. Also, whether the individuals responsible for information security are tasked with handling the security of IT system, data, and network management.",Semantic,Superset of,9,10,"GV.RR-02.01: The roles, responsibilities, qualifications, and skill requirements for personnel (employees and third parties) that implement, manage, and oversee the technology, cybersecurity, and resilience programs are defined, aligned, coordinated, and holistically managed.","GOVERN / Roles, Responsibilities, and Authorities / Risk Management Roles & Responsibilities",GV.RR-02.01
III-3-7-1 Information Technology (IT) System Risk / III-3-7-1-2 Major Supervisory Viewpoints,(4)(ii) Management of information security,JFSA-12,"Whether the bank manages information security by designating individuals responsible for it and clarifying their roles/responsibilities in an effort to maintain the confidentiality, integrity, and availability of information. Also, whether the individuals responsible for information security are tasked with handling the security of IT system, data, and network management.",Semantic,Superset of,9,10,"GV.RR-02.02: The organization has established and assigned roles and responsibilities for systematic cybersecurity threat identification, monitoring, detection, and event reporting processes, and ensures adequate coverage and organizational alignment for these functions.","GOVERN / Roles, Responsibilities, and Authorities / Risk Management Roles & Responsibilities",GV.RR-02.02
III-3-7-1 Information Technology (IT) System Risk / III-3-7-1-2 Major Supervisory Viewpoints,(4)(ii) Management of information security,JFSA-12,"Whether the bank manages information security by designating individuals responsible for it and clarifying their roles/responsibilities in an effort to maintain the confidentiality, integrity, and availability of information. Also, whether the individuals responsible for information security are tasked with handling the security of IT system, data, and network management.",Semantic,Superset of,9,10,"GV.RR-02.03: Resilience program roles and responsibilities are assigned to management across the organization to ensure risk assessment, planning, testing, and execution coverage for all critical business functions.","GOVERN / Roles, Responsibilities, and Authorities / Risk Management Roles & Responsibilities",GV.RR-02.03
III-3-7-1 Information Technology (IT) System Risk / III-3-7-1-2 Major Supervisory Viewpoints,(4)(ii) Management of information security,JFSA-12,"Whether the bank manages information security by designating individuals responsible for it and clarifying their roles/responsibilities in an effort to maintain the confidentiality, integrity, and availability of information. Also, whether the individuals responsible for information security are tasked with handling the security of IT system, data, and network management.",Semantic,Superset of,9,10,GV.RR-02.05: Personnel (employees and third parties) who fulfill the organization’s physical security and cybersecurity objectives understand their roles and responsibilities.,"GOVERN / Roles, Responsibilities, and Authorities / Risk Management Roles & Responsibilities",GV.RR-02.05
III-3-7-1 Information Technology (IT) System Risk / III-3-7-1-2 Major Supervisory Viewpoints,(4)(ii) Management of information security,JFSA-12,"Whether the bank manages information security by designating individuals responsible for it and clarifying their roles/responsibilities in an effort to maintain the confidentiality, integrity, and availability of information. Also, whether the individuals responsible for information security are tasked with handling the security of IT system, data, and network management.",Semantic,Superset of,9,10,"GV.RR-02.06: Roles and responsibilities for the inventory, ownership, and custodianship of applications, data and other technology assets are established and maintained.","GOVERN / Roles, Responsibilities, and Authorities / Risk Management Roles & Responsibilities",GV.RR-02.06
III-3-7-1 Information Technology (IT) System Risk / III-3-7-1-2 Major Supervisory Viewpoints,(4)(iii) Management of information security,JFSA-13,"Whether the bank takes measures to prevent unauthorized use of computer systems, unauthorized access, and intrusion by malicious computer programs, such as computer viruses.",Semantic,Intersects with,3,10,"GV.RR-04.03: The organization integrates insider threat considerations into its human resource, risk management, and control programs to address the potential for malicious or unintentional harm by trusted employees or third parties.","GOVERN / Roles, Responsibilities, and Authorities / Human Resource Practices",GV.RR-04.03
III-3-7-1 Information Technology (IT) System Risk / III-3-7-1-2 Major Supervisory Viewpoints,(4)(iii) Management of information security,JFSA-13,"Whether the bank takes measures to prevent unauthorized use of computer systems, unauthorized access, and intrusion by malicious computer programs, such as computer viruses.",Semantic,Superset of,9,10,"PR.AA-01.01: Identities and credentials are actively managed or automated for authorized devices and users (e.g., removal of default and factory passwords, password strength requirements, automatic revocation of credentials under defined conditions, regular asset owner access review, etc.).","PROTECT / Identity Management, Authentication, and Access Control / Identity & Credential Management",PR.AA-01.01
III-3-7-1 Information Technology (IT) System Risk / III-3-7-1-2 Major Supervisory Viewpoints,(4)(iii) Management of information security,JFSA-13,"Whether the bank takes measures to prevent unauthorized use of computer systems, unauthorized access, and intrusion by malicious computer programs, such as computer viruses.",Semantic,Superset of,9,10,"PR.AA-01.02: Physical and logical access to systems is permitted only for individuals who have a legitimate business requirement, have been authorized, and who are adequately trained and monitored.","PROTECT / Identity Management, Authentication, and Access Control / Identity & Credential Management",PR.AA-01.02
III-3-7-1 Information Technology (IT) System Risk / III-3-7-1-2 Major Supervisory Viewpoints,(4)(iii) Management of information security,JFSA-13,"Whether the bank takes measures to prevent unauthorized use of computer systems, unauthorized access, and intrusion by malicious computer programs, such as computer viruses.",Semantic,Superset of,9,10,"PR.AA-02.01: The organization authenticates identity, validates the authorization level of a user before granting access to its systems, limits the use of an account to a single individual, and attributes activities to the user in logs and transactions.","PROTECT / Identity Management, Authentication, and Access Control / Identity Binding to Credentials",PR.AA-02.01
III-3-7-1 Information Technology (IT) System Risk / III-3-7-1-2 Major Supervisory Viewpoints,(4)(iii) Management of information security,JFSA-13,"Whether the bank takes measures to prevent unauthorized use of computer systems, unauthorized access, and intrusion by malicious computer programs, such as computer viruses.",Semantic,Superset of,9,10,"PR.AA-03.01: Based on the risk level of a user access or a specific transaction, the organization defines and implements authentication requirements, which may include multi-factor or out-of-band authentication, and may adopt other real-time risk prevention or mitigation tactics.","PROTECT / Identity Management, Authentication, and Access Control / Authentication",PR.AA-03.01
III-3-7-1 Information Technology (IT) System Risk / III-3-7-1-2 Major Supervisory Viewpoints,(4)(iii) Management of information security,JFSA-13,"Whether the bank takes measures to prevent unauthorized use of computer systems, unauthorized access, and intrusion by malicious computer programs, such as computer viruses.",Semantic,Superset of,9,10,"PR.AA-03.02: Decisions to authorize user access to devices and other assets are made with consideration of: 
(1) Business need for the access;
(2) The type of data being accessed (e.g., customer PII, public data);
(3) The risk of the transaction (e.g., internal-to-internal, external-to-internal);
(4) The organization's level of trust for the accessing agent (e.g., external application, internal user); and
(5) The potential for harm.","PROTECT / Identity Management, Authentication, and Access Control / Authentication",PR.AA-03.02
III-3-7-1 Information Technology (IT) System Risk / III-3-7-1-2 Major Supervisory Viewpoints,(4)(iii) Management of information security,JFSA-13,"Whether the bank takes measures to prevent unauthorized use of computer systems, unauthorized access, and intrusion by malicious computer programs, such as computer viruses.",Semantic,Superset of,9,10,"PR.AA-04.01: Access credential and authorization mechanisms for internal systems and across security perimeters (e.g., leveraging directory services, directory synchronization, single sign-on, federated access, credential mapping, etc.) are designed to maintain security, integrity, and authenticity.","PROTECT / Identity Management, Authentication, and Access Control / Identity Assertions",PR.AA-04.01
III-3-7-1 Information Technology (IT) System Risk / III-3-7-1-2 Major Supervisory Viewpoints,(4)(iii) Management of information security,JFSA-13,"Whether the bank takes measures to prevent unauthorized use of computer systems, unauthorized access, and intrusion by malicious computer programs, such as computer viruses.",Semantic,Superset of,9,10,"PR.AA-05.01: The organization limits access privileges to the minimum necessary and with consideration of separation of duties (e.g., through role-based access control, asset owner access recertifications, etc.).","PROTECT / Identity Management, Authentication, and Access Control / Access Authorizations",PR.AA-05.01
III-3-7-1 Information Technology (IT) System Risk / III-3-7-1-2 Major Supervisory Viewpoints,(4)(iii) Management of information security,JFSA-13,"Whether the bank takes measures to prevent unauthorized use of computer systems, unauthorized access, and intrusion by malicious computer programs, such as computer viruses.",Semantic,Superset of,9,10,"PR.AA-05.02: The organization institutes controls over privileged system access by strictly limiting and closely managing staff and services with elevated system entitlements (e.g., multi-factor authentication, dual accounts, privilege and time constraints, etc.)","PROTECT / Identity Management, Authentication, and Access Control / Access Authorizations",PR.AA-05.02
III-3-7-1 Information Technology (IT) System Risk / III-3-7-1-2 Major Supervisory Viewpoints,(4)(iii) Management of information security,JFSA-13,"Whether the bank takes measures to prevent unauthorized use of computer systems, unauthorized access, and intrusion by malicious computer programs, such as computer viruses.",Semantic,Superset of,8,10,"PR.PS-05.01: The organization has policies, procedures, and tools in place to detect and block malware from infecting networks and systems, including automatically updating malware signatures and behavior profiles on all endpoints.",PROTECT / Platform Security / Unauthorized Software Installation & Execution,PR.PS-05.01
III-3-7-1 Information Technology (IT) System Risk / III-3-7-1-2 Major Supervisory Viewpoints,(4)(iii) Management of information security,JFSA-13,"Whether the bank takes measures to prevent unauthorized use of computer systems, unauthorized access, and intrusion by malicious computer programs, such as computer viruses.",Semantic,Superset of,8,10,"PR.PS-05.02: The organization implements safeguards against unauthorized mobile code (e.g., JavaScript, ActiveX, VBScript, PowerShell, etc.) on mobile, end point, and server systems.",PROTECT / Platform Security / Unauthorized Software Installation & Execution,PR.PS-05.02
III-3-7-1 Information Technology (IT) System Risk / III-3-7-1-2 Major Supervisory Viewpoints,(4)(iii) Management of information security,JFSA-13,"Whether the bank takes measures to prevent unauthorized use of computer systems, unauthorized access, and intrusion by malicious computer programs, such as computer viruses.",Semantic,Superset of,8,10,"PR.PS-05.03: The organization has policies, procedures, and tools in place to detect, isolate, and block the use of attached malware or malicious links present in email or message services.",PROTECT / Platform Security / Unauthorized Software Installation & Execution,PR.PS-05.03
III-3-7-1 Information Technology (IT) System Risk / III-3-7-1-2 Major Supervisory Viewpoints,(4)(iii) Management of information security,JFSA-13,"Whether the bank takes measures to prevent unauthorized use of computer systems, unauthorized access, and intrusion by malicious computer programs, such as computer viruses.",Semantic,Superset of,9,10,"PR.IR-01.04: The organization controls access to its wireless networks and the information that these networks process by implementing appropriate mechanisms (e.g., strong authentication for authentication and transmission, preventing unauthorized devices from connecting to the internal networks, restricting unauthorized traffic, and segregating guest wireless networks).",PROTECT / Technology Infrastructure Resilience / Logical Access Protections,PR.IR-01.04
III-3-7-1 Information Technology (IT) System Risk / III-3-7-1-2 Major Supervisory Viewpoints,(4)(iii) Management of information security,JFSA-13,"Whether the bank takes measures to prevent unauthorized use of computer systems, unauthorized access, and intrusion by malicious computer programs, such as computer viruses.",Semantic,Superset of,9,10,"PR.IR-01.05: Remote access is carefully controlled (e.g., restricted to defined systems, access is actively managed (e.g., session timeouts, logging, forced disconnect, etc.), and encrypted connections with multi-factor authentication are used).",PROTECT / Technology Infrastructure Resilience / Logical Access Protections,PR.IR-01.05
III-3-7-1 Information Technology (IT) System Risk / III-3-7-1-2 Major Supervisory Viewpoints,(4)(iv) Management of information security,JFSA-14,"Whether the bank identifies important customer information that it is responsible for protecting in a comprehensive manner, keeps its records, and manages them.
Whether the scope of important customer information to be identified by the bank covers information and data used in the course of business operations or stored in IT systems and kept by external contractors and includes data, for example, as listed below;
・ Data stored in the areas within the IT system that are not used in ordinary operations;
・ Data output from the IT system for analyzing system failures; and
・ Transaction logs stored in ATMs (including those outside of branches), etc.",Semantic,Superset of,7,9,"ID.AM-04.01: Hardware, software, and data assets maintained by or located at suppliers or other third parties are included in asset management inventories and lifecycle management processes as required for effective management and security.",IDENTIFY / Asset Management / Supplier Services Inventory,ID.AM-04.01
III-3-7-1 Information Technology (IT) System Risk / III-3-7-1-2 Major Supervisory Viewpoints,(4)(iv) Management of information security,JFSA-14,"Whether the bank identifies important customer information that it is responsible for protecting in a comprehensive manner, keeps its records, and manages them.
Whether the scope of important customer information to be identified by the bank covers information and data used in the course of business operations or stored in IT systems and kept by external contractors and includes data, for example, as listed below;
・ Data stored in the areas within the IT system that are not used in ordinary operations;
・ Data output from the IT system for analyzing system failures; and
・ Transaction logs stored in ATMs (including those outside of branches), etc.",Semantic,Superset of,8,9,"ID.AM-05.01: The organization establishes and maintains risk-based policies and procedures for the classification of hardware, software, and data assets based on sensitivity and criticality.",IDENTIFY / Asset Management / Asset Protection Prioritization,ID.AM-05.01
III-3-7-1 Information Technology (IT) System Risk / III-3-7-1-2 Major Supervisory Viewpoints,(4)(iv) Management of information security,JFSA-14,"Whether the bank identifies important customer information that it is responsible for protecting in a comprehensive manner, keeps its records, and manages them.
Whether the scope of important customer information to be identified by the bank covers information and data used in the course of business operations or stored in IT systems and kept by external contractors and includes data, for example, as listed below;
・ Data stored in the areas within the IT system that are not used in ordinary operations;
・ Data output from the IT system for analyzing system failures; and
・ Transaction logs stored in ATMs (including those outside of branches), etc.",Semantic,Superset of,7,9,"ID.AM-07.01: The organization maintains a current inventory of the data being created, stored, or processed by its information assets and data flow diagrams depicting key internal and external data flows.",IDENTIFY / Asset Management / Data & Metadata Inventory,ID.AM-07.01
III-3-7-1 Information Technology (IT) System Risk / III-3-7-1-2 Major Supervisory Viewpoints,(4)(iv) Management of information security,JFSA-14,"Whether the bank identifies important customer information that it is responsible for protecting in a comprehensive manner, keeps its records, and manages them.
Whether the scope of important customer information to be identified by the bank covers information and data used in the course of business operations or stored in IT systems and kept by external contractors and includes data, for example, as listed below;
・ Data stored in the areas within the IT system that are not used in ordinary operations;
・ Data output from the IT system for analyzing system failures; and
・ Transaction logs stored in ATMs (including those outside of branches), etc.",Semantic,Superset of,8,9,"PR.DS-01.01: Data-at-rest is protected commensurate with the criticality and sensitivity of the information and in alignment with the data classification and protection policy (e.g., through the use of encryption, authentication, access control, segregation, masking, tokenization, and file integrity monitoring).",PROTECT / Data Security / Protection of Data at Rest,PR.DS-01.01
III-3-7-1 Information Technology (IT) System Risk / III-3-7-1-2 Major Supervisory Viewpoints,(4)(iv) Management of information security,JFSA-14,"Whether the bank identifies important customer information that it is responsible for protecting in a comprehensive manner, keeps its records, and manages them.
Whether the scope of important customer information to be identified by the bank covers information and data used in the course of business operations or stored in IT systems and kept by external contractors and includes data, for example, as listed below;
・ Data stored in the areas within the IT system that are not used in ordinary operations;
・ Data output from the IT system for analyzing system failures; and
・ Transaction logs stored in ATMs (including those outside of branches), etc.",Semantic,Superset of,8,9,"PR.DS-02.01: Data-in-transit is protected commensurate with the criticality and sensitivity of the information and in alignment with the data classification and protection policy (e.g., through the use of encryption, authentication, access control, masking, tokenization, and alternate transit paths).",PROTECT / Data Security / Protection of Data in Transit,PR.DS-02.01
III-3-7-1 Information Technology (IT) System Risk / III-3-7-1-2 Major Supervisory Viewpoints,(4)(iv) Management of information security,JFSA-14,"Whether the bank identifies important customer information that it is responsible for protecting in a comprehensive manner, keeps its records, and manages them.
Whether the scope of important customer information to be identified by the bank covers information and data used in the course of business operations or stored in IT systems and kept by external contractors and includes data, for example, as listed below;
・ Data stored in the areas within the IT system that are not used in ordinary operations;
・ Data output from the IT system for analyzing system failures; and
・ Transaction logs stored in ATMs (including those outside of branches), etc.",Semantic,Superset of,8,9,"ID.AM-08.05: The organization defines and implements standards and procedures, consistent with its data retention policy, for destroying or securely erasing data, media, and storage devices when the data is no longer needed.",IDENTIFY / Asset Management / Asset Life Cycle Management,ID.AM-08.05
III-3-7-1 Information Technology (IT) System Risk / III-3-7-1-2 Major Supervisory Viewpoints,(4)(iv) Management of information security,JFSA-14,"Whether the bank identifies important customer information that it is responsible for protecting in a comprehensive manner, keeps its records, and manages them.
Whether the scope of important customer information to be identified by the bank covers information and data used in the course of business operations or stored in IT systems and kept by external contractors and includes data, for example, as listed below;
・ Data stored in the areas within the IT system that are not used in ordinary operations;
・ Data output from the IT system for analyzing system failures; and
・ Transaction logs stored in ATMs (including those outside of branches), etc.",Semantic,Superset of,7,9,"ID.AM-08.06: Minimum cybersecurity requirements for third-parties cover the entire relationship lifecycle, from the acquisition of data through the return or destruction of data, to include limitations on data use, access, storage, and geographic location.",IDENTIFY / Asset Management / Asset Life Cycle Management,ID.AM-08.06
III-3-7-1 Information Technology (IT) System Risk / III-3-7-1-2 Major Supervisory Viewpoints,(4)(iv) Management of information security,JFSA-14,"Whether the bank identifies important customer information that it is responsible for protecting in a comprehensive manner, keeps its records, and manages them.
Whether the scope of important customer information to be identified by the bank covers information and data used in the course of business operations or stored in IT systems and kept by external contractors and includes data, for example, as listed below;
・ Data stored in the areas within the IT system that are not used in ordinary operations;
・ Data output from the IT system for analyzing system failures; and
・ Transaction logs stored in ATMs (including those outside of branches), etc.",Semantic,Superset of,8,9,"PR.DS-10.01: Data-in-use is protected commensurate with the criticality and sensitivity of the information and in alignment with the data classification and protection policy (e.g., through the use of encryption, authentication, access control, masking, tokenization, visual shielding, memory integrity monitoring, etc.)",PROTECT / Data Security / Protection of Data in Use,PR.DS-10.01
III-3-7-1 Information Technology (IT) System Risk / III-3-7-1-2 Major Supervisory Viewpoints,(4)(v) Management of information security,JFSA-15,"Whether the bank assesses important points and risks regarding important customer information that has been identified. Also, whether it has developed rules to manage information, such as that listed below, in accordance with the importance and risks of each information;
・ Rules to encrypt or mask information;
・ Rules for utilizing information; and
・ Rules on handling data storage media, etc.",Semantic,Superset of,9,10,"PR.DS-01.01: Data-at-rest is protected commensurate with the criticality and sensitivity of the information and in alignment with the data classification and protection policy (e.g., through the use of encryption, authentication, access control, segregation, masking, tokenization, and file integrity monitoring).",PROTECT / Data Security / Protection of Data at Rest,PR.DS-01.01
III-3-7-1 Information Technology (IT) System Risk / III-3-7-1-2 Major Supervisory Viewpoints,(4)(v) Management of information security,JFSA-15,"Whether the bank assesses important points and risks regarding important customer information that has been identified. Also, whether it has developed rules to manage information, such as that listed below, in accordance with the importance and risks of each information;
・ Rules to encrypt or mask information;
・ Rules for utilizing information; and
・ Rules on handling data storage media, etc.",Semantic,Superset of,8,10,"PR.DS-01.03: The organization defines and implements controls for the protection and use of removable media (e.g., access/use restrictions, encryption, malware scanning, data loss prevention, etc.)",PROTECT / Data Security / Protection of Data at Rest,PR.DS-01.03
III-3-7-1 Information Technology (IT) System Risk / III-3-7-1-2 Major Supervisory Viewpoints,(4)(v) Management of information security,JFSA-15,"Whether the bank assesses important points and risks regarding important customer information that has been identified. Also, whether it has developed rules to manage information, such as that listed below, in accordance with the importance and risks of each information;
・ Rules to encrypt or mask information;
・ Rules for utilizing information; and
・ Rules on handling data storage media, etc.",Semantic,Superset of,9,10,"PR.DS-02.01: Data-in-transit is protected commensurate with the criticality and sensitivity of the information and in alignment with the data classification and protection policy (e.g., through the use of encryption, authentication, access control, masking, tokenization, and alternate transit paths).",PROTECT / Data Security / Protection of Data in Transit,PR.DS-02.01
III-3-7-1 Information Technology (IT) System Risk / III-3-7-1-2 Major Supervisory Viewpoints,(4)(v) Management of information security,JFSA-15,"Whether the bank assesses important points and risks regarding important customer information that has been identified. Also, whether it has developed rules to manage information, such as that listed below, in accordance with the importance and risks of each information;
・ Rules to encrypt or mask information;
・ Rules for utilizing information; and
・ Rules on handling data storage media, etc.",Semantic,Superset of,9,10,"ID.AM-08.05: The organization defines and implements standards and procedures, consistent with its data retention policy, for destroying or securely erasing data, media, and storage devices when the data is no longer needed.",IDENTIFY / Asset Management / Asset Life Cycle Management,ID.AM-08.05
III-3-7-1 Information Technology (IT) System Risk / III-3-7-1-2 Major Supervisory Viewpoints,(4)(v) Management of information security,JFSA-15,"Whether the bank assesses important points and risks regarding important customer information that has been identified. Also, whether it has developed rules to manage information, such as that listed below, in accordance with the importance and risks of each information;
・ Rules to encrypt or mask information;
・ Rules for utilizing information; and
・ Rules on handling data storage media, etc.",Semantic,Superset of,8,10,"ID.AM-08.06: Minimum cybersecurity requirements for third-parties cover the entire relationship lifecycle, from the acquisition of data through the return or destruction of data, to include limitations on data use, access, storage, and geographic location.",IDENTIFY / Asset Management / Asset Life Cycle Management,ID.AM-08.06
III-3-7-1 Information Technology (IT) System Risk / III-3-7-1-2 Major Supervisory Viewpoints,(4)(v) Management of information security,JFSA-15,"Whether the bank assesses important points and risks regarding important customer information that has been identified. Also, whether it has developed rules to manage information, such as that listed below, in accordance with the importance and risks of each information;
・ Rules to encrypt or mask information;
・ Rules for utilizing information; and
・ Rules on handling data storage media, etc.",Semantic,Superset of,9,10,"PR.DS-10.01: Data-in-use is protected commensurate with the criticality and sensitivity of the information and in alignment with the data classification and protection policy (e.g., through the use of encryption, authentication, access control, masking, tokenization, visual shielding, memory integrity monitoring, etc.)",PROTECT / Data Security / Protection of Data in Use,PR.DS-10.01
III-3-7-1 Information Technology (IT) System Risk / III-3-7-1-2 Major Supervisory Viewpoints,(4)(v) Management of information security,JFSA-15,"Whether the bank assesses important points and risks regarding important customer information that has been identified. Also, whether it has developed rules to manage information, such as that listed below, in accordance with the importance and risks of each information;
・ Rules to encrypt or mask information;
・ Rules for utilizing information; and
・ Rules on handling data storage media, etc.",Semantic,Superset of,9,10,"PR.PS-01.05: Acceptable encryption standards, methods, and management practices are established in accordance with defined industry standards.",PROTECT / Platform Security / Configuration Management,PR.PS-01.05
III-3-7-1 Information Technology (IT) System Risk / III-3-7-1-2 Major Supervisory Viewpoints,(4)(v) Management of information security,JFSA-15,"Whether the bank assesses important points and risks regarding important customer information that has been identified. Also, whether it has developed rules to manage information, such as that listed below, in accordance with the importance and risks of each information;
・ Rules to encrypt or mask information;
・ Rules for utilizing information; and
・ Rules on handling data storage media, etc.",Semantic,Superset of,8,10,PR.PS-01.06: The organization employs defined encryption methods and management practices commensurate with the criticality of the information being protected and the inherent risk of the technical environment where used.,PROTECT / Platform Security / Configuration Management,PR.PS-01.06
III-3-7-1 Information Technology (IT) System Risk / III-3-7-1-2 Major Supervisory Viewpoints,(4)(vi)  Management of information security,JFSA-16,"Whether the bank has introduced measures to discourage or prevent unauthorized access, unauthorized retrieval, data leakage, etc. such as those listed below, for important customer information;
・ Provision of access rights only to employees who need access according to their authority;
・ Storage and monitoring of access logs; and
・ Introduction of mutual checking functions, such as by separating the individuals in charge of development and those responsible for operations, system administrators and system users, etc.",Semantic,Superset of,8,9,"PR.AA-01.01: Identities and credentials are actively managed or automated for authorized devices and users (e.g., removal of default and factory passwords, password strength requirements, automatic revocation of credentials under defined conditions, regular asset owner access review, etc.).","PROTECT / Identity Management, Authentication, and Access Control / Identity & Credential Management",PR.AA-01.01
III-3-7-1 Information Technology (IT) System Risk / III-3-7-1-2 Major Supervisory Viewpoints,(4)(vi)  Management of information security,JFSA-16,"Whether the bank has introduced measures to discourage or prevent unauthorized access, unauthorized retrieval, data leakage, etc. such as those listed below, for important customer information;
・ Provision of access rights only to employees who need access according to their authority;
・ Storage and monitoring of access logs; and
・ Introduction of mutual checking functions, such as by separating the individuals in charge of development and those responsible for operations, system administrators and system users, etc.",Semantic,Superset of,8,9,"PR.AA-01.02: Physical and logical access to systems is permitted only for individuals who have a legitimate business requirement, have been authorized, and who are adequately trained and monitored.","PROTECT / Identity Management, Authentication, and Access Control / Identity & Credential Management",PR.AA-01.02
III-3-7-1 Information Technology (IT) System Risk / III-3-7-1-2 Major Supervisory Viewpoints,(4)(vi)  Management of information security,JFSA-16,"Whether the bank has introduced measures to discourage or prevent unauthorized access, unauthorized retrieval, data leakage, etc. such as those listed below, for important customer information;
・ Provision of access rights only to employees who need access according to their authority;
・ Storage and monitoring of access logs; and
・ Introduction of mutual checking functions, such as by separating the individuals in charge of development and those responsible for operations, system administrators and system users, etc.",Semantic,Superset of,8,9,"PR.AA-02.01: The organization authenticates identity, validates the authorization level of a user before granting access to its systems, limits the use of an account to a single individual, and attributes activities to the user in logs and transactions.","PROTECT / Identity Management, Authentication, and Access Control / Identity Binding to Credentials",PR.AA-02.01
III-3-7-1 Information Technology (IT) System Risk / III-3-7-1-2 Major Supervisory Viewpoints,(4)(vi)  Management of information security,JFSA-16,"Whether the bank has introduced measures to discourage or prevent unauthorized access, unauthorized retrieval, data leakage, etc. such as those listed below, for important customer information;
・ Provision of access rights only to employees who need access according to their authority;
・ Storage and monitoring of access logs; and
・ Introduction of mutual checking functions, such as by separating the individuals in charge of development and those responsible for operations, system administrators and system users, etc.",Semantic,Superset of,8,9,"PR.AA-03.01: Based on the risk level of a user access or a specific transaction, the organization defines and implements authentication requirements, which may include multi-factor or out-of-band authentication, and may adopt other real-time risk prevention or mitigation tactics.","PROTECT / Identity Management, Authentication, and Access Control / Authentication",PR.AA-03.01
III-3-7-1 Information Technology (IT) System Risk / III-3-7-1-2 Major Supervisory Viewpoints,(4)(vi)  Management of information security,JFSA-16,"Whether the bank has introduced measures to discourage or prevent unauthorized access, unauthorized retrieval, data leakage, etc. such as those listed below, for important customer information;
・ Provision of access rights only to employees who need access according to their authority;
・ Storage and monitoring of access logs; and
・ Introduction of mutual checking functions, such as by separating the individuals in charge of development and those responsible for operations, system administrators and system users, etc.",Semantic,Superset of,8,9,"PR.AA-03.02: Decisions to authorize user access to devices and other assets are made with consideration of: 
(1) Business need for the access;
(2) The type of data being accessed (e.g., customer PII, public data);
(3) The risk of the transaction (e.g., internal-to-internal, external-to-internal);
(4) The organization's level of trust for the accessing agent (e.g., external application, internal user); and
(5) The potential for harm.","PROTECT / Identity Management, Authentication, and Access Control / Authentication",PR.AA-03.02
III-3-7-1 Information Technology (IT) System Risk / III-3-7-1-2 Major Supervisory Viewpoints,(4)(vi)  Management of information security,JFSA-16,"Whether the bank has introduced measures to discourage or prevent unauthorized access, unauthorized retrieval, data leakage, etc. such as those listed below, for important customer information;
・ Provision of access rights only to employees who need access according to their authority;
・ Storage and monitoring of access logs; and
・ Introduction of mutual checking functions, such as by separating the individuals in charge of development and those responsible for operations, system administrators and system users, etc.",Semantic,Superset of,8,9,"PR.AA-04.01: Access credential and authorization mechanisms for internal systems and across security perimeters (e.g., leveraging directory services, directory synchronization, single sign-on, federated access, credential mapping, etc.) are designed to maintain security, integrity, and authenticity.","PROTECT / Identity Management, Authentication, and Access Control / Identity Assertions",PR.AA-04.01
III-3-7-1 Information Technology (IT) System Risk / III-3-7-1-2 Major Supervisory Viewpoints,(4)(vi)  Management of information security,JFSA-16,"Whether the bank has introduced measures to discourage or prevent unauthorized access, unauthorized retrieval, data leakage, etc. such as those listed below, for important customer information;
・ Provision of access rights only to employees who need access according to their authority;
・ Storage and monitoring of access logs; and
・ Introduction of mutual checking functions, such as by separating the individuals in charge of development and those responsible for operations, system administrators and system users, etc.",Semantic,Superset of,8,9,"PR.AA-05.01: The organization limits access privileges to the minimum necessary and with consideration of separation of duties (e.g., through role-based access control, asset owner access recertifications, etc.).","PROTECT / Identity Management, Authentication, and Access Control / Access Authorizations",PR.AA-05.01
III-3-7-1 Information Technology (IT) System Risk / III-3-7-1-2 Major Supervisory Viewpoints,(4)(vi)  Management of information security,JFSA-16,"Whether the bank has introduced measures to discourage or prevent unauthorized access, unauthorized retrieval, data leakage, etc. such as those listed below, for important customer information;
・ Provision of access rights only to employees who need access according to their authority;
・ Storage and monitoring of access logs; and
・ Introduction of mutual checking functions, such as by separating the individuals in charge of development and those responsible for operations, system administrators and system users, etc.",Semantic,Superset of,8,9,"PR.AA-05.02: The organization institutes controls over privileged system access by strictly limiting and closely managing staff and services with elevated system entitlements (e.g., multi-factor authentication, dual accounts, privilege and time constraints, etc.)","PROTECT / Identity Management, Authentication, and Access Control / Access Authorizations",PR.AA-05.02
III-3-7-1 Information Technology (IT) System Risk / III-3-7-1-2 Major Supervisory Viewpoints,(4)(vi)  Management of information security,JFSA-16,"Whether the bank has introduced measures to discourage or prevent unauthorized access, unauthorized retrieval, data leakage, etc. such as those listed below, for important customer information;
・ Provision of access rights only to employees who need access according to their authority;
・ Storage and monitoring of access logs; and
・ Introduction of mutual checking functions, such as by separating the individuals in charge of development and those responsible for operations, system administrators and system users, etc.",Semantic,Superset of,8,9,PR.DS-01.02: The organization implements data loss identification and prevention tools to monitor and protect against confidential data theft or destruction by an employee or an external actor.,PROTECT / Data Security / Protection of Data at Rest,PR.DS-01.02
III-3-7-1 Information Technology (IT) System Risk / III-3-7-1-2 Major Supervisory Viewpoints,(4)(vi)  Management of information security,JFSA-16,"Whether the bank has introduced measures to discourage or prevent unauthorized access, unauthorized retrieval, data leakage, etc. such as those listed below, for important customer information;
・ Provision of access rights only to employees who need access according to their authority;
・ Storage and monitoring of access logs; and
・ Introduction of mutual checking functions, such as by separating the individuals in charge of development and those responsible for operations, system administrators and system users, etc.",Semantic,Superset of,8,9,"PR.PS-01.09: Endpoint systems implemented using virtualization technologies employ mechanisms to protect network, application, and data integrity, such as restricting access to local network and peripheral devices, multi-factor authentication, locking-down device source network locations, and data leakage protections.",PROTECT / Platform Security / Configuration Management,PR.PS-01.09
III-3-7-1 Information Technology (IT) System Risk / III-3-7-1-2 Major Supervisory Viewpoints,(4)(vi)  Management of information security,JFSA-16,"Whether the bank has introduced measures to discourage or prevent unauthorized access, unauthorized retrieval, data leakage, etc. such as those listed below, for important customer information;
・ Provision of access rights only to employees who need access according to their authority;
・ Storage and monitoring of access logs; and
・ Introduction of mutual checking functions, such as by separating the individuals in charge of development and those responsible for operations, system administrators and system users, etc.",Semantic,Superset of,8,9,"PR.PS-04.01: The organization establishes and regularly reviews log management standards and practices, to include the types of events to be detected, log content, security and access considerations, monitoring protocols, integrity checking mechanisms, and retention periods.",PROTECT / Platform Security / Log Record Generation,PR.PS-04.01
III-3-7-1 Information Technology (IT) System Risk / III-3-7-1-2 Major Supervisory Viewpoints,(4)(vi)  Management of information security,JFSA-16,"Whether the bank has introduced measures to discourage or prevent unauthorized access, unauthorized retrieval, data leakage, etc. such as those listed below, for important customer information;
・ Provision of access rights only to employees who need access according to their authority;
・ Storage and monitoring of access logs; and
・ Introduction of mutual checking functions, such as by separating the individuals in charge of development and those responsible for operations, system administrators and system users, etc.",Semantic,Superset of,7,9,"PR.PS-04.03: The organization's activity logs and other security event logs are generated, reviewed, securely stored, and retained in accordance with data retention obligations and established standards.",PROTECT / Platform Security / Log Record Generation,PR.PS-04.03
III-3-7-1 Information Technology (IT) System Risk / III-3-7-1-2 Major Supervisory Viewpoints,(4)(vi)  Management of information security,JFSA-16,"Whether the bank has introduced measures to discourage or prevent unauthorized access, unauthorized retrieval, data leakage, etc. such as those listed below, for important customer information;
・ Provision of access rights only to employees who need access according to their authority;
・ Storage and monitoring of access logs; and
・ Introduction of mutual checking functions, such as by separating the individuals in charge of development and those responsible for operations, system administrators and system users, etc.",Semantic,Superset of,7,9,DE.CM-01.01:  The organization deploys intrusion detection and intrusion prevention capabilities to detect and prevent a potential network intrusion in its early stages for timely containment and recovery.,DETECT / Continuous Monitoring / Network Monitoring,DE.CM-01.01
III-3-7-1 Information Technology (IT) System Risk / III-3-7-1-2 Major Supervisory Viewpoints,(4)(vi)  Management of information security,JFSA-16,"Whether the bank has introduced measures to discourage or prevent unauthorized access, unauthorized retrieval, data leakage, etc. such as those listed below, for important customer information;
・ Provision of access rights only to employees who need access according to their authority;
・ Storage and monitoring of access logs; and
・ Introduction of mutual checking functions, such as by separating the individuals in charge of development and those responsible for operations, system administrators and system users, etc.",Semantic,Superset of,8,9,"DE.CM-02.01: The organization's controls include monitoring and detection of anomalous activities and potential intrusion events across the organization's physical environment and infrastructure, including the detection of environmental threats (fire, water, service outages, etc.) and unauthorized physical access to high-risk system components and locations.",DETECT / Continuous Monitoring / Physical Environment Monitoring,DE.CM-02.01
III-3-7-1 Information Technology (IT) System Risk / III-3-7-1-2 Major Supervisory Viewpoints,(4)(vi)  Management of information security,JFSA-16,"Whether the bank has introduced measures to discourage or prevent unauthorized access, unauthorized retrieval, data leakage, etc. such as those listed below, for important customer information;
・ Provision of access rights only to employees who need access according to their authority;
・ Storage and monitoring of access logs; and
・ Introduction of mutual checking functions, such as by separating the individuals in charge of development and those responsible for operations, system administrators and system users, etc.",Semantic,Superset of,8,9,"DE.CM-03.01: Account access, authentication, and authorization activities are logged and monitored, for both users and devices, to enforce authorized access.",DETECT / Continuous Monitoring / Personnel Activity Monitoring,DE.CM-03.01
III-3-7-1 Information Technology (IT) System Risk / III-3-7-1-2 Major Supervisory Viewpoints,(4)(vi)  Management of information security,JFSA-16,"Whether the bank has introduced measures to discourage or prevent unauthorized access, unauthorized retrieval, data leakage, etc. such as those listed below, for important customer information;
・ Provision of access rights only to employees who need access according to their authority;
・ Storage and monitoring of access logs; and
・ Introduction of mutual checking functions, such as by separating the individuals in charge of development and those responsible for operations, system administrators and system users, etc.",Semantic,Superset of,8,9,"DE.CM-03.02: The organization's controls actively monitor personnel (both authorized and unauthorized) for access, authentication, usage, connections, devices, and anomalous behavior to rapidly detect potential cybersecurity events.",DETECT / Continuous Monitoring / Personnel Activity Monitoring,DE.CM-03.02
III-3-7-1 Information Technology (IT) System Risk / III-3-7-1-2 Major Supervisory Viewpoints,(4)(vi)  Management of information security,JFSA-16,"Whether the bank has introduced measures to discourage or prevent unauthorized access, unauthorized retrieval, data leakage, etc. such as those listed below, for important customer information;
・ Provision of access rights only to employees who need access according to their authority;
・ Storage and monitoring of access logs; and
・ Introduction of mutual checking functions, such as by separating the individuals in charge of development and those responsible for operations, system administrators and system users, etc.",Semantic,Superset of,8,9,"DE.CM-03.03: The organization logs and reviews the activities of privileged users and accounts, and monitoring for anomalous behaviors is implemented.",DETECT / Continuous Monitoring / Personnel Activity Monitoring,DE.CM-03.03
III-3-7-1 Information Technology (IT) System Risk / III-3-7-1-2 Major Supervisory Viewpoints,(4)(vi)  Management of information security,JFSA-16,"Whether the bank has introduced measures to discourage or prevent unauthorized access, unauthorized retrieval, data leakage, etc. such as those listed below, for important customer information;
・ Provision of access rights only to employees who need access according to their authority;
・ Storage and monitoring of access logs; and
・ Introduction of mutual checking functions, such as by separating the individuals in charge of development and those responsible for operations, system administrators and system users, etc.",Semantic,Superset of,8,9,DE.CM-06.02: The organization implements an explicit approval and logging process and sets up automated alerts to monitor and prevent any unauthorized access to a critical system by a third-party service provider.,DETECT / Continuous Monitoring / Service Provider Monitoring,DE.CM-06.02
III-3-7-1 Information Technology (IT) System Risk / III-3-7-1-2 Major Supervisory Viewpoints,(4)(vii) Management of information security,JFSA-17,"Whether the bank has established rules for controlling confidential information, such as encryption and masking. Also, whether it has developed rules regarding the management of encryption programs, encryption keys, and design specifications for encryption programs. Note that ""confidential information"" refers to any information that may cause damage or loss to customers if it is disclosed or stolen, including PINs, passwords, credit card information.",Semantic,Superset of,9,10,"PR.DS-01.01: Data-at-rest is protected commensurate with the criticality and sensitivity of the information and in alignment with the data classification and protection policy (e.g., through the use of encryption, authentication, access control, segregation, masking, tokenization, and file integrity monitoring).",PROTECT / Data Security / Protection of Data at Rest,PR.DS-01.01
III-3-7-1 Information Technology (IT) System Risk / III-3-7-1-2 Major Supervisory Viewpoints,(4)(vii) Management of information security,JFSA-17,"Whether the bank has established rules for controlling confidential information, such as encryption and masking. Also, whether it has developed rules regarding the management of encryption programs, encryption keys, and design specifications for encryption programs. Note that ""confidential information"" refers to any information that may cause damage or loss to customers if it is disclosed or stolen, including PINs, passwords, credit card information.",Semantic,Superset of,9,10,"PR.DS-01.03: The organization defines and implements controls for the protection and use of removable media (e.g., access/use restrictions, encryption, malware scanning, data loss prevention, etc.)",PROTECT / Data Security / Protection of Data at Rest,PR.DS-01.03
III-3-7-1 Information Technology (IT) System Risk / III-3-7-1-2 Major Supervisory Viewpoints,(4)(vii) Management of information security,JFSA-17,"Whether the bank has established rules for controlling confidential information, such as encryption and masking. Also, whether it has developed rules regarding the management of encryption programs, encryption keys, and design specifications for encryption programs. Note that ""confidential information"" refers to any information that may cause damage or loss to customers if it is disclosed or stolen, including PINs, passwords, credit card information.",Semantic,Superset of,9,10,"PR.DS-02.01: Data-in-transit is protected commensurate with the criticality and sensitivity of the information and in alignment with the data classification and protection policy (e.g., through the use of encryption, authentication, access control, masking, tokenization, and alternate transit paths).",PROTECT / Data Security / Protection of Data in Transit,PR.DS-02.01
III-3-7-1 Information Technology (IT) System Risk / III-3-7-1-2 Major Supervisory Viewpoints,(4)(vii) Management of information security,JFSA-17,"Whether the bank has established rules for controlling confidential information, such as encryption and masking. Also, whether it has developed rules regarding the management of encryption programs, encryption keys, and design specifications for encryption programs. Note that ""confidential information"" refers to any information that may cause damage or loss to customers if it is disclosed or stolen, including PINs, passwords, credit card information.",Semantic,Superset of,9,10,"PR.DS-10.01: Data-in-use is protected commensurate with the criticality and sensitivity of the information and in alignment with the data classification and protection policy (e.g., through the use of encryption, authentication, access control, masking, tokenization, visual shielding, memory integrity monitoring, etc.)",PROTECT / Data Security / Protection of Data in Use,PR.DS-10.01
III-3-7-1 Information Technology (IT) System Risk / III-3-7-1-2 Major Supervisory Viewpoints,(4)(vii) Management of information security,JFSA-17,"Whether the bank has established rules for controlling confidential information, such as encryption and masking. Also, whether it has developed rules regarding the management of encryption programs, encryption keys, and design specifications for encryption programs. Note that ""confidential information"" refers to any information that may cause damage or loss to customers if it is disclosed or stolen, including PINs, passwords, credit card information.",Semantic,Superset of,9,10,"PR.PS-01.05: Acceptable encryption standards, methods, and management practices are established in accordance with defined industry standards.",PROTECT / Platform Security / Configuration Management,PR.PS-01.05
III-3-7-1 Information Technology (IT) System Risk / III-3-7-1-2 Major Supervisory Viewpoints,(4)(vii) Management of information security,JFSA-17,"Whether the bank has established rules for controlling confidential information, such as encryption and masking. Also, whether it has developed rules regarding the management of encryption programs, encryption keys, and design specifications for encryption programs. Note that ""confidential information"" refers to any information that may cause damage or loss to customers if it is disclosed or stolen, including PINs, passwords, credit card information.",Semantic,Superset of,9,10,PR.PS-01.06: The organization employs defined encryption methods and management practices commensurate with the criticality of the information being protected and the inherent risk of the technical environment where used.,PROTECT / Platform Security / Configuration Management,PR.PS-01.06
III-3-7-1 Information Technology (IT) System Risk / III-3-7-1-2 Major Supervisory Viewpoints,(4)(vii) Management of information security,JFSA-17,"Whether the bank has established rules for controlling confidential information, such as encryption and masking. Also, whether it has developed rules regarding the management of encryption programs, encryption keys, and design specifications for encryption programs. Note that ""confidential information"" refers to any information that may cause damage or loss to customers if it is disclosed or stolen, including PINs, passwords, credit card information.",Semantic,Superset of,9,10,"PR.PS-01.08: End-user mobile or personal computing devices accessing the organization's network employ mechanisms to protect network, application, and data integrity, such as ""Mobile Device Management (MDM)"" and ""Mobile Application Management (MAM)"" technologies, device fingerprinting, storage containerization and encryption, integrity scanning, automated patch application, remote wipe, and data leakage protections.",PROTECT / Platform Security / Configuration Management,PR.PS-01.08
III-3-7-1 Information Technology (IT) System Risk / III-3-7-1-2 Major Supervisory Viewpoints,(4)(viii) Management of information security,JFSA-18,"Whether the bank gives due consideration to the necessity of holding/disposing of, restricting access to, and taking outside, of confidential information, and treats such information in a stricter manner.",Semantic,Superset of,7,10,GV.PO-01.06: Physical and environmental security policies are implemented and managed.,"GOVERN / Policies, Processes, and Procedures / Establishment of Policies & Procedures",GV.PO-01.06
III-3-7-1 Information Technology (IT) System Risk / III-3-7-1-2 Major Supervisory Viewpoints,(4)(viii) Management of information security,JFSA-18,"Whether the bank gives due consideration to the necessity of holding/disposing of, restricting access to, and taking outside, of confidential information, and treats such information in a stricter manner.",Semantic,Superset of,8,10,"PR.AA-01.02: Physical and logical access to systems is permitted only for individuals who have a legitimate business requirement, have been authorized, and who are adequately trained and monitored.","PROTECT / Identity Management, Authentication, and Access Control / Identity & Credential Management",PR.AA-01.02
III-3-7-1 Information Technology (IT) System Risk / III-3-7-1-2 Major Supervisory Viewpoints,(4)(viii) Management of information security,JFSA-18,"Whether the bank gives due consideration to the necessity of holding/disposing of, restricting access to, and taking outside, of confidential information, and treats such information in a stricter manner.",Semantic,Superset of,8,10,"PR.AA-05.01: The organization limits access privileges to the minimum necessary and with consideration of separation of duties (e.g., through role-based access control, asset owner access recertifications, etc.).","PROTECT / Identity Management, Authentication, and Access Control / Access Authorizations",PR.AA-05.01
III-3-7-1 Information Technology (IT) System Risk / III-3-7-1-2 Major Supervisory Viewpoints,(4)(viii) Management of information security,JFSA-18,"Whether the bank gives due consideration to the necessity of holding/disposing of, restricting access to, and taking outside, of confidential information, and treats such information in a stricter manner.",Semantic,Superset of,8,10,"PR.AA-06.01: The organization manages, protects, and logs physical access to sensitive areas, devices, consoles, equipment, and network cabling and infrastructure.","PROTECT / Identity Management, Authentication, and Access Control / Physical Access",PR.AA-06.01
III-3-7-1 Information Technology (IT) System Risk / III-3-7-1-2 Major Supervisory Viewpoints,(4)(viii) Management of information security,JFSA-18,"Whether the bank gives due consideration to the necessity of holding/disposing of, restricting access to, and taking outside, of confidential information, and treats such information in a stricter manner.",Semantic,Superset of,8,10,"PR.AA-06.02: The organization manages and protects physical and visual access to sensitive information assets and physical records (e.g., session lockout, clean desk policies, printer/facsimile output trays, file cabinet/room security, document labelling, etc.)","PROTECT / Identity Management, Authentication, and Access Control / Physical Access",PR.AA-06.02
III-3-7-1 Information Technology (IT) System Risk / III-3-7-1-2 Major Supervisory Viewpoints,(4)(viii) Management of information security,JFSA-18,"Whether the bank gives due consideration to the necessity of holding/disposing of, restricting access to, and taking outside, of confidential information, and treats such information in a stricter manner.",Semantic,Superset of,8,10,"ID.AM-08.05: The organization defines and implements standards and procedures, consistent with its data retention policy, for destroying or securely erasing data, media, and storage devices when the data is no longer needed.",IDENTIFY / Asset Management / Asset Life Cycle Management,ID.AM-08.05
III-3-7-1 Information Technology (IT) System Risk / III-3-7-1-2 Major Supervisory Viewpoints,(4)(ix) Management of information security,JFSA-19,"Whether the bank periodically monitors its information assets to see whether they are managed properly according to management rules, etc. and reviews the control environment on an ongoing basis.",Semantic,Superset of,8,9,"ID.IM-03.02: The organization establishes a systematic and comprehensive program to regularly evaluate and improve its monitoring and detection processes and controls as the threat environment changes, tools and techniques evolve, and lessons are learned.",IDENTIFY / Improvement / Improvements from Lessons Learned,ID.IM-03.02
III-3-7-1 Information Technology (IT) System Risk / III-3-7-1-2 Major Supervisory Viewpoints,(4)(ix) Management of information security,JFSA-19,"Whether the bank periodically monitors its information assets to see whether they are managed properly according to management rules, etc. and reviews the control environment on an ongoing basis.",Semantic,Intersects with,5,9,DE.CM-01.01:  The organization deploys intrusion detection and intrusion prevention capabilities to detect and prevent a potential network intrusion in its early stages for timely containment and recovery.,DETECT / Continuous Monitoring / Network Monitoring,DE.CM-01.01
III-3-7-1 Information Technology (IT) System Risk / III-3-7-1-2 Major Supervisory Viewpoints,(4)(ix) Management of information security,JFSA-19,"Whether the bank periodically monitors its information assets to see whether they are managed properly according to management rules, etc. and reviews the control environment on an ongoing basis.",Semantic,Superset of,8,9,"DE.CM-01.02: The organization implements mechanisms, such as alerting and filtering of sudden high volumes and suspicious incoming traffic, to detect and mitigate Denial of Service, ""bot"", and credential stuffing attacks.",DETECT / Continuous Monitoring / Network Monitoring,DE.CM-01.02
III-3-7-1 Information Technology (IT) System Risk / III-3-7-1-2 Major Supervisory Viewpoints,(4)(ix) Management of information security,JFSA-19,"Whether the bank periodically monitors its information assets to see whether they are managed properly according to management rules, etc. and reviews the control environment on an ongoing basis.",Semantic,Superset of,8,9,"DE.CM-01.03: The organization has policies, procedures, and tools in place to monitor for, detect, and block unauthorized network connections and data transfers.",DETECT / Continuous Monitoring / Network Monitoring,DE.CM-01.03
III-3-7-1 Information Technology (IT) System Risk / III-3-7-1-2 Major Supervisory Viewpoints,(4)(ix) Management of information security,JFSA-19,"Whether the bank periodically monitors its information assets to see whether they are managed properly according to management rules, etc. and reviews the control environment on an ongoing basis.",Semantic,Superset of,7,9,"DE.CM-01.04: The organization has policies, procedures, and tools in place to monitor for, detect, and block access from/to devices that are not authorized or do not conform to security policy (e.g., unpatched systems).",DETECT / Continuous Monitoring / Network Monitoring,DE.CM-01.04
III-3-7-1 Information Technology (IT) System Risk / III-3-7-1-2 Major Supervisory Viewpoints,(4)(ix) Management of information security,JFSA-19,"Whether the bank periodically monitors its information assets to see whether they are managed properly according to management rules, etc. and reviews the control environment on an ongoing basis.",Semantic,Superset of,8,9,"DE.CM-03.02: The organization's controls actively monitor personnel (both authorized and unauthorized) for access, authentication, usage, connections, devices, and anomalous behavior to rapidly detect potential cybersecurity events.",DETECT / Continuous Monitoring / Personnel Activity Monitoring,DE.CM-03.02
III-3-7-1 Information Technology (IT) System Risk / III-3-7-1-2 Major Supervisory Viewpoints,(4)(ix) Management of information security,JFSA-19,"Whether the bank periodically monitors its information assets to see whether they are managed properly according to management rules, etc. and reviews the control environment on an ongoing basis.",Semantic,Superset of,7,9,"DE.CM-06.01: The organization reviews, documents, authorizes, and monitors all third-party connections, data transfer mechanisms, and Application Programming Interfaces (APIs).",DETECT / Continuous Monitoring / Service Provider Monitoring,DE.CM-06.01
III-3-7-1 Information Technology (IT) System Risk / III-3-7-1-2 Major Supervisory Viewpoints,(4)(ix) Management of information security,JFSA-19,"Whether the bank periodically monitors its information assets to see whether they are managed properly according to management rules, etc. and reviews the control environment on an ongoing basis.",Semantic,Superset of,7,9,"DE.AE-03.01: The organization implements systematic and real-time logging, collection, monitoring, detection, and alerting measures across multiple layers of the organization's infrastructure, including physical perimeters, network, operating systems, applications, data, and external (cloud and outsourced) environments, sufficient to protect the organization's information assets.",DETECT / Adverse Event Analysis / Event Information Correlation,DE.AE-03.01
III-3-7-1 Information Technology (IT) System Risk / III-3-7-1-2 Major Supervisory Viewpoints,(4)(x) Management of information security,JFSA-20,Whether the bank conducts security education (including security education at external contractors) to all officers and employees in order to raise awareness of information security.,Semantic,Superset of,6,10,PR.AT-01.01: All personnel receive cybersecurity awareness training upon hire and on a regular basis.,PROTECT / Awareness and Training / User Awareness & Training,PR.AT-01.01
III-3-7-1 Information Technology (IT) System Risk / III-3-7-1-2 Major Supervisory Viewpoints,(4)(x) Management of information security,JFSA-20,Whether the bank conducts security education (including security education at external contractors) to all officers and employees in order to raise awareness of information security.,Semantic,Superset of,9,10,"PR.AT-01.03: Cybersecurity awareness training is updated on a regular basis to reflect risks and threats identified by the organization, the organization's security policies and standards, applicable laws and regulations, and changes in individual responsibilities.",PROTECT / Awareness and Training / User Awareness & Training,PR.AT-01.03
III-3-7-1 Information Technology (IT) System Risk / III-3-7-1-2 Major Supervisory Viewpoints,(4)(x) Management of information security,JFSA-20,Whether the bank conducts security education (including security education at external contractors) to all officers and employees in order to raise awareness of information security.,Semantic,Superset of,8,10,"PR.AT-02.01: Mechanisms are in place to ensure that the personnel working with cybersecurity and technology (e.g., developers, DBAs, network admins, etc.) maintain current knowledge and skills related to changing threats, countermeasures, new tools, best practices, and their job responsibilities.",PROTECT / Awareness and Training / Specialized Role Awareness & Training,PR.AT-02.01
III-3-7-1 Information Technology (IT) System Risk / III-3-7-1-2 Major Supervisory Viewpoints,(4)(x) Management of information security,JFSA-20,Whether the bank conducts security education (including security education at external contractors) to all officers and employees in order to raise awareness of information security.,Semantic,Superset of,8,10,"PR.AT-02.02: High-risk groups, such as those with elevated privileges or in sensitive business functions (including privileged users, senior executives, cybersecurity personnel and third-party stakeholders), receive cybersecurity situational awareness training for their roles and responsibilities.",PROTECT / Awareness and Training / Specialized Role Awareness & Training,PR.AT-02.02
III-3-7-1 Information Technology (IT) System Risk / III-3-7-1-2 Major Supervisory Viewpoints,(4)(x) Management of information security,JFSA-20,Whether the bank conducts security education (including security education at external contractors) to all officers and employees in order to raise awareness of information security.,Semantic,Superset of,9,10,"PR.AT-02.06: The organization has established and maintains a cybersecurity awareness program through which the organization's customers are kept aware of new threats and vulnerabilities, basic cybersecurity hygiene practices, and their role in cybersecurity, as appropriate.",PROTECT / Awareness and Training / Specialized Role Awareness & Training,PR.AT-02.06
III-3-7-1 Information Technology (IT) System Risk / III-3-7-1-2 Major Supervisory Viewpoints,(5)(i) Management of cybersecurity,JFSA-21,"Whether the board of directors, etc. has developed the necessary control environment upon recognizing the importance of cybersecurity amid increasingly sophisticated and cunning cyberattacks.",Semantic,Superset of,9,10,"GV.RM-01.03: The organization has established, and maintains, technology and cybersecurity programs designed to protect the confidentiality, integrity and availability of its information and operational systems, commensurate with the organization's risk appetite and business needs.",GOVERN / Risk Management Strategy / Risk Management Objectives Agreement,GV.RM-01.03
III-3-7-1 Information Technology (IT) System Risk / III-3-7-1-2 Major Supervisory Viewpoints,(5)(i) Management of cybersecurity,JFSA-21,"Whether the board of directors, etc. has developed the necessary control environment upon recognizing the importance of cybersecurity amid increasingly sophisticated and cunning cyberattacks.",Semantic,Superset of,9,10,"GV.RM-09.01: The organization has an enterprise-wide resilience strategy and program, including architecture, cyber resilience, business continuity, disaster recovery, and incident response, which support its mission, stakeholder obligations, critical infrastructure role, and risk appetite.",GOVERN / Risk Management Strategy  / Business Continuity & Resilience Risk Management,GV.RM-09.01
III-3-7-1 Information Technology (IT) System Risk / III-3-7-1-2 Major Supervisory Viewpoints,(5)(i) Management of cybersecurity,JFSA-21,"Whether the board of directors, etc. has developed the necessary control environment upon recognizing the importance of cybersecurity amid increasingly sophisticated and cunning cyberattacks.",Semantic,Superset of,8,10,"GV.SC-01.01: The organization maintains a third-party risk management strategy and program to identify and manage the risks associated with third parties throughout their lifecycles in a timely manner, including in support of sector-critical systems and operations, to ensure alignment within risk appetite.",GOVERN / Supply Chain Risk Management / Supply Chain Risk Management Program,GV.SC-01.01
III-3-7-1 Information Technology (IT) System Risk / III-3-7-1-2 Major Supervisory Viewpoints,(5)(i) Management of cybersecurity,JFSA-21,"Whether the board of directors, etc. has developed the necessary control environment upon recognizing the importance of cybersecurity amid increasingly sophisticated and cunning cyberattacks.",Semantic,Superset of,7,10,"ID.RA-06.01: Technology and cybersecurity risk management programs and risk assessment processes produce actionable recommendations that the organization uses to select, design, prioritize, implement, maintain, evaluate, and modify cybersecurity and technology controls.",IDENTIFY / Risk Assessment / Risk Response Determination,ID.RA-06.01
III-3-7-1 Information Technology (IT) System Risk / III-3-7-1-2 Major Supervisory Viewpoints,(5)(i) Management of cybersecurity,JFSA-21,"Whether the board of directors, etc. has developed the necessary control environment upon recognizing the importance of cybersecurity amid increasingly sophisticated and cunning cyberattacks.",Semantic,Superset of,8,10,"ID.RA-06.03: Technology and cybersecurity programs identify and implement controls to manage applicable risks within the risk appetite set by the governing authority (e.g., the Board or one of its committees).",IDENTIFY / Risk Assessment / Risk Response Determination,ID.RA-06.03
III-3-7-1 Information Technology (IT) System Risk / III-3-7-1-2 Major Supervisory Viewpoints,(5)(i) Management of cybersecurity,JFSA-21,"Whether the board of directors, etc. has developed the necessary control environment upon recognizing the importance of cybersecurity amid increasingly sophisticated and cunning cyberattacks.",Semantic,Superset of,8,10,"ID.IM-01.01: Technology, cybersecurity, and resilience controls are regularly assessed and/or tested for design and operating effectiveness.",IDENTIFY / Improvement / Continuous Improvements Evaluation,ID.IM-01.01
III-3-7-1 Information Technology (IT) System Risk / III-3-7-1-2 Major Supervisory Viewpoints,(5)(i) Management of cybersecurity,JFSA-21,"Whether the board of directors, etc. has developed the necessary control environment upon recognizing the importance of cybersecurity amid increasingly sophisticated and cunning cyberattacks.",Semantic,Superset of,9,10,"ID.IM-03.01: A formal process is in place to improve protection controls and processes by integrating recommendations, findings, and lessons learned from exercises, testing, audits, assessments, and incidents.",IDENTIFY / Improvement / Improvements from Lessons Learned,ID.IM-03.01
III-3-7-1 Information Technology (IT) System Risk / III-3-7-1-2 Major Supervisory Viewpoints,(5)(ii) Management of cybersecurity,JFSA-22,"Whether the bank has developed the control environment for managing cybersecurity, such as those listed below, in addition to making the organization more secure and introducing in-house rules.
・ Monitoring systems against cyberattacks;
・ Systems for reporting and public relations when cyberattacks occur;
・ Emergency measures by an in-house Computer Security Incident Response Team (CSIRT) and systems for early warning; and
・ Systems for collecting and sharing information through information-sharing organizations, etc.",Functional ,Intersects with,6,7,"GV.RM-05.02: The organization establishes minimum requirements for its third-parties that include how the organizations will communicate and coordinate in times of emergency, including:
1) Joint maintenance of contingency plans;
2) Responsibilities for responding to incidents, including forensic investigations;
3) Planning and testing strategies that address severe events in order to identify single points of failure that would cause wide-scale disruption; and
4) Incorporating the potential impact of an incident into their BCM process and ensure resilience capabilities are in place.",GOVERN / Risk Management Strategy / Lines of Communication,GV.RM-05.02
III-3-7-1 Information Technology (IT) System Risk / III-3-7-1-2 Major Supervisory Viewpoints,(5)(ii) Management of cybersecurity,JFSA-22,"Whether the bank has developed the control environment for managing cybersecurity, such as those listed below, in addition to making the organization more secure and introducing in-house rules.
・ Monitoring systems against cyberattacks;
・ Systems for reporting and public relations when cyberattacks occur;
・ Emergency measures by an in-house Computer Security Incident Response Team (CSIRT) and systems for early warning; and
・ Systems for collecting and sharing information through information-sharing organizations, etc.",Semantic,Intersects with,6,7,"GV.RR-02.02: The organization has established and assigned roles and responsibilities for systematic cybersecurity threat identification, monitoring, detection, and event reporting processes, and ensures adequate coverage and organizational alignment for these functions.","GOVERN / Roles, Responsibilities, and Authorities / Risk Management Roles & Responsibilities",GV.RR-02.02
III-3-7-1 Information Technology (IT) System Risk / III-3-7-1-2 Major Supervisory Viewpoints,(5)(ii) Management of cybersecurity,JFSA-22,"Whether the bank has developed the control environment for managing cybersecurity, such as those listed below, in addition to making the organization more secure and introducing in-house rules.
・ Monitoring systems against cyberattacks;
・ Systems for reporting and public relations when cyberattacks occur;
・ Emergency measures by an in-house Computer Security Incident Response Team (CSIRT) and systems for early warning; and
・ Systems for collecting and sharing information through information-sharing organizations, etc.",Semantic,Superset of,7,7,"ID.RA-02.01: The organization participates actively (in alignment with its business operations, inherent risk, and complexity) in information-sharing groups and collectives (e.g., cross-industry, cross-government and cross-border groups) to gather, distribute and analyze information about cyber practices, cyber threats, and early warning indicators relating to cyber threats.",IDENTIFY / Risk Assessment / Information Sharing Forums,ID.RA-02.01
III-3-7-1 Information Technology (IT) System Risk / III-3-7-1-2 Major Supervisory Viewpoints,(5)(ii) Management of cybersecurity,JFSA-22,"Whether the bank has developed the control environment for managing cybersecurity, such as those listed below, in addition to making the organization more secure and introducing in-house rules.
・ Monitoring systems against cyberattacks;
・ Systems for reporting and public relations when cyberattacks occur;
・ Emergency measures by an in-house Computer Security Incident Response Team (CSIRT) and systems for early warning; and
・ Systems for collecting and sharing information through information-sharing organizations, etc.",Semantic,Superset of,7,7,ID.RA-02.02: The organization shares authorized information on its cyber resilience framework and the effectiveness of protection technologies bilaterally with trusted external stakeholders to promote the understanding of each party’s approach to securing systems.,IDENTIFY / Risk Assessment / Information Sharing Forums,ID.RA-02.02
III-3-7-1 Information Technology (IT) System Risk / III-3-7-1-2 Major Supervisory Viewpoints,(5)(ii) Management of cybersecurity,JFSA-22,"Whether the bank has developed the control environment for managing cybersecurity, such as those listed below, in addition to making the organization more secure and introducing in-house rules.
・ Monitoring systems against cyberattacks;
・ Systems for reporting and public relations when cyberattacks occur;
・ Emergency measures by an in-house Computer Security Incident Response Team (CSIRT) and systems for early warning; and
・ Systems for collecting and sharing information through information-sharing organizations, etc.",Semantic,Superset of,7,7,"ID.RA-03.02: The organization solicits and considers threat intelligence received from the organization's stakeholders, service and utility providers, and other industry and security organizations.",IDENTIFY / Risk Assessment / Threat Identification,ID.RA-03.02
III-3-7-1 Information Technology (IT) System Risk / III-3-7-1-2 Major Supervisory Viewpoints,(5)(ii) Management of cybersecurity,JFSA-22,"Whether the bank has developed the control environment for managing cybersecurity, such as those listed below, in addition to making the organization more secure and introducing in-house rules.
・ Monitoring systems against cyberattacks;
・ Systems for reporting and public relations when cyberattacks occur;
・ Emergency measures by an in-house Computer Security Incident Response Team (CSIRT) and systems for early warning; and
・ Systems for collecting and sharing information through information-sharing organizations, etc.",Semantic,Superset of,7,7,"ID.RA-03.04: The organization regularly reviews and updates its threat analysis methodology, threat information sources, and supporting tools.",IDENTIFY / Risk Assessment / Threat Identification,ID.RA-03.04
III-3-7-1 Information Technology (IT) System Risk / III-3-7-1-2 Major Supervisory Viewpoints,(5)(ii) Management of cybersecurity,JFSA-22,"Whether the bank has developed the control environment for managing cybersecurity, such as those listed below, in addition to making the organization more secure and introducing in-house rules.
・ Monitoring systems against cyberattacks;
・ Systems for reporting and public relations when cyberattacks occur;
・ Emergency measures by an in-house Computer Security Incident Response Team (CSIRT) and systems for early warning; and
・ Systems for collecting and sharing information through information-sharing organizations, etc.",Semantic,Superset of,7,7,"DE.CM-02.01: The organization's controls include monitoring and detection of anomalous activities and potential intrusion events across the organization's physical environment and infrastructure, including the detection of environmental threats (fire, water, service outages, etc.) and unauthorized physical access to high-risk system components and locations.",DETECT / Continuous Monitoring / Physical Environment Monitoring,DE.CM-02.01
III-3-7-1 Information Technology (IT) System Risk / III-3-7-1-2 Major Supervisory Viewpoints,(5)(ii) Management of cybersecurity,JFSA-22,"Whether the bank has developed the control environment for managing cybersecurity, such as those listed below, in addition to making the organization more secure and introducing in-house rules.
・ Monitoring systems against cyberattacks;
・ Systems for reporting and public relations when cyberattacks occur;
・ Emergency measures by an in-house Computer Security Incident Response Team (CSIRT) and systems for early warning; and
・ Systems for collecting and sharing information through information-sharing organizations, etc.",Semantic,Superset of,7,7,"DE.AE-03.02: The organization performs real-time central analysis, aggregation, and correlation of anomalous activities, network and system alerts, and relevant event and cyber threat intelligence, including both internal and external (cloud and outsourced) environments, to better detect and prevent multifaceted cyber attacks.",DETECT / Adverse Event Analysis / Event Information Correlation,DE.AE-03.02
III-3-7-1 Information Technology (IT) System Risk / III-3-7-1-2 Major Supervisory Viewpoints,(5)(ii) Management of cybersecurity,JFSA-22,"Whether the bank has developed the control environment for managing cybersecurity, such as those listed below, in addition to making the organization more secure and introducing in-house rules.
・ Monitoring systems against cyberattacks;
・ Systems for reporting and public relations when cyberattacks occur;
・ Emergency measures by an in-house Computer Security Incident Response Team (CSIRT) and systems for early warning; and
・ Systems for collecting and sharing information through information-sharing organizations, etc.",Semantic,Superset of,6,7,"DE.AE-04.01: The organization has a documented process to analyze and triage incidents to assess root cause, technical impact, mitigation priority, and business impact on the organization, as well as across the financial sector and other third party stakeholders.",DETECT / Adverse Event Analysis / Impact & Scope Determination,DE.AE-04.01
III-3-7-1 Information Technology (IT) System Risk / III-3-7-1-2 Major Supervisory Viewpoints,(5)(ii) Management of cybersecurity,JFSA-22,"Whether the bank has developed the control environment for managing cybersecurity, such as those listed below, in addition to making the organization more secure and introducing in-house rules.
・ Monitoring systems against cyberattacks;
・ Systems for reporting and public relations when cyberattacks occur;
・ Emergency measures by an in-house Computer Security Incident Response Team (CSIRT) and systems for early warning; and
・ Systems for collecting and sharing information through information-sharing organizations, etc.",Semantic,Superset of,7,7,"DE.AE-08.01: Defined criteria and severity levels are in place to facilitate the declaration, escalation, organization, and alignment of response activities to response plans within the organization and across relevant third parties.",DETECT / Adverse Event Analysis / Incident Declaration,DE.AE-08.01
III-3-7-1 Information Technology (IT) System Risk / III-3-7-1-2 Major Supervisory Viewpoints,(5)(ii) Management of cybersecurity,JFSA-22,"Whether the bank has developed the control environment for managing cybersecurity, such as those listed below, in addition to making the organization more secure and introducing in-house rules.
・ Monitoring systems against cyberattacks;
・ Systems for reporting and public relations when cyberattacks occur;
・ Emergency measures by an in-house Computer Security Incident Response Team (CSIRT) and systems for early warning; and
・ Systems for collecting and sharing information through information-sharing organizations, etc.",Semantic,Superset of,7,7,"RS.MA-01.01: The organization's response plans are in place and executed during or after an incident, to include coordination with relevant third parties and engagement of third-party incident support services.",RESPOND / Incident Management / Response Plan Execution,RS.MA-01.01
III-3-7-1 Information Technology (IT) System Risk / III-3-7-1-2 Major Supervisory Viewpoints,(5)(ii) Management of cybersecurity,JFSA-22,"Whether the bank has developed the control environment for managing cybersecurity, such as those listed below, in addition to making the organization more secure and introducing in-house rules.
・ Monitoring systems against cyberattacks;
・ Systems for reporting and public relations when cyberattacks occur;
・ Emergency measures by an in-house Computer Security Incident Response Team (CSIRT) and systems for early warning; and
・ Systems for collecting and sharing information through information-sharing organizations, etc.",Semantic,Superset of,6,7,"RS.MA-02.01: Tools and processes are in place to ensure timely detection, inspection, assessment, and analysis of security event data for reliable activation of incident response processes.",RESPOND / Incident Management / Incident Triage & Validation,RS.MA-02.01
III-3-7-1 Information Technology (IT) System Risk / III-3-7-1-2 Major Supervisory Viewpoints,(5)(ii) Management of cybersecurity,JFSA-22,"Whether the bank has developed the control environment for managing cybersecurity, such as those listed below, in addition to making the organization more secure and introducing in-house rules.
・ Monitoring systems against cyberattacks;
・ Systems for reporting and public relations when cyberattacks occur;
・ Emergency measures by an in-house Computer Security Incident Response Team (CSIRT) and systems for early warning; and
・ Systems for collecting and sharing information through information-sharing organizations, etc.",Semantic,Superset of,7,7,"RS.AN-08.01: Available incident information is assessed to determine the extent of impact to the organization and its stakeholders, the potential near- and long-term financial implications, and whether or not the incident constitutes a material event.",RESPOND / Incident Analysis / Incident Magnitude Determination,RS.AN-08.01
III-3-7-1 Information Technology (IT) System Risk / III-3-7-1-2 Major Supervisory Viewpoints,(5)(ii) Management of cybersecurity,JFSA-22,"Whether the bank has developed the control environment for managing cybersecurity, such as those listed below, in addition to making the organization more secure and introducing in-house rules.
・ Monitoring systems against cyberattacks;
・ Systems for reporting and public relations when cyberattacks occur;
・ Emergency measures by an in-house Computer Security Incident Response Team (CSIRT) and systems for early warning; and
・ Systems for collecting and sharing information through information-sharing organizations, etc.",Semantic,Superset of,7,7,"RS.CO-02.01: The organization's incident response program includes defined and approved escalation protocols, linked to organizational decision levels and communication strategies, including which types of information will be shared, with whom (e.g., the organization's governing authority and senior management), and how information provided to the organization will be acted upon.",RESPOND / Incident Response Reporting and Communication / Stakeholder Incident Notification,RS.CO-02.01
III-3-7-1 Information Technology (IT) System Risk / III-3-7-1-2 Major Supervisory Viewpoints,(5)(ii) Management of cybersecurity,JFSA-22,"Whether the bank has developed the control environment for managing cybersecurity, such as those listed below, in addition to making the organization more secure and introducing in-house rules.
・ Monitoring systems against cyberattacks;
・ Systems for reporting and public relations when cyberattacks occur;
・ Emergency measures by an in-house Computer Security Incident Response Team (CSIRT) and systems for early warning; and
・ Systems for collecting and sharing information through information-sharing organizations, etc.",Semantic,Superset of,7,7,"RS.CO-02.02: In the event of an incident, the organization notifies impacted stakeholders including, as required, government bodies, self-regulatory agencies and/or other supervisory bodies, within required timeframes.",RESPOND / Incident Response Reporting and Communication / Stakeholder Incident Notification,RS.CO-02.02
III-3-7-1 Information Technology (IT) System Risk / III-3-7-1-2 Major Supervisory Viewpoints,(5)(ii) Management of cybersecurity,JFSA-22,"Whether the bank has developed the control environment for managing cybersecurity, such as those listed below, in addition to making the organization more secure and introducing in-house rules.
・ Monitoring systems against cyberattacks;
・ Systems for reporting and public relations when cyberattacks occur;
・ Emergency measures by an in-house Computer Security Incident Response Team (CSIRT) and systems for early warning; and
・ Systems for collecting and sharing information through information-sharing organizations, etc.",Semantic,Superset of,7,7,"RS.CO-03.02: In the event of an incident, the organization shares authorized information, in a defined manner and through trusted channels, to facilitate the detection, response, resumption and recovery of its own systems and those of other partners and critical sector participants.",RESPOND / Incident Response Reporting and Communication / Stakeholder Incident Information Sharing,RS.CO-03.02
III-3-7-1 Information Technology (IT) System Risk / III-3-7-1-2 Major Supervisory Viewpoints,(5)(ii) Management of cybersecurity,JFSA-22,"Whether the bank has developed the control environment for managing cybersecurity, such as those listed below, in addition to making the organization more secure and introducing in-house rules.
・ Monitoring systems against cyberattacks;
・ Systems for reporting and public relations when cyberattacks occur;
・ Emergency measures by an in-house Computer Security Incident Response Team (CSIRT) and systems for early warning; and
・ Systems for collecting and sharing information through information-sharing organizations, etc.",Semantic,Superset of,7,7,"RC.CO-04.01: Pre-established communication plans and message templates, and authorized protocols, contacts, media, and communications, are used to notify and inform the public and key external stakeholders about an incident.",RECOVER / Incident Recovery Communication / Public Information Sharing,RC.CO-04.01
III-3-7-1 Information Technology (IT) System Risk / III-3-7-1-2 Major Supervisory Viewpoints,(5)(iii) Management of cybersecurity,JFSA-23,"Whether the bank has developed a multi-layered defense system against cyberattacks that combines security measures respectively for inbound perimeter control, internal network security control, and outbound perimeter control.
・ Security measures for inbound perimeter control (e.g., introduction of a firewall, anti-virus software, instruction detection system, instruction protection system etc.);
・ Security measures for internal network security control (e.g., proper management of privileged IDs/passwords, deletion of unnecessary IDs, monitoring of execution of certain commands, etc.); and
・ Security measures for outbound perimeter control (e.g., retrieval and analysis of communication/event logs, detecting/blocking inappropriate communication, etc.)",Semantic,Superset of,8,8,"PR.PS-05.01: The organization has policies, procedures, and tools in place to detect and block malware from infecting networks and systems, including automatically updating malware signatures and behavior profiles on all endpoints.",PROTECT / Platform Security / Unauthorized Software Installation & Execution,PR.PS-05.01
III-3-7-1 Information Technology (IT) System Risk / III-3-7-1-2 Major Supervisory Viewpoints,(5)(iii) Management of cybersecurity,JFSA-23,"Whether the bank has developed a multi-layered defense system against cyberattacks that combines security measures respectively for inbound perimeter control, internal network security control, and outbound perimeter control.
・ Security measures for inbound perimeter control (e.g., introduction of a firewall, anti-virus software, instruction detection system, instruction protection system etc.);
・ Security measures for internal network security control (e.g., proper management of privileged IDs/passwords, deletion of unnecessary IDs, monitoring of execution of certain commands, etc.); and
・ Security measures for outbound perimeter control (e.g., retrieval and analysis of communication/event logs, detecting/blocking inappropriate communication, etc.)",Semantic,Superset of,8,8,"PR.IR-01.01: Networks, systems, and external connections are segmented (e.g., using firewalls, software-defined networks, guest wireless networks, etc.) to implement defense-in-depth and access isolation principles.",PROTECT / Technology Infrastructure Resilience / Logical Access Protections,PR.IR-01.01
III-3-7-1 Information Technology (IT) System Risk / III-3-7-1-2 Major Supervisory Viewpoints,(5)(iii) Management of cybersecurity,JFSA-23,"Whether the bank has developed a multi-layered defense system against cyberattacks that combines security measures respectively for inbound perimeter control, internal network security control, and outbound perimeter control.
・ Security measures for inbound perimeter control (e.g., introduction of a firewall, anti-virus software, instruction detection system, instruction protection system etc.);
・ Security measures for internal network security control (e.g., proper management of privileged IDs/passwords, deletion of unnecessary IDs, monitoring of execution of certain commands, etc.); and
・ Security measures for outbound perimeter control (e.g., retrieval and analysis of communication/event logs, detecting/blocking inappropriate communication, etc.)",Semantic,Superset of,8,8,"PR.IR-01.02: Network device configurations (e.g., firewall rules, ports, and protocols) are documented, reviewed and updated regularly and upon change to ensure alignment with network access, segmentation, traversal, and deny-all default requirements.",PROTECT / Technology Infrastructure Resilience / Logical Access Protections,PR.IR-01.02
III-3-7-1 Information Technology (IT) System Risk / III-3-7-1-2 Major Supervisory Viewpoints,(5)(iii) Management of cybersecurity,JFSA-23,"Whether the bank has developed a multi-layered defense system against cyberattacks that combines security measures respectively for inbound perimeter control, internal network security control, and outbound perimeter control.
・ Security measures for inbound perimeter control (e.g., introduction of a firewall, anti-virus software, instruction detection system, instruction protection system etc.);
・ Security measures for internal network security control (e.g., proper management of privileged IDs/passwords, deletion of unnecessary IDs, monitoring of execution of certain commands, etc.); and
・ Security measures for outbound perimeter control (e.g., retrieval and analysis of communication/event logs, detecting/blocking inappropriate communication, etc.)",Semantic,Superset of,8,8,"PR.IR-01.03: The integrity and resilience of the organization's communications and control network services are enhanced through controls such as denial of service protections, secure name/address resolution, and/or alternate communications paths.",PROTECT / Technology Infrastructure Resilience / Logical Access Protections,PR.IR-01.03
III-3-7-1 Information Technology (IT) System Risk / III-3-7-1-2 Major Supervisory Viewpoints,(5)(iii) Management of cybersecurity,JFSA-23,"Whether the bank has developed a multi-layered defense system against cyberattacks that combines security measures respectively for inbound perimeter control, internal network security control, and outbound perimeter control.
・ Security measures for inbound perimeter control (e.g., introduction of a firewall, anti-virus software, instruction detection system, instruction protection system etc.);
・ Security measures for internal network security control (e.g., proper management of privileged IDs/passwords, deletion of unnecessary IDs, monitoring of execution of certain commands, etc.); and
・ Security measures for outbound perimeter control (e.g., retrieval and analysis of communication/event logs, detecting/blocking inappropriate communication, etc.)",Semantic,Superset of,8,8,"PR.IR-01.04: The organization controls access to its wireless networks and the information that these networks process by implementing appropriate mechanisms (e.g., strong authentication for authentication and transmission, preventing unauthorized devices from connecting to the internal networks, restricting unauthorized traffic, and segregating guest wireless networks).",PROTECT / Technology Infrastructure Resilience / Logical Access Protections,PR.IR-01.04
III-3-7-1 Information Technology (IT) System Risk / III-3-7-1-2 Major Supervisory Viewpoints,(5)(iii) Management of cybersecurity,JFSA-23,"Whether the bank has developed a multi-layered defense system against cyberattacks that combines security measures respectively for inbound perimeter control, internal network security control, and outbound perimeter control.
・ Security measures for inbound perimeter control (e.g., introduction of a firewall, anti-virus software, instruction detection system, instruction protection system etc.);
・ Security measures for internal network security control (e.g., proper management of privileged IDs/passwords, deletion of unnecessary IDs, monitoring of execution of certain commands, etc.); and
・ Security measures for outbound perimeter control (e.g., retrieval and analysis of communication/event logs, detecting/blocking inappropriate communication, etc.)",Semantic,Superset of,8,8,PR.IR-01.06: The organization's production and non-production environments and data are segregated and managed to prevent unauthorized access or changes to the information assets.,PROTECT / Technology Infrastructure Resilience / Logical Access Protections,PR.IR-01.06
III-3-7-1 Information Technology (IT) System Risk / III-3-7-1-2 Major Supervisory Viewpoints,(5)(iii) Management of cybersecurity,JFSA-23,"Whether the bank has developed a multi-layered defense system against cyberattacks that combines security measures respectively for inbound perimeter control, internal network security control, and outbound perimeter control.
・ Security measures for inbound perimeter control (e.g., introduction of a firewall, anti-virus software, instruction detection system, instruction protection system etc.);
・ Security measures for internal network security control (e.g., proper management of privileged IDs/passwords, deletion of unnecessary IDs, monitoring of execution of certain commands, etc.); and
・ Security measures for outbound perimeter control (e.g., retrieval and analysis of communication/event logs, detecting/blocking inappropriate communication, etc.)",Semantic,Superset of,8,8,"PR.IR-02.01: The organization designs, documents, implements, tests, and maintains environmental and physical controls to meet defined business resilience requirements (e.g., environmental monitoring, dual power and communication sources, regionally separated backup processing facilities, etc.)",PROTECT / Technology Infrastructure Resilience / Environmental Threat Protections,PR.IR-02.01
III-3-7-1 Information Technology (IT) System Risk / III-3-7-1-2 Major Supervisory Viewpoints,(5)(iii) Management of cybersecurity,JFSA-23,"Whether the bank has developed a multi-layered defense system against cyberattacks that combines security measures respectively for inbound perimeter control, internal network security control, and outbound perimeter control.
・ Security measures for inbound perimeter control (e.g., introduction of a firewall, anti-virus software, instruction detection system, instruction protection system etc.);
・ Security measures for internal network security control (e.g., proper management of privileged IDs/passwords, deletion of unnecessary IDs, monitoring of execution of certain commands, etc.); and
・ Security measures for outbound perimeter control (e.g., retrieval and analysis of communication/event logs, detecting/blocking inappropriate communication, etc.)",Semantic,Superset of,8,8,PR.IR-04.01: Baseline measures of network and system utilization and transaction activity are captured to support capacity planning and anomalous activity detection.,PROTECT / Technology Infrastructure Resilience / Capacity Management,PR.IR-04.01
III-3-7-1 Information Technology (IT) System Risk / III-3-7-1-2 Major Supervisory Viewpoints,(5)(iii) Management of cybersecurity,JFSA-23,"Whether the bank has developed a multi-layered defense system against cyberattacks that combines security measures respectively for inbound perimeter control, internal network security control, and outbound perimeter control.
・ Security measures for inbound perimeter control (e.g., introduction of a firewall, anti-virus software, instruction detection system, instruction protection system etc.);
・ Security measures for internal network security control (e.g., proper management of privileged IDs/passwords, deletion of unnecessary IDs, monitoring of execution of certain commands, etc.); and
・ Security measures for outbound perimeter control (e.g., retrieval and analysis of communication/event logs, detecting/blocking inappropriate communication, etc.)",Semantic,Superset of,8,8,DE.CM-01.01:  The organization deploys intrusion detection and intrusion prevention capabilities to detect and prevent a potential network intrusion in its early stages for timely containment and recovery.,DETECT / Continuous Monitoring / Network Monitoring,DE.CM-01.01
III-3-7-1 Information Technology (IT) System Risk / III-3-7-1-2 Major Supervisory Viewpoints,(5)(iii) Management of cybersecurity,JFSA-23,"Whether the bank has developed a multi-layered defense system against cyberattacks that combines security measures respectively for inbound perimeter control, internal network security control, and outbound perimeter control.
・ Security measures for inbound perimeter control (e.g., introduction of a firewall, anti-virus software, instruction detection system, instruction protection system etc.);
・ Security measures for internal network security control (e.g., proper management of privileged IDs/passwords, deletion of unnecessary IDs, monitoring of execution of certain commands, etc.); and
・ Security measures for outbound perimeter control (e.g., retrieval and analysis of communication/event logs, detecting/blocking inappropriate communication, etc.)",Semantic,Superset of,8,8,"DE.CM-01.02: The organization implements mechanisms, such as alerting and filtering of sudden high volumes and suspicious incoming traffic, to detect and mitigate Denial of Service, ""bot"", and credential stuffing attacks.",DETECT / Continuous Monitoring / Network Monitoring,DE.CM-01.02
III-3-7-1 Information Technology (IT) System Risk / III-3-7-1-2 Major Supervisory Viewpoints,(5)(iii) Management of cybersecurity,JFSA-23,"Whether the bank has developed a multi-layered defense system against cyberattacks that combines security measures respectively for inbound perimeter control, internal network security control, and outbound perimeter control.
・ Security measures for inbound perimeter control (e.g., introduction of a firewall, anti-virus software, instruction detection system, instruction protection system etc.);
・ Security measures for internal network security control (e.g., proper management of privileged IDs/passwords, deletion of unnecessary IDs, monitoring of execution of certain commands, etc.); and
・ Security measures for outbound perimeter control (e.g., retrieval and analysis of communication/event logs, detecting/blocking inappropriate communication, etc.)",Semantic,Superset of,8,8,"DE.CM-01.03: The organization has policies, procedures, and tools in place to monitor for, detect, and block unauthorized network connections and data transfers.",DETECT / Continuous Monitoring / Network Monitoring,DE.CM-01.03
III-3-7-1 Information Technology (IT) System Risk / III-3-7-1-2 Major Supervisory Viewpoints,(5)(iii) Management of cybersecurity,JFSA-23,"Whether the bank has developed a multi-layered defense system against cyberattacks that combines security measures respectively for inbound perimeter control, internal network security control, and outbound perimeter control.
・ Security measures for inbound perimeter control (e.g., introduction of a firewall, anti-virus software, instruction detection system, instruction protection system etc.);
・ Security measures for internal network security control (e.g., proper management of privileged IDs/passwords, deletion of unnecessary IDs, monitoring of execution of certain commands, etc.); and
・ Security measures for outbound perimeter control (e.g., retrieval and analysis of communication/event logs, detecting/blocking inappropriate communication, etc.)",Semantic,Superset of,8,8,"DE.CM-01.04: The organization has policies, procedures, and tools in place to monitor for, detect, and block access from/to devices that are not authorized or do not conform to security policy (e.g., unpatched systems).",DETECT / Continuous Monitoring / Network Monitoring,DE.CM-01.04
III-3-7-1 Information Technology (IT) System Risk / III-3-7-1-2 Major Supervisory Viewpoints,(5)(iii) Management of cybersecurity,JFSA-23,"Whether the bank has developed a multi-layered defense system against cyberattacks that combines security measures respectively for inbound perimeter control, internal network security control, and outbound perimeter control.
・ Security measures for inbound perimeter control (e.g., introduction of a firewall, anti-virus software, instruction detection system, instruction protection system etc.);
・ Security measures for internal network security control (e.g., proper management of privileged IDs/passwords, deletion of unnecessary IDs, monitoring of execution of certain commands, etc.); and
・ Security measures for outbound perimeter control (e.g., retrieval and analysis of communication/event logs, detecting/blocking inappropriate communication, etc.)",Semantic,Superset of,6,8,"DE.CM-06.01: The organization reviews, documents, authorizes, and monitors all third-party connections, data transfer mechanisms, and Application Programming Interfaces (APIs).",DETECT / Continuous Monitoring / Service Provider Monitoring,DE.CM-06.01
III-3-7-1 Information Technology (IT) System Risk / III-3-7-1-2 Major Supervisory Viewpoints,(5)(iv) Management of cybersecurity,JFSA-24,"Whether measures such as those listed below are implemented to prevent spreading damage when cyberattacks occur.
・ Identification and blocking of IP addresses from which the cyberattacks originate;
・Functions to automatically decentralize access against DDoS attacks; and
・Temporary suspension of the entire or part of the system, etc.",Semantic,Superset of,7,7,"GV.RM-09.02: The resilience program ensures that the organization can continue operating critical business functions and deliver services to stakeholders, to include critical infrastructure partners, during adverse incidents and cyber attacks (e.g., propagation of malware or extended system outages).",GOVERN / Risk Management Strategy  / Business Continuity & Resilience Risk Management,GV.RM-09.02
III-3-7-1 Information Technology (IT) System Risk / III-3-7-1-2 Major Supervisory Viewpoints,(5)(iv) Management of cybersecurity,JFSA-24,"Whether measures such as those listed below are implemented to prevent spreading damage when cyberattacks occur.
・ Identification and blocking of IP addresses from which the cyberattacks originate;
・Functions to automatically decentralize access against DDoS attacks; and
・Temporary suspension of the entire or part of the system, etc.",Semantic,Superset of,7,7,"PR.IR-01.01: Networks, systems, and external connections are segmented (e.g., using firewalls, software-defined networks, guest wireless networks, etc.) to implement defense-in-depth and access isolation principles.",PROTECT / Technology Infrastructure Resilience / Logical Access Protections,PR.IR-01.01
III-3-7-1 Information Technology (IT) System Risk / III-3-7-1-2 Major Supervisory Viewpoints,(5)(iv) Management of cybersecurity,JFSA-24,"Whether measures such as those listed below are implemented to prevent spreading damage when cyberattacks occur.
・ Identification and blocking of IP addresses from which the cyberattacks originate;
・Functions to automatically decentralize access against DDoS attacks; and
・Temporary suspension of the entire or part of the system, etc.",Semantic,Superset of,7,7,"PR.IR-01.02: Network device configurations (e.g., firewall rules, ports, and protocols) are documented, reviewed and updated regularly and upon change to ensure alignment with network access, segmentation, traversal, and deny-all default requirements.",PROTECT / Technology Infrastructure Resilience / Logical Access Protections,PR.IR-01.02
III-3-7-1 Information Technology (IT) System Risk / III-3-7-1-2 Major Supervisory Viewpoints,(5)(iv) Management of cybersecurity,JFSA-24,"Whether measures such as those listed below are implemented to prevent spreading damage when cyberattacks occur.
・ Identification and blocking of IP addresses from which the cyberattacks originate;
・Functions to automatically decentralize access against DDoS attacks; and
・Temporary suspension of the entire or part of the system, etc.",Semantic,Superset of,7,7,"PR.IR-01.03: The integrity and resilience of the organization's communications and control network services are enhanced through controls such as denial of service protections, secure name/address resolution, and/or alternate communications paths.",PROTECT / Technology Infrastructure Resilience / Logical Access Protections,PR.IR-01.03
III-3-7-1 Information Technology (IT) System Risk / III-3-7-1-2 Major Supervisory Viewpoints,(5)(iv) Management of cybersecurity,JFSA-24,"Whether measures such as those listed below are implemented to prevent spreading damage when cyberattacks occur.
・ Identification and blocking of IP addresses from which the cyberattacks originate;
・Functions to automatically decentralize access against DDoS attacks; and
・Temporary suspension of the entire or part of the system, etc.",Semantic,Superset of,7,7,"PR.IR-03.01:  The organization implements mechanisms (e.g., failsafe, load balancing, hot swaps, redundant equipment, alternate services, backup facilities, etc.) to achieve resilience requirements in normal and adverse situations.",PROTECT / Technology Infrastructure Resilience / Resilience Measures,PR.IR-03.01
III-3-7-1 Information Technology (IT) System Risk / III-3-7-1-2 Major Supervisory Viewpoints,(5)(iv) Management of cybersecurity,JFSA-24,"Whether measures such as those listed below are implemented to prevent spreading damage when cyberattacks occur.
・ Identification and blocking of IP addresses from which the cyberattacks originate;
・Functions to automatically decentralize access against DDoS attacks; and
・Temporary suspension of the entire or part of the system, etc.",Semantic,Superset of,7,7,"DE.AE-02.02: The organization establishes, documents, and regularly reviews event alert parameters and thresholds, as well as rule-based triggers to support automated responses, when known attack patterns, signatures or behaviors are detected.",DETECT / Adverse Event Analysis / Potentially Adverse Event Analysis,DE.AE-02.02
III-3-7-1 Information Technology (IT) System Risk / III-3-7-1-2 Major Supervisory Viewpoints,(5)(iv) Management of cybersecurity,JFSA-24,"Whether measures such as those listed below are implemented to prevent spreading damage when cyberattacks occur.
・ Identification and blocking of IP addresses from which the cyberattacks originate;
・Functions to automatically decentralize access against DDoS attacks; and
・Temporary suspension of the entire or part of the system, etc.",Semantic,Superset of,7,7,"RS.MA-02.01: Tools and processes are in place to ensure timely detection, inspection, assessment, and analysis of security event data for reliable activation of incident response processes.",RESPOND / Incident Management / Incident Triage & Validation,RS.MA-02.01
III-3-7-1 Information Technology (IT) System Risk / III-3-7-1-2 Major Supervisory Viewpoints,(5)(v) Management of cybersecurity,JFSA-25,"Whether necessary measures for vulnerabilities in the system, such as updating of the operating system and application of security patches, are introduced in a timely manner.",Semantic,Superset of,8,8,"ID.AM-05.02: The organization's hardware, software, and data assets are prioritized for protection based on their sensitivity, criticality, vulnerability, business value, and dependency role in the delivery of critical services.",IDENTIFY / Asset Management / Asset Protection Prioritization,ID.AM-05.02
III-3-7-1 Information Technology (IT) System Risk / III-3-7-1-2 Major Supervisory Viewpoints,(5)(v) Management of cybersecurity,JFSA-25,"Whether necessary measures for vulnerabilities in the system, such as updating of the operating system and application of security patches, are introduced in a timely manner.",Semantic,Superset of,8,8,"ID.RA-01.01: The organization identifies, assesses, and documents risks and potential vulnerabilities associated with assets, to include workforce, data, technology, facilities, services, and connections.",IDENTIFY / Risk Assessment / Asset Vulnerability Identification,ID.RA-01.01
III-3-7-1 Information Technology (IT) System Risk / III-3-7-1-2 Major Supervisory Viewpoints,(5)(v) Management of cybersecurity,JFSA-25,"Whether necessary measures for vulnerabilities in the system, such as updating of the operating system and application of security patches, are introduced in a timely manner.",Semantic,Superset of,8,8,"ID.RA-01.03: The organization establishes and maintains standards and capabilities for ongoing vulnerability management, including systematic scans, or reviews reasonably designed to identify known cyber vulnerabilities and upgrade opportunities, across the organization's environments and assets.",IDENTIFY / Risk Assessment / Asset Vulnerability Identification,ID.RA-01.03
III-3-7-1 Information Technology (IT) System Risk / III-3-7-1-2 Major Supervisory Viewpoints,(5)(v) Management of cybersecurity,JFSA-25,"Whether necessary measures for vulnerabilities in the system, such as updating of the operating system and application of security patches, are introduced in a timely manner.",Semantic,Superset of,8,8,"ID.RA-06.05: The organization defines and implements standards and procedures to prioritize and remediate issues identified in vulnerability scanning or penetration testing, including emergency or zero-day threats and vulnerabilities.",IDENTIFY / Risk Assessment / Risk Response Determination,ID.RA-06.05
III-3-7-1 Information Technology (IT) System Risk / III-3-7-1-2 Major Supervisory Viewpoints,(5)(v) Management of cybersecurity,JFSA-25,"Whether necessary measures for vulnerabilities in the system, such as updating of the operating system and application of security patches, are introduced in a timely manner.",Semantic,Superset of,8,8,"ID.RA-06.06: The organization follows documented procedures, consistent with established risk response processes, for mitigating or accepting the risk of vulnerabilities or weaknesses identified in exercises and testing or when responding to incidents.",IDENTIFY / Risk Assessment / Risk Response Determination,ID.RA-06.06
III-3-7-1 Information Technology (IT) System Risk / III-3-7-1-2 Major Supervisory Viewpoints,(5)(v) Management of cybersecurity,JFSA-25,"Whether necessary measures for vulnerabilities in the system, such as updating of the operating system and application of security patches, are introduced in a timely manner.",Semantic,Superset of,8,8,ID.RA-07.05: The organization establishes and maintains an exception management process for identified vulnerabilities that cannot be mitigated within target timeframes.,IDENTIFY / Risk Assessment / Change & Exception Management,ID.RA-07.05
III-3-7-1 Information Technology (IT) System Risk / III-3-7-1-2 Major Supervisory Viewpoints,(5)(v) Management of cybersecurity,JFSA-25,"Whether necessary measures for vulnerabilities in the system, such as updating of the operating system and application of security patches, are introduced in a timely manner.",Semantic,Superset of,8,8,"ID.RA-08.02: The organization has established enterprise processes to analyze disclosed vulnerabilities with a focus on:
(1) Determining its validity;
(2) Assessing its scope (e.g., affected assets);
(3) Determining it's severity and impact;
(4) Identifying affected stakeholders or customers; and
(5) Analyzing options to respond.",IDENTIFY / Risk Assessment / Vulnerability Disclosure Response,ID.RA-08.02
III-3-7-1 Information Technology (IT) System Risk / III-3-7-1-2 Major Supervisory Viewpoints,(5)(v) Management of cybersecurity,JFSA-25,"Whether necessary measures for vulnerabilities in the system, such as updating of the operating system and application of security patches, are introduced in a timely manner.",Semantic,Superset of,8,8,"PR.PS-02.01: The organization defines and implements controls to identify patches to technology assets, assess patch criticality and risk, test patches, and apply patches within risk/criticality-based target time frames.",PROTECT / Platform Security / Software Maintenance & Replacement,PR.PS-02.01
III-3-7-1 Information Technology (IT) System Risk / III-3-7-1-2 Major Supervisory Viewpoints,(5)(v) Management of cybersecurity,JFSA-25,"Whether necessary measures for vulnerabilities in the system, such as updating of the operating system and application of security patches, are introduced in a timely manner.",Semantic,Superset of,8,8,"PR.PS-06.05: A software security testing and validation strategy is developed and implemented in the development lifecycle of all software projects, defining testing requirements and plans; performing/automating testing, vulnerability scanning, and migration activities; and supporting code integrity verification (e.g., using digital signatures).",PROTECT / Platform Security / Secure Systems Development Practices,PR.PS-06.05
III-3-7-1 Information Technology (IT) System Risk / III-3-7-1-2 Major Supervisory Viewpoints,(5)(v) Management of cybersecurity,JFSA-25,"Whether necessary measures for vulnerabilities in the system, such as updating of the operating system and application of security patches, are introduced in a timely manner.",Semantic,Superset of,8,8,"PR.PS-06.06: The system development lifecycle remediates known critical vulnerabilities, and critical vulnerabilities discovered during testing, prior to production deployment.",PROTECT / Platform Security / Secure Systems Development Practices,PR.PS-06.06
III-3-7-1 Information Technology (IT) System Risk / III-3-7-1-2 Major Supervisory Viewpoints,(5)(vi) Management of cybersecurity,JFSA-26,"Whether the bank, as part of cybersecurity measures, assesses its security levels by using relevant tests on network intrusion, vulnerability scanning, or penetration tests, etc. and make efforts to improve security.",Semantic,Superset of,8,9,"ID.RA-01.03: The organization establishes and maintains standards and capabilities for ongoing vulnerability management, including systematic scans, or reviews reasonably designed to identify known cyber vulnerabilities and upgrade opportunities, across the organization's environments and assets.",IDENTIFY / Risk Assessment / Asset Vulnerability Identification,ID.RA-01.03
III-3-7-1 Information Technology (IT) System Risk / III-3-7-1-2 Major Supervisory Viewpoints,(5)(vi) Management of cybersecurity,JFSA-26,"Whether the bank, as part of cybersecurity measures, assesses its security levels by using relevant tests on network intrusion, vulnerability scanning, or penetration tests, etc. and make efforts to improve security.",Semantic,Superset of,8,9,"ID.RA-06.05: The organization defines and implements standards and procedures to prioritize and remediate issues identified in vulnerability scanning or penetration testing, including emergency or zero-day threats and vulnerabilities.",IDENTIFY / Risk Assessment / Risk Response Determination,ID.RA-06.05
III-3-7-1 Information Technology (IT) System Risk / III-3-7-1-2 Major Supervisory Viewpoints,(5)(vi) Management of cybersecurity,JFSA-26,"Whether the bank, as part of cybersecurity measures, assesses its security levels by using relevant tests on network intrusion, vulnerability scanning, or penetration tests, etc. and make efforts to improve security.",Functional ,Intersects with,6,9,"ID.RA-06.06: The organization follows documented procedures, consistent with established risk response processes, for mitigating or accepting the risk of vulnerabilities or weaknesses identified in exercises and testing or when responding to incidents.",IDENTIFY / Risk Assessment / Risk Response Determination,ID.RA-06.06
III-3-7-1 Information Technology (IT) System Risk / III-3-7-1-2 Major Supervisory Viewpoints,(5)(vi) Management of cybersecurity,JFSA-26,"Whether the bank, as part of cybersecurity measures, assesses its security levels by using relevant tests on network intrusion, vulnerability scanning, or penetration tests, etc. and make efforts to improve security.",Semantic,Superset of,8,9,"ID.IM-02.01: The organization conducts regular, independent penetration testing and red team testing on the organization's network, internet-facing systems, critical applications, and associated controls to identify gaps in cybersecurity defenses.",IDENTIFY / Improvement / Tests & Exercises,ID.IM-02.01
III-3-7-1 Information Technology (IT) System Risk / III-3-7-1-2 Major Supervisory Viewpoints,(5)(vi) Management of cybersecurity,JFSA-26,"Whether the bank, as part of cybersecurity measures, assesses its security levels by using relevant tests on network intrusion, vulnerability scanning, or penetration tests, etc. and make efforts to improve security.",Semantic,Superset of,7,9,ID.IM-02.02: The thoroughness and results of independent penetration testing are regularly reviewed to help determine the need to rotate testing vendors to obtain fresh independent perspectives.,IDENTIFY / Improvement / Tests & Exercises,ID.IM-02.02
III-3-7-1 Information Technology (IT) System Risk / III-3-7-1-2 Major Supervisory Viewpoints,(5)(vi) Management of cybersecurity,JFSA-26,"Whether the bank, as part of cybersecurity measures, assesses its security levels by using relevant tests on network intrusion, vulnerability scanning, or penetration tests, etc. and make efforts to improve security.",Semantic,Superset of,7,9,"ID.IM-03.01: A formal process is in place to improve protection controls and processes by integrating recommendations, findings, and lessons learned from exercises, testing, audits, assessments, and incidents.",IDENTIFY / Improvement / Improvements from Lessons Learned,ID.IM-03.01
III-3-7-1 Information Technology (IT) System Risk / III-3-7-1-2 Major Supervisory Viewpoints,(5)(vi) Management of cybersecurity,JFSA-26,"Whether the bank, as part of cybersecurity measures, assesses its security levels by using relevant tests on network intrusion, vulnerability scanning, or penetration tests, etc. and make efforts to improve security.",Semantic,Superset of,9,9,"PR.PS-06.05: A software security testing and validation strategy is developed and implemented in the development lifecycle of all software projects, defining testing requirements and plans; performing/automating testing, vulnerability scanning, and migration activities; and supporting code integrity verification (e.g., using digital signatures).",PROTECT / Platform Security / Secure Systems Development Practices,PR.PS-06.05
III-3-7-1 Information Technology (IT) System Risk / III-3-7-1-2 Major Supervisory Viewpoints,(5)(vii) Management of cybersecurity,JFSA-27,"In cases where the bank executes transactions via communication methods such as the internet without any face-to-face contact, whether the bank takes the security measures described in III-3-8-2(2) or III-3-9-2(2).
For information, the following cases of security measures using authentication methods and anti-fraud measures are described in the agreements or guidelines, etc. of the Japanese Bankers Association.
・ Authentication methods that do not rely on fixed IDs/passwords, such as variable passwords and digital certificates;
・ Transaction authentication through multiple channels by using, for example, devices other than a PC web browser used in transactions, such as a mobile phone;
・ Transaction authentication using transaction signatures by means of a hardware token, etc.;
・ Adoption of methods to store digital certificates on media or devices separate from PCs used in transactions, such as IC cards;
・ Provision of security software that allows users to detect and remove viruses, etc. when executing transactions;
・ Introduction of software that allows the bank to detect virus infection of the user's PC and issue a warning;
・ Introduction of a system that allows the bank to detect unauthorized log-ins, irregular transactions, etc. and promptly notify such anomalies to users.
Note: it is desirable to avoid using authentication methods on the internet that use information with a small number of combinations like a cash card PIN as a storage element. ",Semantic,Superset of,6,7,"PR.AA-01.01: Identities and credentials are actively managed or automated for authorized devices and users (e.g., removal of default and factory passwords, password strength requirements, automatic revocation of credentials under defined conditions, regular asset owner access review, etc.).","PROTECT / Identity Management, Authentication, and Access Control / Identity & Credential Management",PR.AA-01.01
III-3-7-1 Information Technology (IT) System Risk / III-3-7-1-2 Major Supervisory Viewpoints,(5)(vii) Management of cybersecurity,JFSA-27,"In cases where the bank executes transactions via communication methods such as the internet without any face-to-face contact, whether the bank takes the security measures described in III-3-8-2(2) or III-3-9-2(2).
For information, the following cases of security measures using authentication methods and anti-fraud measures are described in the agreements or guidelines, etc. of the Japanese Bankers Association.
・ Authentication methods that do not rely on fixed IDs/passwords, such as variable passwords and digital certificates;
・ Transaction authentication through multiple channels by using, for example, devices other than a PC web browser used in transactions, such as a mobile phone;
・ Transaction authentication using transaction signatures by means of a hardware token, etc.;
・ Adoption of methods to store digital certificates on media or devices separate from PCs used in transactions, such as IC cards;
・ Provision of security software that allows users to detect and remove viruses, etc. when executing transactions;
・ Introduction of software that allows the bank to detect virus infection of the user's PC and issue a warning;
・ Introduction of a system that allows the bank to detect unauthorized log-ins, irregular transactions, etc. and promptly notify such anomalies to users.
Note: it is desirable to avoid using authentication methods on the internet that use information with a small number of combinations like a cash card PIN as a storage element. ",Semantic,Superset of,6,7,"PR.AA-02.01: The organization authenticates identity, validates the authorization level of a user before granting access to its systems, limits the use of an account to a single individual, and attributes activities to the user in logs and transactions.","PROTECT / Identity Management, Authentication, and Access Control / Identity Binding to Credentials",PR.AA-02.01
III-3-7-1 Information Technology (IT) System Risk / III-3-7-1-2 Major Supervisory Viewpoints,(5)(vii) Management of cybersecurity,JFSA-27,"In cases where the bank executes transactions via communication methods such as the internet without any face-to-face contact, whether the bank takes the security measures described in III-3-8-2(2) or III-3-9-2(2).
For information, the following cases of security measures using authentication methods and anti-fraud measures are described in the agreements or guidelines, etc. of the Japanese Bankers Association.
・ Authentication methods that do not rely on fixed IDs/passwords, such as variable passwords and digital certificates;
・ Transaction authentication through multiple channels by using, for example, devices other than a PC web browser used in transactions, such as a mobile phone;
・ Transaction authentication using transaction signatures by means of a hardware token, etc.;
・ Adoption of methods to store digital certificates on media or devices separate from PCs used in transactions, such as IC cards;
・ Provision of security software that allows users to detect and remove viruses, etc. when executing transactions;
・ Introduction of software that allows the bank to detect virus infection of the user's PC and issue a warning;
・ Introduction of a system that allows the bank to detect unauthorized log-ins, irregular transactions, etc. and promptly notify such anomalies to users.
Note: it is desirable to avoid using authentication methods on the internet that use information with a small number of combinations like a cash card PIN as a storage element. ",Semantic,Superset of,6,7,"PR.AA-03.01: Based on the risk level of a user access or a specific transaction, the organization defines and implements authentication requirements, which may include multi-factor or out-of-band authentication, and may adopt other real-time risk prevention or mitigation tactics.","PROTECT / Identity Management, Authentication, and Access Control / Authentication",PR.AA-03.01
III-3-7-1 Information Technology (IT) System Risk / III-3-7-1-2 Major Supervisory Viewpoints,(5)(vii) Management of cybersecurity,JFSA-27,"In cases where the bank executes transactions via communication methods such as the internet without any face-to-face contact, whether the bank takes the security measures described in III-3-8-2(2) or III-3-9-2(2).
For information, the following cases of security measures using authentication methods and anti-fraud measures are described in the agreements or guidelines, etc. of the Japanese Bankers Association.
・ Authentication methods that do not rely on fixed IDs/passwords, such as variable passwords and digital certificates;
・ Transaction authentication through multiple channels by using, for example, devices other than a PC web browser used in transactions, such as a mobile phone;
・ Transaction authentication using transaction signatures by means of a hardware token, etc.;
・ Adoption of methods to store digital certificates on media or devices separate from PCs used in transactions, such as IC cards;
・ Provision of security software that allows users to detect and remove viruses, etc. when executing transactions;
・ Introduction of software that allows the bank to detect virus infection of the user's PC and issue a warning;
・ Introduction of a system that allows the bank to detect unauthorized log-ins, irregular transactions, etc. and promptly notify such anomalies to users.
Note: it is desirable to avoid using authentication methods on the internet that use information with a small number of combinations like a cash card PIN as a storage element. ",Semantic,Intersects with,6,7,"PR.AA-03.02: Decisions to authorize user access to devices and other assets are made with consideration of: 
(1) Business need for the access;
(2) The type of data being accessed (e.g., customer PII, public data);
(3) The risk of the transaction (e.g., internal-to-internal, external-to-internal);
(4) The organization's level of trust for the accessing agent (e.g., external application, internal user); and
(5) The potential for harm.","PROTECT / Identity Management, Authentication, and Access Control / Authentication",PR.AA-03.02
III-3-7-1 Information Technology (IT) System Risk / III-3-7-1-2 Major Supervisory Viewpoints,(5)(vii) Management of cybersecurity,JFSA-27,"In cases where the bank executes transactions via communication methods such as the internet without any face-to-face contact, whether the bank takes the security measures described in III-3-8-2(2) or III-3-9-2(2).
For information, the following cases of security measures using authentication methods and anti-fraud measures are described in the agreements or guidelines, etc. of the Japanese Bankers Association.
・ Authentication methods that do not rely on fixed IDs/passwords, such as variable passwords and digital certificates;
・ Transaction authentication through multiple channels by using, for example, devices other than a PC web browser used in transactions, such as a mobile phone;
・ Transaction authentication using transaction signatures by means of a hardware token, etc.;
・ Adoption of methods to store digital certificates on media or devices separate from PCs used in transactions, such as IC cards;
・ Provision of security software that allows users to detect and remove viruses, etc. when executing transactions;
・ Introduction of software that allows the bank to detect virus infection of the user's PC and issue a warning;
・ Introduction of a system that allows the bank to detect unauthorized log-ins, irregular transactions, etc. and promptly notify such anomalies to users.
Note: it is desirable to avoid using authentication methods on the internet that use information with a small number of combinations like a cash card PIN as a storage element. ",Semantic,Superset of,5,7,"PR.PS-01.08: End-user mobile or personal computing devices accessing the organization's network employ mechanisms to protect network, application, and data integrity, such as ""Mobile Device Management (MDM)"" and ""Mobile Application Management (MAM)"" technologies, device fingerprinting, storage containerization and encryption, integrity scanning, automated patch application, remote wipe, and data leakage protections.",PROTECT / Platform Security / Configuration Management,PR.PS-01.08
III-3-7-1 Information Technology (IT) System Risk / III-3-7-1-2 Major Supervisory Viewpoints,(5)(vii) Management of cybersecurity,JFSA-27,"In cases where the bank executes transactions via communication methods such as the internet without any face-to-face contact, whether the bank takes the security measures described in III-3-8-2(2) or III-3-9-2(2).
For information, the following cases of security measures using authentication methods and anti-fraud measures are described in the agreements or guidelines, etc. of the Japanese Bankers Association.
・ Authentication methods that do not rely on fixed IDs/passwords, such as variable passwords and digital certificates;
・ Transaction authentication through multiple channels by using, for example, devices other than a PC web browser used in transactions, such as a mobile phone;
・ Transaction authentication using transaction signatures by means of a hardware token, etc.;
・ Adoption of methods to store digital certificates on media or devices separate from PCs used in transactions, such as IC cards;
・ Provision of security software that allows users to detect and remove viruses, etc. when executing transactions;
・ Introduction of software that allows the bank to detect virus infection of the user's PC and issue a warning;
・ Introduction of a system that allows the bank to detect unauthorized log-ins, irregular transactions, etc. and promptly notify such anomalies to users.
Note: it is desirable to avoid using authentication methods on the internet that use information with a small number of combinations like a cash card PIN as a storage element. ",Semantic,Intersects with,4,7,"PR.PS-05.01: The organization has policies, procedures, and tools in place to detect and block malware from infecting networks and systems, including automatically updating malware signatures and behavior profiles on all endpoints.",PROTECT / Platform Security / Unauthorized Software Installation & Execution,PR.PS-05.01
III-3-7-1 Information Technology (IT) System Risk / III-3-7-1-2 Major Supervisory Viewpoints,(5)(vii) Management of cybersecurity,JFSA-27,"In cases where the bank executes transactions via communication methods such as the internet without any face-to-face contact, whether the bank takes the security measures described in III-3-8-2(2) or III-3-9-2(2).
For information, the following cases of security measures using authentication methods and anti-fraud measures are described in the agreements or guidelines, etc. of the Japanese Bankers Association.
・ Authentication methods that do not rely on fixed IDs/passwords, such as variable passwords and digital certificates;
・ Transaction authentication through multiple channels by using, for example, devices other than a PC web browser used in transactions, such as a mobile phone;
・ Transaction authentication using transaction signatures by means of a hardware token, etc.;
・ Adoption of methods to store digital certificates on media or devices separate from PCs used in transactions, such as IC cards;
・ Provision of security software that allows users to detect and remove viruses, etc. when executing transactions;
・ Introduction of software that allows the bank to detect virus infection of the user's PC and issue a warning;
・ Introduction of a system that allows the bank to detect unauthorized log-ins, irregular transactions, etc. and promptly notify such anomalies to users.
Note: it is desirable to avoid using authentication methods on the internet that use information with a small number of combinations like a cash card PIN as a storage element. ",Semantic,Superset of,6,7,DE.CM-01.01:  The organization deploys intrusion detection and intrusion prevention capabilities to detect and prevent a potential network intrusion in its early stages for timely containment and recovery.,DETECT / Continuous Monitoring / Network Monitoring,DE.CM-01.01
III-3-7-1 Information Technology (IT) System Risk / III-3-7-1-2 Major Supervisory Viewpoints,(5)(vii) Management of cybersecurity,JFSA-27,"In cases where the bank executes transactions via communication methods such as the internet without any face-to-face contact, whether the bank takes the security measures described in III-3-8-2(2) or III-3-9-2(2).
For information, the following cases of security measures using authentication methods and anti-fraud measures are described in the agreements or guidelines, etc. of the Japanese Bankers Association.
・ Authentication methods that do not rely on fixed IDs/passwords, such as variable passwords and digital certificates;
・ Transaction authentication through multiple channels by using, for example, devices other than a PC web browser used in transactions, such as a mobile phone;
・ Transaction authentication using transaction signatures by means of a hardware token, etc.;
・ Adoption of methods to store digital certificates on media or devices separate from PCs used in transactions, such as IC cards;
・ Provision of security software that allows users to detect and remove viruses, etc. when executing transactions;
・ Introduction of software that allows the bank to detect virus infection of the user's PC and issue a warning;
・ Introduction of a system that allows the bank to detect unauthorized log-ins, irregular transactions, etc. and promptly notify such anomalies to users.
Note: it is desirable to avoid using authentication methods on the internet that use information with a small number of combinations like a cash card PIN as a storage element. ",Semantic,Superset of,6,7,"DE.CM-03.01: Account access, authentication, and authorization activities are logged and monitored, for both users and devices, to enforce authorized access.",DETECT / Continuous Monitoring / Personnel Activity Monitoring,DE.CM-03.01
III-3-7-1 Information Technology (IT) System Risk / III-3-7-1-2 Major Supervisory Viewpoints,(5)(vii) Management of cybersecurity,JFSA-27,"In cases where the bank executes transactions via communication methods such as the internet without any face-to-face contact, whether the bank takes the security measures described in III-3-8-2(2) or III-3-9-2(2).
For information, the following cases of security measures using authentication methods and anti-fraud measures are described in the agreements or guidelines, etc. of the Japanese Bankers Association.
・ Authentication methods that do not rely on fixed IDs/passwords, such as variable passwords and digital certificates;
・ Transaction authentication through multiple channels by using, for example, devices other than a PC web browser used in transactions, such as a mobile phone;
・ Transaction authentication using transaction signatures by means of a hardware token, etc.;
・ Adoption of methods to store digital certificates on media or devices separate from PCs used in transactions, such as IC cards;
・ Provision of security software that allows users to detect and remove viruses, etc. when executing transactions;
・ Introduction of software that allows the bank to detect virus infection of the user's PC and issue a warning;
・ Introduction of a system that allows the bank to detect unauthorized log-ins, irregular transactions, etc. and promptly notify such anomalies to users.
Note: it is desirable to avoid using authentication methods on the internet that use information with a small number of combinations like a cash card PIN as a storage element. ",Semantic,Superset of,6,7,"DE.CM-03.02: The organization's controls actively monitor personnel (both authorized and unauthorized) for access, authentication, usage, connections, devices, and anomalous behavior to rapidly detect potential cybersecurity events.",DETECT / Continuous Monitoring / Personnel Activity Monitoring,DE.CM-03.02
III-3-7-1 Information Technology (IT) System Risk / III-3-7-1-2 Major Supervisory Viewpoints,(5)(viii) Management of cybersecurity,JFSA-28,"In order to prevent unauthorized use of internet banking, etc., whether appropriate procedures are established to not allow unauthorized registration and change of information used for notification of depositors or personal identification, such as a telephone number or an email address.",Functional ,Intersects with,6,6,"PR.AA-03.01: Based on the risk level of a user access or a specific transaction, the organization defines and implements authentication requirements, which may include multi-factor or out-of-band authentication, and may adopt other real-time risk prevention or mitigation tactics.","PROTECT / Identity Management, Authentication, and Access Control / Authentication",PR.AA-03.01
III-3-7-1 Information Technology (IT) System Risk / III-3-7-1-2 Major Supervisory Viewpoints,(5)(viii) Management of cybersecurity,JFSA-28,"In order to prevent unauthorized use of internet banking, etc., whether appropriate procedures are established to not allow unauthorized registration and change of information used for notification of depositors or personal identification, such as a telephone number or an email address.",Functional ,Intersects with,6,6,"PR.AA-03.02: Decisions to authorize user access to devices and other assets are made with consideration of: 
(1) Business need for the access;
(2) The type of data being accessed (e.g., customer PII, public data);
(3) The risk of the transaction (e.g., internal-to-internal, external-to-internal);
(4) The organization's level of trust for the accessing agent (e.g., external application, internal user); and
(5) The potential for harm.","PROTECT / Identity Management, Authentication, and Access Control / Authentication",PR.AA-03.02
III-3-7-1 Information Technology (IT) System Risk / III-3-7-1-2 Major Supervisory Viewpoints,(5)(ix) Management of cybersecurity,JFSA-29,"Whether the bank has developed contingency plans against potential cyberattacks, and conducts drills and reviews such plans. Also, whether it participates in industry-wide exercises as necessary.",Semantic,Superset of,8,10,"GV.SC-08.01: The organization's resilience strategy, plans, tests, and exercises incorporate its external dependencies and critical business partners.",GOVERN / Supply Chain Risk Management / Third Party Incident Management Integration,GV.SC-08.01
III-3-7-1 Information Technology (IT) System Risk / III-3-7-1-2 Major Supervisory Viewpoints,(5)(ix) Management of cybersecurity,JFSA-29,"Whether the bank has developed contingency plans against potential cyberattacks, and conducts drills and reviews such plans. Also, whether it participates in industry-wide exercises as necessary.",Semantic,Superset of,8,10,"ID.IM-02.03: The organization tests and validates the effectiveness of the incident detection, reporting, and communication processes and protocols with internal and external stakeholders.",IDENTIFY / Improvement / Tests & Exercises,ID.IM-02.03
III-3-7-1 Information Technology (IT) System Risk / III-3-7-1-2 Major Supervisory Viewpoints,(5)(ix) Management of cybersecurity,JFSA-29,"Whether the bank has developed contingency plans against potential cyberattacks, and conducts drills and reviews such plans. Also, whether it participates in industry-wide exercises as necessary.",Semantic,Superset of,8,10,"ID.IM-02.04: The organization's testing program validates the effectiveness of its resilience strategy and response, disaster recovery, and resumption plans on a regular basis or upon major changes to business or system functions, and includes external stakeholders as required.",IDENTIFY / Improvement / Tests & Exercises,ID.IM-02.04
III-3-7-1 Information Technology (IT) System Risk / III-3-7-1-2 Major Supervisory Viewpoints,(5)(ix) Management of cybersecurity,JFSA-29,"Whether the bank has developed contingency plans against potential cyberattacks, and conducts drills and reviews such plans. Also, whether it participates in industry-wide exercises as necessary.",Semantic,Superset of,8,10,"ID.IM-02.05: The organization establishes testing programs that include a range of scenarios, including severe but plausible scenarios (e.g., disruptive, destructive, corruptive), that could affect the organization's ability to service internal and external stakeholders.",IDENTIFY / Improvement / Tests & Exercises,ID.IM-02.05
III-3-7-1 Information Technology (IT) System Risk / III-3-7-1-2 Major Supervisory Viewpoints,(5)(ix) Management of cybersecurity,JFSA-29,"Whether the bank has developed contingency plans against potential cyberattacks, and conducts drills and reviews such plans. Also, whether it participates in industry-wide exercises as necessary.",Semantic,Superset of,8,10,"ID.IM-02.08: The organization tests and exercises, independently and in coordination with other critical sector partners, its ability to support sector-wide resilience in the event of extreme financial stress or the instability of external dependencies, such as connectivity to markets, payment systems, clearing entities, messaging services, etc.",IDENTIFY / Improvement / Tests & Exercises,ID.IM-02.08
III-3-7-1 Information Technology (IT) System Risk / III-3-7-1-2 Major Supervisory Viewpoints,(5)(ix) Management of cybersecurity,JFSA-29,"Whether the bank has developed contingency plans against potential cyberattacks, and conducts drills and reviews such plans. Also, whether it participates in industry-wide exercises as necessary.",Semantic,Superset of,8,10,"ID.IM-04.08: The organization regularly reviews response strategy, incident management plans, recovery plans, and associated tests and exercises and updates them, as necessary, based on:
(1) Lessons learned from incidents that have occurred (both internal and external to the organization);
(2) Current cyber threat intelligence (both internal and external sources);
(3) Recent and wide-scale cyber attack scenarios;
(4) Operationally and technically plausible future cyber attacks;
(5) Organizational or technical environment changes; and,
(6) New technological developments.",IDENTIFY / Improvement / Plans Affecting Operations,ID.IM-04.08
III-3-7-1 Information Technology (IT) System Risk / III-3-7-1-2 Major Supervisory Viewpoints,(5)(x) Management of cybersecurity,JFSA-30,Whether the bank has formulated and implemented plans for fostering and developing human resources responsible for cybersecurity.,Semantic,Superset of,8,9,"GV.RR-02.01: The roles, responsibilities, qualifications, and skill requirements for personnel (employees and third parties) that implement, manage, and oversee the technology, cybersecurity, and resilience programs are defined, aligned, coordinated, and holistically managed.","GOVERN / Roles, Responsibilities, and Authorities / Risk Management Roles & Responsibilities",GV.RR-02.01
III-3-7-1 Information Technology (IT) System Risk / III-3-7-1-2 Major Supervisory Viewpoints,(5)(x) Management of cybersecurity,JFSA-30,Whether the bank has formulated and implemented plans for fostering and developing human resources responsible for cybersecurity.,Semantic,Superset of,8,9,"GV.RR-03.01: The organization's budgeting and resourcing processes identify, prioritize, and address resource needs to manage identified technology and cybersecurity risks (e.g., skill shortages, headcount, new tools, incident-related expenses, and unsupported systems).","GOVERN / Roles, Responsibilities, and Authorities / Resource Adequacy",GV.RR-03.01
III-3-7-1 Information Technology (IT) System Risk / III-3-7-1-2 Major Supervisory Viewpoints,(5)(x) Management of cybersecurity,JFSA-30,Whether the bank has formulated and implemented plans for fostering and developing human resources responsible for cybersecurity.,Semantic,Superset of,8,9,GV.RR-03.02: The organization regularly assesses its skill and resource level requirements against its current personnel complement to determine gaps in resource need.,"GOVERN / Roles, Responsibilities, and Authorities / Resource Adequacy",GV.RR-03.02
III-3-7-1 Information Technology (IT) System Risk / III-3-7-1-2 Major Supervisory Viewpoints,(5)(x) Management of cybersecurity,JFSA-30,Whether the bank has formulated and implemented plans for fostering and developing human resources responsible for cybersecurity.,Semantic,Superset of,7,9,"PR.AT-01.04: As new technology is deployed or undergoes change that also requires changes in practices, all impacted personnel (e.g., end-users, developers, operators, etc.) are trained on the new system and any accompanying technology and cybersecurity risks.",PROTECT / Awareness and Training / User Awareness & Training,PR.AT-01.04
III-3-7-1 Information Technology (IT) System Risk / III-3-7-1-2 Major Supervisory Viewpoints,(5)(x) Management of cybersecurity,JFSA-30,Whether the bank has formulated and implemented plans for fostering and developing human resources responsible for cybersecurity.,Semantic,Superset of,8,9,"PR.AT-02.01: Mechanisms are in place to ensure that the personnel working with cybersecurity and technology (e.g., developers, DBAs, network admins, etc.) maintain current knowledge and skills related to changing threats, countermeasures, new tools, best practices, and their job responsibilities.",PROTECT / Awareness and Training / Specialized Role Awareness & Training,PR.AT-02.01
III-3-7-1 Information Technology (IT) System Risk / III-3-7-1-2 Major Supervisory Viewpoints,(5)(x) Management of cybersecurity,JFSA-30,Whether the bank has formulated and implemented plans for fostering and developing human resources responsible for cybersecurity.,Semantic,Superset of,8,9,PR.AT-02.04: The organization maintains and enhances the skills and knowledge of the in-house staff performing incident management and forensic investigation activities.,PROTECT / Awareness and Training / Specialized Role Awareness & Training,PR.AT-02.04
III-3-7-1 Information Technology (IT) System Risk / III-3-7-1-2 Major Supervisory Viewpoints,(5)(x) Management of cybersecurity,JFSA-30,Whether the bank has formulated and implemented plans for fostering and developing human resources responsible for cybersecurity.,Functional ,Superset of,7,9,PR.AT-02.05: All third party staff receive cybersecurity awareness and job training sufficient for them to perform their duties and maintain organizational security.,PROTECT / Awareness and Training / Specialized Role Awareness & Training,PR.AT-02.05
III-3-7-1 Information Technology (IT) System Risk / III-3-7-1-2 Major Supervisory Viewpoints,(5)(x) Management of cybersecurity,JFSA-30,Whether the bank has formulated and implemented plans for fostering and developing human resources responsible for cybersecurity.,Semantic,Superset of,8,9,"PR.AT-02.07: The organization's governing body (e.g., the Board or one of its committees) and senior management receive cybersecurity situational awareness training to include appropriate skills and knowledge to: 
(1) Evaluate and manage cyber risks;
(2) Promote a culture that recognizes that staff at all levels have important responsibilities in ensuring the organization's cyber resilience; and
(3) Lead by example.",PROTECT / Awareness and Training / Specialized Role Awareness & Training,PR.AT-02.07
III-3-7-1 Information Technology (IT) System Risk / III-3-7-1-2 Major Supervisory Viewpoints,(6)(i) IT system planning/development/management,JFSA-31,"Whether the bank has clearly established a policy for IT system strategy as part of its business strategy, and then established medium- to long-term development plans. Also, whether such medium- to long-term development plans have been approved by the board of directors.",Semantic,Superset of,7,7,"GV.RM-01.01: Technology and cybersecurity risk management strategies and frameworks are approved by the governing authority (e.g., the Board or one of its committees) and incorporated into the overall business strategy and enterprise risk management framework.",GOVERN / Risk Management Strategy / Risk Management Objectives Agreement,GV.RM-01.01
III-3-7-1 Information Technology (IT) System Risk / III-3-7-1-2 Major Supervisory Viewpoints,(6)(i) IT system planning/development/management,JFSA-31,"Whether the bank has clearly established a policy for IT system strategy as part of its business strategy, and then established medium- to long-term development plans. Also, whether such medium- to long-term development plans have been approved by the board of directors.",Semantic,Superset of,7,7,"GV.RM-04.01: The governing authority (e.g., the Board or one of its committees) and senior management provide guidance, direction, and credible challenge in the design and implementation of risk management strategies, assessment of identified risks against risk appetite and risk tolerance, and in the selection of risk treatment approaches.",GOVERN / Risk Management Strategy / Risk Response Strategic Direction,GV.RM-04.01
III-3-7-1 Information Technology (IT) System Risk / III-3-7-1-2 Major Supervisory Viewpoints,(6)(i) IT system planning/development/management,JFSA-31,"Whether the bank has clearly established a policy for IT system strategy as part of its business strategy, and then established medium- to long-term development plans. Also, whether such medium- to long-term development plans have been approved by the board of directors.",Semantic,Superset of,7,7,"GV.RR-01.01: The governing authority (e.g., the Board or one of its committees) oversees and holds senior management accountable for implementing the organization’s technology and cybersecurity risk management strategies and frameworks.","GOVERN / Roles, Responsibilities, and Authorities / Organizational Leadership Responsibility",GV.RR-01.01
III-3-7-1 Information Technology (IT) System Risk / III-3-7-1-2 Major Supervisory Viewpoints,(6)(i) IT system planning/development/management,JFSA-31,"Whether the bank has clearly established a policy for IT system strategy as part of its business strategy, and then established medium- to long-term development plans. Also, whether such medium- to long-term development plans have been approved by the board of directors.",Semantic,Superset of,7,7,"GV.RR-01.02: The governing authority (e.g., the Board or one of its committees) regularly reviews, oversees, and holds senior management accountable for implementing the organization’s third-party risk management strategy and program and for managing the organization's ongoing risks associated with the aggregate and specific use of third parties.","GOVERN / Roles, Responsibilities, and Authorities / Organizational Leadership Responsibility",GV.RR-01.02
III-3-7-1 Information Technology (IT) System Risk / III-3-7-1-2 Major Supervisory Viewpoints,(6)(i) IT system planning/development/management,JFSA-31,"Whether the bank has clearly established a policy for IT system strategy as part of its business strategy, and then established medium- to long-term development plans. Also, whether such medium- to long-term development plans have been approved by the board of directors.",Semantic,Superset of,7,7,"GV.RR-01.03: The governing authority (e.g., the Board or one of its committees) regularly reviews, oversees, and holds senior management accountable for implementing the organization’s resilience strategy and program and for managing the organization's ongoing resilience risks.","GOVERN / Roles, Responsibilities, and Authorities / Organizational Leadership Responsibility",GV.RR-01.03
III-3-7-1 Information Technology (IT) System Risk / III-3-7-1-2 Major Supervisory Viewpoints,(6)(ii) IT system planning/development/management,JFSA-32,Whether the bank has been making continuous efforts to identify the risks inherent in the current IT system and to make investment in maintaining and improving it systematically.,Semantic,Superset of,6,7,"GV.OC-02.01: The organization's obligation to its customers, employees, and stakeholders to maintain safety and soundness, while balancing size and complexity, is reflected in the organization's risk management strategy and framework,  its risk appetite and risk tolerance statements, and in a risk-aware culture.",GOVERN / Organizational Context / Stakeholder Risk Management Expectations,GV.OC-02.01
III-3-7-1 Information Technology (IT) System Risk / III-3-7-1-2 Major Supervisory Viewpoints,(6)(ii) IT system planning/development/management,JFSA-32,Whether the bank has been making continuous efforts to identify the risks inherent in the current IT system and to make investment in maintaining and improving it systematically.,Semantic,Superset of,6,7,"GV.RM-01.03: The organization has established, and maintains, technology and cybersecurity programs designed to protect the confidentiality, integrity and availability of its information and operational systems, commensurate with the organization's risk appetite and business needs.",GOVERN / Risk Management Strategy / Risk Management Objectives Agreement,GV.RM-01.03
III-3-7-1 Information Technology (IT) System Risk / III-3-7-1-2 Major Supervisory Viewpoints,(6)(ii) IT system planning/development/management,JFSA-32,Whether the bank has been making continuous efforts to identify the risks inherent in the current IT system and to make investment in maintaining and improving it systematically.,Semantic,Superset of,7,7,"GV.RM-06.01: Technology and cybersecurity risk management and risk assessment processes and methodologies are documented and regularly reviewed and updated to address changes in the risk profile and risk appetite, the evolving threat environment, and new technologies, products, services, and interdependencies.",GOVERN / Risk Management Strategy / Standardized Risk Management Method,GV.RM-06.01
III-3-7-1 Information Technology (IT) System Risk / III-3-7-1-2 Major Supervisory Viewpoints,(6)(ii) IT system planning/development/management,JFSA-32,Whether the bank has been making continuous efforts to identify the risks inherent in the current IT system and to make investment in maintaining and improving it systematically.,Semantic,Superset of,7,7,"GV.RR-03.01: The organization's budgeting and resourcing processes identify, prioritize, and address resource needs to manage identified technology and cybersecurity risks (e.g., skill shortages, headcount, new tools, incident-related expenses, and unsupported systems).","GOVERN / Roles, Responsibilities, and Authorities / Resource Adequacy",GV.RR-03.01
III-3-7-1 Information Technology (IT) System Risk / III-3-7-1-2 Major Supervisory Viewpoints,(6)(ii) IT system planning/development/management,JFSA-32,Whether the bank has been making continuous efforts to identify the risks inherent in the current IT system and to make investment in maintaining and improving it systematically.,Semantic,Superset of,7,7,GV.RR-03.02: The organization regularly assesses its skill and resource level requirements against its current personnel complement to determine gaps in resource need.,"GOVERN / Roles, Responsibilities, and Authorities / Resource Adequacy",GV.RR-03.02
III-3-7-1 Information Technology (IT) System Risk / III-3-7-1-2 Major Supervisory Viewpoints,(6)(ii) IT system planning/development/management,JFSA-32,Whether the bank has been making continuous efforts to identify the risks inherent in the current IT system and to make investment in maintaining and improving it systematically.,Semantic,Superset of,7,7,"GV.PO-02.01: The cybersecurity policy is regularly reviewed, revised, and communicated under the leadership of a designated Cybersecurity Officer (e.g., CISO) to address changes in the risk profile and risk appetite, the evolving threat environment, and new technologies, products, services, and interdependencies.","GOVERN / Policies, Processes, and Procedures / Policy & Procedure Review & Update",GV.PO-02.01
III-3-7-1 Information Technology (IT) System Risk / III-3-7-1-2 Major Supervisory Viewpoints,(6)(ii) IT system planning/development/management,JFSA-32,Whether the bank has been making continuous efforts to identify the risks inherent in the current IT system and to make investment in maintaining and improving it systematically.,Semantic,Superset of,7,7,"GV.OV-02.01: The organization regularly assesses its inherent technology and cybersecurity risks and ensures that changes to the business and threat environment lead to updates to the organization's strategies, programs, risk appetite and risk tolerance.",GOVERN / Oversight / Risk Management Strategy Review & Adjustment,GV.OV-02.01
III-3-7-1 Information Technology (IT) System Risk / III-3-7-1-2 Major Supervisory Viewpoints,(6)(ii) IT system planning/development/management,JFSA-32,Whether the bank has been making continuous efforts to identify the risks inherent in the current IT system and to make investment in maintaining and improving it systematically.,Semantic,Superset of,6,7,"GV.OV-02.02: The organization determines and articulates how it intends to maintain an acceptable level of residual technology and cybersecurity risk as set by the governing authority (e.g., the Board or one of its committees).",GOVERN / Oversight / Risk Management Strategy Review & Adjustment,GV.OV-02.02
III-3-7-1 Information Technology (IT) System Risk / III-3-7-1-2 Major Supervisory Viewpoints,(6)(ii) IT system planning/development/management,JFSA-32,Whether the bank has been making continuous efforts to identify the risks inherent in the current IT system and to make investment in maintaining and improving it systematically.,Semantic,Superset of,6,7,"ID.RA-06.01: Technology and cybersecurity risk management programs and risk assessment processes produce actionable recommendations that the organization uses to select, design, prioritize, implement, maintain, evaluate, and modify cybersecurity and technology controls.",IDENTIFY / Risk Assessment / Risk Response Determination,ID.RA-06.01
III-3-7-1 Information Technology (IT) System Risk / III-3-7-1-2 Major Supervisory Viewpoints,(6)(ii) IT system planning/development/management,JFSA-32,Whether the bank has been making continuous efforts to identify the risks inherent in the current IT system and to make investment in maintaining and improving it systematically.,Semantic,Superset of,7,7,"ID.IM-01.02: The organization implements a regular process to collect, store, report, benchmark, and assess trends in actionable performance indicators and risk metrics (e.g., threat KRIs, security incident metrics, vulnerability metrics, and operational measures).",IDENTIFY / Improvement / Continuous Improvements Evaluation,ID.IM-01.02
III-3-7-1 Information Technology (IT) System Risk / III-3-7-1-2 Major Supervisory Viewpoints,(6)(ii) IT system planning/development/management,JFSA-32,Whether the bank has been making continuous efforts to identify the risks inherent in the current IT system and to make investment in maintaining and improving it systematically.,Semantic,Superset of,7,7,"ID.IM-01.03: The organization establishes specific objectives, performance criteria, benchmarks, and tolerance limits to identify areas that have improved or are in need of improvement over time.",IDENTIFY / Improvement / Continuous Improvements Evaluation,ID.IM-01.03
III-3-7-1 Information Technology (IT) System Risk / III-3-7-1-2 Major Supervisory Viewpoints,(6)(ii) IT system planning/development/management,JFSA-32,Whether the bank has been making continuous efforts to identify the risks inherent in the current IT system and to make investment in maintaining and improving it systematically.,Semantic,Superset of,7,7,"ID.IM-01.04: Technology and cybersecurity programs include elements designed to assess, manage, and continually improve the quality of program delivery in addressing stakeholder requirements and risk reduction.",IDENTIFY / Improvement / Continuous Improvements Evaluation,ID.IM-01.04
III-3-7-1 Information Technology (IT) System Risk / III-3-7-1-2 Major Supervisory Viewpoints,(6)(ii) IT system planning/development/management,JFSA-32,Whether the bank has been making continuous efforts to identify the risks inherent in the current IT system and to make investment in maintaining and improving it systematically.,Semantic,Superset of,7,7,"ID.IM-03.01: A formal process is in place to improve protection controls and processes by integrating recommendations, findings, and lessons learned from exercises, testing, audits, assessments, and incidents.",IDENTIFY / Improvement / Improvements from Lessons Learned,ID.IM-03.01
III-3-7-1 Information Technology (IT) System Risk / III-3-7-1-2 Major Supervisory Viewpoints,(6)(iii) IT system planning/development/management,JFSA-33,"Whether rules to authorize plans, development, and transitions of IT system development projects are clearly established.",Semantic,Superset of,7,7,"GV.RM-08.02: Technology and cybersecurity risk management frameworks are applied to all technology projects and procurements to ensure that security requirements (e.g., data confidentiality, access control, event logging, etc.) are addressed consistently from project onset.",GOVERN / Risk Management Strategy  / Technology Assimilation & Implementations,GV.RM-08.02
III-3-7-1 Information Technology (IT) System Risk / III-3-7-1-2 Major Supervisory Viewpoints,(6)(iii) IT system planning/development/management,JFSA-33,"Whether rules to authorize plans, development, and transitions of IT system development projects are clearly established.",Semantic,Superset of,7,7,"GV.RM-08.04: The organization integrates the use of technology architecture in its governance processes to support consistent approaches to security and technology design, integration of third party services, consideration and adoption of new technologies, and investment and procurement decisioning.",GOVERN / Risk Management Strategy  / Technology Assimilation & Implementations,GV.RM-08.04
III-3-7-1 Information Technology (IT) System Risk / III-3-7-1-2 Major Supervisory Viewpoints,(6)(iii) IT system planning/development/management,JFSA-33,"Whether rules to authorize plans, development, and transitions of IT system development projects are clearly established.",Semantic,Superset of,7,7,"GV.RM-08.06: Technology programs and projects are formally governed and stakeholder engagement is managed to facilitate effective communication, awareness, credible challenge, and decision-making.",GOVERN / Risk Management Strategy  / Technology Assimilation & Implementations,GV.RM-08.06
III-3-7-1 Information Technology (IT) System Risk / III-3-7-1-2 Major Supervisory Viewpoints,(6)(iii) IT system planning/development/management,JFSA-33,"Whether rules to authorize plans, development, and transitions of IT system development projects are clearly established.",Semantic,Superset of,7,7,"GV.RM-08.07: Technology projects follow an established project management methodology to manage delivery and delivery risks, produce consistent quality, and achieve business objectives and value.",GOVERN / Risk Management Strategy  / Technology Assimilation & Implementations,GV.RM-08.07
III-3-7-1 Information Technology (IT) System Risk / III-3-7-1-2 Major Supervisory Viewpoints,(6)(iii) IT system planning/development/management,JFSA-33,"Whether rules to authorize plans, development, and transitions of IT system development projects are clearly established.",Semantic,Superset of,7,7,"ID.RA-07.03: Technology projects and system change processes ensure that requisite changes in security posture, data classification and flows, architecture, support documentation, business processes, and business resilience plans are addressed.",IDENTIFY / Risk Assessment / Change & Exception Management,ID.RA-07.03
III-3-7-1 Information Technology (IT) System Risk / III-3-7-1-2 Major Supervisory Viewpoints,(6)(iii) IT system planning/development/management,JFSA-33,"Whether rules to authorize plans, development, and transitions of IT system development projects are clearly established.",Semantic,Superset of,7,7,"PR.PS-06.01: The organization implements Secure Systems Development Lifecycle processes for in-house software design, configuration, and development, employing best practices from secure-by-design methodologies (e.g., secure coding, code review, application security testing, etc.) during all phases of both traditional and agile projects.",PROTECT / Platform Security / Secure Systems Development Practices,PR.PS-06.01
III-3-7-1 Information Technology (IT) System Risk / III-3-7-1-2 Major Supervisory Viewpoints,(6)(iii) IT system planning/development/management,JFSA-33,"Whether rules to authorize plans, development, and transitions of IT system development projects are clearly established.",Semantic,Superset of,7,7,"PR.PS-06.03: Functional, operational, resilience, and security requirements for system development and implementation projects are documented, agreed to by relevant stakeholders, and tracked and managed through development, testing, assurance, acceptance, and delivery.",PROTECT / Platform Security / Secure Systems Development Practices,PR.PS-06.03
III-3-7-1 Information Technology (IT) System Risk / III-3-7-1-2 Major Supervisory Viewpoints,(6)(iii) IT system planning/development/management,JFSA-33,"Whether rules to authorize plans, development, and transitions of IT system development projects are clearly established.",Semantic,Superset of,7,7,"PR.PS-06.04: Systems development and testing tools, processes, and environments employ security mechanisms to protect and improve the integrity and confidentiality of both the SDLC process and the resulting product (e.g., secured code repositories, segmented environments, automated builds, etc.)",PROTECT / Platform Security / Secure Systems Development Practices,PR.PS-06.04
III-3-7-1 Information Technology (IT) System Risk / III-3-7-1-2 Major Supervisory Viewpoints,(6)(iii) IT system planning/development/management,JFSA-33,"Whether rules to authorize plans, development, and transitions of IT system development projects are clearly established.",Semantic,Superset of,7,7,"PR.PS-06.05: A software security testing and validation strategy is developed and implemented in the development lifecycle of all software projects, defining testing requirements and plans; performing/automating testing, vulnerability scanning, and migration activities; and supporting code integrity verification (e.g., using digital signatures).",PROTECT / Platform Security / Secure Systems Development Practices,PR.PS-06.05
III-3-7-1 Information Technology (IT) System Risk / III-3-7-1-2 Major Supervisory Viewpoints,(6)(iii) IT system planning/development/management,JFSA-33,"Whether rules to authorize plans, development, and transitions of IT system development projects are clearly established.",Semantic,Superset of,7,7,"PR.PS-06.06: The system development lifecycle remediates known critical vulnerabilities, and critical vulnerabilities discovered during testing, prior to production deployment.",PROTECT / Platform Security / Secure Systems Development Practices,PR.PS-06.06
III-3-7-1 Information Technology (IT) System Risk / III-3-7-1-2 Major Supervisory Viewpoints,(6)(iii) IT system planning/development/management,JFSA-33,"Whether rules to authorize plans, development, and transitions of IT system development projects are clearly established.",Semantic,Superset of,7,7,"PR.PS-06.07: DevOps/DevSecOps practices and procedures are aligned with Systems Development Lifecycle, security operations, and technology service management processes.",PROTECT / Platform Security / Secure Systems Development Practices,PR.PS-06.07
III-3-7-1 Information Technology (IT) System Risk / III-3-7-1-2 Major Supervisory Viewpoints,(6)(iii) IT system planning/development/management,JFSA-33,"Whether rules to authorize plans, development, and transitions of IT system development projects are clearly established.",Semantic,Superset of,6,7,"EX.DD-01.01: Documented procurement plans are developed for initiatives involving elevated business, technical, or cybersecurity risk in order to establish criteria for the evaluation and selection of a supplier, and any special requirements for organizational preparation, supplier due diligence, and contract terms.",EXTEND / Procurement Planning and Due Diligence / Procurement Planning,EX.DD-01.01
III-3-7-1 Information Technology (IT) System Risk / III-3-7-1-2 Major Supervisory Viewpoints,(6)(iii) IT system planning/development/management,JFSA-33,"Whether rules to authorize plans, development, and transitions of IT system development projects are clearly established.",Semantic,Superset of,6,7,"EX.DD-01.02: Procurement plans address the inherent risks of the planned activity, to include the complexity of the endeavor in terms of technology, scope, and novelty, and demonstrate that the potential business and financial benefits outweigh the costs to control the anticipated risks.",EXTEND / Procurement Planning and Due Diligence / Procurement Planning,EX.DD-01.02
III-3-7-1 Information Technology (IT) System Risk / III-3-7-1-2 Major Supervisory Viewpoints,(6)(iv) IT system planning/development/management,JFSA-34,Whether the bank appoints and assigns a responsible person to each IT system development project and manages the project according to the development plan.,Functional ,Superset of,5,5,"GV.RM-08.07: Technology projects follow an established project management methodology to manage delivery and delivery risks, produce consistent quality, and achieve business objectives and value.",GOVERN / Risk Management Strategy  / Technology Assimilation & Implementations,GV.RM-08.07
III-3-7-1 Information Technology (IT) System Risk / III-3-7-1-2 Major Supervisory Viewpoints,(6)(iv) IT system planning/development/management,JFSA-34,Whether the bank appoints and assigns a responsible person to each IT system development project and manages the project according to the development plan.,Functional ,Superset of,5,5,"PR.PS-06.03: Functional, operational, resilience, and security requirements for system development and implementation projects are documented, agreed to by relevant stakeholders, and tracked and managed through development, testing, assurance, acceptance, and delivery.",PROTECT / Platform Security / Secure Systems Development Practices,PR.PS-06.03
III-3-7-1 Information Technology (IT) System Risk / III-3-7-1-2 Major Supervisory Viewpoints,(6)(v) IT system planning/development/management,JFSA-35,"In developing IT systems, whether the bank creates test planning and conducts tests in an appropriate and sufficient manner, such as by involving user divisions. ",Functional ,Superset of,6,7,"PR.PS-06.01: The organization implements Secure Systems Development Lifecycle processes for in-house software design, configuration, and development, employing best practices from secure-by-design methodologies (e.g., secure coding, code review, application security testing, etc.) during all phases of both traditional and agile projects.",PROTECT / Platform Security / Secure Systems Development Practices,PR.PS-06.01
III-3-7-1 Information Technology (IT) System Risk / III-3-7-1-2 Major Supervisory Viewpoints,(6)(v) IT system planning/development/management,JFSA-35,"In developing IT systems, whether the bank creates test planning and conducts tests in an appropriate and sufficient manner, such as by involving user divisions. ",Functional ,Superset of,6,7,"PR.PS-06.02: The architecture, design, coding, testing, and operationalization of system solutions address the unique security, resilience, technical, and operational characteristics of the target platform environment(s) (e.g., distributed system, mainframe, cloud, API, mobile, database, etc.)",PROTECT / Platform Security / Secure Systems Development Practices,PR.PS-06.02
III-3-7-1 Information Technology (IT) System Risk / III-3-7-1-2 Major Supervisory Viewpoints,(6)(v) IT system planning/development/management,JFSA-35,"In developing IT systems, whether the bank creates test planning and conducts tests in an appropriate and sufficient manner, such as by involving user divisions. ",Functional ,Superset of,7,7,"PR.PS-06.03: Functional, operational, resilience, and security requirements for system development and implementation projects are documented, agreed to by relevant stakeholders, and tracked and managed through development, testing, assurance, acceptance, and delivery.",PROTECT / Platform Security / Secure Systems Development Practices,PR.PS-06.03
III-3-7-1 Information Technology (IT) System Risk / III-3-7-1-2 Major Supervisory Viewpoints,(6)(v) IT system planning/development/management,JFSA-35,"In developing IT systems, whether the bank creates test planning and conducts tests in an appropriate and sufficient manner, such as by involving user divisions. ",Functional ,Superset of,7,7,"PR.PS-06.04: Systems development and testing tools, processes, and environments employ security mechanisms to protect and improve the integrity and confidentiality of both the SDLC process and the resulting product (e.g., secured code repositories, segmented environments, automated builds, etc.)",PROTECT / Platform Security / Secure Systems Development Practices,PR.PS-06.04
III-3-7-1 Information Technology (IT) System Risk / III-3-7-1-2 Major Supervisory Viewpoints,(6)(v) IT system planning/development/management,JFSA-35,"In developing IT systems, whether the bank creates test planning and conducts tests in an appropriate and sufficient manner, such as by involving user divisions. ",Functional ,Superset of,7,7,"PR.PS-06.05: A software security testing and validation strategy is developed and implemented in the development lifecycle of all software projects, defining testing requirements and plans; performing/automating testing, vulnerability scanning, and migration activities; and supporting code integrity verification (e.g., using digital signatures).",PROTECT / Platform Security / Secure Systems Development Practices,PR.PS-06.05
III-3-7-1 Information Technology (IT) System Risk / III-3-7-1-2 Major Supervisory Viewpoints,(6)(v) IT system planning/development/management,JFSA-35,"In developing IT systems, whether the bank creates test planning and conducts tests in an appropriate and sufficient manner, such as by involving user divisions. ",Functional ,Superset of,7,7,PR.IR-01.06: The organization's production and non-production environments and data are segregated and managed to prevent unauthorized access or changes to the information assets.,PROTECT / Technology Infrastructure Resilience / Logical Access Protections,PR.IR-01.06
III-3-7-1 Information Technology (IT) System Risk / III-3-7-1-2 Major Supervisory Viewpoints,(6)(vi) IT system planning/development/management,JFSA-36,"With regard to development of human resources, whether the bank creates and implements specific plans for developing human resources with expertise for succession of the current IT system structure and technology.",Functional ,Intersects with,7,7,"GV.RR-02.01: The roles, responsibilities, qualifications, and skill requirements for personnel (employees and third parties) that implement, manage, and oversee the technology, cybersecurity, and resilience programs are defined, aligned, coordinated, and holistically managed.","GOVERN / Roles, Responsibilities, and Authorities / Risk Management Roles & Responsibilities",GV.RR-02.01
III-3-7-1 Information Technology (IT) System Risk / III-3-7-1-2 Major Supervisory Viewpoints,(6)(vi) IT system planning/development/management,JFSA-36,"With regard to development of human resources, whether the bank creates and implements specific plans for developing human resources with expertise for succession of the current IT system structure and technology.",Functional ,Intersects with,7,7,GV.RR-03.02: The organization regularly assesses its skill and resource level requirements against its current personnel complement to determine gaps in resource need.,"GOVERN / Roles, Responsibilities, and Authorities / Resource Adequacy",GV.RR-03.02
III-3-7-1 Information Technology (IT) System Risk / III-3-7-1-2 Major Supervisory Viewpoints,(6)(vi) IT system planning/development/management,JFSA-36,"With regard to development of human resources, whether the bank creates and implements specific plans for developing human resources with expertise for succession of the current IT system structure and technology.",Functional ,Intersects with,7,7,"GV.RR-03.03: The organization provides adequate resources, appropriate authority, and access to the governing authority for the designated Cybersecurity Officer (e.g., CISO).","GOVERN / Roles, Responsibilities, and Authorities / Resource Adequacy",GV.RR-03.03
III-3-7-1 Information Technology (IT) System Risk / III-3-7-1-2 Major Supervisory Viewpoints,(6)(vi) IT system planning/development/management,JFSA-36,"With regard to development of human resources, whether the bank creates and implements specific plans for developing human resources with expertise for succession of the current IT system structure and technology.",Functional ,Intersects with,7,7,"PR.AT-02.01: Mechanisms are in place to ensure that the personnel working with cybersecurity and technology (e.g., developers, DBAs, network admins, etc.) maintain current knowledge and skills related to changing threats, countermeasures, new tools, best practices, and their job responsibilities.",PROTECT / Awareness and Training / Specialized Role Awareness & Training,PR.AT-02.01
III-3-7-1 Information Technology (IT) System Risk / III-3-7-1-2 Major Supervisory Viewpoints,(7)(i) IT system audit,JFSA-37,Whether an internal audit division that is independent from the IT systems division conducts periodic audits of IT systems.,Semantic,Superset of,8,10,"GV.AU-01.01: The organization has an independent audit function (i.e., internal audit group or external auditor) that follows generally accepted audit practices and approved audit policies and procedures.",GOVERN / Independent Audit Function / Independent Audit Compliance Assessment,GV.AU-01.01
III-3-7-1 Information Technology (IT) System Risk / III-3-7-1-2 Major Supervisory Viewpoints,(7)(i) IT system audit,JFSA-37,Whether an internal audit division that is independent from the IT systems division conducts periodic audits of IT systems.,Semantic,Superset of,8,10,"GV.AU-01.02: The organization has an independent audit plan that provides for the evaluation of technology and cybersecurity risk, including compliance with the approved risk management framework, policies, and processes for technology, cybersecurity, and resilience; and how well the organization adapts to the evolving risk environment while remaining within its stated risk appetite and tolerance.",GOVERN / Independent Audit Function / Independent Audit Compliance Assessment,GV.AU-01.02
III-3-7-1 Information Technology (IT) System Risk / III-3-7-1-2 Major Supervisory Viewpoints,(7)(i) IT system audit,JFSA-37,Whether an internal audit division that is independent from the IT systems division conducts periodic audits of IT systems.,Semantic,Superset of,8,10,"GV.AU-01.03: The independent audit function tests technology management, cybersecurity, incident response, and resilience policies and controls.",GOVERN / Independent Audit Function / Independent Audit Compliance Assessment,GV.AU-01.03
III-3-7-1 Information Technology (IT) System Risk / III-3-7-1-2 Major Supervisory Viewpoints,(7)(i) IT system audit,JFSA-37,Whether an internal audit division that is independent from the IT systems division conducts periodic audits of IT systems.,Semantic,Superset of,8,10,"GV.AU-01.04: The independent audit function evaluates and tests third-party risk management policies and controls, identifies weaknesses and gaps, and recommends improvements to senior management and the governing authority (e.g., the Board or one of its committees).",GOVERN / Independent Audit Function / Independent Audit Compliance Assessment,GV.AU-01.04
III-3-7-1 Information Technology (IT) System Risk / III-3-7-1-2 Major Supervisory Viewpoints,(7)(i) IT system audit,JFSA-37,Whether an internal audit division that is independent from the IT systems division conducts periodic audits of IT systems.,Semantic,Superset of,8,10,GV.AU-01.05: An independent audit function assesses compliance with applicable laws and regulations.,GOVERN / Independent Audit Function / Independent Audit Compliance Assessment,GV.AU-01.05
III-3-7-1 Information Technology (IT) System Risk / III-3-7-1-2 Major Supervisory Viewpoints,(7)(i) IT system audit,JFSA-37,Whether an internal audit division that is independent from the IT systems division conducts periodic audits of IT systems.,Semantic,Superset of,8,10,"GV.AU-02.01: A formal process is in place for the independent audit function to review and update its procedures and audit plans regularly or in response to changes in relevant standards, the technology environment, or the business environment.",GOVERN / Independent Audit Function / Independent Audit Procedures,GV.AU-02.01
III-3-7-1 Information Technology (IT) System Risk / III-3-7-1-2 Major Supervisory Viewpoints,(7)(i) IT system audit,JFSA-37,Whether an internal audit division that is independent from the IT systems division conducts periodic audits of IT systems.,Semantic,Superset of,8,10,"GV.AU-02.02: A formal process is in place for the independent audit function to update its procedures and audit plans based on changes to the organization's risk appetite, risk tolerance, threat environment, and evolving risk profile.",GOVERN / Independent Audit Function / Independent Audit Procedures,GV.AU-02.02
III-3-7-1 Information Technology (IT) System Risk / III-3-7-1-2 Major Supervisory Viewpoints,(7)(i) IT system audit,JFSA-37,Whether an internal audit division that is independent from the IT systems division conducts periodic audits of IT systems.,Semantic,Superset of,8,10,GV.AU-03.01: The independent audit function reviews technology and cybersecurity practices and identifies weaknesses and gaps.,GOVERN / Independent Audit Function / Independent Audit Reporting,GV.AU-03.01
III-3-7-1 Information Technology (IT) System Risk / III-3-7-1-2 Major Supervisory Viewpoints,(7)(i) IT system audit,JFSA-37,Whether an internal audit division that is independent from the IT systems division conducts periodic audits of IT systems.,Semantic,Superset of,8,10,GV.AU-03.02: The independent audit function tracks identified issues and corrective actions from internal audits and independent testing/assessments to ensure timely resolution.,GOVERN / Independent Audit Function / Independent Audit Reporting,GV.AU-03.02
III-3-7-1 Information Technology (IT) System Risk / III-3-7-1-2 Major Supervisory Viewpoints,(7)(i) IT system audit,JFSA-37,Whether an internal audit division that is independent from the IT systems division conducts periodic audits of IT systems.,Semantic,Superset of,8,10,"GV.AU-03.03: The independent audit function reports to the governing authority (e.g., the Board or one of its committees) within the organization, including when its assessment differs from that of the organization, or when risk tolerance has been exceeded in any part of the organization.",GOVERN / Independent Audit Function / Independent Audit Reporting,GV.AU-03.03
III-3-7-1 Information Technology (IT) System Risk / III-3-7-1-2 Major Supervisory Viewpoints,(7)(ii) IT system audit,JFSA-38,"Whether the bank conducts internal audits by computer system experts and utilizes external audits by IT system auditors, etc.",Functional ,Intersects with,5,5,"GV.RR-03.01: The organization's budgeting and resourcing processes identify, prioritize, and address resource needs to manage identified technology and cybersecurity risks (e.g., skill shortages, headcount, new tools, incident-related expenses, and unsupported systems).","GOVERN / Roles, Responsibilities, and Authorities / Resource Adequacy",GV.RR-03.01
III-3-7-1 Information Technology (IT) System Risk / III-3-7-1-2 Major Supervisory Viewpoints,(7)(ii) IT system audit,JFSA-38,"Whether the bank conducts internal audits by computer system experts and utilizes external audits by IT system auditors, etc.",Functional ,Intersects with,5,5,GV.RR-03.02: The organization regularly assesses its skill and resource level requirements against its current personnel complement to determine gaps in resource need.,"GOVERN / Roles, Responsibilities, and Authorities / Resource Adequacy",GV.RR-03.02
III-3-7-1 Information Technology (IT) System Risk / III-3-7-1-2 Major Supervisory Viewpoints,(7)(ii) IT system audit,JFSA-38,"Whether the bank conducts internal audits by computer system experts and utilizes external audits by IT system auditors, etc.",Functional ,Intersects with,4,5,"GV.AU-01.03: The independent audit function tests technology management, cybersecurity, incident response, and resilience policies and controls.",GOVERN / Independent Audit Function / Independent Audit Compliance Assessment,GV.AU-01.03
III-3-7-1 Information Technology (IT) System Risk / III-3-7-1-2 Major Supervisory Viewpoints,(7)(ii) IT system audit,JFSA-38,"Whether the bank conducts internal audits by computer system experts and utilizes external audits by IT system auditors, etc.",Functional ,Intersects with,4,5,GV.AU-01.05: An independent audit function assesses compliance with applicable laws and regulations.,GOVERN / Independent Audit Function / Independent Audit Compliance Assessment,GV.AU-01.05
III-3-7-1 Information Technology (IT) System Risk / III-3-7-1-2 Major Supervisory Viewpoints,(7)(ii) IT system audit,JFSA-38,"Whether the bank conducts internal audits by computer system experts and utilizes external audits by IT system auditors, etc.",Functional ,Intersects with,4,5,GV.AU-03.01: The independent audit function reviews technology and cybersecurity practices and identifies weaknesses and gaps.,GOVERN / Independent Audit Function / Independent Audit Reporting,GV.AU-03.01
III-3-7-1 Information Technology (IT) System Risk / III-3-7-1-2 Major Supervisory Viewpoints,(7)(ii) IT system audit,JFSA-38,"Whether the bank conducts internal audits by computer system experts and utilizes external audits by IT system auditors, etc.",Functional ,Intersects with,4,5,"ID.IM-02.01: The organization conducts regular, independent penetration testing and red team testing on the organization's network, internet-facing systems, critical applications, and associated controls to identify gaps in cybersecurity defenses.",IDENTIFY / Improvement / Tests & Exercises,ID.IM-02.01
III-3-7-1 Information Technology (IT) System Risk / III-3-7-1-2 Major Supervisory Viewpoints,(7)(ii) IT system audit,JFSA-38,"Whether the bank conducts internal audits by computer system experts and utilizes external audits by IT system auditors, etc.",Functional ,Intersects with,5,5,ID.IM-02.02: The thoroughness and results of independent penetration testing are regularly reviewed to help determine the need to rotate testing vendors to obtain fresh independent perspectives.,IDENTIFY / Improvement / Tests & Exercises,ID.IM-02.02
III-3-7-1 Information Technology (IT) System Risk / III-3-7-1-2 Major Supervisory Viewpoints,(7)(ii) IT system audit,JFSA-38,"Whether the bank conducts internal audits by computer system experts and utilizes external audits by IT system auditors, etc.",Functional ,Intersects with,5,5,"PR.AT-02.01: Mechanisms are in place to ensure that the personnel working with cybersecurity and technology (e.g., developers, DBAs, network admins, etc.) maintain current knowledge and skills related to changing threats, countermeasures, new tools, best practices, and their job responsibilities.",PROTECT / Awareness and Training / Specialized Role Awareness & Training,PR.AT-02.01
III-3-7-1 Information Technology (IT) System Risk / III-3-7-1-2 Major Supervisory Viewpoints,(7)(iii) IT system audit,JFSA-39,Whether the audit covers all business operations related to IT system risk.,Semantic,Superset of,8,9,"GV.AU-01.01: The organization has an independent audit function (i.e., internal audit group or external auditor) that follows generally accepted audit practices and approved audit policies and procedures.",GOVERN / Independent Audit Function / Independent Audit Compliance Assessment,GV.AU-01.01
III-3-7-1 Information Technology (IT) System Risk / III-3-7-1-2 Major Supervisory Viewpoints,(7)(iii) IT system audit,JFSA-39,Whether the audit covers all business operations related to IT system risk.,Semantic,Superset of,8,9,"GV.AU-01.02: The organization has an independent audit plan that provides for the evaluation of technology and cybersecurity risk, including compliance with the approved risk management framework, policies, and processes for technology, cybersecurity, and resilience; and how well the organization adapts to the evolving risk environment while remaining within its stated risk appetite and tolerance.",GOVERN / Independent Audit Function / Independent Audit Compliance Assessment,GV.AU-01.02
III-3-7-1 Information Technology (IT) System Risk / III-3-7-1-2 Major Supervisory Viewpoints,(7)(iii) IT system audit,JFSA-39,Whether the audit covers all business operations related to IT system risk.,Semantic,Superset of,8,9,"GV.AU-01.03: The independent audit function tests technology management, cybersecurity, incident response, and resilience policies and controls.",GOVERN / Independent Audit Function / Independent Audit Compliance Assessment,GV.AU-01.03
III-3-7-1 Information Technology (IT) System Risk / III-3-7-1-2 Major Supervisory Viewpoints,(7)(iii) IT system audit,JFSA-39,Whether the audit covers all business operations related to IT system risk.,Semantic,Superset of,8,9,"GV.AU-01.04: The independent audit function evaluates and tests third-party risk management policies and controls, identifies weaknesses and gaps, and recommends improvements to senior management and the governing authority (e.g., the Board or one of its committees).",GOVERN / Independent Audit Function / Independent Audit Compliance Assessment,GV.AU-01.04
III-3-7-1 Information Technology (IT) System Risk / III-3-7-1-2 Major Supervisory Viewpoints,(7)(iii) IT system audit,JFSA-39,Whether the audit covers all business operations related to IT system risk.,Semantic,Superset of,8,9,GV.AU-01.05: An independent audit function assesses compliance with applicable laws and regulations.,GOVERN / Independent Audit Function / Independent Audit Compliance Assessment,GV.AU-01.05
III-3-7-1 Information Technology (IT) System Risk / III-3-7-1-2 Major Supervisory Viewpoints,(7)(iii) IT system audit,JFSA-39,Whether the audit covers all business operations related to IT system risk.,Semantic,Superset of,8,9,"GV.AU-02.01: A formal process is in place for the independent audit function to review and update its procedures and audit plans regularly or in response to changes in relevant standards, the technology environment, or the business environment.",GOVERN / Independent Audit Function / Independent Audit Procedures,GV.AU-02.01
III-3-7-1 Information Technology (IT) System Risk / III-3-7-1-2 Major Supervisory Viewpoints,(7)(iii) IT system audit,JFSA-39,Whether the audit covers all business operations related to IT system risk.,Semantic,Superset of,8,9,"GV.AU-02.02: A formal process is in place for the independent audit function to update its procedures and audit plans based on changes to the organization's risk appetite, risk tolerance, threat environment, and evolving risk profile.",GOVERN / Independent Audit Function / Independent Audit Procedures,GV.AU-02.02
III-3-7-1 Information Technology (IT) System Risk / III-3-7-1-2 Major Supervisory Viewpoints,(7)(iii) IT system audit,JFSA-39,Whether the audit covers all business operations related to IT system risk.,Semantic,Superset of,8,9,GV.AU-03.01: The independent audit function reviews technology and cybersecurity practices and identifies weaknesses and gaps.,GOVERN / Independent Audit Function / Independent Audit Reporting,GV.AU-03.01
III-3-7-1 Information Technology (IT) System Risk / III-3-7-1-2 Major Supervisory Viewpoints,(7)(iii) IT system audit,JFSA-39,Whether the audit covers all business operations related to IT system risk.,Semantic,Superset of,8,9,"GV.AU-03.03: The independent audit function reports to the governing authority (e.g., the Board or one of its committees) within the organization, including when its assessment differs from that of the organization, or when risk tolerance has been exceeded in any part of the organization.",GOVERN / Independent Audit Function / Independent Audit Reporting,GV.AU-03.03
III-3-7-1 Information Technology (IT) System Risk / III-3-7-1-2 Major Supervisory Viewpoints,(7)(iv) IT system audit,JFSA-40,Whether the results of the IT system audit are reported to the board of directors in a proper manner.,Semantic,Superset of,8,8,"GV.AU-03.03: The independent audit function reports to the governing authority (e.g., the Board or one of its committees) within the organization, including when its assessment differs from that of the organization, or when risk tolerance has been exceeded in any part of the organization.",GOVERN / Independent Audit Function / Independent Audit Reporting,GV.AU-03.03
III-3-7-1 Information Technology (IT) System Risk / III-3-7-1-2 Major Supervisory Viewpoints,(8)(i) Management of outsourcing relating to IT system,JFSA-41,"In selection of outsourcing contractors (including system-related subsidiaries), whether the bank selects after evaluation and consideration based on selection standards. ",Semantic,Superset of,9,10,"GV.RM-08.04: The organization integrates the use of technology architecture in its governance processes to support consistent approaches to security and technology design, integration of third party services, consideration and adoption of new technologies, and investment and procurement decisioning.",GOVERN / Risk Management Strategy  / Technology Assimilation & Implementations,GV.RM-08.04
III-3-7-1 Information Technology (IT) System Risk / III-3-7-1-2 Major Supervisory Viewpoints,(8)(i) Management of outsourcing relating to IT system,JFSA-41,"In selection of outsourcing contractors (including system-related subsidiaries), whether the bank selects after evaluation and consideration based on selection standards. ",Semantic,Superset of,9,10,"GV.SC-01.01: The organization maintains a third-party risk management strategy and program to identify and manage the risks associated with third parties throughout their lifecycles in a timely manner, including in support of sector-critical systems and operations, to ensure alignment within risk appetite.",GOVERN / Supply Chain Risk Management / Supply Chain Risk Management Program,GV.SC-01.01
III-3-7-1 Information Technology (IT) System Risk / III-3-7-1-2 Major Supervisory Viewpoints,(8)(i) Management of outsourcing relating to IT system,JFSA-41,"In selection of outsourcing contractors (including system-related subsidiaries), whether the bank selects after evaluation and consideration based on selection standards. ",Semantic,Superset of,9,10,"GV.SC-09.01: Consideration is specifically given to the implications of organizational third-party dependence, requirements, contracts, and interactions in the design, operation, monitoring, and improvement of policies, procedures, and controls to ensure the fulfillment of business requirements within risk appetite.",GOVERN / Supply Chain Risk Management / Supply Chain Security Practice Integration,GV.SC-09.01
III-3-7-1 Information Technology (IT) System Risk / III-3-7-1-2 Major Supervisory Viewpoints,(8)(i) Management of outsourcing relating to IT system,JFSA-41,"In selection of outsourcing contractors (including system-related subsidiaries), whether the bank selects after evaluation and consideration based on selection standards. ",Semantic,Superset of,9,10,"EX.DD-01.01: Documented procurement plans are developed for initiatives involving elevated business, technical, or cybersecurity risk in order to establish criteria for the evaluation and selection of a supplier, and any special requirements for organizational preparation, supplier due diligence, and contract terms.",EXTEND / Procurement Planning and Due Diligence / Procurement Planning,EX.DD-01.01
III-3-7-1 Information Technology (IT) System Risk / III-3-7-1-2 Major Supervisory Viewpoints,(8)(i) Management of outsourcing relating to IT system,JFSA-41,"In selection of outsourcing contractors (including system-related subsidiaries), whether the bank selects after evaluation and consideration based on selection standards. ",Semantic,Superset of,9,10,"EX.DD-01.02: Procurement plans address the inherent risks of the planned activity, to include the complexity of the endeavor in terms of technology, scope, and novelty, and demonstrate that the potential business and financial benefits outweigh the costs to control the anticipated risks.",EXTEND / Procurement Planning and Due Diligence / Procurement Planning,EX.DD-01.02
III-3-7-1 Information Technology (IT) System Risk / III-3-7-1-2 Major Supervisory Viewpoints,(8)(i) Management of outsourcing relating to IT system,JFSA-41,"In selection of outsourcing contractors (including system-related subsidiaries), whether the bank selects after evaluation and consideration based on selection standards. ",Semantic,Superset of,9,10,"EX.DD-01.03: Procurement plans address expected resource requirements and procedures for ongoing management and monitoring of the selected supplier, contingency plans for supplier non-performance, and specific considerations related to contract termination (e.g., return of data).",EXTEND / Procurement Planning and Due Diligence / Procurement Planning,EX.DD-01.03
III-3-7-1 Information Technology (IT) System Risk / III-3-7-1-2 Major Supervisory Viewpoints,(8)(i) Management of outsourcing relating to IT system,JFSA-41,"In selection of outsourcing contractors (including system-related subsidiaries), whether the bank selects after evaluation and consideration based on selection standards. ",Semantic,Superset of,9,10,"EX.DD-02.01: The organization implements procedures, and allocates sufficient resources with the requisite knowledge and experience, to conduct third party due diligence and risk assessment consistent with the procurement plan and commensurate with level of risk, criticality, and complexity of each third-party relationship.",EXTEND / Procurement Planning and Due Diligence / Prospective Third Party Due Diligence,EX.DD-02.01
III-3-7-1 Information Technology (IT) System Risk / III-3-7-1-2 Major Supervisory Viewpoints,(8)(i) Management of outsourcing relating to IT system,JFSA-41,"In selection of outsourcing contractors (including system-related subsidiaries), whether the bank selects after evaluation and consideration based on selection standards. ",Semantic,Superset of,9,10,"EX.DD-02.02: The organization reviews and evaluates the proposed business arrangement, to include the proposed fee structures, incentives, and penalties, proposed staff resources, viability of proposed approaches, and business terms, to ensure that products or services are being obtained at competitive and reasonable costs and terms.",EXTEND / Procurement Planning and Due Diligence / Prospective Third Party Due Diligence,EX.DD-02.02
III-3-7-1 Information Technology (IT) System Risk / III-3-7-1-2 Major Supervisory Viewpoints,(8)(i) Management of outsourcing relating to IT system,JFSA-41,"In selection of outsourcing contractors (including system-related subsidiaries), whether the bank selects after evaluation and consideration based on selection standards. ",Semantic,Superset of,9,10,"EX.DD-02.03: The organization reviews and evaluates documentation, such as financial statements, independent audit reports, pooled/shared assessments, control test reports, SEC filings, and past and pending litigation, to the extent required to determine a prospective critical third party's soundness as a business and the quality and sustainability of its internal controls.",EXTEND / Procurement Planning and Due Diligence / Prospective Third Party Due Diligence,EX.DD-02.03
III-3-7-1 Information Technology (IT) System Risk / III-3-7-1-2 Major Supervisory Viewpoints,(8)(ii) Management of outsourcing relating to IT system,JFSA-42,"In the outsourcing contract, whether the bank stipulates the division of roles and responsibilities with the outsourcing contractor, audit authority, subcontracting procedures, and level of services provided, etc. Also, whether the bank presents the rules and security requirements to the outsourcing contractor so that its officers and employees comply, and stipulates them in the contract, etc.",Semantic,Superset of,8,8,"GV.RM-05.02: The organization establishes minimum requirements for its third-parties that include how the organizations will communicate and coordinate in times of emergency, including:
1) Joint maintenance of contingency plans;
2) Responsibilities for responding to incidents, including forensic investigations;
3) Planning and testing strategies that address severe events in order to identify single points of failure that would cause wide-scale disruption; and
4) Incorporating the potential impact of an incident into their BCM process and ensure resilience capabilities are in place.",GOVERN / Risk Management Strategy / Lines of Communication,GV.RM-05.02
III-3-7-1 Information Technology (IT) System Risk / III-3-7-1-2 Major Supervisory Viewpoints,(8)(ii) Management of outsourcing relating to IT system,JFSA-42,"In the outsourcing contract, whether the bank stipulates the division of roles and responsibilities with the outsourcing contractor, audit authority, subcontracting procedures, and level of services provided, etc. Also, whether the bank presents the rules and security requirements to the outsourcing contractor so that its officers and employees comply, and stipulates them in the contract, etc.",Semantic,Superset of,8,8,"GV.SC-02.01: The organization clearly defines, and includes in contractual agreements, the division of cybersecurity and technology risk management responsibilities between the organization and its third parties (e.g., a Shared Responsibilities Model).",GOVERN / Supply Chain Risk Management / Third Party Roles & Responsibilities,GV.SC-02.01
III-3-7-1 Information Technology (IT) System Risk / III-3-7-1-2 Major Supervisory Viewpoints,(8)(ii) Management of outsourcing relating to IT system,JFSA-42,"In the outsourcing contract, whether the bank stipulates the division of roles and responsibilities with the outsourcing contractor, audit authority, subcontracting procedures, and level of services provided, etc. Also, whether the bank presents the rules and security requirements to the outsourcing contractor so that its officers and employees comply, and stipulates them in the contract, etc.",Semantic,Superset of,8,8,"EX.CN-01.01: Contracts with suppliers clearly detail the general terms, nature, and scope of the arrangement, to include the distribution of responsibilities between the parties; costs, compensation, reimbursements, incentives, and penalties; service level agreements, performance measures, and benchmarks; responsibilities for providing, receiving, and retaining information; recourse provisions; and the organization's rights to review, monitor, and audit the supplier's activities.",EXTEND / Third-Party Contracts and Agreements / Contract General Requirements,EX.CN-01.01
III-3-7-1 Information Technology (IT) System Risk / III-3-7-1-2 Major Supervisory Viewpoints,(8)(ii) Management of outsourcing relating to IT system,JFSA-42,"In the outsourcing contract, whether the bank stipulates the division of roles and responsibilities with the outsourcing contractor, audit authority, subcontracting procedures, and level of services provided, etc. Also, whether the bank presents the rules and security requirements to the outsourcing contractor so that its officers and employees comply, and stipulates them in the contract, etc.",Semantic,Superset of,8,8,"EX.CN-01.02: Contracts with suppliers address, as relevant to the product or service, the supplier's requirements for managing its own suppliers and partners (fourth parties) and the risks those fourth parties may pose to the third party and to the organization, to include fourth party due diligence, limitations on activities or geography, monitoring, notifications, liability and indemnifications, etc.",EXTEND / Third-Party Contracts and Agreements / Contract General Requirements,EX.CN-01.02
III-3-7-1 Information Technology (IT) System Risk / III-3-7-1-2 Major Supervisory Viewpoints,(8)(ii) Management of outsourcing relating to IT system,JFSA-42,"In the outsourcing contract, whether the bank stipulates the division of roles and responsibilities with the outsourcing contractor, audit authority, subcontracting procedures, and level of services provided, etc. Also, whether the bank presents the rules and security requirements to the outsourcing contractor so that its officers and employees comply, and stipulates them in the contract, etc.",Semantic,Superset of,8,8,"EX.CN-01.03: Contracts with suppliers address, as relevant to the product or service, the implications of foreign-based third or fourth parties, to include the relevance of local laws and regulations, access to facilities and data, limitations on cross-border data transfer, and language and time zone management.",EXTEND / Third-Party Contracts and Agreements / Contract General Requirements,EX.CN-01.03
III-3-7-1 Information Technology (IT) System Risk / III-3-7-1-2 Major Supervisory Viewpoints,(8)(ii) Management of outsourcing relating to IT system,JFSA-42,"In the outsourcing contract, whether the bank stipulates the division of roles and responsibilities with the outsourcing contractor, audit authority, subcontracting procedures, and level of services provided, etc. Also, whether the bank presents the rules and security requirements to the outsourcing contractor so that its officers and employees comply, and stipulates them in the contract, etc.",Semantic,Superset of,8,8,"EX.CN-02.01: The organization's contracts require third-parties to implement minimum technology and cybersecurity management requirements, to maintain those practices for the life of the relationship, and to provide evidence of compliance on an ongoing basis.",EXTEND / Third-Party Contracts and Agreements / Contract Cybersecurity-Related Requirements,EX.CN-02.01
III-3-7-1 Information Technology (IT) System Risk / III-3-7-1-2 Major Supervisory Viewpoints,(8)(iii) Management of outsourcing relating to IT system,JFSA-43,"Whether risk management is carried out properly in outsourced IT system work (including work sub-outsourced).
In particular, where the bank outsources IT system work to multiple contractors, whether the bank has developed a control environment upon fully understanding the situation in which related administrative work becomes more complicated, In cases where the bank outsources IT system administration, whether the bank properly manage the risk thereof in the same manner as outsourcing of IT system work.",Semantic,Superset of,5,7,"GV.RM-01.05: The organization's technology, cybersecurity, resilience, and third-party risk management programs, policies, resources, and priorities are aligned and mutually supporting.",GOVERN / Risk Management Strategy / Risk Management Objectives Agreement,GV.RM-01.05
III-3-7-1 Information Technology (IT) System Risk / III-3-7-1-2 Major Supervisory Viewpoints,(8)(iii) Management of outsourcing relating to IT system,JFSA-43,"Whether risk management is carried out properly in outsourced IT system work (including work sub-outsourced).
In particular, where the bank outsources IT system work to multiple contractors, whether the bank has developed a control environment upon fully understanding the situation in which related administrative work becomes more complicated, In cases where the bank outsources IT system administration, whether the bank properly manage the risk thereof in the same manner as outsourcing of IT system work.",Semantic,Superset of,5,7,"GV.SC-01.01: The organization maintains a third-party risk management strategy and program to identify and manage the risks associated with third parties throughout their lifecycles in a timely manner, including in support of sector-critical systems and operations, to ensure alignment within risk appetite.",GOVERN / Supply Chain Risk Management / Supply Chain Risk Management Program,GV.SC-01.01
III-3-7-1 Information Technology (IT) System Risk / III-3-7-1-2 Major Supervisory Viewpoints,(8)(iii) Management of outsourcing relating to IT system,JFSA-43,"Whether risk management is carried out properly in outsourced IT system work (including work sub-outsourced).
In particular, where the bank outsources IT system work to multiple contractors, whether the bank has developed a control environment upon fully understanding the situation in which related administrative work becomes more complicated, In cases where the bank outsources IT system administration, whether the bank properly manage the risk thereof in the same manner as outsourcing of IT system work.",Semantic,Superset of,7,7,"GV.SC-01.02: The organization regularly assesses the risk of its ongoing use of third parties in aggregate, considering factors such as critical service dependencies, vendor concentration, geographical/geopolitical exposure, fourth-party impacts, and financial sector co-dependencies.",GOVERN / Supply Chain Risk Management / Supply Chain Risk Management Program,GV.SC-01.02
III-3-7-1 Information Technology (IT) System Risk / III-3-7-1-2 Major Supervisory Viewpoints,(8)(iii) Management of outsourcing relating to IT system,JFSA-43,"Whether risk management is carried out properly in outsourced IT system work (including work sub-outsourced).
In particular, where the bank outsources IT system work to multiple contractors, whether the bank has developed a control environment upon fully understanding the situation in which related administrative work becomes more complicated, In cases where the bank outsources IT system administration, whether the bank properly manage the risk thereof in the same manner as outsourcing of IT system work.",Semantic,Superset of,5,7,"GV.SC-03.01: The organization's third-party risk management strategy and program aligns with and supports its enterprise, technology, cybersecurity, and resilience risk management frameworks and programs.",GOVERN / Supply Chain Risk Management / Supply Chain Risk Management Integration,GV.SC-03.01
III-3-7-1 Information Technology (IT) System Risk / III-3-7-1-2 Major Supervisory Viewpoints,(8)(iii) Management of outsourcing relating to IT system,JFSA-43,"Whether risk management is carried out properly in outsourced IT system work (including work sub-outsourced).
In particular, where the bank outsources IT system work to multiple contractors, whether the bank has developed a control environment upon fully understanding the situation in which related administrative work becomes more complicated, In cases where the bank outsources IT system administration, whether the bank properly manage the risk thereof in the same manner as outsourcing of IT system work.",Semantic,Superset of,5,7,"GV.RR-01.02: The governing authority (e.g., the Board or one of its committees) regularly reviews, oversees, and holds senior management accountable for implementing the organization’s third-party risk management strategy and program and for managing the organization's ongoing risks associated with the aggregate and specific use of third parties.","GOVERN / Roles, Responsibilities, and Authorities / Organizational Leadership Responsibility",GV.RR-01.02
III-3-7-1 Information Technology (IT) System Risk / III-3-7-1-2 Major Supervisory Viewpoints,(8)(iii) Management of outsourcing relating to IT system,JFSA-43,"Whether risk management is carried out properly in outsourced IT system work (including work sub-outsourced).
In particular, where the bank outsources IT system work to multiple contractors, whether the bank has developed a control environment upon fully understanding the situation in which related administrative work becomes more complicated, In cases where the bank outsources IT system administration, whether the bank properly manage the risk thereof in the same manner as outsourcing of IT system work.",Functional ,Intersects with,4,7,"ID.IM-01.05: The organization's third-party risk management program is regularly assessed, reported on, and improved.",IDENTIFY / Improvement / Continuous Improvements Evaluation,ID.IM-01.05
III-3-7-1 Information Technology (IT) System Risk / III-3-7-1-2 Major Supervisory Viewpoints,(8)(iii) Management of outsourcing relating to IT system,JFSA-43,"Whether risk management is carried out properly in outsourced IT system work (including work sub-outsourced).
In particular, where the bank outsources IT system work to multiple contractors, whether the bank has developed a control environment upon fully understanding the situation in which related administrative work becomes more complicated, In cases where the bank outsources IT system administration, whether the bank properly manage the risk thereof in the same manner as outsourcing of IT system work.",Semantic,Superset of,5,7,"PR.AA-05.04: Specific roles, responsibilities, and procedures to manage the risk of third-party access to organizational systems and facilities are defined and implemented.","PROTECT / Identity Management, Authentication, and Access Control / Access Authorizations",PR.AA-05.04
III-3-7-1 Information Technology (IT) System Risk / III-3-7-1-2 Major Supervisory Viewpoints,(8)(iii) Management of outsourcing relating to IT system,JFSA-43,"Whether risk management is carried out properly in outsourced IT system work (including work sub-outsourced).
In particular, where the bank outsources IT system work to multiple contractors, whether the bank has developed a control environment upon fully understanding the situation in which related administrative work becomes more complicated, In cases where the bank outsources IT system administration, whether the bank properly manage the risk thereof in the same manner as outsourcing of IT system work.",Semantic,Superset of,7,7,"EX.DD-02.04: The organization reviews and assesses the prospective third party's controls for managing its suppliers and subcontractors (fourth and nth parties), any proposed role fourth and nth parties will play in delivering the products or services, and any specific fourth- and nth-party controls or alternative arrangements the organization may require to protect its interests.",EXTEND / Procurement Planning and Due Diligence / Prospective Third Party Due Diligence,EX.DD-02.04
III-3-7-1 Information Technology (IT) System Risk / III-3-7-1-2 Major Supervisory Viewpoints,(8)(iii) Management of outsourcing relating to IT system,JFSA-43,"Whether risk management is carried out properly in outsourced IT system work (including work sub-outsourced).
In particular, where the bank outsources IT system work to multiple contractors, whether the bank has developed a control environment upon fully understanding the situation in which related administrative work becomes more complicated, In cases where the bank outsources IT system administration, whether the bank properly manage the risk thereof in the same manner as outsourcing of IT system work.",Semantic,Superset of,6,7,"EX.MM-01.01: The organization implements procedures, and allocates sufficient resources with the requisite knowledge and experience, to manage and monitor its third-party relationships to a degree and extent commensurate with the risk each third party poses to the organization and the criticality of the third party's products, services, and/or relationship to the organization.",EXTEND / Monitoring and Managing Suppliers / Ongoing Third-Party Monitoring,EX.MM-01.01
III-3-7-1 Information Technology (IT) System Risk / III-3-7-1-2 Major Supervisory Viewpoints,(8)(iii) Management of outsourcing relating to IT system,JFSA-43,"Whether risk management is carried out properly in outsourced IT system work (including work sub-outsourced).
In particular, where the bank outsources IT system work to multiple contractors, whether the bank has developed a control environment upon fully understanding the situation in which related administrative work becomes more complicated, In cases where the bank outsources IT system administration, whether the bank properly manage the risk thereof in the same manner as outsourcing of IT system work.",Semantic,Superset of,7,7,"EX.MM-01.02: The organization regularly evaluates its third party relationships to determine if changes in the organization's circumstances, objectives, or third party use warrant a change in a third party's risk rating (e.g., a less critical third-party relationship evolves into being a critical relationship).",EXTEND / Monitoring and Managing Suppliers / Ongoing Third-Party Monitoring,EX.MM-01.02
III-3-7-1 Information Technology (IT) System Risk / III-3-7-1-2 Major Supervisory Viewpoints,(8)(iii) Management of outsourcing relating to IT system,JFSA-43,"Whether risk management is carried out properly in outsourced IT system work (including work sub-outsourced).
In particular, where the bank outsources IT system work to multiple contractors, whether the bank has developed a control environment upon fully understanding the situation in which related administrative work becomes more complicated, In cases where the bank outsources IT system administration, whether the bank properly manage the risk thereof in the same manner as outsourcing of IT system work.",Semantic,Superset of,7,7,"EX.MM-01.04: The organization regularly assesses critical third party adherence to service level agreements, product specifications, performance metrics, resource level/skill commitments, and quality expectations; addresses performance issues; and exercises contract penalties or credits as warranted.",EXTEND / Monitoring and Managing Suppliers / Ongoing Third-Party Monitoring,EX.MM-01.04
III-3-7-1 Information Technology (IT) System Risk / III-3-7-1-2 Major Supervisory Viewpoints,(8)(iii) Management of outsourcing relating to IT system,JFSA-43,"Whether risk management is carried out properly in outsourced IT system work (including work sub-outsourced).
In particular, where the bank outsources IT system work to multiple contractors, whether the bank has developed a control environment upon fully understanding the situation in which related administrative work becomes more complicated, In cases where the bank outsources IT system administration, whether the bank properly manage the risk thereof in the same manner as outsourcing of IT system work.",Semantic,Superset of,6,7,"EX.MM-01.05: The organization regularly assesses a critical third party's program and ability to manage its own suppliers and partners (fourth and nth parties) and the risks those fourth and nth parties may pose to the third party and to the organization (e.g., cybersecurity supply chain risk, concentration risk, reputation risk, foreign-party risk, etc.)",EXTEND / Monitoring and Managing Suppliers / Ongoing Third-Party Monitoring,EX.MM-01.05
III-3-7-1 Information Technology (IT) System Risk / III-3-7-1-2 Major Supervisory Viewpoints,(8)(iii) Management of outsourcing relating to IT system,JFSA-43,"Whether risk management is carried out properly in outsourced IT system work (including work sub-outsourced).
In particular, where the bank outsources IT system work to multiple contractors, whether the bank has developed a control environment upon fully understanding the situation in which related administrative work becomes more complicated, In cases where the bank outsources IT system administration, whether the bank properly manage the risk thereof in the same manner as outsourcing of IT system work.",Semantic,Superset of,6,7,"EX.MM-01.06: The organization regularly reviews the foreign-based operations and activities of a critical third party, or its critical fourth parties, to confirm contract controls are maintained and compliance requirements are managed.",EXTEND / Monitoring and Managing Suppliers / Ongoing Third-Party Monitoring,EX.MM-01.06
III-3-7-1 Information Technology (IT) System Risk / III-3-7-1-2 Major Supervisory Viewpoints,(8)(iv) Management of outsourcing relating to IT system,JFSA-44,"Whether the bank, as an entrustor, periodically conducts monitoring to ensure that outsourced work (including further sub-outsourced work) is carried out appropriately.
Also, whether the bank takes necessary measures not to leave everything to contractors by, for example, deploying its staff as an entrustor at a contractor office, etc. In particular, whether the bank receives reports on the status of internal management, and development and operation of the shared system center. Also, for developing a shared system, etc., whether a control environment is in place that allows the bank, as an entrustor, to monitor and track the status of customer data being processed at outsourcing contractors.",Semantic,Superset of,7,7,"GV.SC-09.01: Consideration is specifically given to the implications of organizational third-party dependence, requirements, contracts, and interactions in the design, operation, monitoring, and improvement of policies, procedures, and controls to ensure the fulfillment of business requirements within risk appetite.",GOVERN / Supply Chain Risk Management / Supply Chain Security Practice Integration,GV.SC-09.01
III-3-7-1 Information Technology (IT) System Risk / III-3-7-1-2 Major Supervisory Viewpoints,(8)(iv) Management of outsourcing relating to IT system,JFSA-44,"Whether the bank, as an entrustor, periodically conducts monitoring to ensure that outsourced work (including further sub-outsourced work) is carried out appropriately.
Also, whether the bank takes necessary measures not to leave everything to contractors by, for example, deploying its staff as an entrustor at a contractor office, etc. In particular, whether the bank receives reports on the status of internal management, and development and operation of the shared system center. Also, for developing a shared system, etc., whether a control environment is in place that allows the bank, as an entrustor, to monitor and track the status of customer data being processed at outsourcing contractors.",Semantic,Superset of,7,7,"PR.AA-05.04: Specific roles, responsibilities, and procedures to manage the risk of third-party access to organizational systems and facilities are defined and implemented.","PROTECT / Identity Management, Authentication, and Access Control / Access Authorizations",PR.AA-05.04
III-3-7-1 Information Technology (IT) System Risk / III-3-7-1-2 Major Supervisory Viewpoints,(8)(iv) Management of outsourcing relating to IT system,JFSA-44,"Whether the bank, as an entrustor, periodically conducts monitoring to ensure that outsourced work (including further sub-outsourced work) is carried out appropriately.
Also, whether the bank takes necessary measures not to leave everything to contractors by, for example, deploying its staff as an entrustor at a contractor office, etc. In particular, whether the bank receives reports on the status of internal management, and development and operation of the shared system center. Also, for developing a shared system, etc., whether a control environment is in place that allows the bank, as an entrustor, to monitor and track the status of customer data being processed at outsourcing contractors.",Functional ,Intersects with,5,7,"DE.CM-06.01: The organization reviews, documents, authorizes, and monitors all third-party connections, data transfer mechanisms, and Application Programming Interfaces (APIs).",DETECT / Continuous Monitoring / Service Provider Monitoring,DE.CM-06.01
III-3-7-1 Information Technology (IT) System Risk / III-3-7-1-2 Major Supervisory Viewpoints,(8)(iv) Management of outsourcing relating to IT system,JFSA-44,"Whether the bank, as an entrustor, periodically conducts monitoring to ensure that outsourced work (including further sub-outsourced work) is carried out appropriately.
Also, whether the bank takes necessary measures not to leave everything to contractors by, for example, deploying its staff as an entrustor at a contractor office, etc. In particular, whether the bank receives reports on the status of internal management, and development and operation of the shared system center. Also, for developing a shared system, etc., whether a control environment is in place that allows the bank, as an entrustor, to monitor and track the status of customer data being processed at outsourcing contractors.",Functional ,Intersects with,3,7,DE.CM-06.02: The organization implements an explicit approval and logging process and sets up automated alerts to monitor and prevent any unauthorized access to a critical system by a third-party service provider.,DETECT / Continuous Monitoring / Service Provider Monitoring,DE.CM-06.02
III-3-7-1 Information Technology (IT) System Risk / III-3-7-1-2 Major Supervisory Viewpoints,(8)(iv) Management of outsourcing relating to IT system,JFSA-44,"Whether the bank, as an entrustor, periodically conducts monitoring to ensure that outsourced work (including further sub-outsourced work) is carried out appropriately.
Also, whether the bank takes necessary measures not to leave everything to contractors by, for example, deploying its staff as an entrustor at a contractor office, etc. In particular, whether the bank receives reports on the status of internal management, and development and operation of the shared system center. Also, for developing a shared system, etc., whether a control environment is in place that allows the bank, as an entrustor, to monitor and track the status of customer data being processed at outsourcing contractors.",Semantic,Superset of,7,7,"EX.DD-01.03: Procurement plans address expected resource requirements and procedures for ongoing management and monitoring of the selected supplier, contingency plans for supplier non-performance, and specific considerations related to contract termination (e.g., return of data).",EXTEND / Procurement Planning and Due Diligence / Procurement Planning,EX.DD-01.03
III-3-7-1 Information Technology (IT) System Risk / III-3-7-1-2 Major Supervisory Viewpoints,(8)(iv) Management of outsourcing relating to IT system,JFSA-44,"Whether the bank, as an entrustor, periodically conducts monitoring to ensure that outsourced work (including further sub-outsourced work) is carried out appropriately.
Also, whether the bank takes necessary measures not to leave everything to contractors by, for example, deploying its staff as an entrustor at a contractor office, etc. In particular, whether the bank receives reports on the status of internal management, and development and operation of the shared system center. Also, for developing a shared system, etc., whether a control environment is in place that allows the bank, as an entrustor, to monitor and track the status of customer data being processed at outsourcing contractors.",Semantic,Superset of,7,7,"EX.CN-01.01: Contracts with suppliers clearly detail the general terms, nature, and scope of the arrangement, to include the distribution of responsibilities between the parties; costs, compensation, reimbursements, incentives, and penalties; service level agreements, performance measures, and benchmarks; responsibilities for providing, receiving, and retaining information; recourse provisions; and the organization's rights to review, monitor, and audit the supplier's activities.",EXTEND / Third-Party Contracts and Agreements / Contract General Requirements,EX.CN-01.01
III-3-7-1 Information Technology (IT) System Risk / III-3-7-1-2 Major Supervisory Viewpoints,(8)(iv) Management of outsourcing relating to IT system,JFSA-44,"Whether the bank, as an entrustor, periodically conducts monitoring to ensure that outsourced work (including further sub-outsourced work) is carried out appropriately.
Also, whether the bank takes necessary measures not to leave everything to contractors by, for example, deploying its staff as an entrustor at a contractor office, etc. In particular, whether the bank receives reports on the status of internal management, and development and operation of the shared system center. Also, for developing a shared system, etc., whether a control environment is in place that allows the bank, as an entrustor, to monitor and track the status of customer data being processed at outsourcing contractors.",Semantic,Superset of,7,7,"EX.MM-01.01: The organization implements procedures, and allocates sufficient resources with the requisite knowledge and experience, to manage and monitor its third-party relationships to a degree and extent commensurate with the risk each third party poses to the organization and the criticality of the third party's products, services, and/or relationship to the organization.",EXTEND / Monitoring and Managing Suppliers / Ongoing Third-Party Monitoring,EX.MM-01.01
III-3-7-1 Information Technology (IT) System Risk / III-3-7-1-2 Major Supervisory Viewpoints,(8)(iv) Management of outsourcing relating to IT system,JFSA-44,"Whether the bank, as an entrustor, periodically conducts monitoring to ensure that outsourced work (including further sub-outsourced work) is carried out appropriately.
Also, whether the bank takes necessary measures not to leave everything to contractors by, for example, deploying its staff as an entrustor at a contractor office, etc. In particular, whether the bank receives reports on the status of internal management, and development and operation of the shared system center. Also, for developing a shared system, etc., whether a control environment is in place that allows the bank, as an entrustor, to monitor and track the status of customer data being processed at outsourcing contractors.",Functional ,Intersects with,5,7,"EX.MM-01.03: The organization monitors for and regularly evaluates changes in a critical third party's business posture that could pose adverse risk to the organization (e.g., financial condition, reputation, adverse news, compliance/regulatory issues, key personnel, business relationships, consumer complaints, etc.)",EXTEND / Monitoring and Managing Suppliers / Ongoing Third-Party Monitoring,EX.MM-01.03
III-3-7-1 Information Technology (IT) System Risk / III-3-7-1-2 Major Supervisory Viewpoints,(8)(v) Management of outsourcing relating to IT system,JFSA-45,"Whether the bank conducts audits on its important outsourcing contractors such as the shared system center by its internal audit division or IT system auditors, etc.
Note: The abovementioned items would apply to cases where the bank uses an external service such as integrated ATM switching service.",Functional ,Superset of,6,7,"EX.DD-02.01: The organization implements procedures, and allocates sufficient resources with the requisite knowledge and experience, to conduct third party due diligence and risk assessment consistent with the procurement plan and commensurate with level of risk, criticality, and complexity of each third-party relationship.",EXTEND / Procurement Planning and Due Diligence / Prospective Third Party Due Diligence,EX.DD-02.01
III-3-7-1 Information Technology (IT) System Risk / III-3-7-1-2 Major Supervisory Viewpoints,(8)(v) Management of outsourcing relating to IT system,JFSA-45,"Whether the bank conducts audits on its important outsourcing contractors such as the shared system center by its internal audit division or IT system auditors, etc.
Note: The abovementioned items would apply to cases where the bank uses an external service such as integrated ATM switching service.",Functional ,Intersects with,4,7,"EX.DD-02.03: The organization reviews and evaluates documentation, such as financial statements, independent audit reports, pooled/shared assessments, control test reports, SEC filings, and past and pending litigation, to the extent required to determine a prospective critical third party's soundness as a business and the quality and sustainability of its internal controls.",EXTEND / Procurement Planning and Due Diligence / Prospective Third Party Due Diligence,EX.DD-02.03
III-3-7-1 Information Technology (IT) System Risk / III-3-7-1-2 Major Supervisory Viewpoints,(8)(v) Management of outsourcing relating to IT system,JFSA-45,"Whether the bank conducts audits on its important outsourcing contractors such as the shared system center by its internal audit division or IT system auditors, etc.
Note: The abovementioned items would apply to cases where the bank uses an external service such as integrated ATM switching service.",Functional ,Superset of,6,7,"EX.CN-01.01: Contracts with suppliers clearly detail the general terms, nature, and scope of the arrangement, to include the distribution of responsibilities between the parties; costs, compensation, reimbursements, incentives, and penalties; service level agreements, performance measures, and benchmarks; responsibilities for providing, receiving, and retaining information; recourse provisions; and the organization's rights to review, monitor, and audit the supplier's activities.",EXTEND / Third-Party Contracts and Agreements / Contract General Requirements,EX.CN-01.01
III-3-7-1 Information Technology (IT) System Risk / III-3-7-1-2 Major Supervisory Viewpoints,(8)(v) Management of outsourcing relating to IT system,JFSA-45,"Whether the bank conducts audits on its important outsourcing contractors such as the shared system center by its internal audit division or IT system auditors, etc.
Note: The abovementioned items would apply to cases where the bank uses an external service such as integrated ATM switching service.",Functional ,Superset of,6,7,"EX.MM-01.01: The organization implements procedures, and allocates sufficient resources with the requisite knowledge and experience, to manage and monitor its third-party relationships to a degree and extent commensurate with the risk each third party poses to the organization and the criticality of the third party's products, services, and/or relationship to the organization.",EXTEND / Monitoring and Managing Suppliers / Ongoing Third-Party Monitoring,EX.MM-01.01
III-3-7-1 Information Technology (IT) System Risk / III-3-7-1-2 Major Supervisory Viewpoints,(8)(v) Management of outsourcing relating to IT system,JFSA-45,"Whether the bank conducts audits on its important outsourcing contractors such as the shared system center by its internal audit division or IT system auditors, etc.
Note: The abovementioned items would apply to cases where the bank uses an external service such as integrated ATM switching service.",Functional ,Superset of,6,7,"EX.MM-01.03: The organization monitors for and regularly evaluates changes in a critical third party's business posture that could pose adverse risk to the organization (e.g., financial condition, reputation, adverse news, compliance/regulatory issues, key personnel, business relationships, consumer complaints, etc.)",EXTEND / Monitoring and Managing Suppliers / Ongoing Third-Party Monitoring,EX.MM-01.03
III-3-7-1 Information Technology (IT) System Risk / III-3-7-1-2 Major Supervisory Viewpoints,(8)(v) Management of outsourcing relating to IT system,JFSA-45,"Whether the bank conducts audits on its important outsourcing contractors such as the shared system center by its internal audit division or IT system auditors, etc.
Note: The abovementioned items would apply to cases where the bank uses an external service such as integrated ATM switching service.",Functional ,Superset of,6,7,"EX.MM-01.04: The organization regularly assesses critical third party adherence to service level agreements, product specifications, performance metrics, resource level/skill commitments, and quality expectations; addresses performance issues; and exercises contract penalties or credits as warranted.",EXTEND / Monitoring and Managing Suppliers / Ongoing Third-Party Monitoring,EX.MM-01.04
III-3-7-1 Information Technology (IT) System Risk / III-3-7-1-2 Major Supervisory Viewpoints,(8)(v) Management of outsourcing relating to IT system,JFSA-45,"Whether the bank conducts audits on its important outsourcing contractors such as the shared system center by its internal audit division or IT system auditors, etc.
Note: The abovementioned items would apply to cases where the bank uses an external service such as integrated ATM switching service.",Functional ,Superset of,6,7,"EX.MM-01.05: The organization regularly assesses a critical third party's program and ability to manage its own suppliers and partners (fourth and nth parties) and the risks those fourth and nth parties may pose to the third party and to the organization (e.g., cybersecurity supply chain risk, concentration risk, reputation risk, foreign-party risk, etc.)",EXTEND / Monitoring and Managing Suppliers / Ongoing Third-Party Monitoring,EX.MM-01.05
III-3-7-1 Information Technology (IT) System Risk / III-3-7-1-2 Major Supervisory Viewpoints,(9)(i) Contingency plan,JFSA-46,Whether the bank has developed a contingency plan and established arrangements and procedures for emergency situations.,Semantic,Superset of,9,10,"GV.RM-05.02: The organization establishes minimum requirements for its third-parties that include how the organizations will communicate and coordinate in times of emergency, including:
1) Joint maintenance of contingency plans;
2) Responsibilities for responding to incidents, including forensic investigations;
3) Planning and testing strategies that address severe events in order to identify single points of failure that would cause wide-scale disruption; and
4) Incorporating the potential impact of an incident into their BCM process and ensure resilience capabilities are in place.",GOVERN / Risk Management Strategy / Lines of Communication,GV.RM-05.02
III-3-7-1 Information Technology (IT) System Risk / III-3-7-1-2 Major Supervisory Viewpoints,(9)(i) Contingency plan,JFSA-46,Whether the bank has developed a contingency plan and established arrangements and procedures for emergency situations.,Semantic,Superset of,8,10,"GV.RM-09.01: The organization has an enterprise-wide resilience strategy and program, including architecture, cyber resilience, business continuity, disaster recovery, and incident response, which support its mission, stakeholder obligations, critical infrastructure role, and risk appetite.",GOVERN / Risk Management Strategy  / Business Continuity & Resilience Risk Management,GV.RM-09.01
III-3-7-1 Information Technology (IT) System Risk / III-3-7-1-2 Major Supervisory Viewpoints,(9)(i) Contingency plan,JFSA-46,Whether the bank has developed a contingency plan and established arrangements and procedures for emergency situations.,Semantic,Superset of,9,10,"GV.RM-09.02: The resilience program ensures that the organization can continue operating critical business functions and deliver services to stakeholders, to include critical infrastructure partners, during adverse incidents and cyber attacks (e.g., propagation of malware or extended system outages).",GOVERN / Risk Management Strategy  / Business Continuity & Resilience Risk Management,GV.RM-09.02
III-3-7-1 Information Technology (IT) System Risk / III-3-7-1-2 Major Supervisory Viewpoints,(9)(i) Contingency plan,JFSA-46,Whether the bank has developed a contingency plan and established arrangements and procedures for emergency situations.,Semantic,Superset of,7,10,"GV.SC-08.01: The organization's resilience strategy, plans, tests, and exercises incorporate its external dependencies and critical business partners.",GOVERN / Supply Chain Risk Management / Third Party Incident Management Integration,GV.SC-08.01
III-3-7-1 Information Technology (IT) System Risk / III-3-7-1-2 Major Supervisory Viewpoints,(9)(i) Contingency plan,JFSA-46,Whether the bank has developed a contingency plan and established arrangements and procedures for emergency situations.,Semantic,Superset of,9,10,"ID.IM-04.01: The organization's business continuity, disaster recovery, crisis management, and response plans are in place and managed, aligned with each other, and incorporate considerations of cyber incidents.",IDENTIFY / Improvement / Plans Affecting Operations,ID.IM-04.01
III-3-7-1 Information Technology (IT) System Risk / III-3-7-1-2 Major Supervisory Viewpoints,(9)(i) Contingency plan,JFSA-46,Whether the bank has developed a contingency plan and established arrangements and procedures for emergency situations.,Semantic,Superset of,8,10,"ID.IM-04.02: The organization's incident response and business continuity plans contain clearly defined roles, responsibilities, and levels of decision-making authority, and include all needed areas of participation and expertise across the organization and key third-parties.",IDENTIFY / Improvement / Plans Affecting Operations,ID.IM-04.02
III-3-7-1 Information Technology (IT) System Risk / III-3-7-1-2 Major Supervisory Viewpoints,(9)(i) Contingency plan,JFSA-46,Whether the bank has developed a contingency plan and established arrangements and procedures for emergency situations.,Semantic,Superset of,8,10,"ID.IM-04.03: Recovery plans include service resumption steps for all operating environments, including traditional, alternate recovery, and highly available (e.g., cloud) infrastructures.",IDENTIFY / Improvement / Plans Affecting Operations,ID.IM-04.03
III-3-7-1 Information Technology (IT) System Risk / III-3-7-1-2 Major Supervisory Viewpoints,(9)(i) Contingency plan,JFSA-46,Whether the bank has developed a contingency plan and established arrangements and procedures for emergency situations.,Semantic,Superset of,8,10,"ID.IM-04.04: The organization has plans to identify, in a timely manner, the status of all transactions and member positions at the time of a disruption, supported by corresponding recovery point objectives.",IDENTIFY / Improvement / Plans Affecting Operations,ID.IM-04.04
III-3-7-1 Information Technology (IT) System Risk / III-3-7-1-2 Major Supervisory Viewpoints,(9)(i) Contingency plan,JFSA-46,Whether the bank has developed a contingency plan and established arrangements and procedures for emergency situations.,Semantic,Superset of,9,10,"ID.IM-04.05: Recovery plans include restoration of resilience following a long term loss of capability (e.g., at an alternate site or a third-party), detailing when the plan should be activated and implementation steps.",IDENTIFY / Improvement / Plans Affecting Operations,ID.IM-04.05
III-3-7-1 Information Technology (IT) System Risk / III-3-7-1-2 Major Supervisory Viewpoints,(9)(i) Contingency plan,JFSA-46,Whether the bank has developed a contingency plan and established arrangements and procedures for emergency situations.,Semantic,Superset of,9,10,"ID.IM-04.07: The organization pre-identifies, pre-qualifies, and retains third party incident management support and forensic service firms, as required, that can be called upon to quickly assist with incident response, investigation, and recovery.",IDENTIFY / Improvement / Plans Affecting Operations,ID.IM-04.07
III-3-7-1 Information Technology (IT) System Risk / III-3-7-1-2 Major Supervisory Viewpoints,(9)(i) Contingency plan,JFSA-46,Whether the bank has developed a contingency plan and established arrangements and procedures for emergency situations.,Semantic,Superset of,8,10,"RS.MA-01.01: The organization's response plans are in place and executed during or after an incident, to include coordination with relevant third parties and engagement of third-party incident support services.",RESPOND / Incident Management / Response Plan Execution,RS.MA-01.01
III-3-7-1 Information Technology (IT) System Risk / III-3-7-1-2 Major Supervisory Viewpoints,(9)(i) Contingency plan,JFSA-46,Whether the bank has developed a contingency plan and established arrangements and procedures for emergency situations.,Semantic,Superset of,9,10,"RS.MI-01.01: The organization has established processes to implement vulnerability mitigation plans, involve third-party partners and outside expertise as needed, and contain incidents in a timely manner.",RESPOND / Incident Mitigation / Incident Containment,RS.MI-01.01
III-3-7-1 Information Technology (IT) System Risk / III-3-7-1-2 Major Supervisory Viewpoints,(9)(ii) Contingency plan,JFSA-47,"When developing a contingency plan, whether its content is based on information that could be judged at an objective level (e.g., ""Manual for the Development of Contingency Plans in Financial Institutions (Plans for Measures in the Event of Emergencies)"" compiled by the Center for Financial Industry Information Systems).",Functional ,Intersects with,5,6,"GV.OC-05.03: The organization defines objectives (e.g., Recovery Time Objective, Maximum Tolerable Downtime, Impact Tolerance) for the resumption of critical operations in alignment with business imperatives, stakeholder obligations, and critical infrastructure dependencies.",GOVERN / Organizational Context / Organizational Service Dependencies,GV.OC-05.03
III-3-7-1 Information Technology (IT) System Risk / III-3-7-1-2 Major Supervisory Viewpoints,(9)(ii) Contingency plan,JFSA-47,"When developing a contingency plan, whether its content is based on information that could be judged at an objective level (e.g., ""Manual for the Development of Contingency Plans in Financial Institutions (Plans for Measures in the Event of Emergencies)"" compiled by the Center for Financial Industry Information Systems).",Functional ,Intersects with,6,6,"GV.RM-08.03: The organization defines, maintains, and uses technical security standards, architectures, processes or practices (including automated tools when practical) to ensure the security of its applications and infrastructure.",GOVERN / Risk Management Strategy  / Technology Assimilation & Implementations,GV.RM-08.03
III-3-7-1 Information Technology (IT) System Risk / III-3-7-1-2 Major Supervisory Viewpoints,(9)(ii) Contingency plan,JFSA-47,"When developing a contingency plan, whether its content is based on information that could be judged at an objective level (e.g., ""Manual for the Development of Contingency Plans in Financial Institutions (Plans for Measures in the Event of Emergencies)"" compiled by the Center for Financial Industry Information Systems).",Functional ,Intersects with,5,6,"GV.RM-09.01: The organization has an enterprise-wide resilience strategy and program, including architecture, cyber resilience, business continuity, disaster recovery, and incident response, which support its mission, stakeholder obligations, critical infrastructure role, and risk appetite.",GOVERN / Risk Management Strategy  / Business Continuity & Resilience Risk Management,GV.RM-09.01
III-3-7-1 Information Technology (IT) System Risk / III-3-7-1-2 Major Supervisory Viewpoints,(9)(ii) Contingency plan,JFSA-47,"When developing a contingency plan, whether its content is based on information that could be judged at an objective level (e.g., ""Manual for the Development of Contingency Plans in Financial Institutions (Plans for Measures in the Event of Emergencies)"" compiled by the Center for Financial Industry Information Systems).",Functional ,Intersects with,6,6,"GV.RM-09.02: The resilience program ensures that the organization can continue operating critical business functions and deliver services to stakeholders, to include critical infrastructure partners, during adverse incidents and cyber attacks (e.g., propagation of malware or extended system outages).",GOVERN / Risk Management Strategy  / Business Continuity & Resilience Risk Management,GV.RM-09.02
III-3-7-1 Information Technology (IT) System Risk / III-3-7-1-2 Major Supervisory Viewpoints,(9)(ii) Contingency plan,JFSA-47,"When developing a contingency plan, whether its content is based on information that could be judged at an objective level (e.g., ""Manual for the Development of Contingency Plans in Financial Institutions (Plans for Measures in the Event of Emergencies)"" compiled by the Center for Financial Industry Information Systems).",Functional ,Intersects with,6,6,"ID.IM-04.08: The organization regularly reviews response strategy, incident management plans, recovery plans, and associated tests and exercises and updates them, as necessary, based on:
(1) Lessons learned from incidents that have occurred (both internal and external to the organization);
(2) Current cyber threat intelligence (both internal and external sources);
(3) Recent and wide-scale cyber attack scenarios;
(4) Operationally and technically plausible future cyber attacks;
(5) Organizational or technical environment changes; and,
(6) New technological developments.",IDENTIFY / Improvement / Plans Affecting Operations,ID.IM-04.08
III-3-7-1 Information Technology (IT) System Risk / III-3-7-1-2 Major Supervisory Viewpoints,(9)(iii) Contingency plan,JFSA-48,"When developing a contingency plan, whether the bank assumes not only contingencies due to natural disasters but also system failures due to internal or external factors.
Also, whether the bank assumes sufficient risk scenarios, such as a case of major delay in batch processing.",Functional ,Intersects with,6,7,"GV.OC-05.01: The organization identifies, assesses, and documents the key dependencies, interdependencies, and potential points of failure to support the delivery of critical services (e.g., systems, business processes, workforce, third parties, facilities, etc.)",GOVERN / Organizational Context / Organizational Service Dependencies,GV.OC-05.01
III-3-7-1 Information Technology (IT) System Risk / III-3-7-1-2 Major Supervisory Viewpoints,(9)(iii) Contingency plan,JFSA-48,"When developing a contingency plan, whether the bank assumes not only contingencies due to natural disasters but also system failures due to internal or external factors.
Also, whether the bank assumes sufficient risk scenarios, such as a case of major delay in batch processing.",Functional ,Intersects with,3,7,"ID.RA-03.02: The organization solicits and considers threat intelligence received from the organization's stakeholders, service and utility providers, and other industry and security organizations.",IDENTIFY / Risk Assessment / Threat Identification,ID.RA-03.02
III-3-7-1 Information Technology (IT) System Risk / III-3-7-1-2 Major Supervisory Viewpoints,(9)(iii) Contingency plan,JFSA-48,"When developing a contingency plan, whether the bank assumes not only contingencies due to natural disasters but also system failures due to internal or external factors.
Also, whether the bank assumes sufficient risk scenarios, such as a case of major delay in batch processing.",Functional ,Intersects with,7,7,"ID.RA-05.04: The organization uses scenario planning, table-top-exercises, or similar event analysis techniques to identify vulnerabilities and determine potential impacts to critical infrastructure, technology, and business processes.",IDENTIFY / Risk Assessment / Risk Exposure Determination & Prioritization,ID.RA-05.04
III-3-7-1 Information Technology (IT) System Risk / III-3-7-1-2 Major Supervisory Viewpoints,(9)(iii) Contingency plan,JFSA-48,"When developing a contingency plan, whether the bank assumes not only contingencies due to natural disasters but also system failures due to internal or external factors.
Also, whether the bank assumes sufficient risk scenarios, such as a case of major delay in batch processing.",Functional ,Intersects with,7,7,"ID.IM-02.05: The organization establishes testing programs that include a range of scenarios, including severe but plausible scenarios (e.g., disruptive, destructive, corruptive), that could affect the organization's ability to service internal and external stakeholders.",IDENTIFY / Improvement / Tests & Exercises,ID.IM-02.05
III-3-7-1 Information Technology (IT) System Risk / III-3-7-1-2 Major Supervisory Viewpoints,(9)(iii) Contingency plan,JFSA-48,"When developing a contingency plan, whether the bank assumes not only contingencies due to natural disasters but also system failures due to internal or external factors.
Also, whether the bank assumes sufficient risk scenarios, such as a case of major delay in batch processing.",Functional ,Intersects with,5,7,"ID.IM-04.08: The organization regularly reviews response strategy, incident management plans, recovery plans, and associated tests and exercises and updates them, as necessary, based on:
(1) Lessons learned from incidents that have occurred (both internal and external to the organization);
(2) Current cyber threat intelligence (both internal and external sources);
(3) Recent and wide-scale cyber attack scenarios;
(4) Operationally and technically plausible future cyber attacks;
(5) Organizational or technical environment changes; and,
(6) New technological developments.",IDENTIFY / Improvement / Plans Affecting Operations,ID.IM-04.08
III-3-7-1 Information Technology (IT) System Risk / III-3-7-1-2 Major Supervisory Viewpoints,(9)(iv) Contingency plan,JFSA-49,"Whether the bank reviews assumed scenarios in its contingency plan by, for example, taking into consideration case studies of system failures at other financial institutions and results of deliberations at the Central Disaster Management Council, etc.",Functional ,Intersects with,5,7,"GV.OC-05.01: The organization identifies, assesses, and documents the key dependencies, interdependencies, and potential points of failure to support the delivery of critical services (e.g., systems, business processes, workforce, third parties, facilities, etc.)",GOVERN / Organizational Context / Organizational Service Dependencies,GV.OC-05.01
III-3-7-1 Information Technology (IT) System Risk / III-3-7-1-2 Major Supervisory Viewpoints,(9)(iv) Contingency plan,JFSA-49,"Whether the bank reviews assumed scenarios in its contingency plan by, for example, taking into consideration case studies of system failures at other financial institutions and results of deliberations at the Central Disaster Management Council, etc.",Functional ,Intersects with,5,7,"ID.RA-02.01: The organization participates actively (in alignment with its business operations, inherent risk, and complexity) in information-sharing groups and collectives (e.g., cross-industry, cross-government and cross-border groups) to gather, distribute and analyze information about cyber practices, cyber threats, and early warning indicators relating to cyber threats.",IDENTIFY / Risk Assessment / Information Sharing Forums,ID.RA-02.01
III-3-7-1 Information Technology (IT) System Risk / III-3-7-1-2 Major Supervisory Viewpoints,(9)(iv) Contingency plan,JFSA-49,"Whether the bank reviews assumed scenarios in its contingency plan by, for example, taking into consideration case studies of system failures at other financial institutions and results of deliberations at the Central Disaster Management Council, etc.",Functional ,Intersects with,6,7,ID.RA-02.02: The organization shares authorized information on its cyber resilience framework and the effectiveness of protection technologies bilaterally with trusted external stakeholders to promote the understanding of each party’s approach to securing systems.,IDENTIFY / Risk Assessment / Information Sharing Forums,ID.RA-02.02
III-3-7-1 Information Technology (IT) System Risk / III-3-7-1-2 Major Supervisory Viewpoints,(9)(iv) Contingency plan,JFSA-49,"Whether the bank reviews assumed scenarios in its contingency plan by, for example, taking into consideration case studies of system failures at other financial institutions and results of deliberations at the Central Disaster Management Council, etc.",Functional ,Intersects with,5,7,"ID.RA-03.01: The organization, on an ongoing basis, identifies, analyzes, correlates, characterizes, and reports threats that are internal and external to the firm.",IDENTIFY / Risk Assessment / Threat Identification,ID.RA-03.01
III-3-7-1 Information Technology (IT) System Risk / III-3-7-1-2 Major Supervisory Viewpoints,(9)(iv) Contingency plan,JFSA-49,"Whether the bank reviews assumed scenarios in its contingency plan by, for example, taking into consideration case studies of system failures at other financial institutions and results of deliberations at the Central Disaster Management Council, etc.",Functional ,Intersects with,7,7,"ID.RA-03.02: The organization solicits and considers threat intelligence received from the organization's stakeholders, service and utility providers, and other industry and security organizations.",IDENTIFY / Risk Assessment / Threat Identification,ID.RA-03.02
III-3-7-1 Information Technology (IT) System Risk / III-3-7-1-2 Major Supervisory Viewpoints,(9)(iv) Contingency plan,JFSA-49,"Whether the bank reviews assumed scenarios in its contingency plan by, for example, taking into consideration case studies of system failures at other financial institutions and results of deliberations at the Central Disaster Management Council, etc.",Functional ,Intersects with,7,7,"ID.RA-03.03: The organization includes in its threat analysis those cyber threats which could trigger extreme but plausible cyber events, even if they are considered unlikely to occur or have never occurred in the past.",IDENTIFY / Risk Assessment / Threat Identification,ID.RA-03.03
III-3-7-1 Information Technology (IT) System Risk / III-3-7-1-2 Major Supervisory Viewpoints,(9)(iv) Contingency plan,JFSA-49,"Whether the bank reviews assumed scenarios in its contingency plan by, for example, taking into consideration case studies of system failures at other financial institutions and results of deliberations at the Central Disaster Management Council, etc.",Functional ,Intersects with,6,7,"ID.RA-03.04: The organization regularly reviews and updates its threat analysis methodology, threat information sources, and supporting tools.",IDENTIFY / Risk Assessment / Threat Identification,ID.RA-03.04
III-3-7-1 Information Technology (IT) System Risk / III-3-7-1-2 Major Supervisory Viewpoints,(9)(iv) Contingency plan,JFSA-49,"Whether the bank reviews assumed scenarios in its contingency plan by, for example, taking into consideration case studies of system failures at other financial institutions and results of deliberations at the Central Disaster Management Council, etc.",Functional ,Intersects with,5,7,"ID.RA-05.04: The organization uses scenario planning, table-top-exercises, or similar event analysis techniques to identify vulnerabilities and determine potential impacts to critical infrastructure, technology, and business processes.",IDENTIFY / Risk Assessment / Risk Exposure Determination & Prioritization,ID.RA-05.04
III-3-7-1 Information Technology (IT) System Risk / III-3-7-1-2 Major Supervisory Viewpoints,(9)(iv) Contingency plan,JFSA-49,"Whether the bank reviews assumed scenarios in its contingency plan by, for example, taking into consideration case studies of system failures at other financial institutions and results of deliberations at the Central Disaster Management Council, etc.",Functional ,Intersects with,5,7,"ID.RA-08.01: The organization has established enterprise processes for soliciting, receiving and appropriately channeling vulnerability disclosures from:
(1) Public sources (e.g., customers and security researchers);
(2) Vulnerability sharing forums (e.g., FS-ISAC); and
(3) Third-parties (e.g., cloud vendors);
(4) Internal sources (e.g., development teams).",IDENTIFY / Risk Assessment / Vulnerability Disclosure Response,ID.RA-08.01
III-3-7-1 Information Technology (IT) System Risk / III-3-7-1-2 Major Supervisory Viewpoints,(9)(iv) Contingency plan,JFSA-49,"Whether the bank reviews assumed scenarios in its contingency plan by, for example, taking into consideration case studies of system failures at other financial institutions and results of deliberations at the Central Disaster Management Council, etc.",Functional ,Intersects with,5,7,"ID.IM-02.05: The organization establishes testing programs that include a range of scenarios, including severe but plausible scenarios (e.g., disruptive, destructive, corruptive), that could affect the organization's ability to service internal and external stakeholders.",IDENTIFY / Improvement / Tests & Exercises,ID.IM-02.05
III-3-7-1 Information Technology (IT) System Risk / III-3-7-1-2 Major Supervisory Viewpoints,(9)(iv) Contingency plan,JFSA-49,"Whether the bank reviews assumed scenarios in its contingency plan by, for example, taking into consideration case studies of system failures at other financial institutions and results of deliberations at the Central Disaster Management Council, etc.",Functional ,Intersects with,5,7,"ID.IM-04.08: The organization regularly reviews response strategy, incident management plans, recovery plans, and associated tests and exercises and updates them, as necessary, based on:
(1) Lessons learned from incidents that have occurred (both internal and external to the organization);
(2) Current cyber threat intelligence (both internal and external sources);
(3) Recent and wide-scale cyber attack scenarios;
(4) Operationally and technically plausible future cyber attacks;
(5) Organizational or technical environment changes; and,
(6) New technological developments.",IDENTIFY / Improvement / Plans Affecting Operations,ID.IM-04.08
III-3-7-1 Information Technology (IT) System Risk / III-3-7-1-2 Major Supervisory Viewpoints,(9)(iv) Contingency plan,JFSA-49,"Whether the bank reviews assumed scenarios in its contingency plan by, for example, taking into consideration case studies of system failures at other financial institutions and results of deliberations at the Central Disaster Management Council, etc.",Functional ,Intersects with,7,7,"RS.CO-03.02: In the event of an incident, the organization shares authorized information, in a defined manner and through trusted channels, to facilitate the detection, response, resumption and recovery of its own systems and those of other partners and critical sector participants.",RESPOND / Incident Response Reporting and Communication / Stakeholder Incident Information Sharing,RS.CO-03.02
III-3-7-1 Information Technology (IT) System Risk / III-3-7-1-2 Major Supervisory Viewpoints,(9)(v) Contingency plan,JFSA-50,"Whether the bank periodically conducts drills on the basis of the contingency plan at the corporate level, jointly with outsourcing contractors, etc., such as the shared system center.",Functional ,Intersects with,7,7,"GV.SC-08.01: The organization's resilience strategy, plans, tests, and exercises incorporate its external dependencies and critical business partners.",GOVERN / Supply Chain Risk Management / Third Party Incident Management Integration,GV.SC-08.01
III-3-7-1 Information Technology (IT) System Risk / III-3-7-1-2 Major Supervisory Viewpoints,(9)(v) Contingency plan,JFSA-50,"Whether the bank periodically conducts drills on the basis of the contingency plan at the corporate level, jointly with outsourcing contractors, etc., such as the shared system center.",Functional ,Intersects with,7,7,"ID.RA-05.04: The organization uses scenario planning, table-top-exercises, or similar event analysis techniques to identify vulnerabilities and determine potential impacts to critical infrastructure, technology, and business processes.",IDENTIFY / Risk Assessment / Risk Exposure Determination & Prioritization,ID.RA-05.04
III-3-7-1 Information Technology (IT) System Risk / III-3-7-1-2 Major Supervisory Viewpoints,(9)(v) Contingency plan,JFSA-50,"Whether the bank periodically conducts drills on the basis of the contingency plan at the corporate level, jointly with outsourcing contractors, etc., such as the shared system center.",Functional ,Intersects with,7,7,"ID.IM-02.03: The organization tests and validates the effectiveness of the incident detection, reporting, and communication processes and protocols with internal and external stakeholders.",IDENTIFY / Improvement / Tests & Exercises,ID.IM-02.03
III-3-7-1 Information Technology (IT) System Risk / III-3-7-1-2 Major Supervisory Viewpoints,(9)(v) Contingency plan,JFSA-50,"Whether the bank periodically conducts drills on the basis of the contingency plan at the corporate level, jointly with outsourcing contractors, etc., such as the shared system center.",Functional ,Intersects with,6,7,"ID.IM-02.05: The organization establishes testing programs that include a range of scenarios, including severe but plausible scenarios (e.g., disruptive, destructive, corruptive), that could affect the organization's ability to service internal and external stakeholders.",IDENTIFY / Improvement / Tests & Exercises,ID.IM-02.05
III-3-7-1 Information Technology (IT) System Risk / III-3-7-1-2 Major Supervisory Viewpoints,(9)(v) Contingency plan,JFSA-50,"Whether the bank periodically conducts drills on the basis of the contingency plan at the corporate level, jointly with outsourcing contractors, etc., such as the shared system center.",Functional ,Intersects with,7,7,"ID.IM-04.08: The organization regularly reviews response strategy, incident management plans, recovery plans, and associated tests and exercises and updates them, as necessary, based on:
(1) Lessons learned from incidents that have occurred (both internal and external to the organization);
(2) Current cyber threat intelligence (both internal and external sources);
(3) Recent and wide-scale cyber attack scenarios;
(4) Operationally and technically plausible future cyber attacks;
(5) Organizational or technical environment changes; and,
(6) New technological developments.",IDENTIFY / Improvement / Plans Affecting Operations,ID.IM-04.08
III-3-7-1 Information Technology (IT) System Risk / III-3-7-1-2 Major Supervisory Viewpoints,(9)(v) Contingency plan,JFSA-50,"Whether the bank periodically conducts drills on the basis of the contingency plan at the corporate level, jointly with outsourcing contractors, etc., such as the shared system center.",Functional ,Intersects with,7,7,"RS.CO-02.03: The organization maintains and regularly tests incident response communication procedures, with associated contact lists, call trees, and automatic notifications, to quickly coordinate and communicate with internal and external stakeholders during or following an incident.",RESPOND / Incident Response Reporting and Communication / Stakeholder Incident Notification,RS.CO-02.03
III-3-7-1 Information Technology (IT) System Risk / III-3-7-1-2 Major Supervisory Viewpoints,(9)(vi) Contingency plan,JFSA-51,"Whether the bank introduced off-site backup systems, etc. in advance for important systems whose failure could seriously affect business operations, and has developed a control environment to promptly continue business operations in the event of disasters and system failures, etc.",Semantic,Superset of,8,9,"GV.OC-04.04: The organization prioritizes the resilience design, planning, testing, and monitoring of systems and other key internal and external dependencies according to their criticality to the supported business functions, enterprise mission, and to the financial services sector.",GOVERN / Organizational Context / Stakeholder Service Expectations,GV.OC-04.04
III-3-7-1 Information Technology (IT) System Risk / III-3-7-1-2 Major Supervisory Viewpoints,(9)(vi) Contingency plan,JFSA-51,"Whether the bank introduced off-site backup systems, etc. in advance for important systems whose failure could seriously affect business operations, and has developed a control environment to promptly continue business operations in the event of disasters and system failures, etc.",Semantic,Superset of,8,9,"GV.RM-09.02: The resilience program ensures that the organization can continue operating critical business functions and deliver services to stakeholders, to include critical infrastructure partners, during adverse incidents and cyber attacks (e.g., propagation of malware or extended system outages).",GOVERN / Risk Management Strategy  / Business Continuity & Resilience Risk Management,GV.RM-09.02
III-3-7-1 Information Technology (IT) System Risk / III-3-7-1-2 Major Supervisory Viewpoints,(9)(vi) Contingency plan,JFSA-51,"Whether the bank introduced off-site backup systems, etc. in advance for important systems whose failure could seriously affect business operations, and has developed a control environment to promptly continue business operations in the event of disasters and system failures, etc.",Semantic,Superset of,8,9,"ID.IM-02.06: The organization designs and tests its systems and processes, and employs third-party support resources (e.g., Sheltered Harbor), to enable recovery of accurate data (e.g., material financial transactions) sufficient to support defined business recovery time and recovery point objectives.",IDENTIFY / Improvement / Tests & Exercises,ID.IM-02.06
III-3-7-1 Information Technology (IT) System Risk / III-3-7-1-2 Major Supervisory Viewpoints,(9)(vi) Contingency plan,JFSA-51,"Whether the bank introduced off-site backup systems, etc. in advance for important systems whose failure could seriously affect business operations, and has developed a control environment to promptly continue business operations in the event of disasters and system failures, etc.",Semantic,Superset of,8,9,"PR.DS-11.01: The organization defines and implements standards and procedures for configuring and performing backups and data replications, including defining backup requirements by data/application/infrastructure criticality, segregating (e.g., air-gapping) and securing backups, verifying backup integrity, and performing backup restoration testing.",PROTECT / Data Security / Data Backup,PR.DS-11.01
III-3-7-1 Information Technology (IT) System Risk / III-3-7-1-2 Major Supervisory Viewpoints,(9)(vi) Contingency plan,JFSA-51,"Whether the bank introduced off-site backup systems, etc. in advance for important systems whose failure could seriously affect business operations, and has developed a control environment to promptly continue business operations in the event of disasters and system failures, etc.",Semantic,Superset of,9,9,"PR.IR-03.01:  The organization implements mechanisms (e.g., failsafe, load balancing, hot swaps, redundant equipment, alternate services, backup facilities, etc.) to achieve resilience requirements in normal and adverse situations.",PROTECT / Technology Infrastructure Resilience / Resilience Measures,PR.IR-03.01
III-3-7-1 Information Technology (IT) System Risk / III-3-7-1-2 Major Supervisory Viewpoints,(9)(vi) Contingency plan,JFSA-51,"Whether the bank introduced off-site backup systems, etc. in advance for important systems whose failure could seriously affect business operations, and has developed a control environment to promptly continue business operations in the event of disasters and system failures, etc.",Semantic,Superset of,8,9,"RC.RP-01.01: The organization executes its recovery plans, including incident recovery, disaster recovery, and business continuity plans, during or after an incident to resume operations.",RECOVER / Incident Recovery Plan Execution / Recovery Plan Execution,RC.RP-01.01
III-3-7-1 Information Technology (IT) System Risk / III-3-7-1-2 Major Supervisory Viewpoints,(9)(vi) Contingency plan,JFSA-51,"Whether the bank introduced off-site backup systems, etc. in advance for important systems whose failure could seriously affect business operations, and has developed a control environment to promptly continue business operations in the event of disasters and system failures, etc.",Semantic,Superset of,8,9,"RC.RP-03.01: Restoration steps include the verification of backups, data replications, system images, and other restoration assets prior to continued use.",RECOVER / Incident Recovery Plan Execution / Backup & Restoration Asset Integrity,RC.RP-03.01
III-3-7-1 Information Technology (IT) System Risk / III-3-7-1-2 Major Supervisory Viewpoints,(9)(vi) Contingency plan,JFSA-51,"Whether the bank introduced off-site backup systems, etc. in advance for important systems whose failure could seriously affect business operations, and has developed a control environment to promptly continue business operations in the event of disasters and system failures, etc.",Semantic,Superset of,8,9,"RC.RP-04.01: Restoration steps include the verification of data integrity, transaction positions, system functionality, and the operation of security controls by appropriate organizational stakeholders and system owners.",RECOVER / Incident Recovery Plan Execution / Post-Incident Operational Norms,RC.RP-04.01
III-3-7-1 Information Technology (IT) System Risk / III-3-7-1-2 Major Supervisory Viewpoints,(10)(i) Response to IT system failures,JFSA-52,"Whether the bank has taken appropriate measures to avoid causing unnecessary confusion among customers when system failures occur. Also, whether the bank has developed a control environment to take necessary measures accordingly, upon assuming a worst-case scenario in preparation for system failures.",Semantic,Superset of,8,8,"GV.OC-04.02: The organization documents the business processes that are critical for the delivery of services and the functioning of the organization, and the impacts to the business if those processes are degraded or not functioning.",GOVERN / Organizational Context / Stakeholder Service Expectations,GV.OC-04.02
III-3-7-1 Information Technology (IT) System Risk / III-3-7-1-2 Major Supervisory Viewpoints,(10)(i) Response to IT system failures,JFSA-52,"Whether the bank has taken appropriate measures to avoid causing unnecessary confusion among customers when system failures occur. Also, whether the bank has developed a control environment to take necessary measures accordingly, upon assuming a worst-case scenario in preparation for system failures.",Semantic,Superset of,8,8,"GV.OC-04.04: The organization prioritizes the resilience design, planning, testing, and monitoring of systems and other key internal and external dependencies according to their criticality to the supported business functions, enterprise mission, and to the financial services sector.",GOVERN / Organizational Context / Stakeholder Service Expectations,GV.OC-04.04
III-3-7-1 Information Technology (IT) System Risk / III-3-7-1-2 Major Supervisory Viewpoints,(10)(i) Response to IT system failures,JFSA-52,"Whether the bank has taken appropriate measures to avoid causing unnecessary confusion among customers when system failures occur. Also, whether the bank has developed a control environment to take necessary measures accordingly, upon assuming a worst-case scenario in preparation for system failures.",Semantic,Superset of,8,8,"GV.RM-09.02: The resilience program ensures that the organization can continue operating critical business functions and deliver services to stakeholders, to include critical infrastructure partners, during adverse incidents and cyber attacks (e.g., propagation of malware or extended system outages).",GOVERN / Risk Management Strategy  / Business Continuity & Resilience Risk Management,GV.RM-09.02
III-3-7-1 Information Technology (IT) System Risk / III-3-7-1-2 Major Supervisory Viewpoints,(10)(i) Response to IT system failures,JFSA-52,"Whether the bank has taken appropriate measures to avoid causing unnecessary confusion among customers when system failures occur. Also, whether the bank has developed a control environment to take necessary measures accordingly, upon assuming a worst-case scenario in preparation for system failures.",Semantic,Superset of,8,8,"ID.RA-05.04: The organization uses scenario planning, table-top-exercises, or similar event analysis techniques to identify vulnerabilities and determine potential impacts to critical infrastructure, technology, and business processes.",IDENTIFY / Risk Assessment / Risk Exposure Determination & Prioritization,ID.RA-05.04
III-3-7-1 Information Technology (IT) System Risk / III-3-7-1-2 Major Supervisory Viewpoints,(10)(i) Response to IT system failures,JFSA-52,"Whether the bank has taken appropriate measures to avoid causing unnecessary confusion among customers when system failures occur. Also, whether the bank has developed a control environment to take necessary measures accordingly, upon assuming a worst-case scenario in preparation for system failures.",Semantic,Superset of,8,8,"ID.IM-02.05: The organization establishes testing programs that include a range of scenarios, including severe but plausible scenarios (e.g., disruptive, destructive, corruptive), that could affect the organization's ability to service internal and external stakeholders.",IDENTIFY / Improvement / Tests & Exercises,ID.IM-02.05
III-3-7-1 Information Technology (IT) System Risk / III-3-7-1-2 Major Supervisory Viewpoints,(10)(i) Response to IT system failures,JFSA-52,"Whether the bank has taken appropriate measures to avoid causing unnecessary confusion among customers when system failures occur. Also, whether the bank has developed a control environment to take necessary measures accordingly, upon assuming a worst-case scenario in preparation for system failures.",Semantic,Superset of,8,8,"ID.IM-02.06: The organization designs and tests its systems and processes, and employs third-party support resources (e.g., Sheltered Harbor), to enable recovery of accurate data (e.g., material financial transactions) sufficient to support defined business recovery time and recovery point objectives.",IDENTIFY / Improvement / Tests & Exercises,ID.IM-02.06
III-3-7-1 Information Technology (IT) System Risk / III-3-7-1-2 Major Supervisory Viewpoints,(10)(i) Response to IT system failures,JFSA-52,"Whether the bank has taken appropriate measures to avoid causing unnecessary confusion among customers when system failures occur. Also, whether the bank has developed a control environment to take necessary measures accordingly, upon assuming a worst-case scenario in preparation for system failures.",Semantic,Superset of,8,8,"ID.IM-03.01: A formal process is in place to improve protection controls and processes by integrating recommendations, findings, and lessons learned from exercises, testing, audits, assessments, and incidents.",IDENTIFY / Improvement / Improvements from Lessons Learned,ID.IM-03.01
III-3-7-1 Information Technology (IT) System Risk / III-3-7-1-2 Major Supervisory Viewpoints,(10)(i) Response to IT system failures,JFSA-52,"Whether the bank has taken appropriate measures to avoid causing unnecessary confusion among customers when system failures occur. Also, whether the bank has developed a control environment to take necessary measures accordingly, upon assuming a worst-case scenario in preparation for system failures.",Semantic,Superset of,8,8,"ID.IM-04.08: The organization regularly reviews response strategy, incident management plans, recovery plans, and associated tests and exercises and updates them, as necessary, based on:
(1) Lessons learned from incidents that have occurred (both internal and external to the organization);
(2) Current cyber threat intelligence (both internal and external sources);
(3) Recent and wide-scale cyber attack scenarios;
(4) Operationally and technically plausible future cyber attacks;
(5) Organizational or technical environment changes; and,
(6) New technological developments.",IDENTIFY / Improvement / Plans Affecting Operations,ID.IM-04.08
III-3-7-1 Information Technology (IT) System Risk / III-3-7-1-2 Major Supervisory Viewpoints,(10)(i) Response to IT system failures,JFSA-52,"Whether the bank has taken appropriate measures to avoid causing unnecessary confusion among customers when system failures occur. Also, whether the bank has developed a control environment to take necessary measures accordingly, upon assuming a worst-case scenario in preparation for system failures.",Semantic,Superset of,8,8,"RS.CO-03.02: In the event of an incident, the organization shares authorized information, in a defined manner and through trusted channels, to facilitate the detection, response, resumption and recovery of its own systems and those of other partners and critical sector participants.",RESPOND / Incident Response Reporting and Communication / Stakeholder Incident Information Sharing,RS.CO-03.02
III-3-7-1 Information Technology (IT) System Risk / III-3-7-1-2 Major Supervisory Viewpoints,(10)(i) Response to IT system failures,JFSA-52,"Whether the bank has taken appropriate measures to avoid causing unnecessary confusion among customers when system failures occur. Also, whether the bank has developed a control environment to take necessary measures accordingly, upon assuming a worst-case scenario in preparation for system failures.",Semantic,Intersects with,8,8,"RC.CO-04.01: Pre-established communication plans and message templates, and authorized protocols, contacts, media, and communications, are used to notify and inform the public and key external stakeholders about an incident.",RECOVER / Incident Recovery Communication / Public Information Sharing,RC.CO-04.01
III-3-7-1 Information Technology (IT) System Risk / III-3-7-1-2 Major Supervisory Viewpoints,(10)(ii) Response to IT system failures,JFSA-53,Whether the bank has clarified reporting procedures and the framework of command and supervision including at the outsourcing contractors in preparation for system failures.,Functional ,Intersects with,5,7,"GV.RM-05.02: The organization establishes minimum requirements for its third-parties that include how the organizations will communicate and coordinate in times of emergency, including:
1) Joint maintenance of contingency plans;
2) Responsibilities for responding to incidents, including forensic investigations;
3) Planning and testing strategies that address severe events in order to identify single points of failure that would cause wide-scale disruption; and
4) Incorporating the potential impact of an incident into their BCM process and ensure resilience capabilities are in place.",GOVERN / Risk Management Strategy / Lines of Communication,GV.RM-05.02
III-3-7-1 Information Technology (IT) System Risk / III-3-7-1-2 Major Supervisory Viewpoints,(10)(ii) Response to IT system failures,JFSA-53,Whether the bank has clarified reporting procedures and the framework of command and supervision including at the outsourcing contractors in preparation for system failures.,Functional ,Intersects with,5,7,"ID.IM-04.02: The organization's incident response and business continuity plans contain clearly defined roles, responsibilities, and levels of decision-making authority, and include all needed areas of participation and expertise across the organization and key third-parties.",IDENTIFY / Improvement / Plans Affecting Operations,ID.IM-04.02
III-3-7-1 Information Technology (IT) System Risk / III-3-7-1-2 Major Supervisory Viewpoints,(10)(ii) Response to IT system failures,JFSA-53,Whether the bank has clarified reporting procedures and the framework of command and supervision including at the outsourcing contractors in preparation for system failures.,Functional ,Intersects with,5,7,"ID.IM-04.07: The organization pre-identifies, pre-qualifies, and retains third party incident management support and forensic service firms, as required, that can be called upon to quickly assist with incident response, investigation, and recovery.",IDENTIFY / Improvement / Plans Affecting Operations,ID.IM-04.07
III-3-7-1 Information Technology (IT) System Risk / III-3-7-1-2 Major Supervisory Viewpoints,(10)(ii) Response to IT system failures,JFSA-53,Whether the bank has clarified reporting procedures and the framework of command and supervision including at the outsourcing contractors in preparation for system failures.,Functional ,Intersects with,5,7,PR.AT-02.03: All personnel (employee and third party) are made aware of and are trained for their role and operational steps in response and recovery plans.,PROTECT / Awareness and Training / Specialized Role Awareness & Training,PR.AT-02.03
III-3-7-1 Information Technology (IT) System Risk / III-3-7-1-2 Major Supervisory Viewpoints,(10)(ii) Response to IT system failures,JFSA-53,Whether the bank has clarified reporting procedures and the framework of command and supervision including at the outsourcing contractors in preparation for system failures.,Semantic,Superset of,6,7,"DE.AE-06.01: The organization has established processes and protocols to communicate, alert, and regularly report potential cyber attacks and incident information, including its corresponding analysis and cyber threat intelligence, to authorized internal and external stakeholders.",DETECT / Adverse Event Analysis / Event Information Sharing,DE.AE-06.01
III-3-7-1 Information Technology (IT) System Risk / III-3-7-1-2 Major Supervisory Viewpoints,(10)(ii) Response to IT system failures,JFSA-53,Whether the bank has clarified reporting procedures and the framework of command and supervision including at the outsourcing contractors in preparation for system failures.,Functional ,Intersects with,5,7,"RS.MA-01.01: The organization's response plans are in place and executed during or after an incident, to include coordination with relevant third parties and engagement of third-party incident support services.",RESPOND / Incident Management / Response Plan Execution,RS.MA-01.01
III-3-7-1 Information Technology (IT) System Risk / III-3-7-1-2 Major Supervisory Viewpoints,(10)(ii) Response to IT system failures,JFSA-53,Whether the bank has clarified reporting procedures and the framework of command and supervision including at the outsourcing contractors in preparation for system failures.,Semantic,Superset of,6,7,"RS.MA-04.01: Response activities are centrally coordinated, response progress and milestones are tracked and documented, and new incident information is assimilated into ongoing tasks, assignments, and escalations.",RESPOND / Incident Management / Incident Escalation,RS.MA-04.01
III-3-7-1 Information Technology (IT) System Risk / III-3-7-1-2 Major Supervisory Viewpoints,(10)(ii) Response to IT system failures,JFSA-53,Whether the bank has clarified reporting procedures and the framework of command and supervision including at the outsourcing contractors in preparation for system failures.,Semantic,Superset of,6,7,RS.MA-05.01: The organization's incident response plans define severity levels and associated criteria for initiating response plans and escalating event response to appropriate stakeholders and management levels.,RESPOND / Incident Management / Recovery Initiation,RS.MA-05.01
III-3-7-1 Information Technology (IT) System Risk / III-3-7-1-2 Major Supervisory Viewpoints,(10)(ii) Response to IT system failures,JFSA-53,Whether the bank has clarified reporting procedures and the framework of command and supervision including at the outsourcing contractors in preparation for system failures.,Semantic,Superset of,6,7,"RS.CO-02.01: The organization's incident response program includes defined and approved escalation protocols, linked to organizational decision levels and communication strategies, including which types of information will be shared, with whom (e.g., the organization's governing authority and senior management), and how information provided to the organization will be acted upon.",RESPOND / Incident Response Reporting and Communication / Stakeholder Incident Notification,RS.CO-02.01
III-3-7-1 Information Technology (IT) System Risk / III-3-7-1-2 Major Supervisory Viewpoints,(10)(ii) Response to IT system failures,JFSA-53,Whether the bank has clarified reporting procedures and the framework of command and supervision including at the outsourcing contractors in preparation for system failures.,Functional ,Intersects with,5,7,"RS.MI-01.01: The organization has established processes to implement vulnerability mitigation plans, involve third-party partners and outside expertise as needed, and contain incidents in a timely manner.",RESPOND / Incident Mitigation / Incident Containment,RS.MI-01.01
III-3-7-1 Information Technology (IT) System Risk / III-3-7-1-2 Major Supervisory Viewpoints,(10)(ii) Response to IT system failures,JFSA-53,Whether the bank has clarified reporting procedures and the framework of command and supervision including at the outsourcing contractors in preparation for system failures.,Semantic,Superset of,6,7,"RC.CO-03.01: The organization timely involves and communicates the recovery activities, procedures, cyber risk management issues to the governing body (e.g., the Board or one of its committees), senior management, incident management support teams, and relevant internal stakeholders.",RECOVER / Incident Recovery Communication / Recovery Activity Communication,RC.CO-03.01
III-3-7-1 Information Technology (IT) System Risk / III-3-7-1-2 Major Supervisory Viewpoints,(10)(ii) Response to IT system failures,JFSA-53,Whether the bank has clarified reporting procedures and the framework of command and supervision including at the outsourcing contractors in preparation for system failures.,Semantic,Superset of,6,7,"RC.CO-03.02: The organization promptly communicates the status of recovery activities to regulatory authorities and relevant external stakeholders, as required or appropriate.",RECOVER / Incident Recovery Communication / Recovery Activity Communication,RC.CO-03.02
III-3-7-1 Information Technology (IT) System Risk / III-3-7-1-2 Major Supervisory Viewpoints,(10)(iii) Response to IT system failures,JFSA-54,"In cases where a system failure that would significantly affect its business operations occurs, whether the bank has developed a control environment to promptly notify the representative director and other directors and report the maximum risk that could occur under the worst-case scenario (for example, if there is a possibility that the failure could gravely affect their customers, the reporting persons promptly report the maximum possibility without underestimation of the risk). In addition, whether the bank has developed a control environment to launch a task force where necessary, and the representative director and other directors give appropriate instructions and orders, and promptly resolve the issues.",Semantic,Superset of,5,7,"GV.RR-02.03: Resilience program roles and responsibilities are assigned to management across the organization to ensure risk assessment, planning, testing, and execution coverage for all critical business functions.","GOVERN / Roles, Responsibilities, and Authorities / Risk Management Roles & Responsibilities",GV.RR-02.03
III-3-7-1 Information Technology (IT) System Risk / III-3-7-1-2 Major Supervisory Viewpoints,(10)(iii) Response to IT system failures,JFSA-54,"In cases where a system failure that would significantly affect its business operations occurs, whether the bank has developed a control environment to promptly notify the representative director and other directors and report the maximum risk that could occur under the worst-case scenario (for example, if there is a possibility that the failure could gravely affect their customers, the reporting persons promptly report the maximum possibility without underestimation of the risk). In addition, whether the bank has developed a control environment to launch a task force where necessary, and the representative director and other directors give appropriate instructions and orders, and promptly resolve the issues.",Semantic,Superset of,5,7,"DE.AE-04.01: The organization has a documented process to analyze and triage incidents to assess root cause, technical impact, mitigation priority, and business impact on the organization, as well as across the financial sector and other third party stakeholders.",DETECT / Adverse Event Analysis / Impact & Scope Determination,DE.AE-04.01
III-3-7-1 Information Technology (IT) System Risk / III-3-7-1-2 Major Supervisory Viewpoints,(10)(iii) Response to IT system failures,JFSA-54,"In cases where a system failure that would significantly affect its business operations occurs, whether the bank has developed a control environment to promptly notify the representative director and other directors and report the maximum risk that could occur under the worst-case scenario (for example, if there is a possibility that the failure could gravely affect their customers, the reporting persons promptly report the maximum possibility without underestimation of the risk). In addition, whether the bank has developed a control environment to launch a task force where necessary, and the representative director and other directors give appropriate instructions and orders, and promptly resolve the issues.",Functional ,Intersects with,3,7,"DE.AE-06.01: The organization has established processes and protocols to communicate, alert, and regularly report potential cyber attacks and incident information, including its corresponding analysis and cyber threat intelligence, to authorized internal and external stakeholders.",DETECT / Adverse Event Analysis / Event Information Sharing,DE.AE-06.01
III-3-7-1 Information Technology (IT) System Risk / III-3-7-1-2 Major Supervisory Viewpoints,(10)(iii) Response to IT system failures,JFSA-54,"In cases where a system failure that would significantly affect its business operations occurs, whether the bank has developed a control environment to promptly notify the representative director and other directors and report the maximum risk that could occur under the worst-case scenario (for example, if there is a possibility that the failure could gravely affect their customers, the reporting persons promptly report the maximum possibility without underestimation of the risk). In addition, whether the bank has developed a control environment to launch a task force where necessary, and the representative director and other directors give appropriate instructions and orders, and promptly resolve the issues.",Semantic,Superset of,5,7,"DE.AE-08.01: Defined criteria and severity levels are in place to facilitate the declaration, escalation, organization, and alignment of response activities to response plans within the organization and across relevant third parties.",DETECT / Adverse Event Analysis / Incident Declaration,DE.AE-08.01
III-3-7-1 Information Technology (IT) System Risk / III-3-7-1-2 Major Supervisory Viewpoints,(10)(iii) Response to IT system failures,JFSA-54,"In cases where a system failure that would significantly affect its business operations occurs, whether the bank has developed a control environment to promptly notify the representative director and other directors and report the maximum risk that could occur under the worst-case scenario (for example, if there is a possibility that the failure could gravely affect their customers, the reporting persons promptly report the maximum possibility without underestimation of the risk). In addition, whether the bank has developed a control environment to launch a task force where necessary, and the representative director and other directors give appropriate instructions and orders, and promptly resolve the issues.",Semantic,Superset of,5,7,"RS.MA-02.01: Tools and processes are in place to ensure timely detection, inspection, assessment, and analysis of security event data for reliable activation of incident response processes.",RESPOND / Incident Management / Incident Triage & Validation,RS.MA-02.01
III-3-7-1 Information Technology (IT) System Risk / III-3-7-1-2 Major Supervisory Viewpoints,(10)(iii) Response to IT system failures,JFSA-54,"In cases where a system failure that would significantly affect its business operations occurs, whether the bank has developed a control environment to promptly notify the representative director and other directors and report the maximum risk that could occur under the worst-case scenario (for example, if there is a possibility that the failure could gravely affect their customers, the reporting persons promptly report the maximum possibility without underestimation of the risk). In addition, whether the bank has developed a control environment to launch a task force where necessary, and the representative director and other directors give appropriate instructions and orders, and promptly resolve the issues.",Semantic,Superset of,6,7,RS.MA-03.01: The organization categorizes and prioritizes cybersecurity incident response consistent with response plans and criticality of systems and services to the enterprise.,RESPOND / Incident Management / Incident Categorization & Prioritization,RS.MA-03.01
III-3-7-1 Information Technology (IT) System Risk / III-3-7-1-2 Major Supervisory Viewpoints,(10)(iii) Response to IT system failures,JFSA-54,"In cases where a system failure that would significantly affect its business operations occurs, whether the bank has developed a control environment to promptly notify the representative director and other directors and report the maximum risk that could occur under the worst-case scenario (for example, if there is a possibility that the failure could gravely affect their customers, the reporting persons promptly report the maximum possibility without underestimation of the risk). In addition, whether the bank has developed a control environment to launch a task force where necessary, and the representative director and other directors give appropriate instructions and orders, and promptly resolve the issues.",Semantic,Superset of,6,7,"RS.MA-04.01: Response activities are centrally coordinated, response progress and milestones are tracked and documented, and new incident information is assimilated into ongoing tasks, assignments, and escalations.",RESPOND / Incident Management / Incident Escalation,RS.MA-04.01
III-3-7-1 Information Technology (IT) System Risk / III-3-7-1-2 Major Supervisory Viewpoints,(10)(iii) Response to IT system failures,JFSA-54,"In cases where a system failure that would significantly affect its business operations occurs, whether the bank has developed a control environment to promptly notify the representative director and other directors and report the maximum risk that could occur under the worst-case scenario (for example, if there is a possibility that the failure could gravely affect their customers, the reporting persons promptly report the maximum possibility without underestimation of the risk). In addition, whether the bank has developed a control environment to launch a task force where necessary, and the representative director and other directors give appropriate instructions and orders, and promptly resolve the issues.",Semantic,Superset of,6,7,"RS.AN-08.01: Available incident information is assessed to determine the extent of impact to the organization and its stakeholders, the potential near- and long-term financial implications, and whether or not the incident constitutes a material event.",RESPOND / Incident Analysis / Incident Magnitude Determination,RS.AN-08.01
III-3-7-1 Information Technology (IT) System Risk / III-3-7-1-2 Major Supervisory Viewpoints,(10)(iii) Response to IT system failures,JFSA-54,"In cases where a system failure that would significantly affect its business operations occurs, whether the bank has developed a control environment to promptly notify the representative director and other directors and report the maximum risk that could occur under the worst-case scenario (for example, if there is a possibility that the failure could gravely affect their customers, the reporting persons promptly report the maximum possibility without underestimation of the risk). In addition, whether the bank has developed a control environment to launch a task force where necessary, and the representative director and other directors give appropriate instructions and orders, and promptly resolve the issues.",Semantic,Intersects with,7,7,"RS.CO-02.01: The organization's incident response program includes defined and approved escalation protocols, linked to organizational decision levels and communication strategies, including which types of information will be shared, with whom (e.g., the organization's governing authority and senior management), and how information provided to the organization will be acted upon.",RESPOND / Incident Response Reporting and Communication / Stakeholder Incident Notification,RS.CO-02.01
III-3-7-1 Information Technology (IT) System Risk / III-3-7-1-2 Major Supervisory Viewpoints,(10)(iii) Response to IT system failures,JFSA-54,"In cases where a system failure that would significantly affect its business operations occurs, whether the bank has developed a control environment to promptly notify the representative director and other directors and report the maximum risk that could occur under the worst-case scenario (for example, if there is a possibility that the failure could gravely affect their customers, the reporting persons promptly report the maximum possibility without underestimation of the risk). In addition, whether the bank has developed a control environment to launch a task force where necessary, and the representative director and other directors give appropriate instructions and orders, and promptly resolve the issues.",Semantic,Superset of,7,7,"RS.CO-02.02: In the event of an incident, the organization notifies impacted stakeholders including, as required, government bodies, self-regulatory agencies and/or other supervisory bodies, within required timeframes.",RESPOND / Incident Response Reporting and Communication / Stakeholder Incident Notification,RS.CO-02.02
III-3-7-1 Information Technology (IT) System Risk / III-3-7-1-2 Major Supervisory Viewpoints,(10)(iii) Response to IT system failures,JFSA-54,"In cases where a system failure that would significantly affect its business operations occurs, whether the bank has developed a control environment to promptly notify the representative director and other directors and report the maximum risk that could occur under the worst-case scenario (for example, if there is a possibility that the failure could gravely affect their customers, the reporting persons promptly report the maximum possibility without underestimation of the risk). In addition, whether the bank has developed a control environment to launch a task force where necessary, and the representative director and other directors give appropriate instructions and orders, and promptly resolve the issues.",Semantic,Superset of,7,7,"RS.CO-03.02: In the event of an incident, the organization shares authorized information, in a defined manner and through trusted channels, to facilitate the detection, response, resumption and recovery of its own systems and those of other partners and critical sector participants.",RESPOND / Incident Response Reporting and Communication / Stakeholder Incident Information Sharing,RS.CO-03.02
III-3-7-1 Information Technology (IT) System Risk / III-3-7-1-2 Major Supervisory Viewpoints,(10)(iii) Response to IT system failures,JFSA-54,"In cases where a system failure that would significantly affect its business operations occurs, whether the bank has developed a control environment to promptly notify the representative director and other directors and report the maximum risk that could occur under the worst-case scenario (for example, if there is a possibility that the failure could gravely affect their customers, the reporting persons promptly report the maximum possibility without underestimation of the risk). In addition, whether the bank has developed a control environment to launch a task force where necessary, and the representative director and other directors give appropriate instructions and orders, and promptly resolve the issues.",Semantic,Superset of,7,7,"RC.CO-03.01: The organization timely involves and communicates the recovery activities, procedures, cyber risk management issues to the governing body (e.g., the Board or one of its committees), senior management, incident management support teams, and relevant internal stakeholders.",RECOVER / Incident Recovery Communication / Recovery Activity Communication,RC.CO-03.01
III-3-7-1 Information Technology (IT) System Risk / III-3-7-1-2 Major Supervisory Viewpoints,(10)(iii) Response to IT system failures,JFSA-54,"In cases where a system failure that would significantly affect its business operations occurs, whether the bank has developed a control environment to promptly notify the representative director and other directors and report the maximum risk that could occur under the worst-case scenario (for example, if there is a possibility that the failure could gravely affect their customers, the reporting persons promptly report the maximum possibility without underestimation of the risk). In addition, whether the bank has developed a control environment to launch a task force where necessary, and the representative director and other directors give appropriate instructions and orders, and promptly resolve the issues.",Semantic,Superset of,6,7,"RC.CO-03.02: The organization promptly communicates the status of recovery activities to regulatory authorities and relevant external stakeholders, as required or appropriate.",RECOVER / Incident Recovery Communication / Recovery Activity Communication,RC.CO-03.02
III-3-7-1 Information Technology (IT) System Risk / III-3-7-1-2 Major Supervisory Viewpoints,(10)(iii) Response to IT system failures,JFSA-54,"In cases where a system failure that would significantly affect its business operations occurs, whether the bank has developed a control environment to promptly notify the representative director and other directors and report the maximum risk that could occur under the worst-case scenario (for example, if there is a possibility that the failure could gravely affect their customers, the reporting persons promptly report the maximum possibility without underestimation of the risk). In addition, whether the bank has developed a control environment to launch a task force where necessary, and the representative director and other directors give appropriate instructions and orders, and promptly resolve the issues.",Semantic,Superset of,6,7,"RC.CO-04.01: Pre-established communication plans and message templates, and authorized protocols, contacts, media, and communications, are used to notify and inform the public and key external stakeholders about an incident.",RECOVER / Incident Recovery Communication / Public Information Sharing,RC.CO-04.01
III-3-7-1 Information Technology (IT) System Risk / III-3-7-1-2 Major Supervisory Viewpoints,(10)(iv) Response to IT system failures,JFSA-55,"Whether the bank has made mutual support for preparation of system failures clear, such as through prior registration in order to promptly gather human resources with know-how and experience from the IT systems division, other divisions, and outsourcing contractors.",Functional ,Intersects with,4,7,"GV.RR-02.01: The roles, responsibilities, qualifications, and skill requirements for personnel (employees and third parties) that implement, manage, and oversee the technology, cybersecurity, and resilience programs are defined, aligned, coordinated, and holistically managed.","GOVERN / Roles, Responsibilities, and Authorities / Risk Management Roles & Responsibilities",GV.RR-02.01
III-3-7-1 Information Technology (IT) System Risk / III-3-7-1-2 Major Supervisory Viewpoints,(10)(iv) Response to IT system failures,JFSA-55,"Whether the bank has made mutual support for preparation of system failures clear, such as through prior registration in order to promptly gather human resources with know-how and experience from the IT systems division, other divisions, and outsourcing contractors.",Semantic,Superset of,6,7,"GV.RR-02.02: The organization has established and assigned roles and responsibilities for systematic cybersecurity threat identification, monitoring, detection, and event reporting processes, and ensures adequate coverage and organizational alignment for these functions.","GOVERN / Roles, Responsibilities, and Authorities / Risk Management Roles & Responsibilities",GV.RR-02.02
III-3-7-1 Information Technology (IT) System Risk / III-3-7-1-2 Major Supervisory Viewpoints,(10)(iv) Response to IT system failures,JFSA-55,"Whether the bank has made mutual support for preparation of system failures clear, such as through prior registration in order to promptly gather human resources with know-how and experience from the IT systems division, other divisions, and outsourcing contractors.",Functional ,Intersects with,4,7,"GV.RR-02.03: Resilience program roles and responsibilities are assigned to management across the organization to ensure risk assessment, planning, testing, and execution coverage for all critical business functions.","GOVERN / Roles, Responsibilities, and Authorities / Risk Management Roles & Responsibilities",GV.RR-02.03
III-3-7-1 Information Technology (IT) System Risk / III-3-7-1-2 Major Supervisory Viewpoints,(10)(iv) Response to IT system failures,JFSA-55,"Whether the bank has made mutual support for preparation of system failures clear, such as through prior registration in order to promptly gather human resources with know-how and experience from the IT systems division, other divisions, and outsourcing contractors.",Functional ,Superset of,6,7,"ID.RA-02.01: The organization participates actively (in alignment with its business operations, inherent risk, and complexity) in information-sharing groups and collectives (e.g., cross-industry, cross-government and cross-border groups) to gather, distribute and analyze information about cyber practices, cyber threats, and early warning indicators relating to cyber threats.",IDENTIFY / Risk Assessment / Information Sharing Forums,ID.RA-02.01
III-3-7-1 Information Technology (IT) System Risk / III-3-7-1-2 Major Supervisory Viewpoints,(10)(iv) Response to IT system failures,JFSA-55,"Whether the bank has made mutual support for preparation of system failures clear, such as through prior registration in order to promptly gather human resources with know-how and experience from the IT systems division, other divisions, and outsourcing contractors.",Functional ,Superset of,6,7,ID.RA-02.02: The organization shares authorized information on its cyber resilience framework and the effectiveness of protection technologies bilaterally with trusted external stakeholders to promote the understanding of each party’s approach to securing systems.,IDENTIFY / Risk Assessment / Information Sharing Forums,ID.RA-02.02
III-3-7-1 Information Technology (IT) System Risk / III-3-7-1-2 Major Supervisory Viewpoints,(10)(iv) Response to IT system failures,JFSA-55,"Whether the bank has made mutual support for preparation of system failures clear, such as through prior registration in order to promptly gather human resources with know-how and experience from the IT systems division, other divisions, and outsourcing contractors.",Semantic,Superset of,7,7,"ID.IM-04.02: The organization's incident response and business continuity plans contain clearly defined roles, responsibilities, and levels of decision-making authority, and include all needed areas of participation and expertise across the organization and key third-parties.",IDENTIFY / Improvement / Plans Affecting Operations,ID.IM-04.02
III-3-7-1 Information Technology (IT) System Risk / III-3-7-1-2 Major Supervisory Viewpoints,(10)(iv) Response to IT system failures,JFSA-55,"Whether the bank has made mutual support for preparation of system failures clear, such as through prior registration in order to promptly gather human resources with know-how and experience from the IT systems division, other divisions, and outsourcing contractors.",Semantic,Superset of,7,7,"ID.IM-04.07: The organization pre-identifies, pre-qualifies, and retains third party incident management support and forensic service firms, as required, that can be called upon to quickly assist with incident response, investigation, and recovery.",IDENTIFY / Improvement / Plans Affecting Operations,ID.IM-04.07
III-3-7-1 Information Technology (IT) System Risk / III-3-7-1-2 Major Supervisory Viewpoints,(10)(iv) Response to IT system failures,JFSA-55,"Whether the bank has made mutual support for preparation of system failures clear, such as through prior registration in order to promptly gather human resources with know-how and experience from the IT systems division, other divisions, and outsourcing contractors.",Semantic,Superset of,7,7,PR.AT-02.03: All personnel (employee and third party) are made aware of and are trained for their role and operational steps in response and recovery plans.,PROTECT / Awareness and Training / Specialized Role Awareness & Training,PR.AT-02.03
III-3-7-1 Information Technology (IT) System Risk / III-3-7-1-2 Major Supervisory Viewpoints,(10)(iv) Response to IT system failures,JFSA-55,"Whether the bank has made mutual support for preparation of system failures clear, such as through prior registration in order to promptly gather human resources with know-how and experience from the IT systems division, other divisions, and outsourcing contractors.",Semantic,Superset of,7,7,"RS.CO-02.01: The organization's incident response program includes defined and approved escalation protocols, linked to organizational decision levels and communication strategies, including which types of information will be shared, with whom (e.g., the organization's governing authority and senior management), and how information provided to the organization will be acted upon.",RESPOND / Incident Response Reporting and Communication / Stakeholder Incident Notification,RS.CO-02.01
III-3-7-1 Information Technology (IT) System Risk / III-3-7-1-2 Major Supervisory Viewpoints,(10)(iv) Response to IT system failures,JFSA-55,"Whether the bank has made mutual support for preparation of system failures clear, such as through prior registration in order to promptly gather human resources with know-how and experience from the IT systems division, other divisions, and outsourcing contractors.",Functional ,Intersects with,4,7,"RS.CO-02.02: In the event of an incident, the organization notifies impacted stakeholders including, as required, government bodies, self-regulatory agencies and/or other supervisory bodies, within required timeframes.",RESPOND / Incident Response Reporting and Communication / Stakeholder Incident Notification,RS.CO-02.02
III-3-7-1 Information Technology (IT) System Risk / III-3-7-1-2 Major Supervisory Viewpoints,(10)(iv) Response to IT system failures,JFSA-55,"Whether the bank has made mutual support for preparation of system failures clear, such as through prior registration in order to promptly gather human resources with know-how and experience from the IT systems division, other divisions, and outsourcing contractors.",Semantic,Superset of,7,7,"RS.CO-02.03: The organization maintains and regularly tests incident response communication procedures, with associated contact lists, call trees, and automatic notifications, to quickly coordinate and communicate with internal and external stakeholders during or following an incident.",RESPOND / Incident Response Reporting and Communication / Stakeholder Incident Notification,RS.CO-02.03
III-3-7-1 Information Technology (IT) System Risk / III-3-7-1-2 Major Supervisory Viewpoints,(10)(iv) Response to IT system failures,JFSA-55,"Whether the bank has made mutual support for preparation of system failures clear, such as through prior registration in order to promptly gather human resources with know-how and experience from the IT systems division, other divisions, and outsourcing contractors.",Semantic,Superset of,6,7,"RS.CO-03.02: In the event of an incident, the organization shares authorized information, in a defined manner and through trusted channels, to facilitate the detection, response, resumption and recovery of its own systems and those of other partners and critical sector participants.",RESPOND / Incident Response Reporting and Communication / Stakeholder Incident Information Sharing,RS.CO-03.02
III-3-7-1 Information Technology (IT) System Risk / III-3-7-1-2 Major Supervisory Viewpoints,(10)(iv) Response to IT system failures,JFSA-55,"Whether the bank has made mutual support for preparation of system failures clear, such as through prior registration in order to promptly gather human resources with know-how and experience from the IT systems division, other divisions, and outsourcing contractors.",Semantic,Superset of,7,7,"RS.MI-01.01: The organization has established processes to implement vulnerability mitigation plans, involve third-party partners and outside expertise as needed, and contain incidents in a timely manner.",RESPOND / Incident Mitigation / Incident Containment,RS.MI-01.01
III-3-7-1 Information Technology (IT) System Risk / III-3-7-1-2 Major Supervisory Viewpoints,(10)(v) Response to IT system failures,JFSA-56,"In cases where system failures occur, whether the bank has published the content and causes of the failure, expected recovery time, etc. and has established a call center to properly respond to inquiries from their customers where necessary. Also, whether the bank has made the methodology of providing information to the relevant business divisions in preparation for system failures clear.",Semantic,Intersects with,6,7,"DE.AE-06.01: The organization has established processes and protocols to communicate, alert, and regularly report potential cyber attacks and incident information, including its corresponding analysis and cyber threat intelligence, to authorized internal and external stakeholders.",DETECT / Adverse Event Analysis / Event Information Sharing,DE.AE-06.01
III-3-7-1 Information Technology (IT) System Risk / III-3-7-1-2 Major Supervisory Viewpoints,(10)(v) Response to IT system failures,JFSA-56,"In cases where system failures occur, whether the bank has published the content and causes of the failure, expected recovery time, etc. and has established a call center to properly respond to inquiries from their customers where necessary. Also, whether the bank has made the methodology of providing information to the relevant business divisions in preparation for system failures clear.",Semantic,Superset of,6,7,"DE.AE-08.01: Defined criteria and severity levels are in place to facilitate the declaration, escalation, organization, and alignment of response activities to response plans within the organization and across relevant third parties.",DETECT / Adverse Event Analysis / Incident Declaration,DE.AE-08.01
III-3-7-1 Information Technology (IT) System Risk / III-3-7-1-2 Major Supervisory Viewpoints,(10)(v) Response to IT system failures,JFSA-56,"In cases where system failures occur, whether the bank has published the content and causes of the failure, expected recovery time, etc. and has established a call center to properly respond to inquiries from their customers where necessary. Also, whether the bank has made the methodology of providing information to the relevant business divisions in preparation for system failures clear.",Semantic,Superset of,5,7,"RS.MA-04.01: Response activities are centrally coordinated, response progress and milestones are tracked and documented, and new incident information is assimilated into ongoing tasks, assignments, and escalations.",RESPOND / Incident Management / Incident Escalation,RS.MA-04.01
III-3-7-1 Information Technology (IT) System Risk / III-3-7-1-2 Major Supervisory Viewpoints,(10)(v) Response to IT system failures,JFSA-56,"In cases where system failures occur, whether the bank has published the content and causes of the failure, expected recovery time, etc. and has established a call center to properly respond to inquiries from their customers where necessary. Also, whether the bank has made the methodology of providing information to the relevant business divisions in preparation for system failures clear.",Semantic,Superset of,6,7,RS.MA-05.01: The organization's incident response plans define severity levels and associated criteria for initiating response plans and escalating event response to appropriate stakeholders and management levels.,RESPOND / Incident Management / Recovery Initiation,RS.MA-05.01
III-3-7-1 Information Technology (IT) System Risk / III-3-7-1-2 Major Supervisory Viewpoints,(10)(v) Response to IT system failures,JFSA-56,"In cases where system failures occur, whether the bank has published the content and causes of the failure, expected recovery time, etc. and has established a call center to properly respond to inquiries from their customers where necessary. Also, whether the bank has made the methodology of providing information to the relevant business divisions in preparation for system failures clear.",Semantic,Superset of,6,7,"RS.CO-02.01: The organization's incident response program includes defined and approved escalation protocols, linked to organizational decision levels and communication strategies, including which types of information will be shared, with whom (e.g., the organization's governing authority and senior management), and how information provided to the organization will be acted upon.",RESPOND / Incident Response Reporting and Communication / Stakeholder Incident Notification,RS.CO-02.01
III-3-7-1 Information Technology (IT) System Risk / III-3-7-1-2 Major Supervisory Viewpoints,(10)(v) Response to IT system failures,JFSA-56,"In cases where system failures occur, whether the bank has published the content and causes of the failure, expected recovery time, etc. and has established a call center to properly respond to inquiries from their customers where necessary. Also, whether the bank has made the methodology of providing information to the relevant business divisions in preparation for system failures clear.",Semantic,Superset of,5,7,"RS.CO-02.02: In the event of an incident, the organization notifies impacted stakeholders including, as required, government bodies, self-regulatory agencies and/or other supervisory bodies, within required timeframes.",RESPOND / Incident Response Reporting and Communication / Stakeholder Incident Notification,RS.CO-02.02
III-3-7-1 Information Technology (IT) System Risk / III-3-7-1-2 Major Supervisory Viewpoints,(10)(v) Response to IT system failures,JFSA-56,"In cases where system failures occur, whether the bank has published the content and causes of the failure, expected recovery time, etc. and has established a call center to properly respond to inquiries from their customers where necessary. Also, whether the bank has made the methodology of providing information to the relevant business divisions in preparation for system failures clear.",Semantic,Superset of,6,7,"RS.CO-02.03: The organization maintains and regularly tests incident response communication procedures, with associated contact lists, call trees, and automatic notifications, to quickly coordinate and communicate with internal and external stakeholders during or following an incident.",RESPOND / Incident Response Reporting and Communication / Stakeholder Incident Notification,RS.CO-02.03
III-3-7-1 Information Technology (IT) System Risk / III-3-7-1-2 Major Supervisory Viewpoints,(10)(v) Response to IT system failures,JFSA-56,"In cases where system failures occur, whether the bank has published the content and causes of the failure, expected recovery time, etc. and has established a call center to properly respond to inquiries from their customers where necessary. Also, whether the bank has made the methodology of providing information to the relevant business divisions in preparation for system failures clear.",Semantic,Superset of,5,7,"RS.CO-03.02: In the event of an incident, the organization shares authorized information, in a defined manner and through trusted channels, to facilitate the detection, response, resumption and recovery of its own systems and those of other partners and critical sector participants.",RESPOND / Incident Response Reporting and Communication / Stakeholder Incident Information Sharing,RS.CO-03.02
III-3-7-1 Information Technology (IT) System Risk / III-3-7-1-2 Major Supervisory Viewpoints,(10)(v) Response to IT system failures,JFSA-56,"In cases where system failures occur, whether the bank has published the content and causes of the failure, expected recovery time, etc. and has established a call center to properly respond to inquiries from their customers where necessary. Also, whether the bank has made the methodology of providing information to the relevant business divisions in preparation for system failures clear.",Semantic,Superset of,6,7,"RC.CO-03.01: The organization timely involves and communicates the recovery activities, procedures, cyber risk management issues to the governing body (e.g., the Board or one of its committees), senior management, incident management support teams, and relevant internal stakeholders.",RECOVER / Incident Recovery Communication / Recovery Activity Communication,RC.CO-03.01
III-3-7-1 Information Technology (IT) System Risk / III-3-7-1-2 Major Supervisory Viewpoints,(10)(v) Response to IT system failures,JFSA-56,"In cases where system failures occur, whether the bank has published the content and causes of the failure, expected recovery time, etc. and has established a call center to properly respond to inquiries from their customers where necessary. Also, whether the bank has made the methodology of providing information to the relevant business divisions in preparation for system failures clear.",Semantic,Superset of,6,7,"RC.CO-03.02: The organization promptly communicates the status of recovery activities to regulatory authorities and relevant external stakeholders, as required or appropriate.",RECOVER / Incident Recovery Communication / Recovery Activity Communication,RC.CO-03.02
III-3-7-1 Information Technology (IT) System Risk / III-3-7-1-2 Major Supervisory Viewpoints,(10)(v) Response to IT system failures,JFSA-56,"In cases where system failures occur, whether the bank has published the content and causes of the failure, expected recovery time, etc. and has established a call center to properly respond to inquiries from their customers where necessary. Also, whether the bank has made the methodology of providing information to the relevant business divisions in preparation for system failures clear.",Functional ,Intersects with,5,7,"RC.CO-04.01: Pre-established communication plans and message templates, and authorized protocols, contacts, media, and communications, are used to notify and inform the public and key external stakeholders about an incident.",RECOVER / Incident Recovery Communication / Public Information Sharing,RC.CO-04.01
III-3-7-1 Information Technology (IT) System Risk / III-3-7-1-2 Major Supervisory Viewpoints,(10)(vi) Response to IT system failures,JFSA-57,"Whether the bank has conducted analysis of causes of system failures, investigation about the impact until recovery, corrective action, and preventive measures for recurrence in a proper manner. Also, whether the bank has periodically analyzed tendencies of factors that have led to system failures and taken measures according to them.",Semantic,Subset of ,6,7,"ID.IM-04.08: The organization regularly reviews response strategy, incident management plans, recovery plans, and associated tests and exercises and updates them, as necessary, based on:
(1) Lessons learned from incidents that have occurred (both internal and external to the organization);
(2) Current cyber threat intelligence (both internal and external sources);
(3) Recent and wide-scale cyber attack scenarios;
(4) Operationally and technically plausible future cyber attacks;
(5) Organizational or technical environment changes; and,
(6) New technological developments.",IDENTIFY / Improvement / Plans Affecting Operations,ID.IM-04.08
III-3-7-1 Information Technology (IT) System Risk / III-3-7-1-2 Major Supervisory Viewpoints,(10)(vi) Response to IT system failures,JFSA-57,"Whether the bank has conducted analysis of causes of system failures, investigation about the impact until recovery, corrective action, and preventive measures for recurrence in a proper manner. Also, whether the bank has periodically analyzed tendencies of factors that have led to system failures and taken measures according to them.",Semantic,Subset of ,7,7,"PR.PS-07.01: The organization's technology operations, process verification, error detection, issue management, root cause analysis, and problem management functions are formally documented, monitored, and KPIs are regularly reported to stakeholders.","PROTECT / Platform Security / Technology Operations, Service, & Support",PR.PS-07.01
III-3-7-1 Information Technology (IT) System Risk / III-3-7-1-2 Major Supervisory Viewpoints,(10)(vi) Response to IT system failures,JFSA-57,"Whether the bank has conducted analysis of causes of system failures, investigation about the impact until recovery, corrective action, and preventive measures for recurrence in a proper manner. Also, whether the bank has periodically analyzed tendencies of factors that have led to system failures and taken measures according to them.",Semantic,Subset of ,7,7,"DE.AE-02.01: The organization performs timely collection of event data, as well as advanced and automated analysis (including the use of security tools such as antivirus and IDS/IPS) on the detected events to:
(1) Assess and understand the nature, scope and method of the attack;
(2) Predict and block a similar future attack; and
(3) Report timely risk metrics.",DETECT / Adverse Event Analysis / Potentially Adverse Event Analysis,DE.AE-02.01
III-3-7-1 Information Technology (IT) System Risk / III-3-7-1-2 Major Supervisory Viewpoints,(10)(vi) Response to IT system failures,JFSA-57,"Whether the bank has conducted analysis of causes of system failures, investigation about the impact until recovery, corrective action, and preventive measures for recurrence in a proper manner. Also, whether the bank has periodically analyzed tendencies of factors that have led to system failures and taken measures according to them.",Semantic,Subset of ,7,7,"DE.AE-04.01: The organization has a documented process to analyze and triage incidents to assess root cause, technical impact, mitigation priority, and business impact on the organization, as well as across the financial sector and other third party stakeholders.",DETECT / Adverse Event Analysis / Impact & Scope Determination,DE.AE-04.01
III-3-7-1 Information Technology (IT) System Risk / III-3-7-1-2 Major Supervisory Viewpoints,(10)(vi) Response to IT system failures,JFSA-57,"Whether the bank has conducted analysis of causes of system failures, investigation about the impact until recovery, corrective action, and preventive measures for recurrence in a proper manner. Also, whether the bank has periodically analyzed tendencies of factors that have led to system failures and taken measures according to them.",Semantic,Subset of ,7,7,"RS.MA-02.01: Tools and processes are in place to ensure timely detection, inspection, assessment, and analysis of security event data for reliable activation of incident response processes.",RESPOND / Incident Management / Incident Triage & Validation,RS.MA-02.01
III-3-7-1 Information Technology (IT) System Risk / III-3-7-1-2 Major Supervisory Viewpoints,(10)(vi) Response to IT system failures,JFSA-57,"Whether the bank has conducted analysis of causes of system failures, investigation about the impact until recovery, corrective action, and preventive measures for recurrence in a proper manner. Also, whether the bank has periodically analyzed tendencies of factors that have led to system failures and taken measures according to them.",Semantic,Subset of ,6,7,RS.MA-03.01: The organization categorizes and prioritizes cybersecurity incident response consistent with response plans and criticality of systems and services to the enterprise.,RESPOND / Incident Management / Incident Categorization & Prioritization,RS.MA-03.01
III-3-7-1 Information Technology (IT) System Risk / III-3-7-1-2 Major Supervisory Viewpoints,(10)(vi) Response to IT system failures,JFSA-57,"Whether the bank has conducted analysis of causes of system failures, investigation about the impact until recovery, corrective action, and preventive measures for recurrence in a proper manner. Also, whether the bank has periodically analyzed tendencies of factors that have led to system failures and taken measures according to them.",Semantic,Subset of ,7,7,"RS.AN-03.01: The organization performs a thorough investigation to determine the nature and scope of an event, possible root causes, and the potential damage inflicted.",RESPOND / Incident Analysis / Incident Analysis & Root Cause Determination,RS.AN-03.01
III-3-7-1 Information Technology (IT) System Risk / III-3-7-1-2 Major Supervisory Viewpoints,(10)(vi) Response to IT system failures,JFSA-57,"Whether the bank has conducted analysis of causes of system failures, investigation about the impact until recovery, corrective action, and preventive measures for recurrence in a proper manner. Also, whether the bank has periodically analyzed tendencies of factors that have led to system failures and taken measures according to them.",Semantic,Subset of ,6,7,"RS.AN-08.01: Available incident information is assessed to determine the extent of impact to the organization and its stakeholders, the potential near- and long-term financial implications, and whether or not the incident constitutes a material event.",RESPOND / Incident Analysis / Incident Magnitude Determination,RS.AN-08.01
III-3-7-1 Information Technology (IT) System Risk / III-3-7-1-2 Major Supervisory Viewpoints,(10)(vi) Response to IT system failures,JFSA-57,"Whether the bank has conducted analysis of causes of system failures, investigation about the impact until recovery, corrective action, and preventive measures for recurrence in a proper manner. Also, whether the bank has periodically analyzed tendencies of factors that have led to system failures and taken measures according to them.",Semantic,Subset of ,7,7,"RS.MI-02.01: Targeted investigations and actions are taken to ensure that all vulnerabilities, system components, devices, or remnants used or leveraged in an attack (e.g., malware, compromised accounts, open ports, etc.) are removed or otherwise returned to a secure and reliable state, or that plans to address the vulnerabilities are documented.",RESPOND / Incident Mitigation / Incident Eradication,RS.MI-02.01
III-3-7-1 Information Technology (IT) System Risk / III-3-7-1-2 Major Supervisory Viewpoints,(10)(vi) Response to IT system failures,JFSA-57,"Whether the bank has conducted analysis of causes of system failures, investigation about the impact until recovery, corrective action, and preventive measures for recurrence in a proper manner. Also, whether the bank has periodically analyzed tendencies of factors that have led to system failures and taken measures according to them.",Semantic,Subset of ,7,7,"RC.RP-06.01: Incident management activities are closed under defined conditions and documentation to support subsequent post-mortem review, process improvement, and any follow-on activities is collected and verified.",RECOVER / Incident Recovery Plan Execution / End-of-Incident Determination,RC.RP-06.01
III-3-7-1 Information Technology (IT) System Risk / III-3-7-1-2 Major Supervisory Viewpoints,(10)(vii) Response to IT system failures,JFSA-58,"Whether the bank has established a systematic framework to minimize impacts of system failures such as a system to bypass the affected part. (Reference) As an example of reference materials relating to IT system risk, “FISC Security Guidelines on Computer Systems for Banking and Related Financial Institutions” (The Center for Financial Industry Information Systems) may be taken.",Semantic,Subset of ,7,7,"GV.RM-09.01: The organization has an enterprise-wide resilience strategy and program, including architecture, cyber resilience, business continuity, disaster recovery, and incident response, which support its mission, stakeholder obligations, critical infrastructure role, and risk appetite.",GOVERN / Risk Management Strategy  / Business Continuity & Resilience Risk Management,GV.RM-09.01
III-3-7-1 Information Technology (IT) System Risk / III-3-7-1-2 Major Supervisory Viewpoints,(10)(vii) Response to IT system failures,JFSA-58,"Whether the bank has established a systematic framework to minimize impacts of system failures such as a system to bypass the affected part. (Reference) As an example of reference materials relating to IT system risk, “FISC Security Guidelines on Computer Systems for Banking and Related Financial Institutions” (The Center for Financial Industry Information Systems) may be taken.",Semantic,Intersects with,8,7,"GV.RM-09.02: The resilience program ensures that the organization can continue operating critical business functions and deliver services to stakeholders, to include critical infrastructure partners, during adverse incidents and cyber attacks (e.g., propagation of malware or extended system outages).",GOVERN / Risk Management Strategy  / Business Continuity & Resilience Risk Management,GV.RM-09.02
III-3-7-1 Information Technology (IT) System Risk / III-3-7-1-2 Major Supervisory Viewpoints,(10)(vii) Response to IT system failures,JFSA-58,"Whether the bank has established a systematic framework to minimize impacts of system failures such as a system to bypass the affected part. (Reference) As an example of reference materials relating to IT system risk, “FISC Security Guidelines on Computer Systems for Banking and Related Financial Institutions” (The Center for Financial Industry Information Systems) may be taken.",Semantic,Subset of ,6,7,"ID.IM-04.03: Recovery plans include service resumption steps for all operating environments, including traditional, alternate recovery, and highly available (e.g., cloud) infrastructures.",IDENTIFY / Improvement / Plans Affecting Operations,ID.IM-04.03
III-3-7-1 Information Technology (IT) System Risk / III-3-7-1-2 Major Supervisory Viewpoints,(10)(vii) Response to IT system failures,JFSA-58,"Whether the bank has established a systematic framework to minimize impacts of system failures such as a system to bypass the affected part. (Reference) As an example of reference materials relating to IT system risk, “FISC Security Guidelines on Computer Systems for Banking and Related Financial Institutions” (The Center for Financial Industry Information Systems) may be taken.",Semantic,Subset of ,6,7,"ID.IM-04.05: Recovery plans include restoration of resilience following a long term loss of capability (e.g., at an alternate site or a third-party), detailing when the plan should be activated and implementation steps.",IDENTIFY / Improvement / Plans Affecting Operations,ID.IM-04.05
III-3-7-1 Information Technology (IT) System Risk / III-3-7-1-2 Major Supervisory Viewpoints,(10)(vii) Response to IT system failures,JFSA-58,"Whether the bank has established a systematic framework to minimize impacts of system failures such as a system to bypass the affected part. (Reference) As an example of reference materials relating to IT system risk, “FISC Security Guidelines on Computer Systems for Banking and Related Financial Institutions” (The Center for Financial Industry Information Systems) may be taken.",Semantic,Subset of ,7,7,"PR.IR-01.03: The integrity and resilience of the organization's communications and control network services are enhanced through controls such as denial of service protections, secure name/address resolution, and/or alternate communications paths.",PROTECT / Technology Infrastructure Resilience / Logical Access Protections,PR.IR-01.03
III-3-7-1 Information Technology (IT) System Risk / III-3-7-1-2 Major Supervisory Viewpoints,(10)(vii) Response to IT system failures,JFSA-58,"Whether the bank has established a systematic framework to minimize impacts of system failures such as a system to bypass the affected part. (Reference) As an example of reference materials relating to IT system risk, “FISC Security Guidelines on Computer Systems for Banking and Related Financial Institutions” (The Center for Financial Industry Information Systems) may be taken.",Semantic,Subset of ,7,7,"PR.IR-03.01:  The organization implements mechanisms (e.g., failsafe, load balancing, hot swaps, redundant equipment, alternate services, backup facilities, etc.) to achieve resilience requirements in normal and adverse situations.",PROTECT / Technology Infrastructure Resilience / Resilience Measures,PR.IR-03.01
III-3-7-1 Information Technology (IT) System Risk / III-3-7-1-2 Major Supervisory Viewpoints,(10)(vii) Response to IT system failures,JFSA-58,"Whether the bank has established a systematic framework to minimize impacts of system failures such as a system to bypass the affected part. (Reference) As an example of reference materials relating to IT system risk, “FISC Security Guidelines on Computer Systems for Banking and Related Financial Institutions” (The Center for Financial Industry Information Systems) may be taken.",Functional ,Intersects with,6,7,"PR.IR-04.02: Technology availability and capacity is planned, monitored, managed, and optimized to meet business resilience objectives and reasonably anticipated infrastructure demands.",PROTECT / Technology Infrastructure Resilience / Capacity Management,PR.IR-04.02
