OCC Cybersecurity Supervision Work Program References to CRI Profile ver. 2.1 Mapping,OCC Cybersecurity Supervision Work Program References to CRI Profile ver. 2.1 Mapping,OCC Cybersecurity Supervision Work Program References to CRI Profile ver. 2.1 Mapping,OCC Cybersecurity Supervision Work Program References to CRI Profile ver. 2.1 Mapping,OCC Cybersecurity Supervision Work Program References to CRI Profile ver. 2.1 Mapping,OCC Cybersecurity Supervision Work Program References to CRI Profile ver. 2.1 Mapping,OCC Cybersecurity Supervision Work Program References to CRI Profile ver. 2.1 Mapping,OCC Cybersecurity Supervision Work Program References to CRI Profile ver. 2.1 Mapping
OCC Cybersecurity Supervision Work Program (CSWP),OCC Cybersecurity Supervision Work Program (CSWP),OCC Cybersecurity Supervision Work Program (CSWP),OCC Cybersecurity Supervision Work Program (CSWP),OCC Cybersecurity Supervision Work Program (CSWP),CRI Profile ver. 2.1,CRI Profile ver. 2.1,CRI Profile ver. 2.1
Function,Category,Unique Id,Procedure Name,Procedure Description,Profile Id,CRI Profile v2.1 Diagnostic Statement,CRI Profile Subcategory
"
IDENTIFY",IT Asset Management,ID.AM-1.AI,IT Asset Inventory,"Evaluate the effectiveness of processes implemented to identify and maintain the asset inventory of all on-site and off-site system devices, hardware, and other system components.",ID.AM-01.01,"ID.AM-01.01: The organization maintains a current and complete asset inventory of physical devices, hardware, and information systems.",IDENTIFY / Asset Management / Hardware Inventory
"
IDENTIFY",IT Asset Management,ID.AM-1.AI,IT Asset Inventory,"Evaluate the effectiveness of processes implemented to identify and maintain the asset inventory of all on-site and off-site system devices, hardware, and other system components.",ID.AM-03.01,"ID.AM-03.01: The organization maintains current maps of network resources, mobile resources, external connections, network-connected third parties, and network data flows.",IDENTIFY / Asset Management / Network Communications & Data Flows
"
IDENTIFY",IT Asset Management,ID.AM-1.AI,IT Asset Inventory,"Evaluate the effectiveness of processes implemented to identify and maintain the asset inventory of all on-site and off-site system devices, hardware, and other system components.",ID.AM-04.01,"ID.AM-04.01: Hardware, software, and data assets maintained by or located at suppliers or other third parties are included in asset management inventories and lifecycle management processes as required for effective management and security.",IDENTIFY / Asset Management / Supplier Services Inventory
"
IDENTIFY",IT Asset Management,ID.AM-2.SI,Software Inventory,Evaluate the effectiveness of software inventory management processes to include end of support and end of life situations.,ID.AM-02.01,"ID.AM-02.01: The organization maintains a current and complete inventory of software platforms, business applications, and other software assets (e.g., virtual machines and virtual network devices).","IDENTIFY / Asset Management / Software, Services, & Systems Inventory"
"
IDENTIFY",IT Asset Management,ID.AM-2.SI,Software Inventory,Evaluate the effectiveness of software inventory management processes to include end of support and end of life situations.,PR.PS-02.03,"PR.PS-02.03: Technology obsolescence, unsupported systems, and end-of-life decommissioning/replacements are addressed in a risk-based manner and actively planned for, funded, managed, and securely executed.",PROTECT / Platform Security / Software Maintenance & Replacement
"
IDENTIFY",IT Asset Management,ID.AM-3.DF,Data Flow,"Evaluate the effectiveness of the processes for developing, maintaining, and securing data flow diagrams.",GV.OC-04.01,"GV.OC-04.01: The organization maintains an inventory of key internal assets, business functions, and external dependencies that includes mappings to other assets, business functions, and information flows.",GOVERN / Organizational Context / Stakeholder Service Expectations
"
IDENTIFY",IT Asset Management,ID.AM-3.DF,Data Flow,"Evaluate the effectiveness of the processes for developing, maintaining, and securing data flow diagrams.",ID.AM-03.01,"ID.AM-03.01: The organization maintains current maps of network resources, mobile resources, external connections, network-connected third parties, and network data flows.",IDENTIFY / Asset Management / Network Communications & Data Flows
"
IDENTIFY",IT Asset Management,ID.AM-3.DF,Data Flow,"Evaluate the effectiveness of the processes for developing, maintaining, and securing data flow diagrams.",ID.AM-07.01,"ID.AM-07.01: The organization maintains a current inventory of the data being created, stored, or processed by its information assets and data flow diagrams depicting key internal and external data flows.",IDENTIFY / Asset Management / Data & Metadata Inventory
"
IDENTIFY",IT Asset Management,ID.AM-4.EC,External Connections,Assess the processes for identifying and maintaining an inventory of all external connections.,ID.AM-03.01,"ID.AM-03.01: The organization maintains current maps of network resources, mobile resources, external connections, network-connected third parties, and network data flows.",IDENTIFY / Asset Management / Network Communications & Data Flows
"
IDENTIFY",IT Asset Management,ID.AM-5.DM,Data Management,"Evaluate the effectiveness of the data management life cycle to include identification, analysis, storage, and disposal.",ID.AM-07.01,"ID.AM-07.01: The organization maintains a current inventory of the data being created, stored, or processed by its information assets and data flow diagrams depicting key internal and external data flows.",IDENTIFY / Asset Management / Data & Metadata Inventory
"
IDENTIFY",IT Asset Management,ID.AM-5.DM,Data Management,"Evaluate the effectiveness of the data management life cycle to include identification, analysis, storage, and disposal.",ID.AM-08.03,"ID.AM-08.03: The organization establishes policies, standards, and procedures for data governance, data management, and data retention consistent with its legal obligations and the value of data as an organizational asset.",IDENTIFY / Asset Management / Asset Life Cycle Management
"
IDENTIFY",IT Asset Management,ID.AM-5.DM,Data Management,"Evaluate the effectiveness of the data management life cycle to include identification, analysis, storage, and disposal.",ID.AM-08.04,"ID.AM-08.04: The organization's asset management processes ensure the protection of sensitive data throughout removal, transfers, maintenance, end-of-life, and secure disposal or re-use.",IDENTIFY / Asset Management / Asset Life Cycle Management
"
IDENTIFY",IT Asset Management,ID.AM-5.DM,Data Management,"Evaluate the effectiveness of the data management life cycle to include identification, analysis, storage, and disposal.",ID.AM-08.05,"ID.AM-08.05: The organization defines and implements standards and procedures, consistent with its data retention policy, for destroying or securely erasing data, media, and storage devices when the data is no longer needed.",IDENTIFY / Asset Management / Asset Life Cycle Management
"
IDENTIFY",IT Asset Management,ID.AM-5.DI,Data Classification,Assess the adequacy of the data classification methodology to determine if data criticality and sensitivity are identified and maintained.,ID.AM-05.02,"ID.AM-05.02: The organization's hardware, software, and data assets are prioritized for protection based on their sensitivity, criticality, vulnerability, business value, and dependency role in the delivery of critical services.",IDENTIFY / Asset Management / Asset Protection Prioritization
"
IDENTIFY",IT Asset Management,ID.AM-5.DI,Data Classification,Assess the adequacy of the data classification methodology to determine if data criticality and sensitivity are identified and maintained.,ID.AM-05.01,"ID.AM-05.01: The organization establishes and maintains risk-based policies and procedures for the classification of hardware, software, and data assets based on sensitivity and criticality.",IDENTIFY / Asset Management / Asset Protection Prioritization
"
IDENTIFY",Business Environment,ID.BE-1.SC,Supply Chain,Evaluate how management determines and communicates if the bank holds a critical or systemically important role in providing services to other entities in the financial sector.,GV.OC-02.02,GV.OC-02.02: Technology and cybersecurity risk management strategies identify and communicate the organization’s role within the financial services sector as a component of critical infrastructure.,GOVERN / Organizational Context / Stakeholder Risk Management Expectations
"
IDENTIFY",Business Environment,ID.BE-1.SC,Supply Chain,Evaluate how management determines and communicates if the bank holds a critical or systemically important role in providing services to other entities in the financial sector.,ID.IM-04.06,ID.IM-04.06: The organization has established and implemented plans to identify and mitigate the cyber risks it poses through interconnectedness to sector partners and external stakeholders.,IDENTIFY / Improvement / Plans Affecting Operatons
"
IDENTIFY",Business Environment,ID.BE-2.FS,Critical Infrastructure,Evaluate how management determines and communicates the bank’s role in the financial services sector of the U.S. critical infrastructure.,GV.OC-02.02,GV.OC-02.02: Technology and cybersecurity risk management strategies identify and communicate the organization’s role within the financial services sector as a component of critical infrastructure.,GOVERN / Organizational Context / Stakeholder Risk Management Expectations
"
IDENTIFY",Business Environment,ID.BE-4.CR,Critical Dependencies,"Evaluate the effectiveness of processes that identify and maintain critical dependencies, such as power, telecommunications, network connectivity, and other critical infrastructures.",GV.OC-02.03,GV.OC-02.03: Technology and cybersecurity risk management strategies identify and communicate the organization's role as it relates to other critical infrastructure sectors outside of the financial services sector and the interdependency risks.,GOVERN / Organizational Context / Stakeholder Risk Management Expectations
"
IDENTIFY",Business Environment,ID.BE-4.CR,Critical Dependencies,"Evaluate the effectiveness of processes that identify and maintain critical dependencies, such as power, telecommunications, network connectivity, and other critical infrastructures.",GV.OC-05.01,"GV.OC-05.01: The organization identifies, assesses, and documents the key dependencies, interdependencies, and potential points of failure to support the delivery of critical services (e.g., systems, business processes, workforce, third parties, facilities, etc.)",GOVERN / Organizational Context / Organizational Service Dependencies
"
IDENTIFY",Business Environment,ID.BE-4.CR,Critical Dependencies,"Evaluate the effectiveness of processes that identify and maintain critical dependencies, such as power, telecommunications, network connectivity, and other critical infrastructures.",GV.OC-05.02,"GV.OC-05.02: The organization has prioritized its external dependencies according to their criticality to the supported enterprise mission, business functions, and to the financial services sector.",GOVERN / Organizational Context / Organizational Service Dependencies
"
IDENTIFY",Business Environment,ID.BE-4.CR,Critical Dependencies,"Evaluate the effectiveness of processes that identify and maintain critical dependencies, such as power, telecommunications, network connectivity, and other critical infrastructures.",GV.SC-01.02,"GV.SC-01.02: The organization regularly assesses the risk of its ongoing use of third parties in aggregate, considering factors such as critical service dependencies, vendor concentration, geographical/geopolitical exposure, fourth-party impacts, and financial sector co-dependencies.",GOVERN / Supply Chain Risk Management / Supply Chain Risk Management Program
"
IDENTIFY",Business Environment,ID.BE-4.CR,Critical Dependencies,"Evaluate the effectiveness of processes that identify and maintain critical dependencies, such as power, telecommunications, network connectivity, and other critical infrastructures.",ID.IM-04.06,ID.IM-04.06: The organization has established and implemented plans to identify and mitigate the cyber risks it poses through interconnectedness to sector partners and external stakeholders.,IDENTIFY / Improvement / Plans Affecting Operatons
"
IDENTIFY",Business Environment,ID.BE-5.RR,Cybersecurity Resilience,Evaluate cybersecurity resilience planning and response capabilities to support delivery of critical services.,GV.OC-04.01,"GV.OC-04.01: The organization maintains an inventory of key internal assets, business functions, and external dependencies that includes mappings to other assets, business functions, and information flows.",GOVERN / Organizational Context / Stakeholder Service Expectations
"
IDENTIFY",Business Environment,ID.BE-5.RR,Cybersecurity Resilience,Evaluate cybersecurity resilience planning and response capabilities to support delivery of critical services.,GV.OC-04.02,"GV.OC-04.02: The organization documents the business processes that are critical for the delivery of services and the functioning of the organization, and the impacts to the business if those processes are degraded or not functioning.",GOVERN / Organizational Context / Stakeholder Service Expectations
"
IDENTIFY",Business Environment,ID.BE-5.RR,Cybersecurity Resilience,Evaluate cybersecurity resilience planning and response capabilities to support delivery of critical services.,GV.OC-04.03,"GV.OC-04.03: Resilience requirements to support the delivery of critical services are established for all operating states (e.g., under duress/attack, during recovery, and normal operations).",GOVERN / Organizational Context / Stakeholder Service Expectations
"
IDENTIFY",Business Environment,ID.BE-5.RR,Cybersecurity Resilience,Evaluate cybersecurity resilience planning and response capabilities to support delivery of critical services.,GV.OC-04.04,"GV.OC-04.04: The organization prioritizes the resilience design, planning, testing, and monitoring of systems and other key internal and external dependencies according to their criticality to the supported business functions, enterprise mission, and to the financial services sector.",GOVERN / Organizational Context / Stakeholder Service Expectations
"
IDENTIFY",Business Environment,ID.BE-5.RR,Cybersecurity Resilience,Evaluate cybersecurity resilience planning and response capabilities to support delivery of critical services.,GV.RM-09.02,"GV.RM-09.02: The resilience program ensures that the organization can continue operating critical business functions and deliver services to stakeholders, to include critical infrastructure partners, during adverse incidents and cyber attacks (e.g., propagation of malware or extended system outages).",GOVERN / Risk Management Strategy  / Business Continuity & Resilience Risk Management
"
IDENTIFY",Governance,ID.GV-2.CR,Cybersecurity Roles,Review management and staff roles and responsibilities to determine whether they address cybersecurity risk management processes and procedures.,GV.RR-02.01,"GV.RR-02.01: The roles, responsibilities, qualifications, and skill requirements for personnel (employees and third parties) that implement, manage, and oversee the technology, cybersecurity, and resilience programs are defined, aligned, coordinated, and holistically managed.","GOVERN / Roles, Responsibilities, and Authorities / Risk Management Roles & Responsibilities"
"
IDENTIFY",Governance,ID.GV-2.CR,Cybersecurity Roles,Review management and staff roles and responsibilities to determine whether they address cybersecurity risk management processes and procedures.,GV.RR-01.04,"GV.RR-01.04: The organization has designated a qualified Cybersecurity Officer (e.g., CISO) who is responsible and accountable for developing a cybersecurity strategy, overseeing and implementing its cybersecurity program, and enforcing its cybersecurity policy.","GOVERN / Roles, Responsibilities, and Authorities / Organizational Leadership Responsibility"
"
IDENTIFY",Governance,ID.GV-3.LR,Regulatory Requirements,Evaluate the processes’ effectiveness for maintaining continued compliance with applicable rules and regulations.,GV.OC-03.01,"GV.OC-03.01: The organization's technology and cybersecurity strategy, framework, and policies align and are consistent with the organization's legal, statutory, contractual, and regulatory obligations and ensure that compliance responsibilities are unambiguously assigned.","GOVERN / Organizational Context / Legal, Regulatory, & Contractual Requirements"
"
IDENTIFY",Governance,ID.GV-3.LR,Regulatory Requirements,Evaluate the processes’ effectiveness for maintaining continued compliance with applicable rules and regulations.,GV.OC-03.02,"GV.OC-03.02: The organization implements and maintains a documented policy or policies that address customer data privacy that is approved by a designated officer or the organization’s appropriate governing body (e.g., the Board or one of its committees).","GOVERN / Organizational Context / Legal, Regulatory, & Contractual Requirements"
"
IDENTIFY",Governance,ID.GV-4.CR,Cybersecurity Risk,Assess the effectiveness of cybersecurity risk management processes.,GV.RM-01.01,"GV.RM-01.01: Technology and cybersecurity risk management strategies and frameworks are approved by the governing authority (e.g., the Board or one of its committees) and incorporated into the overall business strategy and enterprise risk management framework.",GOVERN / Risk Management Strategy / Risk Management Objectives Agreement
"
IDENTIFY",Governance,ID.GV-4.CR,Cybersecurity Risk,Assess the effectiveness of cybersecurity risk management processes.,GV.RM-01.02,"GV.RM-01.02: Technology and cybersecurity risk management strategies and frameworks are informed by applicable international, national, and financial services industry standards and guidelines.",GOVERN / Risk Management Strategy / Risk Management Objectives Agreement
"
IDENTIFY",Governance,ID.GV-4.CR,Cybersecurity Risk,Assess the effectiveness of cybersecurity risk management processes.,GV.RM-01.03,"GV.RM-01.03: The organization has established, and maintains, technology and cybersecurity programs designed to protect the confidentiality, integrity and availability of its information and operational systems, commensurate with the organization's risk appetite and business needs.",GOVERN / Risk Management Strategy / Risk Management Objectives Agreement
"
IDENTIFY",Governance,ID.GV-4.CR,Cybersecurity Risk,Assess the effectiveness of cybersecurity risk management processes.,GV.RM-01.04,"GV.RM-01.04: Technology and cybersecurity risk management programs incorporate risk identification, measurement, monitoring, and reporting.",GOVERN / Risk Management Strategy / Risk Management Objectives Agreement
"
IDENTIFY",Governance,ID.GV-4.CR,Cybersecurity Risk,Assess the effectiveness of cybersecurity risk management processes.,GV.RM-01.05,"GV.RM-01.05: The organization's technology, cybersecurity, resilience, and third-party risk management programs, policies, resources, and priorities are aligned and mutually supporting.",GOVERN / Risk Management Strategy / Risk Management Objectives Agreement
"
IDENTIFY",Governance,ID.GV-4.CR,Cybersecurity Risk,Assess the effectiveness of cybersecurity risk management processes.,GV.RM-03.01,GV.RM-03.01: Technology and cybersecurity risk management frameworks and programs are integrated into the enterprise risk management framework.,GOVERN / Risk Management Strategy / Enterprise Risk Integration
"
IDENTIFY",Governance,ID.GV-4.CR,Cybersecurity Risk,Assess the effectiveness of cybersecurity risk management processes.,ID.RA-06.01,"ID.RA-06.01: Technology and cybersecurity risk management programs and risk assessment processes produce actionable recommendations that the organization uses to select, design, prioritize, implement, maintain, evaluate, and modify cybersecurity and technology controls.",IDENTIFY / Risk Assessment / Risk Response Determination
"
IDENTIFY",Governance,ID.GV-4.CR,Cybersecurity Risk,Assess the effectiveness of cybersecurity risk management processes.,ID.RA-06.02,"ID.RA-06.02: The implementation of responses to address identified risks (i.e., risk avoidance, risk mitigation, risk acceptance, or risk transfer (e.g., cyber insurance)) are formulated, assessed, documented, and prioritized based on criticality to the business.",IDENTIFY / Risk Assessment / Risk Response Determination
"
IDENTIFY",Governance,ID.GV-4.AS,Assurance,Review and evaluate assurance and testing processes to determine whether cybersecurity controls are in place and working effectively to mitigate identified security risks.,GV.AU-01.02,"GV.AU-01.02: The organization has an independent audit plan that provides for the evaluation of technology and cybersecurity risk, including compliance with the approved risk management framework, policies, and processes for technology, cybersecurity, and resilience; and how well the organization adapts to the evolving risk environment while remaining within its stated risk appetite and tolerance.",GOVERN / Independent Audit Function / Independent Audit Compliance Assessment
"
IDENTIFY",Governance,ID.GV-4.AS,Assurance,Review and evaluate assurance and testing processes to determine whether cybersecurity controls are in place and working effectively to mitigate identified security risks.,GV.AU-01.03,"GV.AU-01.03: The independent audit function tests technology management, cybersecurity, incident response, and resilience policies and controls.",GOVERN / Independent Audit Function / Independent Audit Compliance Assessment
"
IDENTIFY",Governance,ID.GV-4.AS,Assurance,Review and evaluate assurance and testing processes to determine whether cybersecurity controls are in place and working effectively to mitigate identified security risks.,GV.AU-03.01,GV.AU-03.01: The independent audit function reviews technology and cybersecurity practices and identifies weaknesses and gaps.,GOVERN / Independent Audit Function / Independent Audit Reporting
"
IDENTIFY",Governance,ID.GV-4.AS,Assurance,Review and evaluate assurance and testing processes to determine whether cybersecurity controls are in place and working effectively to mitigate identified security risks.,GV.IR-01.01,GV.IR-01.01: The organization's enterprise-wide technology and cybersecurity risk management frameworks align with and support an independent risk management function that provides assurance that the frameworks are implemented consistently and as intended.,GOVERN / Independent Risk Management Function / Independent Risk Management Function
"
IDENTIFY",Governance,ID.GV-4.PT,Penetration testing,"Assess the adequacy of scope, frequency, and effectiveness of penetration testing.",ID.IM-02.01,"ID.IM-02.01: The organization conducts regular, independent penetration testing and red team testing on the organization's network, internet-facing systems, critical applications, and associated controls to identify gaps in cybersecurity defenses.",IDENTIFY / Improvement / Tests & Exercises
"
IDENTIFY",Risk Assessment,ID.RA-2.CT,Threat Intelligence,Evaluate the effectiveness of threat intelligence collection from external sources.,ID.RA-02.01,"ID.RA-02.01: The organization participates actively (in alignment with its business operations, inherent risk, and complexity) in information-sharing groups and collectives (e.g., cross-industry, cross-government and cross-border groups) to gather, distribute and analyze information about cyber practices, cyber threats, and early warning indicators relating to cyber threats.",IDENTIFY / Risk Assessment / Information Sharing Forums
"
IDENTIFY",Risk Assessment,ID.RA-2.CT,Threat Intelligence,Evaluate the effectiveness of threat intelligence collection from external sources.,ID.RA-03.02,"ID.RA-03.02: The organization solicits and considers threat intelligence received from the organization's stakeholders, service and utility providers, and other industry and security organizations.",IDENTIFY / Risk Assessment / Threat Identification
"
IDENTIFY",Risk Assessment,ID.RA-2.CT,Threat Intelligence,Evaluate the effectiveness of threat intelligence collection from external sources.,ID.RA-03.04,"ID.RA-03.04: The organization regularly reviews and updates its threat analysis methodology, threat information sources, and supporting tools.",IDENTIFY / Risk Assessment / Threat Identification
"
IDENTIFY",Risk Assessment,ID.RA-5.CR,Risk Assessment,"Evaluate the cybersecurity risk assessment process to assess whether threats, vulnerabilities, likelihoods, and impacts are used to determine business impacts and overall risk.",ID.RA-04.01,ID.RA-04.01: The organization's risk assessment approach includes the analysis and characterization of the likelihood and potential business impact of identified risks being realized.,IDENTIFY / Risk Assessment / Impact & Likelihood Analysis
"
IDENTIFY",Risk Assessment,ID.RA-5.CR,Risk Assessment,"Evaluate the cybersecurity risk assessment process to assess whether threats, vulnerabilities, likelihoods, and impacts are used to determine business impacts and overall risk.",ID.RA-05.01,"ID.RA-05.01: Threats, vulnerabilities, likelihoods, and impacts are used to determine overall technology, cybersecurity, and resilience risk to the organization.",IDENTIFY / Risk Assessment / Risk Exposure Determination & Prioritization
"
IDENTIFY",Risk Assessment,ID.RA-6.RR,Risk Response,Assess the effectiveness of management’s prioritization and response to identified risks to include consideration of cybersecurity insurance.,ID.RA-06.01,"ID.RA-06.01: Technology and cybersecurity risk management programs and risk assessment processes produce actionable recommendations that the organization uses to select, design, prioritize, implement, maintain, evaluate, and modify cybersecurity and technology controls.",IDENTIFY / Risk Assessment / Risk Response Determination
"
IDENTIFY",Risk Assessment,ID.RA-6.RR,Risk Response,Assess the effectiveness of management’s prioritization and response to identified risks to include consideration of cybersecurity insurance.,ID.RA-06.02,"ID.RA-06.02: The implementation of responses to address identified risks (i.e., risk avoidance, risk mitigation, risk acceptance, or risk transfer (e.g., cyber insurance)) are formulated, assessed, documented, and prioritized based on criticality to the business.",IDENTIFY / Risk Assessment / Risk Response Determination
"
IDENTIFY",Risk Management Strategy,ID.RM-1.RM,Risk Strategy,"Evaluate, as part of cybersecurity risk management, the effectiveness of strategic decisions with regard to business constraints, business priorities, and risk tolerances.",GV.OC-01.01,"GV.OC-01.01: Technology and cybersecurity strategies, architectures, and programs are formally governed to align with and support the organization's mission, objectives, priorities, tactical initiatives, and risk profile.",GOVERN / Organizational Context / Organizational Mission
"
IDENTIFY",Risk Management Strategy,ID.RM-1.RM,Risk Strategy,"Evaluate, as part of cybersecurity risk management, the effectiveness of strategic decisions with regard to business constraints, business priorities, and risk tolerances.",GV.OC-02.01,"GV.OC-02.01: The organization's obligation to its customers, employees, and stakeholders to maintain safety and soundness, while balancing size and complexity, is reflected in the organization's risk management strategy and framework, its risk appetite and risk tolerance statements, and in a risk-aware culture.",GOVERN / Organizational Context / Stakeholder Risk Management Expectations
"
IDENTIFY",Risk Management Strategy,ID.RM-1.RM,Risk Strategy,"Evaluate, as part of cybersecurity risk management, the effectiveness of strategic decisions with regard to business constraints, business priorities, and risk tolerances.",GV.OC-02.02,GV.OC-02.02: Technology and cybersecurity risk management strategies identify and communicate the organization’s role within the financial services sector as a component of critical infrastructure.,GOVERN / Organizational Context / Stakeholder Risk Management Expectations
"
IDENTIFY",Risk Management Strategy,ID.RM-1.RM,Risk Strategy,"Evaluate, as part of cybersecurity risk management, the effectiveness of strategic decisions with regard to business constraints, business priorities, and risk tolerances.",GV.RM-01.02,"GV.RM-01.02: Technology and cybersecurity risk management strategies and frameworks are informed by applicable international, national, and financial services industry standards and guidelines.",GOVERN / Risk Management Strategy / Risk Management Objectives Agreement
"
IDENTIFY",Risk Management Strategy,ID.RM-2.RT,Risk Appetite/Tolerance,Evaluate the effectiveness of processes used to determine risk appetite and risk tolerance for cybersecurity.,GV.RM-02.01,"GV.RM-02.01: The governing authority (e.g., the Board or one of its committees) endorses and regularly reviews technology and cybersecurity risk appetite and is regularly informed about the status of, and material changes to, the organization's inherent risk profile.",GOVERN / Risk Management Strategy / Risk Appetite & Risk Tolerance Statements
"
IDENTIFY",Risk Management Strategy,ID.RM-2.RT,Risk Appetite/Tolerance,Evaluate the effectiveness of processes used to determine risk appetite and risk tolerance for cybersecurity.,GV.RM-02.02,"GV.RM-02.02: The organization has established statements of technology and cybersecurity risk tolerance consistent with its risk appetite, and has integrated them into technology, cybersecurity, operational, and enterprise risk management practices.",GOVERN / Risk Management Strategy / Risk Appetite & Risk Tolerance Statements
"
IDENTIFY",Risk Management Strategy,ID.RM-2.RT,Risk Appetite/Tolerance,Evaluate the effectiveness of processes used to determine risk appetite and risk tolerance for cybersecurity.,GV.RM-02.03,"GV.RM-02.03: Determination of the organization's risk appetite and tolerance includes consideration of the organization's stakeholder obligations, role in critical infrastructure, and sector-specific risk analysis.",GOVERN / Risk Management Strategy / Risk Appetite & Risk Tolerance Statements
"
IDENTIFY",Risk Management Strategy,ID.RM-2.RT,Risk Appetite/Tolerance,Evaluate the effectiveness of processes used to determine risk appetite and risk tolerance for cybersecurity.,GV.OV-02.01,"GV.OV-02.01: The organization regularly assesses its inherent technology and cybersecurity risks and ensures that changes to the business and threat environment lead to updates to the organization's strategies, programs, risk appetite and risk tolerance.",GOVERN / Oversight / Risk Management Strategy Review & Adjustment
"
IDENTIFY",Risk Management Strategy,ID.RM-2.RT,Risk Appetite/Tolerance,Evaluate the effectiveness of processes used to determine risk appetite and risk tolerance for cybersecurity.,ID.IM-01.03,"ID.IM-01.03: The organization establishes specific objectives, performance criteria, benchmarks, and tolerance limits to identify areas that have improved or are in need of improvement over time.",IDENTIFY / Improvement / Continuous Improvements Evaluation
"
IDENTIFY",Risk Management Strategy,ID.RM-3.CI,Critical Infrastructure Risk Tolerance,Determine whether management considers and incorporates the bank’s role as part of critical infrastructure when establishing risk appetite or risk tolerances.,GV.OC-02.02,GV.OC-02.02: Technology and cybersecurity risk management strategies identify and communicate the organization’s role within the financial services sector as a component of critical infrastructure.,GOVERN / Organizational Context / Stakeholder Risk Management Expectations
"
IDENTIFY",Risk Management Strategy,ID.RM-3.CI,Critical Infrastructure Risk Tolerance,Determine whether management considers and incorporates the bank’s role as part of critical infrastructure when establishing risk appetite or risk tolerances.,GV.RM-02.03,"GV.RM-02.03: Determination of the organization's risk appetite and tolerance includes consideration of the organization's stakeholder obligations, role in critical infrastructure, and sector-specific risk analysis.",GOVERN / Risk Management Strategy / Risk Appetite & Risk Tolerance Statements
"
IDENTIFY",Risk Management Strategy,ID.RM-3.CI,Critical Infrastructure Risk Tolerance,Determine whether management considers and incorporates the bank’s role as part of critical infrastructure when establishing risk appetite or risk tolerances.,GV.RM-09.01,"GV.RM-09.01: The organization has an enterprise-wide resilience strategy and program, including architecture, cyber resilience, business continuity, disaster recovery, and incident response, which support its mission, stakeholder obligations, critical infrastructure role, and risk appetite.",GOVERN / Risk Management Strategy  / Business Continuity & Resilience Risk Management
"
IDENTIFY",Risk Management Strategy,ID.RM-3.CI,Critical Infrastructure Risk Tolerance,Determine whether management considers and incorporates the bank’s role as part of critical infrastructure when establishing risk appetite or risk tolerances.,GV.RM-09.02,"GV.RM-09.02: The resilience program ensures that the organization can continue operating critical business functions and deliver services to stakeholders, to include critical infrastructure partners, during adverse incidents and cyber attacks (e.g., propagation of malware or extended system outages).",GOVERN / Risk Management Strategy  / Business Continuity & Resilience Risk Management
"
IDENTIFY",Risk Management Strategy,ID.RM-3.CI,Critical Infrastructure Risk Tolerance,Determine whether management considers and incorporates the bank’s role as part of critical infrastructure when establishing risk appetite or risk tolerances.,ID.IM-02.08,"ID.IM-02.08: The organization tests and exercises, independently and in coordination with other critical sector partners, its ability to support sector-wide resilience in the event of extreme financial stress or the instability of external dependencies, such as connectivity to markets, payment systems, clearing entities, messaging services, etc.",IDENTIFY / Improvement / Tests & Exercises
"
IDENTIFY",Supply Chain Risk Management,ID.SC-1.TP,Third party Risk,Evaluate how management incorporates cybersecurity and supply chain risk assessment into their third-party risk management processes.,GV.SC-01.01,"GV.SC-01.01: The organization maintains a third-party risk management strategy and program to identify and manage the risks associated with third parties throughout their lifecycles in a timely manner, including in support of sector-critical systems and operations, to ensure alignment within risk appetite.",GOVERN / Supply Chain Risk Management / Supply Chain Risk Management Program
"
IDENTIFY",Supply Chain Risk Management,ID.SC-1.TP,Third party Risk,Evaluate how management incorporates cybersecurity and supply chain risk assessment into their third-party risk management processes.,GV.SC-03.01,"GV.SC-03.01: The organization's third-party risk management strategy and program aligns with and supports its enterprise, technology, cybersecurity, and resilience risk management frameworks and programs.",GOVERN / Supply Chain Risk Management / Supply Chain Risk Management Integration
"
IDENTIFY",Supply Chain Risk Management,ID.SC-1.TP,Third party Risk,Evaluate how management incorporates cybersecurity and supply chain risk assessment into their third-party risk management processes.,GV.SC-08.01,"GV.SC-08.01: The organization's resilience strategy, plans, tests, and exercises incorporate its external dependencies and critical business partners.",GOVERN / Supply Chain Risk Management / Third Party Incident Management Integratoin
"
IDENTIFY",Supply Chain Risk Management,ID.SC-1.TP,Third party Risk,Evaluate how management incorporates cybersecurity and supply chain risk assessment into their third-party risk management processes.,GV.SC-09.01,"GV.SC-09.01: Consideration is specifically given to the implications of organizational third-party dependence, requirements, contracts, and interactions in the design, operation, monitoring, and improvement of policies, procedures, and controls to ensure the fulfillment of business requirements within risk appetite.",GOVERN / Supply Chain Risk Management / Supply Chain Security Practice Integration
"
IDENTIFY",Supply Chain Risk Management,ID.SC-1.TP,Third party Risk,Evaluate how management incorporates cybersecurity and supply chain risk assessment into their third-party risk management processes.,EX.DD-02.01,"EX.DD-02.01: The organization implements procedures, and allocates sufficient resources with the requisite knowledge and experience, to conduct third party due diligence and risk assessment consistent with the procurement plan and commensurate with level of risk, criticality, and complexity of each third-party relationship.",EXTEND / Procurement Planning and Due Diligence / Prospective Third Party Due Diligence
"
IDENTIFY",Supply Chain Risk Management,ID.SC-1.TP,Third party Risk,Evaluate how management incorporates cybersecurity and supply chain risk assessment into their third-party risk management processes.,EX.MM-01.01,"EX.MM-01.01: The organization implements procedures, and allocates sufficient resources with the requisite knowledge and experience, to manage and monitor its third-party relationships to a degree and extent commensurate with the risk each third party poses to the organization and the criticality of the third party's products, services, and/or relationship to the organization.",EXTEND / Monitoring and Managing Suppliers / Ongoing Third-Party Monitoring
"
IDENTIFY",Supply Chain Risk Management,ID.SC-1.TP,Third party Risk,Evaluate how management incorporates cybersecurity and supply chain risk assessment into their third-party risk management processes.,GV.RM-05.02,"GV.RM-05.02: The organization establishes minimum requirements for its third-parties that include how the organizations will communicate and coordinate in times of emergency, including:
1) Joint maintenance of contingency plans;
2) Responsibilities for responding to incidents, including forensic investigations;
3) Planning and testing strategies that address severe events in order to identify single points of failure that would cause wide-scale disruption; and
4) Incorporating the potential impact of an incident into their BCM process and ensure resilience capabilities are in place.",GOVERN / Risk Management Strategy / Lines of Communication
"
PROTECT","Identity Management, Authentication and Access Control",PR.AC-1.AM,Access and Authentication Management Program,Evaluate the effectiveness of the access management processes to implement and administer logical and physical access controls. This includes assessing authentication controls and use of multifactor authentication or similarly strong controls.,PR.AA-01.01,"PR.AA-01.01: Identities and credentials are actively managed or automated for authorized devices and users (e.g., removal of default and factory passwords, password strength requirements, automatic revocation of credentials under defined conditions, regular asset owner access review, etc.).","PROTECT / Identity Management, Authentication, and Access Control / Identity & Credential Management"
"
PROTECT","Identity Management, Authentication and Access Control",PR.AC-1.AM,Access and Authentication Management Program,Evaluate the effectiveness of the access management processes to implement and administer logical and physical access controls. This includes assessing authentication controls and use of multifactor authentication or similarly strong controls.,PR.AA-01.02,"PR.AA-01.02: Physical and logical access to systems is permitted only for individuals who have a legitimate business requirement, have been authorized, and who are adequately trained and monitored.","PROTECT / Identity Management, Authentication, and Access Control / Identity & Credential Management"
"
PROTECT","Identity Management, Authentication and Access Control",PR.AC-1.AM,Access and Authentication Management Program,Evaluate the effectiveness of the access management processes to implement and administer logical and physical access controls. This includes assessing authentication controls and use of multifactor authentication or similarly strong controls.,PR.AA-02.01,"PR.AA-02.01: The organization authenticates identity, validates the authorization level of a user before granting access to its systems, limits the use of an account to a single individual, and attributes activities to the user in logs and transactions.","PROTECT / Identity Management, Authentication, and Access Control / Identity Binding to Credentials"
"
PROTECT","Identity Management, Authentication and Access Control",PR.AC-1.AM,Access and Authentication Management Program,Evaluate the effectiveness of the access management processes to implement and administer logical and physical access controls. This includes assessing authentication controls and use of multifactor authentication or similarly strong controls.,PR.AA-03.01,"PR.AA-03.01: Based on the risk level of a user access or a specific transaction, the organization defines and implements authentication requirements, which may include multi-factor or out-of-band authentication, and may adopt other real-time risk prevention or mitigation tactics.","PROTECT / Identity Management, Authentication, and Access Control / Authentication"
"
PROTECT","Identity Management, Authentication and Access Control",PR.AC-1.AM,Access and Authentication Management Program,Evaluate the effectiveness of the access management processes to implement and administer logical and physical access controls. This includes assessing authentication controls and use of multifactor authentication or similarly strong controls.,PR.AA-03.02,"PR.AA-03.02: Decisions to authorize user access to devices and other assets are made with consideration of: 
(1) Business need for the access;
(2) The type of data being accessed (e.g., customer PII, public data);
(3) The risk of the transaction (e.g., internal-to-internal, external-to-internal);
(4) The organization's level of trust for the accessing agent (e.g., external application, internal user); and
(5) The potential for harm.","PROTECT / Identity Management, Authentication, and Access Control / Authentication"
"
PROTECT","Identity Management, Authentication and Access Control",PR.AC-1.AM,Access and Authentication Management Program,Evaluate the effectiveness of the access management processes to implement and administer logical and physical access controls. This includes assessing authentication controls and use of multifactor authentication or similarly strong controls.,PR.AA-04.01,"PR.AA-04.01: Access credential and authorization mechanisms for internal systems and across security perimeters (e.g., leveraging directory services, directory synchronization, single sign-on, federated access, credential mapping, etc.) are designed to maintain security, integrity, and authenticity.","PROTECT / Identity Management, Authentication, and Access Control / Identity Assertions"
"
PROTECT","Identity Management, Authentication and Access Control",PR.AC-1.AM,Access and Authentication Management Program,Evaluate the effectiveness of the access management processes to implement and administer logical and physical access controls. This includes assessing authentication controls and use of multifactor authentication or similarly strong controls.,PR.AA-05.01,"PR.AA-05.01: The organization limits access privileges to the minimum necessary and with consideration of separation of duties (e.g., through role-based access control, asset owner access recertifications, etc.).","PROTECT / Identity Management, Authentication, and Access Control / Access Authorizations"
"
PROTECT","Identity Management, Authentication and Access Control",PR.AC-1.AM,Access and Authentication Management Program,Evaluate the effectiveness of the access management processes to implement and administer logical and physical access controls. This includes assessing authentication controls and use of multifactor authentication or similarly strong controls.,PR.AA-06.01,"PR.AA-06.01: The organization manages, protects, and logs physical access to sensitive areas, devices, consoles, equipment, and network cabling and infrastructure.","PROTECT / Identity Management, Authentication, and Access Control / Physical Access"
"
PROTECT","Identity Management, Authentication and Access Control",PR.AC-3.RA,Remote Access,Evaluate the effectiveness of processes to manage remote access.,PR.IR-01.05,"PR.IR-01.05: Remote access is carefully controlled (e.g., restricted to defined systems, access is actively managed (e.g., session timeouts, logging, forced disconnect, etc.), and encrypted connections with multi-factor authentication are used).",PROTECT / Technology Infrastructure Resilience / Logical Access Protections
"
PROTECT","Identity Management, Authentication and Access Control",PR.AC-4.EP,Privileged Access,Evaluate the effectiveness of processes to manage accounts with privileged access.,PR.AA-05.01,"PR.AA-05.01: The organization limits access privileges to the minimum necessary and with consideration of separation of duties (e.g., through role-based access control, asset owner access recertifications, etc.).","PROTECT / Identity Management, Authentication, and Access Control / Access Authorizations"
"
PROTECT","Identity Management, Authentication and Access Control",PR.AC-4.EP,Privileged Access,Evaluate the effectiveness of processes to manage accounts with privileged access.,PR.AA-05.02,"PR.AA-05.02: The organization institutes controls over privileged system access by strictly limiting and closely managing staff and services with elevated system entitlements (e.g., multi-factor authentication, dual accounts, privilege and time constraints, etc.)","PROTECT / Identity Management, Authentication, and Access Control / Access Authorizations"
"
PROTECT","Identity Management, Authentication and Access Control",PR.AC-4.EP,Privileged Access,Evaluate the effectiveness of processes to manage accounts with privileged access.,DE.CM-03.03,"DE.CM-03.03: The organization logs and reviews the activities of privileged users and accounts, and monitoring for anomalous behaviors is implemented.",DETECT / Continuous Monitoring / Personnel Activity Monitoring
"
PROTECT","Identity Management, Authentication and Access Control",PR.AC-5.NS,Network Segmentation,"Evaluate the effectiveness of processes governing network segmentation, including planning and implementation.",PR.IR-01.01,"PR.IR-01.01: Networks, systems, and external connections are segmented (e.g., using firewalls, software-defined networks, guest wireless networks, etc.) to implement defense-in-depth and access isolation principles.",PROTECT / Technology Infrastructure Resilience / Logical Access Protections
"
PROTECT","Identity Management, Authentication and Access Control",PR.AC-6.UI,User Identity,Assess the adequacy of identity verification and management processes.,PR.AA-01.01,"PR.AA-01.01: Identities and credentials are actively managed or automated for authorized devices and users (e.g., removal of default and factory passwords, password strength requirements, automatic revocation of credentials under defined conditions, regular asset owner access review, etc.).","PROTECT / Identity Management, Authentication, and Access Control / Identity & Credential Management"
"
PROTECT","Identity Management, Authentication and Access Control",PR.AC-6.UI,User Identity,Assess the adequacy of identity verification and management processes.,PR.AA-01.02,"PR.AA-01.02: Physical and logical access to systems is permitted only for individuals who have a legitimate business requirement, have been authorized, and who are adequately trained and monitored.","PROTECT / Identity Management, Authentication, and Access Control / Identity & Credential Management"
"
PROTECT","Identity Management, Authentication and Access Control",PR.AC-7.UA,User Authentication,Evaluate the adequacy of processes to manage user authentication practices.,PR.AA-02.01,"PR.AA-02.01: The organization authenticates identity, validates the authorization level of a user before granting access to its systems, limits the use of an account to a single individual, and attributes activities to the user in logs and transactions.","PROTECT / Identity Management, Authentication, and Access Control / Identity Binding to Credentials"
"
PROTECT","Identity Management, Authentication and Access Control",PR.AC-7.UA,User Authentication,Evaluate the adequacy of processes to manage user authentication practices.,PR.AA-03.01,"PR.AA-03.01: Based on the risk level of a user access or a specific transaction, the organization defines and implements authentication requirements, which may include multi-factor or out-of-band authentication, and may adopt other real-time risk prevention or mitigation tactics.","PROTECT / Identity Management, Authentication, and Access Control / Authentication"
"
PROTECT","Identity Management, Authentication and Access Control",PR.AC-7.UA,User Authentication,Evaluate the adequacy of processes to manage user authentication practices.,PR.AA-03.02,"PR.AA-03.02: Decisions to authorize user access to devices and other assets are made with consideration of: 
(1) Business need for the access;
(2) The type of data being accessed (e.g., customer PII, public data);
(3) The risk of the transaction (e.g., internal-to-internal, external-to-internal);
(4) The organization's level of trust for the accessing agent (e.g., external application, internal user); and
(5) The potential for harm.","PROTECT / Identity Management, Authentication, and Access Control / Authentication"
"
PROTECT","Identity Management, Authentication and Access Control",PR.AC-7.UA,User Authentication,Evaluate the adequacy of processes to manage user authentication practices.,PR.AA-04.01,"PR.AA-04.01: Access credential and authorization mechanisms for internal systems and across security perimeters (e.g., leveraging directory services, directory synchronization, single sign-on, federated access, credential mapping, etc.) are designed to maintain security, integrity, and authenticity.","PROTECT / Identity Management, Authentication, and Access Control / Identity Assertions"
"
PROTECT","Identity Management, Authentication and Access Control",PR.AC-7.DS,Device and System Authentication,Evaluate the adequacy of processes to manage system to system authentication.,PR.AA-05.03,"PR.AA-05.03: The organization institutes controls over service account (i.e., accounts used by systems to access other systems) lifecycles to ensure strict security over creation, use, and termination; access credentials (e.g., no embedded passwords in code); frequent reviews of account ownership; visibility for unauthorized use; and hardening against malicious insider use.","PROTECT / Identity Management, Authentication, and Access Control / Access Authorizations"
"
PROTECT","Identity Management, Authentication and Access Control",PR.AC-7.DS,Device and System Authentication,Evaluate the adequacy of processes to manage system to system authentication.,DE.CM-06.01,"DE.CM-06.01: The organization reviews, documents, authorizes, and monitors all third-party connections, data transfer mechanisms, and Application Programming Interfaces (APIs).",DETECT / Continuous Monitoring / Service Provider Monitoring
"
PROTECT",Awareness and Training,PR.AT-1.TA,Training and Awareness,Evaluate the adequacy of information security training and awareness programs.,PR.AT-01.01,PR.AT-01.01: All personnel receive cybersecurity awareness training upon hire and on a regular basis.,PROTECT / Awareness and Training / User Awareness & Training
"
PROTECT",Awareness and Training,PR.AT-1.TA,Training and Awareness,Evaluate the adequacy of information security training and awareness programs.,PR.AT-01.02,"PR.AT-01.02: Cybersecurity awareness training includes, at a minimum, awareness of and competencies for data protection, personal data handling, compliance obligations, working with third parties, detecting cyber risks, and how to report any unusual activity or incidents.",PROTECT / Awareness and Training / User Awareness & Training
"
PROTECT",Awareness and Training,PR.AT-1.TA,Training and Awareness,Evaluate the adequacy of information security training and awareness programs.,PR.AT-01.03,"PR.AT-01.03: Cybersecurity awareness training is updated on a regular basis to reflect risks and threats identified by the organization, the organization's security policies and standards, applicable laws and regulations, and changes in individual responsibilities.",PROTECT / Awareness and Training / User Awareness & Training
"
PROTECT",Awareness and Training,PR.AT-1.TA,Training and Awareness,Evaluate the adequacy of information security training and awareness programs.,PR.AT-01.04,"PR.AT-01.04: As new technology is deployed or undergoes change that also requires changes in practices, all impacted personnel (e.g., end-users, developers, operators, etc.) are trained on the new system and any accompanying technology and cybersecurity risks.",PROTECT / Awareness and Training / User Awareness & Training
"
PROTECT",Awareness and Training,PR.AT-1.TA,Training and Awareness,Evaluate the adequacy of information security training and awareness programs.,PR.AT-02.01,"PR.AT-02.01: Mechanisms are in place to ensure that the personnel working with cybersecurity and technology (e.g., developers, DBAs, network admins, etc.) maintain current knowledge and skills related to changing threats, countermeasures, new tools, best practices, and their job responsibilities.",PROTECT / Awareness and Training / Specialized Role Awareness & Training
"
PROTECT",Awareness and Training,PR.AT-1.TA,Training and Awareness,Evaluate the adequacy of information security training and awareness programs.,PR.AT-02.02,"PR.AT-02.02: High-risk groups, such as those with elevated privileges or in sensitive business functions (including privileged users, senior executives, cybersecurity personnel and third-party stakeholders), receive cybersecurity situational awareness training for their roles and responsibilities.",PROTECT / Awareness and Training / Specialized Role Awareness & Training
"
PROTECT",Awareness and Training,PR.AT-1.TA,Training and Awareness,Evaluate the adequacy of information security training and awareness programs.,PR.AT-02.05,PR.AT-02.05: All third party staff receive cybersecurity awareness and job training sufficient for them to perform their duties and maintain organizational security.,PROTECT / Awareness and Training / Specialized Role Awareness & Training
"
PROTECT",Awareness and Training,PR.AT-1.TA,Training and Awareness,Evaluate the adequacy of information security training and awareness programs.,PR.AT-02.06,"PR.AT-02.06: The organization has established and maintains a cybersecurity awareness program through which the organization's customers are kept aware of new threats and vulnerabilities, basic cybersecurity hygiene practices, and their role in cybersecurity, as appropriate.",PROTECT / Awareness and Training / Specialized Role Awareness & Training
"
PROTECT",Awareness and Training,PR.AT-1.TA,Training and Awareness,Evaluate the adequacy of information security training and awareness programs.,PR.AT-02.07,"PR.AT-02.07: The organization's governing body (e.g., the Board or one of its committees) and senior management receive cybersecurity situational awareness training to include appropriate skills and knowledge to: 
(1) Evaluate and manage cyber risks;
(2) Promote a culture that recognizes that staff at all levels have important responsibilities in ensuring the organization's cyber resilience; and
(3) Lead by example.",PROTECT / Awareness and Training / Specialized Role Awareness & Training
"
PROTECT",Data Security,PR.DS-1.EP,Encryption Practices,Assess the adequacy of processes to plan and implement effective encryption practices for data at rest and data in-transit.,PR.DS-01.01,"PR.DS-01.01: Data-at-rest is protected commensurate with the criticality and sensitivity of the information and in alignment with the data classification and protection policy (e.g., through the use of encryption, authentication, access control, segregation, masking, tokenization, and file integrity monitoring).",PROTECT / Data Security / Protection of Data at Rest
"
PROTECT",Data Security,PR.DS-1.EP,Encryption Practices,Assess the adequacy of processes to plan and implement effective encryption practices for data at rest and data in-transit.,PR.DS-02.01,"PR.DS-02.01: Data-in-transit is protected commensurate with the criticality and sensitivity of the information and in alignment with the data classification and protection policy (e.g., through the use of encryption, authentication, access control, masking, tokenization, and alternate transit paths).",PROTECT / Data Security / Protection of Data in Transit
"
PROTECT",Data Security,PR.DS-1.EP,Encryption Practices,Assess the adequacy of processes to plan and implement effective encryption practices for data at rest and data in-transit.,PR.PS-01.05,"PR.PS-01.05: Acceptable encryption standards, methods, and management practices are established in accordance with defined industry standards.",PROTECT / Platform Security / Configuration Management
"
PROTECT",Data Security,PR.DS-1.EP,Encryption Practices,Assess the adequacy of processes to plan and implement effective encryption practices for data at rest and data in-transit.,PR.PS-01.06,PR.PS-01.06: The organization employs defined encryption methods and management practices commensurate with the criticality of the information being protected and the inherent risk of the technical environment where used.,PROTECT / Platform Security / Configuration Management
"
PROTECT",Data Security,PR.DS-1.KM,Cryptographic Key and Certificate Management,Assess the adequacy of cryptographic key and certificate management processes.,PR.PS-01.07,"PR.PS-01.07: Cryptographic keys and certificates are tracked, managed, and protected throughout their lifecycles, to include for compromise and revocation.",PROTECT / Platform Security / Configuration Management
"
PROTECT",Data Security,PR.DS-1.MP,Media Protection,"Evaluate the effectiveness of processes to manage electronic media storage, transit, sanitization, and disposal.",PR.DS-01.01,"PR.DS-01.01: Data-at-rest is protected commensurate with the criticality and sensitivity of the information and in alignment with the data classification and protection policy (e.g., through the use of encryption, authentication, access control, segregation, masking, tokenization, and file integrity monitoring).",PROTECT / Data Security / Protection of Data at Rest
"
PROTECT",Data Security,PR.DS-1.MP,Media Protection,"Evaluate the effectiveness of processes to manage electronic media storage, transit, sanitization, and disposal.",PR.DS-01.03,"PR.DS-01.03: The organization defines and implements controls for the protection and use of removable media (e.g., access/use restrictions, encryption, malware scanning, data loss prevention, etc.)",PROTECT / Data Security / Protection of Data at Rest
"
PROTECT",Data Security,PR.DS-1.MP,Media Protection,"Evaluate the effectiveness of processes to manage electronic media storage, transit, sanitization, and disposal.",PR.DS-02.01,"PR.DS-02.01: Data-in-transit is protected commensurate with the criticality and sensitivity of the information and in alignment with the data classification and protection policy (e.g., through the use of encryption, authentication, access control, masking, tokenization, and alternate transit paths).",PROTECT / Data Security / Protection of Data in Transit
"
PROTECT",Data Security,PR.DS-1.MP,Media Protection,"Evaluate the effectiveness of processes to manage electronic media storage, transit, sanitization, and disposal.",ID.AM-08.04,"ID.AM-08.04: The organization's asset management processes ensure the protection of sensitive data throughout removal, transfers, maintenance, end-of-life, and secure disposal or re-use.",IDENTIFY / Asset Management / Asset Life Cycle Management
"
PROTECT",Data Security,PR.DS-1.MP,Media Protection,"Evaluate the effectiveness of processes to manage electronic media storage, transit, sanitization, and disposal.",ID.AM-08.05,"ID.AM-08.05: The organization defines and implements standards and procedures, consistent with its data retention policy, for destroying or securely erasing data, media, and storage devices when the data is no longer needed.",IDENTIFY / Asset Management / Asset Life Cycle Management
"
PROTECT",Data Security,PR.DS-1.MP,Media Protection,"Evaluate the effectiveness of processes to manage electronic media storage, transit, sanitization, and disposal.",ID.AM-08.06,"ID.AM-08.06: Minimum cybersecurity requirements for third-parties cover the entire relationship lifecycle, from the acquisition of data through the return or destruction of data, to include limitations on data use, access, storage, and geographic location.",IDENTIFY / Asset Management / Asset Life Cycle Management
"
PROTECT",Data Security,PR.DS-1.MM,Mobile Device Management,Assess the adequacy of processes to manage mobile devices used for critical functions or contain confidential data.,PR.PS-01.08,"PR.PS-01.08: End-user mobile or personal computing devices accessing the organization's network employ mechanisms to protect network, application, and data integrity, such as ""Mobile Device Management (MDM)"" and ""Mobile Application Management (MAM)"" technologies, device fingerprinting, storage containerization and encryption, integrity scanning, automated patch application, remote wipe, and data leakage protections.",PROTECT / Platform Security / Configuration Management
"
PROTECT",Data Security,PR.DS-5.DL,Data Loss Prevention,Evaluate the effectiveness of processes to minimize or prevent the risk of data loss.,PR.DS-01.02,PR.DS-01.02: The organization implements data loss identification and prevention tools to monitor and protect against confidential data theft or destruction by an employee or an external actor.,PROTECT / Data Security / Protection of Data at Rest
"
PROTECT",Data Security,PR.DS-5.DL,Data Loss Prevention,Evaluate the effectiveness of processes to minimize or prevent the risk of data loss.,PR.DS-11.01,"PR.DS-11.01: The organization defines and implements standards and procedures for configuring and performing backups and data replications, including defining backup requirements by data/application/infrastructure criticality, segregating (e.g., air-gapping) and securing backups, verifying backup integrity, and performing backup restoration testing.",PROTECT / Data Security / Data Backup
"
PROTECT",Data Security,PR.DS-5.DL,Data Loss Prevention,Evaluate the effectiveness of processes to minimize or prevent the risk of data loss.,ID.IM-04.04,"ID.IM-04.04: The organization has plans to identify, in a timely manner, the status of all transactions and member positions at the time of a disruption, supported by corresponding recovery point objectives.",IDENTIFY / Improvement / Plans Affecting Operatons
"
PROTECT",Data Security,PR.DS-4.SC,System Capacity,Assess the adequacy of processes to manage system capacity.,PR.IR-04.02,"PR.IR-04.02: Technology availability and capacity is planned, monitored, managed, and optimized to meet business resilience objectives and reasonably anticipated infrastructure demands.",PROTECT / Technology Infrastructure Resilience / Capacity Management
"
PROTECT",Data Security,PR.DS-8.HI,Hardware Integrity,Assess the adequacy of processes that identify and manage hardware integrity.,DE.CM-09.01,"DE.CM-09.01: The organization uses integrity checking mechanisms to verify software, firmware and information integrity and provenance (e.g., checksums, Software Bill of Materials, etc.)","DETECT / Continuous Monitoring / Hardware, Software, & Data Monitoring"
"
PROTECT",Data Security,PR.DS-8.HI,Hardware Integrity,Assess the adequacy of processes that identify and manage hardware integrity.,DE.CM-09.02,DE.CM-09.02: The organization uses integrity checking mechanisms to verify hardware integrity.,"DETECT / Continuous Monitoring / Hardware, Software, & Data Monitoring"
"
PROTECT",Information Protection Processes and Procedures,PR.IP-1.SB,Security Baselines,Assess the adequacy of processes to identify and manage security baselines.,PR.PS-01.01,"PR.PS-01.01: The organization establishes and maintains standard system security configuration baselines, informed by industry standards and hardening guidelines, to facilitate the consistent application of security settings, configurations, and versions.",PROTECT / Platform Security / Configuration Management
"
PROTECT",Information Protection Processes and Procedures,PR.IP-1.SB,Security Baselines,Assess the adequacy of processes to identify and manage security baselines.,PR.PS-01.03,PR.PS-01.03: The organization employs detection measures and performs regular enforcement checks to ensure that non-compliance with baseline security standards  promptly identified and rectified.,PROTECT / Platform Security / Configuration Management
"
PROTECT",Information Protection Processes and Procedures,PR.IP-4.DB,Data Backup,Assess the adequacy of backup strategies and processes to protect data from physical and cyber threats.,ID.IM-02.06,"ID.IM-02.06: The organization designs and tests its systems and processes, and employs third-party support resources (e.g., Sheltered Harbor), to enable recovery of accurate data (e.g., material financial transactions) sufficient to support defined business recovery time and recovery point objectives.",IDENTIFY / Improvement / Tests & Exercises
"
PROTECT",Information Protection Processes and Procedures,PR.IP-4.DB,Data Backup,Assess the adequacy of backup strategies and processes to protect data from physical and cyber threats.,PR.DS-11.01,"PR.DS-11.01: The organization defines and implements standards and procedures for configuring and performing backups and data replications, including defining backup requirements by data/application/infrastructure criticality, segregating (e.g., air-gapping) and securing backups, verifying backup integrity, and performing backup restoration testing.",PROTECT / Data Security / Data Backup
"
PROTECT",Information Protection Processes and Procedures,PR.IP-9.RP,Response Plans,Assess the adequacy of governance and oversight of response plans supporting cybersecurity protection.,GV.PO-01.07,"GV.PO-01.07: The organization maintains documented business continuity and resilience program policies and procedures approved by the governing authority (e.g., the Board or one of its committees).","GOVERN / Policies, Processes, and Procedures / Establishment of Policies & Procedures"
"
PROTECT",Information Protection Processes and Procedures,PR.IP-9.RP,Response Plans,Assess the adequacy of governance and oversight of response plans supporting cybersecurity protection.,GV.OV-03.02,"GV.OV-03.02: Resilience program performance is measured and regularly reported to senior executives and the governing authority (e.g., the Board or one of its committees).",GOVERN / Oversight / Risk Management Performance Measurement
"
PROTECT",Information Protection Processes and Procedures,PR.IP-9.RP,Response Plans,Assess the adequacy of governance and oversight of response plans supporting cybersecurity protection.,ID.IM-04.01,"ID.IM-04.01: The organization's business continuity, disaster recovery, crisis management, and response plans are in place and managed, aligned with each other, and incorporate considerations of cyber incidents.",IDENTIFY / Improvement / Plans Affecting Operatons
"
PROTECT",Information Protection Processes and Procedures,PR.IP-9.RP,Response Plans,Assess the adequacy of governance and oversight of response plans supporting cybersecurity protection.,ID.IM-04.02,"ID.IM-04.02: The organization's incident response and business continuity plans contain clearly defined roles, responsibilities, and levels of decision-making authority, and include all needed areas of participation and expertise across the organization and key third-parties.",IDENTIFY / Improvement / Plans Affecting Operatons
"
PROTECT",Information Protection Processes and Procedures,PR.IP-9.RP,Response Plans,Assess the adequacy of governance and oversight of response plans supporting cybersecurity protection.,ID.IM-02.04,"ID.IM-02.04: The organization's testing program validates the effectiveness of its resilience strategy and response, disaster recovery, and resumption plans on a regular basis or upon major changes to business or system functions, and includes external stakeholders as required.",IDENTIFY / Improvement / Tests & Exercises
"
PROTECT",Information Protection Processes and Procedures,PR.IP-9.RP,Response Plans,Assess the adequacy of governance and oversight of response plans supporting cybersecurity protection.,ID.IM-02.08,"ID.IM-02.08: The organization tests and exercises, independently and in coordination with other critical sector partners, its ability to support sector-wide resilience in the event of extreme financial stress or the instability of external dependencies, such as connectivity to markets, payment systems, clearing entities, messaging services, etc.",IDENTIFY / Improvement / Tests & Exercises
"
PROTECT",Information Protection Processes and Procedures,PR.IP-9.RP,Response Plans,Assess the adequacy of governance and oversight of response plans supporting cybersecurity protection.,ID.IM-04.08,"ID.IM-04.08: The organization regularly reviews response strategy, incident management plans, recovery plans, and associated tests and exercises and updates them, as necessary, based on:
(1) Lessons learned from incidents that have occurred (both internal and external to the organization);
(2) Current cyber threat intelligence (both internal and external sources);
(3) Recent and wide-scale cyber attack scenarios;
(4) Operationally and technically plausible future cyber attacks;
(5) Organizational or technical environment changes; and,
(6) New technological developments.",IDENTIFY / Improvement / Plans Affecting Operatons
"
PROTECT",Information Protection Processes and Procedures,PR.IP-9.RP,Response Plans,Assess the adequacy of governance and oversight of response plans supporting cybersecurity protection.,GV.SC-08.01,"GV.SC-08.01: The organization's resilience strategy, plans, tests, and exercises incorporate its external dependencies and critical business partners.",GOVERN / Supply Chain Risk Management / Third Party Incident Management Integratoin
"
PROTECT",Information Protection Processes and Procedures,PR.IP-10.RT,Test Response and Recovery Plans,Assess the adequacy of cybersecurity incident response and recovery plan testing.,GV.SC-08.01,"GV.SC-08.01: The organization's resilience strategy, plans, tests, and exercises incorporate its external dependencies and critical business partners.",GOVERN / Supply Chain Risk Management / Third Party Incident Management Integratoin
"
PROTECT",Information Protection Processes and Procedures,PR.IP-10.RT,Test Response and Recovery Plans,Assess the adequacy of cybersecurity incident response and recovery plan testing.,ID.IM-02.03,"ID.IM-02.03: The organization tests and validates the effectiveness of the incident detection, reporting, and communication processes and protocols with internal and external stakeholders.",IDENTIFY / Improvement / Tests & Exercises
"
PROTECT",Information Protection Processes and Procedures,PR.IP-10.RT,Test Response and Recovery Plans,Assess the adequacy of cybersecurity incident response and recovery plan testing.,ID.IM-02.04,"ID.IM-02.04: The organization's testing program validates the effectiveness of its resilience strategy and response, disaster recovery, and resumption plans on a regular basis or upon major changes to business or system functions, and includes external stakeholders as required.",IDENTIFY / Improvement / Tests & Exercises
"
PROTECT",Information Protection Processes and Procedures,PR.IP-10.RT,Test Response and Recovery Plans,Assess the adequacy of cybersecurity incident response and recovery plan testing.,ID.IM-02.05,"ID.IM-02.05: The organization establishes testing programs that include a range of scenarios, including severe but plausible scenarios (e.g., disruptive, destructive, corruptive), that could affect the organization's ability to service internal and external stakeholders.",IDENTIFY / Improvement / Tests & Exercises
"
PROTECT",Information Protection Processes and Procedures,PR.IP-10.RT,Test Response and Recovery Plans,Assess the adequacy of cybersecurity incident response and recovery plan testing.,ID.IM-02.06,"ID.IM-02.06: The organization designs and tests its systems and processes, and employs third-party support resources (e.g., Sheltered Harbor), to enable recovery of accurate data (e.g., material financial transactions) sufficient to support defined business recovery time and recovery point objectives.",IDENTIFY / Improvement / Tests & Exercises
"
PROTECT",Information Protection Processes and Procedures,PR.IP-10.RT,Test Response and Recovery Plans,Assess the adequacy of cybersecurity incident response and recovery plan testing.,ID.IM-02.08,"ID.IM-02.08: The organization tests and exercises, independently and in coordination with other critical sector partners, its ability to support sector-wide resilience in the event of extreme financial stress or the instability of external dependencies, such as connectivity to markets, payment systems, clearing entities, messaging services, etc.",IDENTIFY / Improvement / Tests & Exercises
"
PROTECT",Maintenance,PR.MA-1.MT,Maintenance Tools,Assess the adequacy of processes and tools to maintain IT assets.,PR.PS-03.01,"PR.PS-03.01: The organization defines and implements controls for the on-site and remote maintenance and repair of the organization's technology assets (e.g., work must be performed by authorized personnel, use of approved procedures and tools, use of original or vendor-approved spare parts).",PROTECT / Platform Security / Hardware Maintenance
"
PROTECT",Protective Technology,PR.PT-1.LM,Log Management,Assess the adequacy of processes to manage audit and system logs.,PR.PS-04.01,"PR.PS-04.01: The organization establishes and regularly reviews log management standards and practices, to include the types of events to be detected, log content, security and access considerations, monitoring protocols, integrity checking mechanisms, and retention periods.",PROTECT / Platform Security / Log Record Generation
"
PROTECT",Protective Technology,PR.PT-1.LM,Log Management,Assess the adequacy of processes to manage audit and system logs.,PR.PS-04.02,"PR.PS-04.02: The organization defines the scope and coverage of audit/log records to be created and monitored (i.e., internal and external environments, devices, and applications/services/software to be monitored) and has controls in place to ensure that the intended scope is fully covered and that no logging failures are inhibiting the collection of required logs.",PROTECT / Platform Security / Log Record Generation
"
PROTECT",Protective Technology,PR.PT-1.LM,Log Management,Assess the adequacy of processes to manage audit and system logs.,PR.PS-04.03,"PR.PS-04.03: The organization's activity logs and other security event logs are generated, reviewed, securely stored, and retained in accordance with data retention obligations and established standards.",PROTECT / Platform Security / Log Record Generation
"
PROTECT",Protective Technology,PR.PT-1.LM,Log Management,Assess the adequacy of processes to manage audit and system logs.,DE.AE-03.01,"DE.AE-03.01: The organization implements systematic and real-time logging, collection, monitoring, detection, and alerting measures across multiple layers of the organization's infrastructure, including physical perimeters, network, operating systems, applications, data, and external (cloud and outsourced) environments, sufficient to protect the organization's information assets.",DETECT / Adverse Event Analysis / Event Information Correlation
"
PROTECT",Protective Technology,PR.PT-2.RM,Removable Media,Evaluate the processes to manage removable media and portable devices.,PR.DS-01.03,"PR.DS-01.03: The organization defines and implements controls for the protection and use of removable media (e.g., access/use restrictions, encryption, malware scanning, data loss prevention, etc.)",PROTECT / Data Security / Protection of Data at Rest
"
PROTECT",Protective Technology,PR.PT-2.DS,Data Disposal and Device Sanitization,Assess the adequacy of processes to manage data disposal and device sanitization.,ID.AM-08.04,"ID.AM-08.04: The organization's asset management processes ensure the protection of sensitive data throughout removal, transfers, maintenance, end-of-life, and secure disposal or re-use.",IDENTIFY / Asset Management / Asset Life Cycle Management
"
PROTECT",Protective Technology,PR.PT-2.DS,Data Disposal and Device Sanitization,Assess the adequacy of processes to manage data disposal and device sanitization.,ID.AM-08.05,"ID.AM-08.05: The organization defines and implements standards and procedures, consistent with its data retention policy, for destroying or securely erasing data, media, and storage devices when the data is no longer needed.",IDENTIFY / Asset Management / Asset Life Cycle Management
"
PROTECT",Protective Technology,PR.PT-3.LF,Least Functionality,Assess the adequacy of processes for configuring systems and components based on the principle of least functionality.,PR.PS-01.02,PR.PS-01.02: The organization's systems are configured to provide only essential capabilities to implement the principle of least functionality.,PROTECT / Platform Security / Configuration Management
"
PROTECT",Protective Technology,PR.PT-5.CR,Operational Resilience,Network and Communications Resilience,GV.OC-04.03,"GV.OC-04.03: Resilience requirements to support the delivery of critical services are established for all operating states (e.g., under duress/attack, during recovery, and normal operations).",GOVERN / Organizational Context / Stakeholder Service Expectations
"
PROTECT",Protective Technology,PR.PT-5.CR,Operational Resilience,Network and Communications Resilience,PR.IR-01.03,"PR.IR-01.03: The integrity and resilience of the organization's communications and control network services are enhanced through controls such as denial of service protections, secure name/address resolution, and/or alternate communications paths.",PROTECT / Technology Infrastructure Resilience / Logical Access Protections
"
PROTECT",Protective Technology,PR.PT-5.CR,Operational Resilience,Network and Communications Resilience,PR.IR-02.01,"PR.IR-02.01: The organization designs, documents, implements, tests, and maintains environmental and physical controls to meet defined business resilience requirements (e.g., environmental monitoring, dual power and communication sources, regionally separated backup processing facilities, etc.)",PROTECT / Technology Infrastructure Resilience / Environmental Threat Protections
"
PROTECT",Protective Technology,PR.PT-5.CR,Operational Resilience,Network and Communications Resilience,PR.IR-03.01,"PR.IR-03.01:  The organization implements mechanisms (e.g., failsafe, load balancing, hot swaps, redundant equipment, alternate services, backup facilities, etc.) to achieve resilience requirements in normal and adverse situations.",PROTECT / Technology Infrastructure Resilience / Resilience Measures
"
PROTECT",Protective Technology,PR.PT-5.CR,Operational Resilience,Network and Communications Resilience,PR.IR-04.01,PR.IR-04.01: Baseline measures of network and system utilization and transaction activity are captured to support capacity planning and anomalous activity detection.,PROTECT / Technology Infrastructure Resilience / Capacity Management
"
PROTECT",Protective Technology,PR.PT-5.CR,Operational Resilience,Network and Communications Resilience,PR.IR-04.02,"PR.IR-04.02: Technology availability and capacity is planned, monitored, managed, and optimized to meet business resilience objectives and reasonably anticipated infrastructure demands.",PROTECT / Technology Infrastructure Resilience / Capacity Management
"
PROTECT",Protective Technology,PR.PT-5.FS,Fail Secure,Assess the processes to implement fail secure controls.,PR.IR-03.01,"PR.IR-03.01:  The organization implements mechanisms (e.g., failsafe, load balancing, hot swaps, redundant equipment, alternate services, backup facilities, etc.) to achieve resilience requirements in normal and adverse situations.",PROTECT / Technology Infrastructure Resilience / Resilience Measures
"
PROTECT",Protective Technology,PR.PT-5.FS,Fail Secure,Assess the processes to implement fail secure controls.,GV.OC-04.03,"GV.OC-04.03: Resilience requirements to support the delivery of critical services are established for all operating states (e.g., under duress/attack, during recovery, and normal operations).",GOVERN / Organizational Context / Stakeholder Service Expectations
"
DETECT",Anomalies and Events,DE.AE-1.NB,Network Baseline,"Evaluate the effectiveness of the process for establishing and managing baseline network activity and normal internal and external data flows for users and systems, including those with third parties.",PR.IR-04.01,PR.IR-04.01: Baseline measures of network and system utilization and transaction activity are captured to support capacity planning and anomalous activity detection.,PROTECT / Technology Infrastructure Resilience / Capacity Management
"
DETECT",Anomalies and Events,DE.AE-1.NA,Network Activity Monitoring,Assess the adequacy of processes that monitor network activities and identify and alert for anomalous activity and traffic patterns.,DE.AE-03.02,"DE.AE-03.02: The organization performs real-time central analysis, aggregation, and correlation of anomalous activities, network and system alerts, and relevant event and cyber threat intelligence, including both internal and external (cloud and outsourced) environments, to better detect and prevent multifaceted cyber attacks.",DETECT / Adverse Event Analysis / Event Information Correlation
"
DETECT",Anomalies and Events,DE.AE-1.NA,Network Activity Monitoring,Assess the adequacy of processes that monitor network activities and identify and alert for anomalous activity and traffic patterns.,DE.AE-03.01,"DE.AE-03.01: The organization implements systematic and real-time logging, collection, monitoring, detection, and alerting measures across multiple layers of the organization's infrastructure, including physical perimeters, network, operating systems, applications, data, and external (cloud and outsourced) environments, sufficient to protect the organization's information assets.",DETECT / Adverse Event Analysis / Event Information Correlation
"
DETECT",Anomalies and Events,DE.AE-1.NA,Network Activity Monitoring,Assess the adequacy of processes that monitor network activities and identify and alert for anomalous activity and traffic patterns.,DE.CM-01.01,DE.CM-01.01:  The organization deploys intrusion detection and intrusion prevention capabilities to detect and prevent a potential network intrusion in its early stages for timely containment and recovery.,DETECT / Continuous Monitoring / Network Monitoring
"
DETECT",Anomalies and Events,DE.AE-1.NA,Network Activity Monitoring,Assess the adequacy of processes that monitor network activities and identify and alert for anomalous activity and traffic patterns.,DE.CM-01.02,"DE.CM-01.02: The organization implements mechanisms, such as alerting and filtering of sudden high volumes and suspicious incoming traffic, to detect and mitigate Denial of Service, ""bot"", and credential stuffing attacks.",DETECT / Continuous Monitoring / Network Monitoring
"
DETECT",Anomalies and Events,DE.AE-1.NA,Network Activity Monitoring,Assess the adequacy of processes that monitor network activities and identify and alert for anomalous activity and traffic patterns.,DE.CM-01.03,"DE.CM-01.03: The organization has policies, procedures, and tools in place to monitor for, detect, and block unauthorized network connections and data transfers.",DETECT / Continuous Monitoring / Network Monitoring
"
DETECT",Anomalies and Events,DE.AE-1.NA,Network Activity Monitoring,Assess the adequacy of processes that monitor network activities and identify and alert for anomalous activity and traffic patterns.,DE.CM-01.04,"DE.CM-01.04: The organization has policies, procedures, and tools in place to monitor for, detect, and block access from/to devices that are not authorized or do not conform to security policy (e.g., unpatched systems).",DETECT / Continuous Monitoring / Network Monitoring
"
DETECT",Anomalies and Events,DE.AE-1.NA,Network Activity Monitoring,Assess the adequacy of processes that monitor network activities and identify and alert for anomalous activity and traffic patterns.,DE.CM-01.05,"DE.CM-01.05: The organization implements measures to detect and block access to unauthorized, inappropriate, or malicious websites and services (e.g. social media, messaging, file sharing).",DETECT / Continuous Monitoring / Network Monitoring
"
DETECT",Anomalies and Events,DE.AE-1.BC,Baseline Configuration,Evaluate the effectiveness of processes used to manage system configuration baselines and to detect unauthorized changes from the baseline configuration.,PR.PS-01.01,"PR.PS-01.01: The organization establishes and maintains standard system security configuration baselines, informed by industry standards and hardening guidelines, to facilitate the consistent application of security settings, configurations, and versions.",PROTECT / Platform Security / Configuration Management
"
DETECT",Anomalies and Events,DE.AE-1.BC,Baseline Configuration,Evaluate the effectiveness of processes used to manage system configuration baselines and to detect unauthorized changes from the baseline configuration.,PR.PS-01.03,PR.PS-01.03: The organization employs detection measures and performs regular enforcement checks to ensure that non-compliance with baseline security standards is promptly identified and rectified.,PROTECT / Platform Security / Configuration Management
"
DETECT",Anomalies and Events,DE.AE-2.EI,Event Identification and Analysis,Evaluate the effectiveness of processes that identify and analyze events.,PR.PS-04.01,"PR.PS-04.01: The organization establishes and regularly reviews log management standards and practices, to include the types of events to be detected, log content, security and access considerations, monitoring protocols, integrity checking mechanisms, and retention periods.",PROTECT / Platform Security / Log Record Generation
"
DETECT",Anomalies and Events,DE.AE-2.EI,Event Identification and Analysis,Evaluate the effectiveness of processes that identify and analyze events.,PR.PS-04.02,"PR.PS-04.02: The organization defines the scope and coverage of audit/log records to be created and monitored (i.e., internal and external environments, devices, and applications/services/software to be monitored) and has controls in place to ensure that the intended scope is fully covered and that no logging failures are inhibiting the collection of required logs.",PROTECT / Platform Security / Log Record Generation
"
DETECT",Anomalies and Events,DE.AE-2.EI,Event Identification and Analysis,Evaluate the effectiveness of processes that identify and analyze events.,PR.PS-04.03,"PR.PS-04.03: The organization's activity logs and other security event logs are generated, reviewed, securely stored, and retained in accordance with data retention obligations and established standards.",PROTECT / Platform Security / Log Record Generation
"
DETECT",Anomalies and Events,DE.AE-2.EI,Event Identification and Analysis,Evaluate the effectiveness of processes that identify and analyze events.,DE.AE-03.01,"DE.AE-03.01: The organization implements systematic and real-time logging, collection, monitoring, detection, and alerting measures across multiple layers of the organization's infrastructure, including physical perimeters, network, operating systems, applications, data, and external (cloud and outsourced) environments, sufficient to protect the organization's information assets.",DETECT / Adverse Event Analysis / Event Information Correlation
"
DETECT",Anomalies and Events,DE.AE-2.AP,Alert Parameters,"Assess the adequacy of processes that define, manage, and adjust alert parameters for detecting and notifying management of events/incidents.",DE.AE-02.01,"DE.AE-02.01: The organization performs timely collection of event data, as well as advanced and automated analysis (including the use of security tools such as antivirus and IDS/IPS) on the detected events to:
(1) Assess and understand the nature, scope and method of the attack;
(2) Predict and block a similar future attack; and
(3) Report timely risk metrics.",DETECT / Adverse Event Analysis / Potentially Adverse Event Analysis
"
DETECT",Anomalies and Events,DE.AE-2.AP,Alert Parameters,"Assess the adequacy of processes that define, manage, and adjust alert parameters for detecting and notifying management of events/incidents.",DE.AE-03.02,"DE.AE-03.02: The organization performs real-time central analysis, aggregation, and correlation of anomalous activities, network and system alerts, and relevant event and cyber threat intelligence, including both internal and external (cloud and outsourced) environments, to better detect and prevent multifaceted cyber attacks.",DETECT / Adverse Event Analysis / Event Information Correlation
"
DETECT",Anomalies and Events,DE.AE-2.AP,Alert Parameters,"Assess the adequacy of processes that define, manage, and adjust alert parameters for detecting and notifying management of events/incidents.",DE.AE-02.02,"DE.AE-02.02: The organization establishes, documents, and regularly reviews event alert parameters and thresholds, as well as rule-based triggers to support automated responses, when known attack patterns, signatures or behaviors are detected.",DETECT / Adverse Event Analysis / Potentially Adverse Event Analysis
"
DETECT",Anomalies and Events,DE.AE-2.AP,Alert Parameters,"Assess the adequacy of processes that define, manage, and adjust alert parameters for detecting and notifying management of events/incidents.",DE.AE-03.01,"DE.AE-03.01: The organization implements systematic and real-time logging, collection, monitoring, detection, and alerting measures across multiple layers of the organization's infrastructure, including physical perimeters, network, operating systems, applications, data, and external (cloud and outsourced) environments, sufficient to protect the organization's information assets.",DETECT / Adverse Event Analysis / Event Information Correlation
"
DETECT",Anomalies and Events,DE.AE-2.AP,Alert Parameters,"Assess the adequacy of processes that define, manage, and adjust alert parameters for detecting and notifying management of events/incidents.",DE.CM-01.02,"DE.CM-01.02: The organization implements mechanisms, such as alerting and filtering of sudden high volumes and suspicious incoming traffic, to detect and mitigate Denial of Service, ""bot"", and credential stuffing attacks.",DETECT / Continuous Monitoring / Network Monitoring
"
DETECT",Anomalies and Events,DE.AE-2.AP,Alert Parameters,"Assess the adequacy of processes that define, manage, and adjust alert parameters for detecting and notifying management of events/incidents.",DE.CM-06.02,DE.CM-06.02: The organization implements an explicit approval and logging process and sets up automated alerts to monitor and prevent any unauthorized access to a critical system by a third-party service provider.,DETECT / Continuous Monitoring / Service Provider Monitoring
"
DETECT",Anomalies and Events,DE.AE-2.AP,Alert Parameters,"Assess the adequacy of processes that define, manage, and adjust alert parameters for detecting and notifying management of events/incidents.",ID.IM-03.02,"ID.IM-03.02: The organization establishes a systematic and comprehensive program to regularly evaluate and improve its monitoring and detection processes and controls as the threat environment changes, tools and techniques evolve, and lessons are learned.",IDENTIFY / Improvement / Improvements from Lessons Learned
"
DETECT",Anomalies and Events,DE.AE-3.AR,Event Analysis and Reporting,"Evaluate the effectiveness of log collection and log data aggregation processes to determine whether event data are relevant, accurate, and complete.",PR.PS-04.01,"PR.PS-04.01: The organization establishes and regularly reviews log management standards and practices, to include the types of events to be detected, log content, security and access considerations, monitoring protocols, integrity checking mechanisms, and retention periods.",PROTECT / Platform Security / Log Record Generation
"
DETECT",Anomalies and Events,DE.AE-3.AR,Event Analysis and Reporting,"Evaluate the effectiveness of log collection and log data aggregation processes to determine whether event data are relevant, accurate, and complete.",PR.PS-04.02,"PR.PS-04.02: The organization defines the scope and coverage of audit/log records to be created and monitored (i.e., internal and external environments, devices, and applications/services/software to be monitored) and has controls in place to ensure that the intended scope is fully covered and that no logging failures are inhibiting the collection of required logs.",PROTECT / Platform Security / Log Record Generation
"
DETECT",Anomalies and Events,DE.AE-3.AR,Event Analysis and Reporting,"Evaluate the effectiveness of log collection and log data aggregation processes to determine whether event data are relevant, accurate, and complete.",PR.PS-04.03,"PR.PS-04.03: The organization's activity logs and other security event logs are generated, reviewed, securely stored, and retained in accordance with data retention obligations and established standards.",PROTECT / Platform Security / Log Record Generation
"
DETECT",Anomalies and Events,DE.AE-3.AR,Event Analysis and Reporting,"Evaluate the effectiveness of log collection and log data aggregation processes to determine whether event data are relevant, accurate, and complete.",DE.AE-03.01,"DE.AE-03.01: The organization implements systematic and real-time logging, collection, monitoring, detection, and alerting measures across multiple layers of the organization's infrastructure, including physical perimeters, network, operating systems, applications, data, and external (cloud and outsourced) environments, sufficient to protect the organization's information assets.",DETECT / Adverse Event Analysis / Event Information Correlation
"
DETECT",Anomalies and Events,DE.AE-3.AR,Event Analysis and Reporting,"Evaluate the effectiveness of log collection and log data aggregation processes to determine whether event data are relevant, accurate, and complete.",DE.AE-03.02,"DE.AE-03.02: The organization performs real-time central analysis, aggregation, and correlation of anomalous activities, network and system alerts, and relevant event and cyber threat intelligence, including both internal and external (cloud and outsourced) environments, to better detect and prevent multifaceted cyber attacks.",DETECT / Adverse Event Analysis / Event Information Correlation
"
DETECT",Anomalies and Events,DE.AE-3.TC,Threat Correlation,Evaluate the effectiveness of the processes for correlating threat intelligence with internal event data analysis.,DE.AE-03.02,"DE.AE-03.02: The organization performs real-time central analysis, aggregation, and correlation of anomalous activities, network and system alerts, and relevant event and cyber threat intelligence, including both internal and external (cloud and outsourced) environments, to better detect and prevent multifaceted cyber attacks.",DETECT / Adverse Event Analysis / Event Information Correlation
"
DETECT",Anomalies and Events,DE.AE-4.EI,Event Impact,Assess the adequacy of processes for analyzing the impact from active event(s).,DE.AE-02.01,"DE.AE-02.01: The organization performs timely collection of event data, as well as advanced and automated analysis (including the use of security tools such as antivirus and IDS/IPS) on the detected events to:
(1) Assess and understand the nature, scope and method of the attack;
(2) Predict and block a similar future attack; and
(3) Report timely risk metrics.",DETECT / Adverse Event Analysis / Potentially Adverse Event Analysis
"
DETECT",Anomalies and Events,DE.AE-4.EI,Event Impact,Assess the adequacy of processes for analyzing the impact from active event(s).,DE.AE-04.01,"DE.AE-04.01: The organization has a documented process to analyze and triage incidents to assess root cause, technical impact, mitigation priority, and business impact on the organization, as well as across the financial sector and other third party stakeholders.",DETECT / Adverse Event Analysis / Impact & Scope Determination
"
DETECT",Anomalies and Events,DE.AE-4.EI,Event Impact,Assess the adequacy of processes for analyzing the impact from active event(s).,RS.AN-03.01,"RS.AN-03.01: The organization performs a thorough investigation to determine the nature and scope of an event, possible root causes, and the potential damage inflicted.",RESPOND / Incident Analysis / Incident Analysis & Root Cause Determination
"
DETECT",Anomalies and Events,DE.AE-5.IT,Incident Thresholds,Evaluate the effectiveness of the process used to establish alert thresholds to determine when an event is designated as an incident.,DE.AE-02.02,"DE.AE-02.02: The organization establishes, documents, and regularly reviews event alert parameters and thresholds, as well as rule-based triggers to support automated responses, when known attack patterns, signatures or behaviors are detected.",DETECT / Adverse Event Analysis / Potentially Adverse Event Analysis
"
DETECT",Anomalies and Events,DE.AE-5.IT,Incident Thresholds,Evaluate the effectiveness of the process used to establish alert thresholds to determine when an event is designated as an incident.,DE.AE-08.01,"DE.AE-08.01: Defined criteria and severity levels are in place to facilitate the declaration, escalation, organization, and alignment of response activities to response plans within the organization and across relevant third parties.",DETECT / Adverse Event Analysis / Incident Declaration
"
DETECT",Security Continuous Monitoring,DE.CM-1.NM,Network Monitoring,"Assess the adequacy of processes to monitor the network for events (e.g., unauthorized personnel and third-party connections).",DE.CM-01.01,DE.CM-01.01:  The organization deploys intrusion detection and intrusion prevention capabilities to detect and prevent a potential network intrusion in its early stages for timely containment and recovery.,DETECT / Continuous Monitoring / Network Monitoring
"
DETECT",Security Continuous Monitoring,DE.CM-1.NM,Network Monitoring,"Assess the adequacy of processes to monitor the network for events (e.g., unauthorized personnel and third-party connections).",DE.CM-01.02,"DE.CM-01.02: The organization implements mechanisms, such as alerting and filtering of sudden high volumes and suspicious incoming traffic, to detect and mitigate Denial of Service, ""bot"", and credential stuffing attacks.",DETECT / Continuous Monitoring / Network Monitoring
"
DETECT",Security Continuous Monitoring,DE.CM-1.NM,Network Monitoring,"Assess the adequacy of processes to monitor the network for events (e.g., unauthorized personnel and third-party connections).",DE.CM-01.03,"DE.CM-01.03: The organization has policies, procedures, and tools in place to monitor for, detect, and block unauthorized network connections and data transfers.",DETECT / Continuous Monitoring / Network Monitoring
"
DETECT",Security Continuous Monitoring,DE.CM-1.NM,Network Monitoring,"Assess the adequacy of processes to monitor the network for events (e.g., unauthorized personnel and third-party connections).",DE.CM-01.04,"DE.CM-01.04: The organization has policies, procedures, and tools in place to monitor for, detect, and block access from/to devices that are not authorized or do not conform to security policy (e.g., unpatched systems).",DETECT / Continuous Monitoring / Network Monitoring
"
DETECT",Security Continuous Monitoring,DE.CM-1.NM,Network Monitoring,"Assess the adequacy of processes to monitor the network for events (e.g., unauthorized personnel and third-party connections).",DE.CM-01.05,"DE.CM-01.05: The organization implements measures to detect and block access to unauthorized, inappropriate, or malicious websites and services (e.g. social media, messaging, file sharing).",DETECT / Continuous Monitoring / Network Monitoring
"
DETECT",Security Continuous Monitoring,DE.CM-1.NM,Network Monitoring,"Assess the adequacy of processes to monitor the network for events (e.g., unauthorized personnel and third-party connections).",DE.CM-01.06,"DE.CM-01.06: The organization employs deception techniques and technologies (e.g., honeypots) to detect and prevent a potential intrusion in its early stages to support timely containment and recovery.",DETECT / Continuous Monitoring / Network Monitoring
"
DETECT",Security Continuous Monitoring,DE.CM-1.NM,Network Monitoring,"Assess the adequacy of processes to monitor the network for events (e.g., unauthorized personnel and third-party connections).",DE.CM-06.01,"DE.CM-06.01: The organization reviews, documents, authorizes, and monitors all third-party connections, data transfer mechanisms, and Application Programming Interfaces (APIs).",DETECT / Continuous Monitoring / Service Provider Monitoring
"
DETECT",Security Continuous Monitoring,DE.CM-1.NM,Network Monitoring,"Assess the adequacy of processes to monitor the network for events (e.g., unauthorized personnel and third-party connections).",DE.CM-06.02,DE.CM-06.02: The organization implements an explicit approval and logging process and sets up automated alerts to monitor and prevent any unauthorized access to a critical system by a third-party service provider.,DETECT / Continuous Monitoring / Service Provider Monitoring
"
DETECT",Security Continuous Monitoring,DE.CM-1.NS,Network Monitoring Scope,Assess the effectiveness of the risk management processes that determine the scope and type of implemented monitoring solutions.,PR.PS-04.02,"PR.PS-04.02: The organization defines the scope and coverage of audit/log records to be created and monitored (i.e., internal and external environments, devices, and applications/services/software to be monitored) and has controls in place to ensure that the intended scope is fully covered and that no logging failures are inhibiting the collection of required logs.",PROTECT / Platform Security / Log Record Generation
"
DETECT",Security Continuous Monitoring,DE.CM-2.PA,Physical Asset Controls,Assess effectiveness of controls over the physical facility and technology assets.,GV.PO-01.06,GV.PO-01.06: Physical and environmental security policies are implemented and managed.,"GOVERN / Policies, Processes, and Procedures / Establishment of Policies & Procedures"
"
DETECT",Security Continuous Monitoring,DE.CM-2.PA,Physical Asset Controls,Assess effectiveness of controls over the physical facility and technology assets.,PR.AA-01.02,"PR.AA-01.02: Physical and logical access to systems is permitted only for individuals who have a legitimate business requirement, have been authorized, and who are adequately trained and monitored.","PROTECT / Identity Management, Authentication, and Access Control / Identity & Credential Management"
"
DETECT",Security Continuous Monitoring,DE.CM-2.PA,Physical Asset Controls,Assess effectiveness of controls over the physical facility and technology assets.,PR.AA-06.01,"PR.AA-06.01: The organization manages, protects, and logs physical access to sensitive areas, devices, consoles, equipment, and network cabling and infrastructure.","PROTECT / Identity Management, Authentication, and Access Control / Physical Access"
"
DETECT",Security Continuous Monitoring,DE.CM-2.PA,Physical Asset Controls,Assess effectiveness of controls over the physical facility and technology assets.,PR.AA-06.02,"PR.AA-06.02: The organization manages and protects physical and visual access to sensitive information assets and physical records (e.g., session lockout, clean desk policies, printer/facsimile output trays, file cabinet/room security, document labelling, etc.)","PROTECT / Identity Management, Authentication, and Access Control / Physical Access"
"
DETECT",Security Continuous Monitoring,DE.CM-2.PA,Physical Asset Controls,Assess effectiveness of controls over the physical facility and technology assets.,DE.CM-02.01,"DE.CM-02.01: The organization's controls include monitoring and detection of anomalous activities and potential intrusion events across the organization's physical environment and infrastructure, including the detection of environmental threats (fire, water, service outages, etc.) and unauthorized physical access to high-risk system components and locations.",DETECT / Continuous Monitoring / Physical Environment Monitoring
"
DETECT",Security Continuous Monitoring,DE.CM-2.PA,Physical Asset Controls,Assess effectiveness of controls over the physical facility and technology assets.,DE.AE-03.01,"DE.AE-03.01: The organization implements systematic and real-time logging, collection, monitoring, detection, and alerting measures across multiple layers of the organization's infrastructure, including physical perimeters, network, operating systems, applications, data, and external (cloud and outsourced) environments, sufficient to protect the organization's information assets.",DETECT / Adverse Event Analysis / Event Information Correlation
"
DETECT",Security Continuous Monitoring,DE.CM-4.AA,Application Anomalous Activity,"Evaluate the effectiveness of application-level controls that identify, measure, monitor, manage, and report anomalous activities.",PR.PS-05.01,"PR.PS-05.01: The organization has policies, procedures, and tools in place to detect and block malware from infecting networks and systems, including automatically updating malware signatures and behavior profiles on all endpoints.",PROTECT / Platform Security / Unauthorized Software Installation & Execution
"
DETECT",Security Continuous Monitoring,DE.CM-4.AA,Application Anomalous Activity,"Evaluate the effectiveness of application-level controls that identify, measure, monitor, manage, and report anomalous activities.",PR.PS-05.02,"PR.PS-05.02: The organization implements safeguards against unauthorized mobile code (e.g., JavaScript, ActiveX, VBScript, PowerShell, etc.) on mobile, end point, and server systems.",PROTECT / Platform Security / Unauthorized Software Installation & Execution
"
DETECT",Security Continuous Monitoring,DE.CM-4.AA,Application Anomalous Activity,"Evaluate the effectiveness of application-level controls that identify, measure, monitor, manage, and report anomalous activities.",PR.PS-05.03,"PR.PS-05.03: The organization has policies, procedures, and tools in place to detect, isolate, and block the use of attached malware or malicious links present in email or message services.",PROTECT / Platform Security / Unauthorized Software Installation & Execution
"
DETECT",Security Continuous Monitoring,DE.CM-4.AA,Application Anomalous Activity,"Evaluate the effectiveness of application-level controls that identify, measure, monitor, manage, and report anomalous activities.",DE.CM-01.05,"DE.CM-01.05: The organization implements measures to detect and block access to unauthorized, inappropriate, or malicious websites and services (e.g. social media, messaging, file sharing).",DETECT / Continuous Monitoring / Network Monitoring
"
DETECT",Security Continuous Monitoring,DE.CM-4.AA,Application Anomalous Activity,"Evaluate the effectiveness of application-level controls that identify, measure, monitor, manage, and report anomalous activities.",DE.CM-09.03,"DE.CM-09.03: The organization has policies, procedures, and tools in place to monitor for, detect, and block the use of unsupported or unauthorized software, hardware, or configuration changes.","DETECT / Continuous Monitoring / Hardware, Software, & Data Monitoring"
"
DETECT",Security Continuous Monitoring,DE.CM-5.UM,Unauthorized Mobile Code,Evaluate the effectiveness of processes and controls to detect unauthorized mobile code.,PR.PS-05.02,"PR.PS-05.02: The organization implements safeguards against unauthorized mobile code (e.g., JavaScript, ActiveX, VBScript, PowerShell, etc.) on mobile, end point, and server systems.",PROTECT / Platform Security / Unauthorized Software Installation & Execution
"
DETECT",Security Continuous Monitoring,DE.CM-7.ST,Shadow IT,Evaluate the adequacy of processes and the effectiveness of detection tools to identify and monitor for shadow IT.,ID.AM-08.02,"ID.AM-08.02: The organization establishes policies, and employs methods to identify, assess, and manage technology solutions that are acquired, managed, or used outside of established, governed technology and cybersecurity processes (i.e., ""Shadow IT"").",IDENTIFY / Asset Management / Asset Life Cycle Management
"
DETECT",Security Continuous Monitoring,DE.CM-7.ST,Shadow IT,Evaluate the adequacy of processes and the effectiveness of detection tools to identify and monitor for shadow IT.,DE.CM-09.03,"DE.CM-09.03: The organization has policies, procedures, and tools in place to monitor for, detect, and block the use of unsupported or unauthorized software, hardware, or configuration changes.","DETECT / Continuous Monitoring / Hardware, Software, & Data Monitoring"
"
DETECT",Security Continuous Monitoring,DE.CM-8.VS,Vulnerability Scanning,"Evaluate the adequacy of the scope, frequency, and effectiveness of the vulnerability scanning process.",ID.RA-01.03,"ID.RA-01.03: The organization establishes and maintains standards and capabilities for ongoing vulnerability management, including systematic scans, or reviews reasonably designed to identify known cyber vulnerabilities and upgrade opportunities, across the organization's environments and assets.",IDENTIFY / Risk Assessment / Asset Vulnerability Identification
"
DETECT",Security Continuous Monitoring,DE.CM-8.VS,Vulnerability Scanning,"Evaluate the adequacy of the scope, frequency, and effectiveness of the vulnerability scanning process.",ID.IM-02.01,"ID.IM-02.01: The organization conducts regular, independent penetration testing and red team testing on the organization's network, internet-facing systems, critical applications, and associated controls to identify gaps in cybersecurity defenses.",IDENTIFY / Improvement / Tests & Exercises
"
DETECT",Detection Processes,DE.DP-2.ED,Event Detection Processes,"Assess the effectiveness of detection processes, including planning and implementation, personnel, and communication of event information.",GV.RR-02.02,"GV.RR-02.02: The organization has established and assigned roles and responsibilities for systematic cybersecurity threat identification, monitoring, detection, and event reporting processes, and ensures adequate coverage and organizational alignment for these functions.","GOVERN / Roles, Responsibilities, and Authorities / Risk Management Roles & Responsibilities"
"
DETECT",Detection Processes,DE.DP-2.ED,Event Detection Processes,"Assess the effectiveness of detection processes, including planning and implementation, personnel, and communication of event information.",ID.IM-03.02,"ID.IM-03.02: The organization establishes a systematic and comprehensive program to regularly evaluate and improve its monitoring and detection processes and controls as the threat environment changes, tools and techniques evolve, and lessons are learned.",IDENTIFY / Improvement / Improvements from Lessons Learned
"
DETECT",Detection Processes,DE.DP-2.ED,Event Detection Processes,"Assess the effectiveness of detection processes, including planning and implementation, personnel, and communication of event information.",DE.AE-02.01,"DE.AE-02.01: The organization performs timely collection of event data, as well as advanced and automated analysis (including the use of security tools such as antivirus and IDS/IPS) on the detected events to:
(1) Assess and understand the nature, scope and method of the attack;
(2) Predict and block a similar future attack; and
(3) Report timely risk metrics.",DETECT / Adverse Event Analysis / Potentially Adverse Event Analysis
"
DETECT",Detection Processes,DE.DP-2.ED,Event Detection Processes,"Assess the effectiveness of detection processes, including planning and implementation, personnel, and communication of event information.",DE.AE-02.02,"DE.AE-02.02: The organization establishes, documents, and regularly reviews event alert parameters and thresholds, as well as rule-based triggers to support automated responses, when known attack patterns, signatures or behaviors are detected.",DETECT / Adverse Event Analysis / Potentially Adverse Event Analysis
"
DETECT",Detection Processes,DE.DP-2.ED,Event Detection Processes,"Assess the effectiveness of detection processes, including planning and implementation, personnel, and communication of event information.",DE.AE-03.01,"DE.AE-03.01: The organization implements systematic and real-time logging, collection, monitoring, detection, and alerting measures across multiple layers of the organization's infrastructure, including physical perimeters, network, operating systems, applications, data, and external (cloud and outsourced) environments, sufficient to protect the organization's information assets.",DETECT / Adverse Event Analysis / Event Information Correlation
"
DETECT",Detection Processes,DE.DP-2.ED,Event Detection Processes,"Assess the effectiveness of detection processes, including planning and implementation, personnel, and communication of event information.",DE.AE-03.02,"DE.AE-03.02: The organization performs real-time central analysis, aggregation, and correlation of anomalous activities, network and system alerts, and relevant event and cyber threat intelligence, including both internal and external (cloud and outsourced) environments, to better detect and prevent multifaceted cyber attacks.",DETECT / Adverse Event Analysis / Event Information Correlation
"
DETECT",Detection Processes,DE.DP-3.ET,Event Detection Testing and Improvement,Assess the adequacy of detection process testing.,ID.IM-02.03,"ID.IM-02.03: The organization tests and validates the effectiveness of the incident detection, reporting, and communication processes and protocols with internal and external stakeholders.",IDENTIFY / Improvement / Tests & Exercises
"
DETECT",Detection Processes,DE.DP-3.ET,Event Detection Testing and Improvement,Assess the adequacy of detection process testing.,ID.IM-03.02,"ID.IM-03.02: The organization establishes a systematic and comprehensive program to regularly evaluate and improve its monitoring and detection processes and controls as the threat environment changes, tools and techniques evolve, and lessons are learned.",IDENTIFY / Improvement / Improvements from Lessons Learned
"
RESPOND",Response Planning,RS.RP-1.RE,Response Plan Execution,Assess effectiveness of processes related to execution of the cybersecurity incident response plan.,DE.AE-06.01,"DE.AE-06.01: The organization has established processes and protocols to communicate, alert, and regularly report potential cyber attacks and incident information, including its corresponding analysis and cyber threat intelligence, to authorized internal and external stakeholders.",DETECT / Adverse Event Analysis / Event Information Sharing
"
RESPOND",Response Planning,RS.RP-1.RE,Response Plan Execution,Assess effectiveness of processes related to execution of the cybersecurity incident response plan.,DE.AE-07.02,"DE.AE-07.02: Relevant event data is packaged for subsequent review and triage and events are categorized for efficient handling, assignment, and escalation.",DETECT / Adverse Event Analysis / Contextual Analysis
"
RESPOND",Response Planning,RS.RP-1.RE,Response Plan Execution,Assess effectiveness of processes related to execution of the cybersecurity incident response plan.,DE.AE-08.01,"DE.AE-08.01: Defined criteria and severity levels are in place to facilitate the declaration, escalation, organization, and alignment of response activities to response plans within the organization and across relevant third parties.",DETECT / Adverse Event Analysis / Incident Declaration
"
RESPOND",Response Planning,RS.RP-1.RE,Response Plan Execution,Assess effectiveness of processes related to execution of the cybersecurity incident response plan.,RS.MA-01.01,"RS.MA-01.01: The organization's response plans are in place and executed during or after an incident, to include coordination with relevant third parties and engagement of third-party incident support services.",RESPOND / Incident Management / Response Plan Execution
"
RESPOND",Response Planning,RS.RP-1.RE,Response Plan Execution,Assess effectiveness of processes related to execution of the cybersecurity incident response plan.,RS.MA-05.01,RS.MA-05.01: The organization's incident response plans define severity levels and associated criteria for initiating response plans and escalating event response to appropriate stakeholders and management levels.,RESPOND / Incident Management / Recovery Initiation
"
RESPOND",Communications/,RS.CO-3.IS,Information Sharing,"Assess the appropriateness of strategy and practices to share information with affected staff, industry groups (e.g., Financial Services Information Sharing and Analysis Center (FS-ISAC)), financial sector, regulators, and peers.",DE.AE-06.01,"DE.AE-06.01: The organization has established processes and protocols to communicate, alert, and regularly report potential cyber attacks and incident information, including its corresponding analysis and cyber threat intelligence, to authorized internal and external stakeholders.",DETECT / Adverse Event Analysis / Event Information Sharing
"
RESPOND",Communications/,RS.CO-3.IS,Information Sharing,"Assess the appropriateness of strategy and practices to share information with affected staff, industry groups (e.g., Financial Services Information Sharing and Analysis Center (FS-ISAC)), financial sector, regulators, and peers.",RS.CO-02.01,"RS.CO-02.01: The organization's incident response program includes defined and approved escalation protocols, linked to organizational decision levels and communication strategies, including which types of information will be shared, with whom (e.g., the organization's governing authority and senior management), and how information provided to the organization will be acted upon.",RESPOND / Incident Response Reporting and Communication / Stakeholder Incident Notification
"
RESPOND",Communications/,RS.CO-3.IS,Information Sharing,"Assess the appropriateness of strategy and practices to share information with affected staff, industry groups (e.g., Financial Services Information Sharing and Analysis Center (FS-ISAC)), financial sector, regulators, and peers.",RS.CO-02.02,"RS.CO-02.02: In the event of an incident, the organization notifies impacted stakeholders including, as required, government bodies, self-regulatory agencies and/or other supervisory bodies, within required timeframes.",RESPOND / Incident Response Reporting and Communication / Stakeholder Incident Notification
"
RESPOND",Communications/,RS.CO-3.IS,Information Sharing,"Assess the appropriateness of strategy and practices to share information with affected staff, industry groups (e.g., Financial Services Information Sharing and Analysis Center (FS-ISAC)), financial sector, regulators, and peers.",RS.CO-02.03,"RS.CO-02.03: The organization maintains and regularly tests incident response communication procedures, with associated contact lists, call trees, and automatic notifications, to quickly coordinate and communicate with internal and external stakeholders during or following an incident.",RESPOND / Incident Response Reporting and Communication / Stakeholder Incident Notification
"
RESPOND",Communications/,RS.CO-3.IS,Information Sharing,"Assess the appropriateness of strategy and practices to share information with affected staff, industry groups (e.g., Financial Services Information Sharing and Analysis Center (FS-ISAC)), financial sector, regulators, and peers.",RS.CO-03.02,"RS.CO-03.02: In the event of an incident, the organization shares authorized information, in a defined manner and through trusted channels, to facilitate the detection, response, resumption and recovery of its own systems and those of other partners and critical sector participants.",RESPOND / Incident Response Reporting and Communication / Stakeholder Incident Information Sharing
"
RESPOND",Communications/,RS.CO-4.IC,Incident Coordination,Assess the adequacy of internal and external stakeholder coordination in accordance with the response plan.,RS.CO-02.03,"RS.CO-02.03: The organization maintains and regularly tests incident response communication procedures, with associated contact lists, call trees, and automatic notifications, to quickly coordinate and communicate with internal and external stakeholders during or following an incident.",RESPOND / Incident Response Reporting and Communication / Stakeholder Incident Notification
"
RESPOND",Communications/,RS.CO-5.II,Incident Information Sharing,Evaluate information sharing arrangements to assess the effectiveness of sharing threats and countermeasures with other external stakeholders in order to support sector-wide situational awareness and response to incidents.,RS.CO-03.02,"RS.CO-03.02: In the event of an incident, the organization shares authorized information, in a defined manner and through trusted channels, to facilitate the detection, response, resumption and recovery of its own systems and those of other partners and critical sector participants.",RESPOND / Incident Response Reporting and Communication / Stakeholder Incident Information Sharing
"
RESPOND",Communications/,RS.CO-5.II,Incident Information Sharing,Evaluate information sharing arrangements to assess the effectiveness of sharing threats and countermeasures with other external stakeholders in order to support sector-wide situational awareness and response to incidents.,ID.RA-02.02,ID.RA-02.02: The organization shares authorized information on its cyber resilience framework and the effectiveness of protection technologies bilaterally with trusted external stakeholders to promote the understanding of each party’s approach to securing systems.,IDENTIFY / Risk Assessment / Information Sharing Forums
"
RESPOND",Analysis,RS.AN-1.NI,Notifications Investigated,Assess the adequacy of the processes to investigate event notifications.,RS.AN-03.01,"RS.AN-03.01: The organization performs a thorough investigation to determine the nature and scope of an event, possible root causes, and the potential damage inflicted.",RESPOND / Incident Analysis / Incident Analysis & Root Cause Determination
"
RESPOND",Analysis,RS.AN-1.NI,Notifications Investigated,Assess the adequacy of the processes to investigate event notifications.,RS.MA-02.01,"RS.MA-02.01: Tools and processes are in place to ensure timely detection, inspection, assessment, and analysis of security event data for reliable activation of incident response processes.",RESPOND / Incident Management / Incident Triage & Validaton
"
RESPOND",Analysis,RS.AN-1.NI,Notifications Investigated,Assess the adequacy of the processes to investigate event notifications.,RS.MA-03.01,RS.MA-03.01: The organization categorizes and prioritizes cybersecurity incident response consistent with response plans and criticality of systems and services to the enterprise.,RESPOND / Incident Management / Incident Categorization & Prioritization
"
RESPOND",Analysis,RS.AN-2.II,Incident Impact,Evaluate the effectiveness of processes that analyze the impact of an incident.,RS.AN-03.01,"RS.AN-03.01: The organization performs a thorough investigation to determine the nature and scope of an event, possible root causes, and the potential damage inflicted.",RESPOND / Incident Analysis / Incident Analysis & Root Cause Determination
"
RESPOND",Analysis,RS.AN-2.II,Incident Impact,Evaluate the effectiveness of processes that analyze the impact of an incident.,RS.AN-08.01,"RS.AN-08.01: Available incident information is assessed to determine the extent of impact to the organization and its stakeholders, the potential near- and long-term financial implications, and whether or not the incident constitutes a material event.",RESPOND / Incident Analysis / Incident Magnitude Determination
"
RESPOND",Analysis,RS.AN-3.FI,Forensic Investigation,"Assess the adequacy of forensic investigation processes, to include planning, scope, and timeliness.",RS.AN-06.01,"RS.AN-06.01: The organization establishes a risk-based approach and procedures for quarantining systems, conducting investigations, and collecting and preserving evidence per best practices and forensic standards.",RESPOND / Incident Analysis / Investigation Documentation
"
RESPOND",Analysis,RS.AN-3.FI,Forensic Investigation,"Assess the adequacy of forensic investigation processes, to include planning, scope, and timeliness.",RS.AN-07.01,"RS.AN-07.01: Incident-related forensic data is captured, secured, and preserved in a manner supporting integrity, provenance, and evidentiary value.",RESPOND / Incident Analysis / Incident Data Collection & Preservation
"
RESPOND",Analysis,RS.AN-4.IC,Incident Categorization,Assess the adequacy of criteria to categorize and prioritize incidents.,RS.MA-03.01,RS.MA-03.01: The organization categorizes and prioritizes cybersecurity incident response consistent with response plans and criticality of systems and services to the enterprise.,RESPOND / Incident Management / Incident Categorization & Prioritization
"
RESPOND",Analysis,RS.AN-4.IC,Incident Categorization,Assess the adequacy of criteria to categorize and prioritize incidents.,RS.MA-05.01,RS.MA-05.01: The organization's incident response plans define severity levels and associated criteria for initiating response plans and escalating event response to appropriate stakeholders and management levels.,RESPOND / Incident Management / Recovery Initiation
"
RESPOND",Analysis,RS.AN-5.VM,Vulnerability Management,"Evaluate the effectiveness of processes that receive, analyze, and respond to vulnerabilities.",ID.RA-08.01,"ID.RA-08.01: The organization has established enterprise processes for soliciting, receiving and appropriately channeling vulnerability disclosures from:
(1) Public sources (e.g., customers and security researchers);
(2) Vulnerability sharing forums (e.g., FS-ISAC); and
(3) Third-parties (e.g., cloud vendors);
(4) Internal sources (e.g., development teams).",IDENTIFY / Risk Assessment / Vulnerability Disclosure Response
"
RESPOND",Analysis,RS.AN-5.VM,Vulnerability Management,"Evaluate the effectiveness of processes that receive, analyze, and respond to vulnerabilities.",ID.RA-08.02,"ID.RA-08.02: The organization has established enterprise processes to analyze disclosed vulnerabilities with a focus on:
(1) Determining its validity;
(2) Assessing its scope (e.g., affected assets);
(3) Determining it's severity and impact;
(4) Identifying affected stakeholders or customers; and
(5) Analyzing options to respond.",IDENTIFY / Risk Assessment / Vulnerability Disclosure Response
"
RESPOND",Analysis,RS.AN-5.VM,Vulnerability Management,"Evaluate the effectiveness of processes that receive, analyze, and respond to vulnerabilities.",RS.MI-01.01,"RS.MI-01.01: The organization has established processes to implement vulnerability mitigation plans, involve third-party partners and outside expertise as needed, and contain incidents in a timely manner.",RESPOND / Incident Mitigation / Incident Containment
"
RESPOND",Mitigation,RS.MI-1.IC,Incident Containment,Assess the adequacy of incident containment processes to minimize damage from the effects of an incident.,RC.RP-02.01,"RC.RP-02.01: The organization's response plans are used as informed guidance to develop and manage task plans, response actions, priorities, and assignments for responding to incidents, but are adapted as necessary to address incident-specific characteristics.",RECOVER / Incident Recovery Plan Execution / Recovery Action Performance
"
RESPOND",Mitigation,RS.MI-1.IC,Incident Containment,Assess the adequacy of incident containment processes to minimize damage from the effects of an incident.,RS.MI-02.01,"RS.MI-02.01: Targeted investigations and actions are taken to ensure that all vulnerabilities, system components, devices, or remnants used or leveraged in an attack (e.g., malware, compromised accounts, open ports, etc.) are removed or otherwise returned to a secure and reliable state, or that plans to address the vulnerabilities are documented.",RESPOND / Incident Mitigation / Incident Eradication
"
RESPOND",Mitigation,RS.MI-2.IM,Incident Mitigation,Assess the adequacy of incident mitigation processes as defined in the response plan or evidenced during actual incidents.,RS.MI-01.01,"RS.MI-01.01: The organization has established processes to implement vulnerability mitigation plans, involve third-party partners and outside expertise as needed, and contain incidents in a timely manner.",RESPOND / Incident Mitigation / Incident Containment
"
RESPOND",Mitigation,RS.MI-3.VM,Vulnerability Mitigation,Assess the adequacy of processes to respond to additional vulnerabilities identified during mitigation.,ID.RA-06.06,"ID.RA-06.06: The organization follows documented procedures, consistent with established risk response processes, for mitigating or accepting the risk of vulnerabilities or weaknesses identified in exercises and testing or when responding to incidents.",IDENTIFY / Risk Assessment / Risk Response Determination
"
RESPOND",Improvements,RS.IM-1.IR,Incident Response - Lessons Learned,Assess adequacy of processes that analyze and incorporate lessons learned to the Incident Response Plan.,ID.IM-04.08,"ID.IM-04.08: The organization regularly reviews response strategy, incident management plans, recovery plans, and associated tests and exercises and updates them, as necessary, based on:
(1) Lessons learned from incidents that have occurred (both internal and external to the organization);
(2) Current cyber threat intelligence (both internal and external sources);
(3) Recent and wide-scale cyber attack scenarios;
(4) Operationally and technically plausible future cyber attacks;
(5) Organizational or technical environment changes; and,
(6) New technological developments.",IDENTIFY / Improvement / Plans Affecting Operatons
"
RECOVER",Recovery Planning,RC.RP-1.RP,Recovery Plan Execution,"Evaluate the effectiveness of incident recovery plans and restoration processes, including recovery plan testing.",RC.RP-01.01,"RC.RP-01.01: The organization executes its recovery plans, including incident recovery, disaster recovery, and business continuity plans, during or after an incident to resume operations.",RECOVER / Incident Recovery Plan Execution / Recovery Plan Execution
"
RECOVER",Recovery Planning,RC.RP-1.RP,Recovery Plan Execution,"Evaluate the effectiveness of incident recovery plans and restoration processes, including recovery plan testing.",RC.RP-03.01,"RC.RP-03.01: Restoration steps include the verification of backups, data replications, system images, and other restoration assets prior to continued use.",RECOVER / Incident Recovery Plan Execution / Backup & Restoration Asset Integrity
"
RECOVER",Recovery Planning,RC.RP-1.RP,Recovery Plan Execution,"Evaluate the effectiveness of incident recovery plans and restoration processes, including recovery plan testing.",RC.RP-04.01,"RC.RP-04.01: Restoration steps include the verification of data integrity, transaction positions, system functionality, and the operation of security controls by appropriate organizational stakeholders and system owners.",RECOVER / Incident Recovery Plan Execution / Post-Incident Operational Norms
"
RECOVER",Recovery Planning,RC.RP-1.RP,Recovery Plan Execution,"Evaluate the effectiveness of incident recovery plans and restoration processes, including recovery plan testing.",RC.RP-05.01,"RC.RP-05.01: The organization maintains documented procedures for sanitizing, testing, authorizing, and returning systems to service following an incident or investigation.",RECOVER / Incident Recovery Plan Execution / Asset Integrity Restoration
"
RECOVER",Recovery Planning,RC.RP-1.RP,Recovery Plan Execution,"Evaluate the effectiveness of incident recovery plans and restoration processes, including recovery plan testing.",RC.RP-05.02,"RC.RP-05.02: Business, technology, cybersecurity, and relevant third-party stakeholders confirm that systems, data, and services have been returned to functional and secure states and that a stable operational status has been achieved.",RECOVER / Incident Recovery Plan Execution / Asset Integrity Restoration
"
RECOVER",Recovery Planning,RC.RP-1.RP,Recovery Plan Execution,"Evaluate the effectiveness of incident recovery plans and restoration processes, including recovery plan testing.",RC.RP-06.01,"RC.RP-06.01: Incident management activities are closed under defined conditions and documentation to support subsequent post-mortem review, process improvement, and any follow-on activities is collected and verified.",RECOVER / Incident Recovery Plan Execution / End-of-Incident Determination
"
RECOVER",Improvements/,RC.IM-1.RU,Recovery Plan Updates,"Assess if recovery plans and tests are updated to include current threat intelligence, recognize lessons learned, and address issues identified during actual incidents or tests.",ID.IM-04.08,"ID.IM-04.08: The organization regularly reviews response strategy, incident management plans, recovery plans, and associated tests and exercises and updates them, as necessary, based on:
(1) Lessons learned from incidents that have occurred (both internal and external to the organization);
(2) Current cyber threat intelligence (both internal and external sources);
(3) Recent and wide-scale cyber attack scenarios;
(4) Operationally and technically plausible future cyber attacks;
(5) Organizational or technical environment changes; and,
(6) New technological developments.",IDENTIFY / Improvement / Plans Affecting Operatons
"
RECOVER",Communication/,RC.CO-3.RC,Recovery Communications,Evaluate the effectiveness of communication to internal and external stakeholders regarding recovery activities.,RC.CO-03.01,"RC.CO-03.01: The organization timely involves and communicates the recovery activities, procedures, cyber risk management issues to the governing body (e.g., the Board or one of its committees), senior management, incident management support teams, and relevant internal stakeholders.",RECOVER / Incident Recovery Communication / Recovery Activity Communication
"
RECOVER",Communication/,RC.CO-3.RC,Recovery Communications,Evaluate the effectiveness of communication to internal and external stakeholders regarding recovery activities.,RC.CO-03.02,"RC.CO-03.02: The organization promptly communicates the status of recovery activities to regulatory authorities and relevant external stakeholders, as required or appropriate.",RECOVER / Incident Recovery Communication / Recovery Activity Communication
"
RECOVER",Communication/,RC.CO-3.RC,Recovery Communications,Evaluate the effectiveness of communication to internal and external stakeholders regarding recovery activities.,RC.CO-04.01,"RC.CO-04.01: Pre-established communication plans and message templates, and authorized protocols, contacts, media, and communications, are used to notify and inform the public and key external stakeholders about an incident.",RECOVER / Incident Recovery Communication / Public Information Sharing
"
Specialty Area",Secure Software Development,SA.SD-1.DG,Development Governance,Evaluate the effectiveness of processes governing in-house software development to ensure cybersecurity is considered at all phases.,PR.PS-06.01,"PR.PS-06.01: The organization implements Secure Systems Development Lifecycle processes for in-house software design, configuration, and development, employing best practices from secure-by-design methodologies (e.g., secure coding, code review, application security testing, etc.) during all phases of both traditional and agile projects.",PROTECT / Platform Security / Secure Systems Development Practices
"
Specialty Area",Secure Software Development,SA.SD-1.SC,Secure Coding,Evaluate the effectiveness of processes and standards that enable secure coding practices.,PR.PS-06.01,"PR.PS-06.01: The organization implements Secure Systems Development Lifecycle processes for in-house software design, configuration, and development, employing best practices from secure-by-design methodologies (e.g., secure coding, code review, application security testing, etc.) during all phases of both traditional and agile projects.",PROTECT / Platform Security / Secure Systems Development Practices
"
Specialty Area",Secure Software Development,SA.SD-1.CR,Code Review,Evaluate the effectiveness of processes to review code for vulnerabilities and security weaknesses prior to release. Consider the criticality or sensitivity of the data.,PR.PS-06.05,"PR.PS-06.05: A software security testing and validation strategy is developed and implemented in the development lifecycle of all software projects, defining testing requirements and plans; performing/automating testing, vulnerability scanning, and migration activities; and supporting code integrity verification (e.g., using digital signatures).",PROTECT / Platform Security / Secure Systems Development Practices
"
Specialty Area",Secure Software Development,SA.SD-1.CR,Code Review,Evaluate the effectiveness of processes to review code for vulnerabilities and security weaknesses prior to release. Consider the criticality or sensitivity of the data.,PR.PS-06.06,"PR.PS-06.06: The system development lifecycle remediates known critical vulnerabilities, and critical vulnerabilities discovered during testing, prior to production deployment.",PROTECT / Platform Security / Secure Systems Development Practices
"
Specialty Area",Secure Software Development,SA.SD-1.NP,NPPI,Evaluate the effectiveness of controls in place to protect nonpublic personal information in test environments.,PR.IR-01.06,PR.IR-01.06: The organization's production and non-production environments and data are segregated and managed to prevent unauthorized access or changes to the information assets.,PROTECT / Technology Infrastructure Resilience / Logical Access Protections
"
Specialty Area",Secure Software Development,SA.SD-1.SO,Source Code,Evaluate the effectiveness of processes in place to protect and restrict access to source code.,PR.PS-06.04,"PR.PS-06.04: Systems development and testing tools, processes, and environments employ security mechanisms to protect and improve the integrity and confidentiality of both the SDLC process and the resulting product (e.g., secured code repositories, segmented environments, automated builds, etc.)",PROTECT / Platform Security / Secure Systems Development Practices
"
Specialty Area",Secure Software Development,SA.SD-1.EC,Emergency Change,Evaluate the effectiveness of processes associated with implementing emergency changes to ensure cybersecurity is considered.,ID.RA-07.01,"ID.RA-07.01: The organization defines and implements change management standards and procedures, to include emergency change procedures, that explicitly address risk identified both prior to and during a change, any new risk created post-change, as well as the reviewing and approving authorities (e.g., change advisory boards).",IDENTIFY / Risk Assessment / Change & Exception Management
"
Specialty Area",Secure Software Development,SA.SD-1.EC,Emergency Change,Evaluate the effectiveness of processes associated with implementing emergency changes to ensure cybersecurity is considered.,ID.RA-07.02,"ID.RA-07.02: Risk-based criteria are used to categorize each system change, to include emergency changes, to determine the necessary change process standards to apply for change planning, rollback planning, pre-change testing, change access control, post-change verification, and change review and approval.",IDENTIFY / Risk Assessment / Change & Exception Management
"
Specialty Area",Secure Software Development,SA.SD-1.MV,Manage Vulnerabilities in Code,Assess the adequacy of tools or practices to identify and remediate code vulnerabilities or code that is noncompliant with internal security standards.,ID.RA-01.03,"ID.RA-01.03: The organization establishes and maintains standards and capabilities for ongoing vulnerability management, including systematic scans, or reviews reasonably designed to identify known cyber vulnerabilities and upgrade opportunities, across the organization's environments and assets.",IDENTIFY / Risk Assessment / Asset Vulnerability Identification
"
Specialty Area",Secure Software Development,SA.SD-1.MV,Manage Vulnerabilities in Code,Assess the adequacy of tools or practices to identify and remediate code vulnerabilities or code that is noncompliant with internal security standards.,PR.PS-06.06,"PR.PS-06.06: The system development lifecycle remediates known critical vulnerabilities, and critical vulnerabilities discovered during testing, prior to production deployment.",PROTECT / Platform Security / Secure Systems Development Practices
