,,"NY Department of Financial Services (NYDFS) Cybersecurity Regulation (23 NYCRR 500 Second Amendment)
to CRI Profile ver. 2.1 Mapping","NY Department of Financial Services (NYDFS) Cybersecurity Regulation (23 NYCRR 500 Second Amendment)
to CRI Profile ver. 2.1 Mapping","NY Department of Financial Services (NYDFS) Cybersecurity Regulation (23 NYCRR 500 Second Amendment)
to CRI Profile ver. 2.1 Mapping","NY Department of Financial Services (NYDFS) Cybersecurity Regulation (23 NYCRR 500 Second Amendment)
to CRI Profile ver. 2.1 Mapping","NY Department of Financial Services (NYDFS) Cybersecurity Regulation (23 NYCRR 500 Second Amendment)
to CRI Profile ver. 2.1 Mapping","NY Department of Financial Services (NYDFS) Cybersecurity Regulation (23 NYCRR 500 Second Amendment)
to CRI Profile ver. 2.1 Mapping","NY Department of Financial Services (NYDFS) Cybersecurity Regulation (23 NYCRR 500 Second Amendment)
to CRI Profile ver. 2.1 Mapping","NY Department of Financial Services (NYDFS) Cybersecurity Regulation (23 NYCRR 500 Second Amendment)
to CRI Profile ver. 2.1 Mapping",,
NYDFS Cybersecurity Regulation (23 NYCRR 500 Second Amendment) ,NYDFS Cybersecurity Regulation (23 NYCRR 500 Second Amendment) ,NYDFS Cybersecurity Regulation (23 NYCRR 500 Second Amendment) ,NYDFS Cybersecurity Regulation (23 NYCRR 500 Second Amendment) ,Mapping Relationship,Mapping Relationship,Mapping Relationship,Mapping Relationship,Mapping Relationship,CRI Profile ver. 2.1,CRI Profile ver. 2.1,CRI Profile ver. 2.1
NYDFS Id,Section,Subsection,NYDFS Statement,Rationale,Relationship,AS,FCS,NYDFS 500/CRI Profile Gaps,Profile ver. 2.1 Diagnostic Statement,Profile Subcategory,Profile Id
NYDFS-01,500.2 Cybersecurity program,500.2a,"Each covered entity shall maintain a cybersecurity program designed to protect the confidentiality, integrity and availability of the covered entity’s information systems and nonpublic information stored on those information systems. ",Semantic,Equal,10,10,"No Gaps Identified
","GV.RM-01.03: The organization has established, and maintains, technology and cybersecurity programs designed to protect the confidentiality, integrity and availability of its information and operational systems, commensurate with the organization's risk appetite and business needs.",GOVERN / Risk Management Strategy / Risk Management Objectives Agreement,GV.RM-01.03
NYDFS-02,500.2 Cybersecurity program,500.2b,"The cybersecurity program shall be based on the covered entity’s risk assessment and designed to perform the following core cybersecurity functions:
(1) identify and assess internal and external cybersecurity risks that may threaten the security or integrity of nonpublic information stored on the covered entity’s information systems;
(2) use defensive infrastructure and the implementation of policies and procedures to protect the covered entity’s information systems, and the nonpublic information stored on those information systems, from unauthorized access, use or other malicious acts;
(3) detect cybersecurity events;
(4) respond to identified or detected cybersecurity events to mitigate any negative effects;
(5) recover from cybersecurity events and restore normal operations and services; and
(6) fulfill applicable regulatory reporting obligations.",Semantic,Superset of,8,10,No Gaps Identified,"GV.OC-01.01: Technology and cybersecurity strategies, architectures, and programs are formally governed to align with and support the organization's mission, objectives, priorities, tactical initiatives, and risk profile.",GOVERN / Organizational Context / Organizational Mission,GV.OC-01.01
NYDFS-02,500.2 Cybersecurity program,500.2b,"The cybersecurity program shall be based on the covered entity’s risk assessment and designed to perform the following core cybersecurity functions:
(1) identify and assess internal and external cybersecurity risks that may threaten the security or integrity of nonpublic information stored on the covered entity’s information systems;
(2) use defensive infrastructure and the implementation of policies and procedures to protect the covered entity’s information systems, and the nonpublic information stored on those information systems, from unauthorized access, use or other malicious acts;
(3) detect cybersecurity events;
(4) respond to identified or detected cybersecurity events to mitigate any negative effects;
(5) recover from cybersecurity events and restore normal operations and services; and
(6) fulfill applicable regulatory reporting obligations.",Semantic,Intersects with,9,10,No Gaps Identified,"GV.OC-03.01: The organization's technology and cybersecurity strategy, framework, and policies align and are consistent with the organization's legal, statutory, contractual, and regulatory obligations and ensure that compliance responsibilities are unambiguously assigned.","GOVERN / Organizational Context / Legal, Regulatory, & Contractual Requirements",GV.OC-03.01
NYDFS-02,500.2 Cybersecurity program,500.2b,"The cybersecurity program shall be based on the covered entity’s risk assessment and designed to perform the following core cybersecurity functions:
(1) identify and assess internal and external cybersecurity risks that may threaten the security or integrity of nonpublic information stored on the covered entity’s information systems;
(2) use defensive infrastructure and the implementation of policies and procedures to protect the covered entity’s information systems, and the nonpublic information stored on those information systems, from unauthorized access, use or other malicious acts;
(3) detect cybersecurity events;
(4) respond to identified or detected cybersecurity events to mitigate any negative effects;
(5) recover from cybersecurity events and restore normal operations and services; and
(6) fulfill applicable regulatory reporting obligations.",Semantic,Superset of,9,10,No Gaps Identified,"GV.RM-01.03: The organization has established, and maintains, technology and cybersecurity programs designed to protect the confidentiality, integrity and availability of its information and operational systems, commensurate with the organization's risk appetite and business needs.",GOVERN / Risk Management Strategy / Risk Management Objectives Agreement,GV.RM-01.03
NYDFS-02,500.2 Cybersecurity program,500.2b,"The cybersecurity program shall be based on the covered entity’s risk assessment and designed to perform the following core cybersecurity functions:
(1) identify and assess internal and external cybersecurity risks that may threaten the security or integrity of nonpublic information stored on the covered entity’s information systems;
(2) use defensive infrastructure and the implementation of policies and procedures to protect the covered entity’s information systems, and the nonpublic information stored on those information systems, from unauthorized access, use or other malicious acts;
(3) detect cybersecurity events;
(4) respond to identified or detected cybersecurity events to mitigate any negative effects;
(5) recover from cybersecurity events and restore normal operations and services; and
(6) fulfill applicable regulatory reporting obligations.",Semantic,Superset of,8,10,No Gaps Identified,"GV.RM-01.04: Technology and cybersecurity risk management programs incorporate risk identification, measurement, monitoring, and reporting.",GOVERN / Risk Management Strategy / Risk Management Objectives Agreement,GV.RM-01.04
NYDFS-02,500.2 Cybersecurity program,500.2b,"The cybersecurity program shall be based on the covered entity’s risk assessment and designed to perform the following core cybersecurity functions:
(1) identify and assess internal and external cybersecurity risks that may threaten the security or integrity of nonpublic information stored on the covered entity’s information systems;
(2) use defensive infrastructure and the implementation of policies and procedures to protect the covered entity’s information systems, and the nonpublic information stored on those information systems, from unauthorized access, use or other malicious acts;
(3) detect cybersecurity events;
(4) respond to identified or detected cybersecurity events to mitigate any negative effects;
(5) recover from cybersecurity events and restore normal operations and services; and
(6) fulfill applicable regulatory reporting obligations.",Semantic,Superset of,8,10,No Gaps Identified,GV.RM-03.01: Technology and cybersecurity risk management frameworks and programs are integrated into the enterprise risk management framework.,GOVERN / Risk Management Strategy / Enterprise Risk Integration,GV.RM-03.01
NYDFS-02,500.2 Cybersecurity program,500.2b,"The cybersecurity program shall be based on the covered entity’s risk assessment and designed to perform the following core cybersecurity functions:
(1) identify and assess internal and external cybersecurity risks that may threaten the security or integrity of nonpublic information stored on the covered entity’s information systems;
(2) use defensive infrastructure and the implementation of policies and procedures to protect the covered entity’s information systems, and the nonpublic information stored on those information systems, from unauthorized access, use or other malicious acts;
(3) detect cybersecurity events;
(4) respond to identified or detected cybersecurity events to mitigate any negative effects;
(5) recover from cybersecurity events and restore normal operations and services; and
(6) fulfill applicable regulatory reporting obligations.",Semantic,Intersects with,8,10,No Gaps Identified,"GV.RM-09.01: The organization has an enterprise-wide resilience strategy and program, including architecture, cyber resilience, business continuity, disaster recovery, and incident response, which support its mission, stakeholder obligations, critical infrastructure role, and risk appetite.",GOVERN / Risk Management Strategy  / Business Continuity & Resilience Risk Management,GV.RM-09.01
NYDFS-02,500.2 Cybersecurity program,500.2b,"The cybersecurity program shall be based on the covered entity’s risk assessment and designed to perform the following core cybersecurity functions:
(1) identify and assess internal and external cybersecurity risks that may threaten the security or integrity of nonpublic information stored on the covered entity’s information systems;
(2) use defensive infrastructure and the implementation of policies and procedures to protect the covered entity’s information systems, and the nonpublic information stored on those information systems, from unauthorized access, use or other malicious acts;
(3) detect cybersecurity events;
(4) respond to identified or detected cybersecurity events to mitigate any negative effects;
(5) recover from cybersecurity events and restore normal operations and services; and
(6) fulfill applicable regulatory reporting obligations.",Semantic,Intersects with,8,10,No Gaps Identified,"GV.SC-01.01: The organization maintains a third-party risk management strategy and program to identify and manage the risks associated with third parties throughout their lifecycles in a timely manner, including in support of sector-critical systems and operations, to ensure alignment within risk appetite.",GOVERN / Supply Chain Risk Management / Supply Chain Risk Management Program,GV.SC-01.01
NYDFS-02,500.2 Cybersecurity program,500.2b,"The cybersecurity program shall be based on the covered entity’s risk assessment and designed to perform the following core cybersecurity functions:
(1) identify and assess internal and external cybersecurity risks that may threaten the security or integrity of nonpublic information stored on the covered entity’s information systems;
(2) use defensive infrastructure and the implementation of policies and procedures to protect the covered entity’s information systems, and the nonpublic information stored on those information systems, from unauthorized access, use or other malicious acts;
(3) detect cybersecurity events;
(4) respond to identified or detected cybersecurity events to mitigate any negative effects;
(5) recover from cybersecurity events and restore normal operations and services; and
(6) fulfill applicable regulatory reporting obligations.",Semantic,Superset of,9,10,No Gaps Identified,"GV.PO-01.01: Technology and cybersecurity policies are documented, maintained and approved by the governing authority (e.g., the Board or one of its committees) or a designated executive.","GOVERN / Policies, Processes, and Procedures / Establishment of Policies & Procedures",GV.PO-01.01
NYDFS-02,500.2 Cybersecurity program,500.2b,"The cybersecurity program shall be based on the covered entity’s risk assessment and designed to perform the following core cybersecurity functions:
(1) identify and assess internal and external cybersecurity risks that may threaten the security or integrity of nonpublic information stored on the covered entity’s information systems;
(2) use defensive infrastructure and the implementation of policies and procedures to protect the covered entity’s information systems, and the nonpublic information stored on those information systems, from unauthorized access, use or other malicious acts;
(3) detect cybersecurity events;
(4) respond to identified or detected cybersecurity events to mitigate any negative effects;
(5) recover from cybersecurity events and restore normal operations and services; and
(6) fulfill applicable regulatory reporting obligations.",Semantic,Intersects with,8,10,No Gaps Identified,"GV.PO-01.07: The organization maintains documented business continuity and resilience program policies and procedures approved by the governing authority (e.g., the Board or one of its committees).","GOVERN / Policies, Processes, and Procedures / Establishment of Policies & Procedures",GV.PO-01.07
NYDFS-02,500.2 Cybersecurity program,500.2b,"The cybersecurity program shall be based on the covered entity’s risk assessment and designed to perform the following core cybersecurity functions:
(1) identify and assess internal and external cybersecurity risks that may threaten the security or integrity of nonpublic information stored on the covered entity’s information systems;
(2) use defensive infrastructure and the implementation of policies and procedures to protect the covered entity’s information systems, and the nonpublic information stored on those information systems, from unauthorized access, use or other malicious acts;
(3) detect cybersecurity events;
(4) respond to identified or detected cybersecurity events to mitigate any negative effects;
(5) recover from cybersecurity events and restore normal operations and services; and
(6) fulfill applicable regulatory reporting obligations.",Semantic,Intersects with,8,10,No Gaps Identified,"GV.PO-01.08: The organization maintains documented third-party risk management program policies and procedures approved by the governing authority (e.g., the Board or one of its committees).","GOVERN / Policies, Processes, and Procedures / Establishment of Policies & Procedures",GV.PO-01.08
NYDFS-02,500.2 Cybersecurity program,500.2b,"The cybersecurity program shall be based on the covered entity’s risk assessment and designed to perform the following core cybersecurity functions:
(1) identify and assess internal and external cybersecurity risks that may threaten the security or integrity of nonpublic information stored on the covered entity’s information systems;
(2) use defensive infrastructure and the implementation of policies and procedures to protect the covered entity’s information systems, and the nonpublic information stored on those information systems, from unauthorized access, use or other malicious acts;
(3) detect cybersecurity events;
(4) respond to identified or detected cybersecurity events to mitigate any negative effects;
(5) recover from cybersecurity events and restore normal operations and services; and
(6) fulfill applicable regulatory reporting obligations.",Semantic,Intersects with,9,10,No Gaps Identified,"RS.CO-02.02: In the event of an incident, the organization notifies impacted stakeholders including, as required, government bodies, self-regulatory agencies and/or other supervisory bodies, within required timeframes.",RESPOND / Incident Response Reporting and Communication / Stakeholder Incident Notification,RS.CO-02.02
NYDFS-03,500.2 Cybersecurity program,500.2c,Each class A company shall design and conduct independent audits of its cybersecurity program based on its risk assessment.,Semantic,Superset of,9,10,No Gaps Identified,"GV.AU-01.01: The organization has an independent audit function (i.e., internal audit group or external auditor) that follows generally accepted audit practices and approved audit policies and procedures.",GOVERN / Independent Audit Function / Independent Audit Compliance Assessment,GV.AU-01.01
NYDFS-03,500.2 Cybersecurity program,500.2c,Each class A company shall design and conduct independent audits of its cybersecurity program based on its risk assessment.,Semantic,Superset of,9,10,No Gaps Identified,"GV.AU-01.02: The organization has an independent audit plan that provides for the evaluation of technology and cybersecurity risk, including compliance with the approved risk management framework, policies, and processes for technology, cybersecurity, and resilience; and how well the organization adapts to the evolving risk environment while remaining within its stated risk appetite and tolerance.",GOVERN / Independent Audit Function / Independent Audit Compliance Assessment,GV.AU-01.02
NYDFS-03,500.2 Cybersecurity program,500.2c,Each class A company shall design and conduct independent audits of its cybersecurity program based on its risk assessment.,Semantic,Superset of,9,10,No Gaps Identified,"GV.AU-01.03: The independent audit function tests technology management, cybersecurity, incident response, and resilience policies and controls.",GOVERN / Independent Audit Function / Independent Audit Compliance Assessment,GV.AU-01.03
NYDFS-03,500.2 Cybersecurity program,500.2c,Each class A company shall design and conduct independent audits of its cybersecurity program based on its risk assessment.,Semantic,Superset of,9,10,No Gaps Identified,"GV.AU-01.04: The independent audit function evaluates and tests third-party risk management policies and controls, identifies weaknesses and gaps, and recommends improvements to senior management and the governing authority (e.g., the Board or one of its committees).",GOVERN / Independent Audit Function / Independent Audit Compliance Assessment,GV.AU-01.04
NYDFS-03,500.2 Cybersecurity program,500.2c,Each class A company shall design and conduct independent audits of its cybersecurity program based on its risk assessment.,Semantic,Superset of,8,10,No Gaps Identified,GV.AU-01.05: An independent audit function assesses compliance with applicable laws and regulations.,GOVERN / Independent Audit Function / Independent Audit Compliance Assessment,GV.AU-01.05
NYDFS-03,500.2 Cybersecurity program,500.2c,Each class A company shall design and conduct independent audits of its cybersecurity program based on its risk assessment.,Semantic,Superset of,9,10,No Gaps Identified,GV.AU-03.01: The independent audit function reviews technology and cybersecurity practices and identifies weaknesses and gaps.,GOVERN / Independent Audit Function / Independent Audit Reporting,GV.AU-03.01
NYDFS-03,500.2 Cybersecurity program,500.2c,Each class A company shall design and conduct independent audits of its cybersecurity program based on its risk assessment.,Semantic,Superset of,9,10,No Gaps Identified,"GV.AU-03.03: The independent audit function reports to the governing authority (e.g., the Board or one of its committees) within the organization, including when its assessment differs from that of the organization, or when risk tolerance has been exceeded in any part of the organization.",GOVERN / Independent Audit Function / Independent Audit Reporting,GV.AU-03.03
NYDFS-04,500.2 Cybersecurity program,500.2d,"A covered entity may meet the requirement(s) of this Part by adopting the relevant and applicable provisions of a cybersecurity program maintained by an affiliate, provided that such provisions satisfy the requirements of this Part, as applicable to the covered entity.",Semantic,Intersects with,10,10,No Gaps Identified,"GV.PO-01.02: The accountable governing body, and applicable cybersecurity program and policies, for any given organizational unit, affiliate, or merged entity are clearly established, applied, and communicated.","GOVERN / Policies, Processes, and Procedures / Establishment of Policies & Procedures",GV.PO-01.02
NYDFS-05,500.2 Cybersecurity program,500.2e,"All documentation and information relevant to the covered entity’s cybersecurity program, including the relevant and applicable provisions of a cybersecurity program maintained by an affiliate and adopted by the covered entity, shall be made available to the superintendent upon request.",Semantic,Intersects with,10,10,"No Gaps Identified

","GV.PO-01.02: The accountable governing body, and applicable cybersecurity program and policies, for any given organizational unit, affiliate, or merged entity are clearly established, applied, and communicated.","GOVERN / Policies, Processes, and Procedures / Establishment of Policies & Procedures",GV.PO-01.02
NYDFS-06,500.3 Cybersecurity policy,500.3.1,"Each covered entity shall implement and maintain a written policy or
policies, approved at least annually by a senior officer or the covered entity’s senior governing body for the protection of its information systems and nonpublic information stored on those information systems.",Semantic,Intersects with,8,10,No Gaps Identified,"GV.OC-03.02: The organization implements and maintains a documented policy or policies that address customer data privacy that is approved by a designated officer or the organization’s appropriate governing body (e.g., the Board or one of its committees).","GOVERN / Organizational Context / Legal, Regulatory, & Contractual Requirements",GV.OC-03.02
NYDFS-06,500.3 Cybersecurity policy,500.3.1,"Each covered entity shall implement and maintain a written policy or
policies, approved at least annually by a senior officer or the covered entity’s senior governing body for the protection of its information systems and nonpublic information stored on those information systems.",Semantic,Superset of,9,10,No Gaps Identified,"GV.PO-01.01: Technology and cybersecurity policies are documented, maintained and approved by the governing authority (e.g., the Board or one of its committees) or a designated executive.","GOVERN / Policies, Processes, and Procedures / Establishment of Policies & Procedures",GV.PO-01.01
NYDFS-06,500.3 Cybersecurity policy,500.3.1,"Each covered entity shall implement and maintain a written policy or
policies, approved at least annually by a senior officer or the covered entity’s senior governing body for the protection of its information systems and nonpublic information stored on those information systems.",Semantic,Superset of,9,10,No Gaps Identified,"GV.PO-01.05: Technology and cybersecurity processes, procedures, and controls are established in alignment with cybersecurity policy.","GOVERN / Policies, Processes, and Procedures / Establishment of Policies & Procedures",GV.PO-01.05
NYDFS-06,500.3 Cybersecurity policy,500.3.1,"Each covered entity shall implement and maintain a written policy or
policies, approved at least annually by a senior officer or the covered entity’s senior governing body for the protection of its information systems and nonpublic information stored on those information systems.",Semantic,Intersects with,8,10,No Gaps Identified,"GV.PO-01.07: The organization maintains documented business continuity and resilience program policies and procedures approved by the governing authority (e.g., the Board or one of its committees).","GOVERN / Policies, Processes, and Procedures / Establishment of Policies & Procedures",GV.PO-01.07
NYDFS-06,500.3 Cybersecurity policy,500.3.1,"Each covered entity shall implement and maintain a written policy or
policies, approved at least annually by a senior officer or the covered entity’s senior governing body for the protection of its information systems and nonpublic information stored on those information systems.",Semantic,Intersects with,8,10,No Gaps Identified,"GV.PO-01.08: The organization maintains documented third-party risk management program policies and procedures approved by the governing authority (e.g., the Board or one of its committees).","GOVERN / Policies, Processes, and Procedures / Establishment of Policies & Procedures",GV.PO-01.08
NYDFS-07,500.3 Cybersecurity policy,500.3.2,"Procedures shall be developed, documented and implemented in accordance with the written policy or policies. The cybersecurity policy or policies and procedures shall be based on the covered entity’s risk assessment and address, at a minimum, the following areas to the extent applicable to the covered entity’s operations:
(a) information security;
(b) data governance, classification and retention; 
(c) asset inventory, device management and end of life management;
(d) access controls, including remote access and identity management;
(e) business continuity and disaster recovery planning and resources;
(f) systems operations and availability concerns;
(g) systems and network security and monitoring;
(h) security awareness and training;
(i) systems and application security and development and quality assurance;
(j) physical security and environmental controls;
(k) customer data privacy;
(l) vendor and third-party service provider management;
(m) risk assessment;
(n) incident response and notification; and
(o) vulnerability management.",Semantic,Superset of,9,8,"The Profile is non-specific with respect to certain policies, but section 500.3.2 is more specific, where policy and procedure coverage is clearly implied.","GV.OC-03.02: The organization implements and maintains a documented policy or policies that address customer data privacy that is approved by a designated officer or the organization’s appropriate governing body (e.g., the Board or one of its committees).","GOVERN / Organizational Context / Legal, Regulatory, & Contractual Requirements",GV.OC-03.02
NYDFS-07,500.3 Cybersecurity policy,500.3.2,"Procedures shall be developed, documented and implemented in accordance with the written policy or policies. The cybersecurity policy or policies and procedures shall be based on the covered entity’s risk assessment and address, at a minimum, the following areas to the extent applicable to the covered entity’s operations:
(a) information security;
(b) data governance, classification and retention; 
(c) asset inventory, device management and end of life management;
(d) access controls, including remote access and identity management;
(e) business continuity and disaster recovery planning and resources;
(f) systems operations and availability concerns;
(g) systems and network security and monitoring;
(h) security awareness and training;
(i) systems and application security and development and quality assurance;
(j) physical security and environmental controls;
(k) customer data privacy;
(l) vendor and third-party service provider management;
(m) risk assessment;
(n) incident response and notification; and
(o) vulnerability management.",Semantic,Superset of,8,8,"The Profile is non-specific with respect to certain policies, but section 500.3.2 is more specific, where policy and procedure coverage is clearly implied.","GV.RM-01.04: Technology and cybersecurity risk management programs incorporate risk identification, measurement, monitoring, and reporting.",GOVERN / Risk Management Strategy / Risk Management Objectives Agreement,GV.RM-01.04
NYDFS-07,500.3 Cybersecurity policy,500.3.2,"Procedures shall be developed, documented and implemented in accordance with the written policy or policies. The cybersecurity policy or policies and procedures shall be based on the covered entity’s risk assessment and address, at a minimum, the following areas to the extent applicable to the covered entity’s operations:
(a) information security;
(b) data governance, classification and retention; 
(c) asset inventory, device management and end of life management;
(d) access controls, including remote access and identity management;
(e) business continuity and disaster recovery planning and resources;
(f) systems operations and availability concerns;
(g) systems and network security and monitoring;
(h) security awareness and training;
(i) systems and application security and development and quality assurance;
(j) physical security and environmental controls;
(k) customer data privacy;
(l) vendor and third-party service provider management;
(m) risk assessment;
(n) incident response and notification; and
(o) vulnerability management.",Semantic,Superset of,9,8,"The Profile is non-specific with respect to certain policies, but section 500.3.2 is more specific, where policy and procedure coverage is clearly implied.","GV.PO-01.01: Technology and cybersecurity policies are documented, maintained and approved by the governing authority (e.g., the Board or one of its committees) or a designated executive.","GOVERN / Policies, Processes, and Procedures / Establishment of Policies & Procedures",GV.PO-01.01
NYDFS-07,500.3 Cybersecurity policy,500.3.2,"Procedures shall be developed, documented and implemented in accordance with the written policy or policies. The cybersecurity policy or policies and procedures shall be based on the covered entity’s risk assessment and address, at a minimum, the following areas to the extent applicable to the covered entity’s operations:
(a) information security;
(b) data governance, classification and retention; 
(c) asset inventory, device management and end of life management;
(d) access controls, including remote access and identity management;
(e) business continuity and disaster recovery planning and resources;
(f) systems operations and availability concerns;
(g) systems and network security and monitoring;
(h) security awareness and training;
(i) systems and application security and development and quality assurance;
(j) physical security and environmental controls;
(k) customer data privacy;
(l) vendor and third-party service provider management;
(m) risk assessment;
(n) incident response and notification; and
(o) vulnerability management.",Semantic,Superset of,9,8,"The Profile is non-specific with respect to certain policies, but section 500.3.2 is more specific, where policy and procedure coverage is clearly implied.","GV.PO-01.02: The accountable governing body, and applicable cybersecurity program and policies, for any given organizational unit, affiliate, or merged entity are clearly established, applied, and communicated.","GOVERN / Policies, Processes, and Procedures / Establishment of Policies & Procedures",GV.PO-01.02
NYDFS-07,500.3 Cybersecurity policy,500.3.2,"Procedures shall be developed, documented and implemented in accordance with the written policy or policies. The cybersecurity policy or policies and procedures shall be based on the covered entity’s risk assessment and address, at a minimum, the following areas to the extent applicable to the covered entity’s operations:
(a) information security;
(b) data governance, classification and retention; 
(c) asset inventory, device management and end of life management;
(d) access controls, including remote access and identity management;
(e) business continuity and disaster recovery planning and resources;
(f) systems operations and availability concerns;
(g) systems and network security and monitoring;
(h) security awareness and training;
(i) systems and application security and development and quality assurance;
(j) physical security and environmental controls;
(k) customer data privacy;
(l) vendor and third-party service provider management;
(m) risk assessment;
(n) incident response and notification; and
(o) vulnerability management.",Semantic,Superset of,7,8,"The Profile is non-specific with respect to certain policies, but section 500.3.2 is more specific, where policy and procedure coverage is clearly implied.",GV.PO-01.06: Physical and environmental security policies are implemented and managed.,"GOVERN / Policies, Processes, and Procedures / Establishment of Policies & Procedures",GV.PO-01.06
NYDFS-07,500.3 Cybersecurity policy,500.3.2,"Procedures shall be developed, documented and implemented in accordance with the written policy or policies. The cybersecurity policy or policies and procedures shall be based on the covered entity’s risk assessment and address, at a minimum, the following areas to the extent applicable to the covered entity’s operations:
(a) information security;
(b) data governance, classification and retention; 
(c) asset inventory, device management and end of life management;
(d) access controls, including remote access and identity management;
(e) business continuity and disaster recovery planning and resources;
(f) systems operations and availability concerns;
(g) systems and network security and monitoring;
(h) security awareness and training;
(i) systems and application security and development and quality assurance;
(j) physical security and environmental controls;
(k) customer data privacy;
(l) vendor and third-party service provider management;
(m) risk assessment;
(n) incident response and notification; and
(o) vulnerability management.",Semantic,Superset of,9,8,"The Profile is non-specific with respect to certain policies, but section 500.3.2 is more specific, where policy and procedure coverage is clearly implied.","GV.PO-01.07: The organization maintains documented business continuity and resilience program policies and procedures approved by the governing authority (e.g., the Board or one of its committees).","GOVERN / Policies, Processes, and Procedures / Establishment of Policies & Procedures",GV.PO-01.07
NYDFS-07,500.3 Cybersecurity policy,500.3.2,"Procedures shall be developed, documented and implemented in accordance with the written policy or policies. The cybersecurity policy or policies and procedures shall be based on the covered entity’s risk assessment and address, at a minimum, the following areas to the extent applicable to the covered entity’s operations:
(a) information security;
(b) data governance, classification and retention; 
(c) asset inventory, device management and end of life management;
(d) access controls, including remote access and identity management;
(e) business continuity and disaster recovery planning and resources;
(f) systems operations and availability concerns;
(g) systems and network security and monitoring;
(h) security awareness and training;
(i) systems and application security and development and quality assurance;
(j) physical security and environmental controls;
(k) customer data privacy;
(l) vendor and third-party service provider management;
(m) risk assessment;
(n) incident response and notification; and
(o) vulnerability management.",Semantic,Superset of,9,8,"The Profile is non-specific with respect to certain policies, but section 500.3.2 is more specific, where policy and procedure coverage is clearly implied.","GV.PO-01.08: The organization maintains documented third-party risk management program policies and procedures approved by the governing authority (e.g., the Board or one of its committees).","GOVERN / Policies, Processes, and Procedures / Establishment of Policies & Procedures",GV.PO-01.08
NYDFS-07,500.3 Cybersecurity policy,500.3.2,"Procedures shall be developed, documented and implemented in accordance with the written policy or policies. The cybersecurity policy or policies and procedures shall be based on the covered entity’s risk assessment and address, at a minimum, the following areas to the extent applicable to the covered entity’s operations:
(a) information security;
(b) data governance, classification and retention; 
(c) asset inventory, device management and end of life management;
(d) access controls, including remote access and identity management;
(e) business continuity and disaster recovery planning and resources;
(f) systems operations and availability concerns;
(g) systems and network security and monitoring;
(h) security awareness and training;
(i) systems and application security and development and quality assurance;
(j) physical security and environmental controls;
(k) customer data privacy;
(l) vendor and third-party service provider management;
(m) risk assessment;
(n) incident response and notification; and
(o) vulnerability management.",Semantic,Superset of,8,8,"The Profile is non-specific with respect to certain policies, but section 500.3.2 is more specific, where policy and procedure coverage is clearly implied.","ID.AM-08.01: The organization establishes and maintains asset lifecycle management policies and procedures to ensure that assets are acquired, tracked, implemented, used, decommissioned, and protected commensurate with their sensitivity, criticality, and business value.",IDENTIFY / Asset Management / Asset Life Cycle Management,ID.AM-08.01
NYDFS-07,500.3 Cybersecurity policy,500.3.2,"Procedures shall be developed, documented and implemented in accordance with the written policy or policies. The cybersecurity policy or policies and procedures shall be based on the covered entity’s risk assessment and address, at a minimum, the following areas to the extent applicable to the covered entity’s operations:
(a) information security;
(b) data governance, classification and retention; 
(c) asset inventory, device management and end of life management;
(d) access controls, including remote access and identity management;
(e) business continuity and disaster recovery planning and resources;
(f) systems operations and availability concerns;
(g) systems and network security and monitoring;
(h) security awareness and training;
(i) systems and application security and development and quality assurance;
(j) physical security and environmental controls;
(k) customer data privacy;
(l) vendor and third-party service provider management;
(m) risk assessment;
(n) incident response and notification; and
(o) vulnerability management.",Semantic,Superset of,7,8,"The Profile is non-specific with respect to certain policies, but section 500.3.2 is more specific, where policy and procedure coverage is clearly implied.","ID.AM-08.03: The organization establishes policies, standards, and procedures for data governance, data management, and data retention consistent with its legal obligations and the value of data as an organizational asset.",IDENTIFY / Asset Management / Asset Life Cycle Management,ID.AM-08.03
NYDFS-07,500.3 Cybersecurity policy,500.3.2,"Procedures shall be developed, documented and implemented in accordance with the written policy or policies. The cybersecurity policy or policies and procedures shall be based on the covered entity’s risk assessment and address, at a minimum, the following areas to the extent applicable to the covered entity’s operations:
(a) information security;
(b) data governance, classification and retention; 
(c) asset inventory, device management and end of life management;
(d) access controls, including remote access and identity management;
(e) business continuity and disaster recovery planning and resources;
(f) systems operations and availability concerns;
(g) systems and network security and monitoring;
(h) security awareness and training;
(i) systems and application security and development and quality assurance;
(j) physical security and environmental controls;
(k) customer data privacy;
(l) vendor and third-party service provider management;
(m) risk assessment;
(n) incident response and notification; and
(o) vulnerability management.",Semantic,Superset of,6,8,"The Profile is non-specific with respect to certain policies, but section 500.3.2 is more specific, where policy and procedure coverage is clearly implied.","PR.PS-06.01: The organization implements Secure Systems Development Lifecycle processes for in-house software design, configuration, and development, employing best practices from secure-by-design methodologies (e.g., secure coding, code review, application security testing, etc.) during all phases of both traditional and agile projects.",PROTECT / Platform Security / Secure Systems Development Practices,PR.PS-06.01
NYDFS-07,500.3 Cybersecurity policy,500.3.2,"Procedures shall be developed, documented and implemented in accordance with the written policy or policies. The cybersecurity policy or policies and procedures shall be based on the covered entity’s risk assessment and address, at a minimum, the following areas to the extent applicable to the covered entity’s operations:
(a) information security;
(b) data governance, classification and retention; 
(c) asset inventory, device management and end of life management;
(d) access controls, including remote access and identity management;
(e) business continuity and disaster recovery planning and resources;
(f) systems operations and availability concerns;
(g) systems and network security and monitoring;
(h) security awareness and training;
(i) systems and application security and development and quality assurance;
(j) physical security and environmental controls;
(k) customer data privacy;
(l) vendor and third-party service provider management;
(m) risk assessment;
(n) incident response and notification; and
(o) vulnerability management.",Semantic,Superset of,7,8,"The Profile is non-specific with respect to certain policies, but section 500.3.2 is more specific, where policy and procedure coverage is clearly implied.","PR.PS-06.05: A software security testing and validation strategy is developed and implemented in the development lifecycle of all software projects, defining testing requirements and plans; performing/automating testing, vulnerability scanning, and migration activities; and supporting code integrity verification (e.g., using digital signatures).",PROTECT / Platform Security / Secure Systems Development Practices,PR.PS-06.05
NYDFS-08,500.4 Cybersecurity governance,500.4.a,"Chief information security officer. Each covered entity shall designate a CISO. The CISO may be employed by the covered entity, one of its affiliates or a third-party service provider. If the CISO is employed by a  third-party service provider or an affiliate, the covered entity shall:
(1) retain responsibility for compliance with this Part;
(2) designate a senior member of the covered entity’s personnel responsible for direction and oversight of the  third-party service provider; and
(3) require the third-party service provider or affiliate to maintain a cybersecurity program that protects the covered entity in accordance with the requirements of this Part.",Semantic,Superset of,10,10,No Gaps Identified,"GV.RR-01.04: The organization has designated a qualified Cybersecurity Officer (e.g., CISO) who is responsible and accountable for developing a cybersecurity strategy, overseeing and implementing its cybersecurity program, and enforcing its cybersecurity policy.","GOVERN / Roles, Responsibilities, and Authorities / Organizational Leadership Responsibility",GV.RR-01.04
NYDFS-09,500.4 Cybersecurity governance,500.4.b,"Report. The CISO of each covered entity shall report in writing at least annually to the senior governing body on the covered entity's cybersecurity program, including to the extent applicable: 
(1) the confidentiality of nonpublic information and the integrity and security of the covered entity’s information systems; 
(2) the covered entity’s cybersecurity policies and procedures; 
(3) material cybersecurity risks to the covered entity; 
(4) overall effectiveness of the covered entity’s cybersecurity program;
(5) material cybersecurity events involving the covered entity during the time period addressed by the report; and (6) plans for remediating material inadequacies.",Semantic,Intersects with,8,9,"The Profile is non-specific with respect to annual reporting, but section 500.4.b is more specific, where annual reporting is clearly specified.
","GV.RM-02.01: The governing authority (e.g., the Board or one of its committees) endorses and regularly reviews technology and cybersecurity risk appetite and is regularly informed about the status of, and material changes to, the organization's inherent risk profile.",GOVERN / Risk Management Strategy / Risk Appetite & Risk Tolerance Statements,GV.RM-02.01
NYDFS-09,500.4 Cybersecurity governance,500.4.b,"Report. The CISO of each covered entity shall report in writing at least annually to the senior governing body on the covered entity's cybersecurity program, including to the extent applicable: 
(1) the confidentiality of nonpublic information and the integrity and security of the covered entity’s information systems; 
(2) the covered entity’s cybersecurity policies and procedures; 
(3) material cybersecurity risks to the covered entity; 
(4) overall effectiveness of the covered entity’s cybersecurity program;
(5) material cybersecurity events involving the covered entity during the time period addressed by the report; and (6) plans for remediating material inadequacies.",Semantic,Intersects with,8,9,"The Profile is non-specific with respect to annual reporting, but section 500.4.b is more specific, where annual reporting is clearly specified.
","GV.RM-05.01: The organization has a process for monitoring its technology, cybersecurity, and third-party risks, including escalating those risks that exceed risk appetite to management and identifying risks with the potential to impact multiple operating units.",GOVERN / Risk Management Strategy / Lines of Communication,GV.RM-05.01
NYDFS-09,500.4 Cybersecurity governance,500.4.b,"Report. The CISO of each covered entity shall report in writing at least annually to the senior governing body on the covered entity's cybersecurity program, including to the extent applicable: 
(1) the confidentiality of nonpublic information and the integrity and security of the covered entity’s information systems; 
(2) the covered entity’s cybersecurity policies and procedures; 
(3) material cybersecurity risks to the covered entity; 
(4) overall effectiveness of the covered entity’s cybersecurity program;
(5) material cybersecurity events involving the covered entity during the time period addressed by the report; and (6) plans for remediating material inadequacies.",Semantic,Intersects with,9,9,"The Profile is non-specific with respect to annual reporting, but section 500.4.b is more specific, where annual reporting is clearly specified.
","GV.PO-01.01: Technology and cybersecurity policies are documented, maintained and approved by the governing authority (e.g., the Board or one of its committees) or a designated executive.","GOVERN / Policies, Processes, and Procedures / Establishment of Policies & Procedures",GV.PO-01.01
NYDFS-09,500.4 Cybersecurity governance,500.4.b,"Report. The CISO of each covered entity shall report in writing at least annually to the senior governing body on the covered entity's cybersecurity program, including to the extent applicable: 
(1) the confidentiality of nonpublic information and the integrity and security of the covered entity’s information systems; 
(2) the covered entity’s cybersecurity policies and procedures; 
(3) material cybersecurity risks to the covered entity; 
(4) overall effectiveness of the covered entity’s cybersecurity program;
(5) material cybersecurity events involving the covered entity during the time period addressed by the report; and (6) plans for remediating material inadequacies.",Semantic,Intersects with,7,9,"The Profile is non-specific with respect to annual reporting, but section 500.4.b is more specific, where annual reporting is clearly specified.
","GV.OV-01.01: The governing authority (e.g., the Board or one of its committees) regularly reviews and evaluates the organization's ability to manage its technology, cybersecurity, third-party, and resilience risks.",GOVERN / Oversight / Risk Management Strategy Outcomes Review,GV.OV-01.01
NYDFS-09,500.4 Cybersecurity governance,500.4.b,"Report. The CISO of each covered entity shall report in writing at least annually to the senior governing body on the covered entity's cybersecurity program, including to the extent applicable: 
(1) the confidentiality of nonpublic information and the integrity and security of the covered entity’s information systems; 
(2) the covered entity’s cybersecurity policies and procedures; 
(3) material cybersecurity risks to the covered entity; 
(4) overall effectiveness of the covered entity’s cybersecurity program;
(5) material cybersecurity events involving the covered entity during the time period addressed by the report; and (6) plans for remediating material inadequacies.",Semantic,Superset of,9,9,"The Profile is non-specific with respect to annual reporting, but section 500.4.b is more specific, where annual reporting is clearly specified.
","GV.OV-01.02: The designated Cybersecurity Officer (e.g., CISO) periodically reports to the appropriate governing authority (e.g., the Board or one of its committees) or equivalent governing body on the status of cybersecurity within the organization.",GOVERN / Oversight / Risk Management Strategy Outcomes Review,GV.OV-01.02
NYDFS-09,500.4 Cybersecurity governance,500.4.b,"Report. The CISO of each covered entity shall report in writing at least annually to the senior governing body on the covered entity's cybersecurity program, including to the extent applicable: 
(1) the confidentiality of nonpublic information and the integrity and security of the covered entity’s information systems; 
(2) the covered entity’s cybersecurity policies and procedures; 
(3) material cybersecurity risks to the covered entity; 
(4) overall effectiveness of the covered entity’s cybersecurity program;
(5) material cybersecurity events involving the covered entity during the time period addressed by the report; and (6) plans for remediating material inadequacies.",Semantic,Intersects with,8,9,"The Profile is non-specific with respect to annual reporting, but section 500.4.b is more specific, where annual reporting is clearly specified.
","GV.OV-03.01: The organization develops, implements, and reports to management and the governing body (e.g., the Board or one of its committees) key technology and cybersecurity risk and performance indicators and metrics to measure, monitor, and report actionable indicators.",GOVERN / Oversight / Risk Management Performance Measurement,GV.OV-03.01
NYDFS-09,500.4 Cybersecurity governance,500.4.b,"Report. The CISO of each covered entity shall report in writing at least annually to the senior governing body on the covered entity's cybersecurity program, including to the extent applicable: 
(1) the confidentiality of nonpublic information and the integrity and security of the covered entity’s information systems; 
(2) the covered entity’s cybersecurity policies and procedures; 
(3) material cybersecurity risks to the covered entity; 
(4) overall effectiveness of the covered entity’s cybersecurity program;
(5) material cybersecurity events involving the covered entity during the time period addressed by the report; and (6) plans for remediating material inadequacies.",Semantic,Intersects with,8,9,"The Profile is non-specific with respect to annual reporting, but section 500.4.b is more specific, where annual reporting is clearly specified.
","GV.OV-03.02: Resilience program performance is measured and regularly reported to senior executives and the governing authority (e.g., the Board or one of its committees).",GOVERN / Oversight / Risk Management Performance Measurement,GV.OV-03.02
NYDFS-09,500.4 Cybersecurity governance,500.4.b,"Report. The CISO of each covered entity shall report in writing at least annually to the senior governing body on the covered entity's cybersecurity program, including to the extent applicable: 
(1) the confidentiality of nonpublic information and the integrity and security of the covered entity’s information systems; 
(2) the covered entity’s cybersecurity policies and procedures; 
(3) material cybersecurity risks to the covered entity; 
(4) overall effectiveness of the covered entity’s cybersecurity program;
(5) material cybersecurity events involving the covered entity during the time period addressed by the report; and (6) plans for remediating material inadequacies.",Semantic,Intersects with,7,9,"The Profile is non-specific with respect to annual reporting, but section 500.4.b is more specific, where annual reporting is clearly specified.
","RC.CO-03.01: The organization timely involves and communicates the recovery activities, procedures, cyber risk management issues to the governing body (e.g., the Board or one of its committees), senior management, incident management support teams, and relevant internal stakeholders.",RECOVER / Incident Recovery Communication / Recovery Activity Communication,RC.CO-03.01
NYDFS-10,500.4 Cybersecurity governance,500.4.c,"The CISO shall timely report to the senior governing body or senior officer(s) on material cybersecurity issues, such as significant cybersecurity events and significant changes to the covered entity’s cybersecurity program.",Semantic,Intersects with,9,10,No Gaps Identified,"GV.OV-01.02: The designated Cybersecurity Officer (e.g., CISO) periodically reports to the appropriate governing authority (e.g., the Board or one of its committees) or equivalent governing body on the status of cybersecurity within the organization.",GOVERN / Oversight / Risk Management Strategy Outcomes Review,GV.OV-01.02
NYDFS-10,500.4 Cybersecurity governance,500.4.c,"The CISO shall timely report to the senior governing body or senior officer(s) on material cybersecurity issues, such as significant cybersecurity events and significant changes to the covered entity’s cybersecurity program.",Semantic,Intersects with,9,10,No Gaps Identified,"GV.OV-03.01: The organization develops, implements, and reports to management and the governing body (e.g., the Board or one of its committees) key technology and cybersecurity risk and performance indicators and metrics to measure, monitor, and report actionable indicators.",GOVERN / Oversight / Risk Management Performance Measurement,GV.OV-03.01
NYDFS-10,500.4 Cybersecurity governance,500.4.c,"The CISO shall timely report to the senior governing body or senior officer(s) on material cybersecurity issues, such as significant cybersecurity events and significant changes to the covered entity’s cybersecurity program.",Semantic,Intersects with,7,10,No Gaps Identified,"RC.CO-03.01: The organization timely involves and communicates the recovery activities, procedures, cyber risk management issues to the governing body (e.g., the Board or one of its committees), senior management, incident management support teams, and relevant internal stakeholders.",RECOVER / Incident Recovery Communication / Recovery Activity Communication,RC.CO-03.01
NYDFS-11,500.4 Cybersecurity governance,500.4.d,"The senior governing body of the covered entity shall exercise oversight of the covered entity’s cybersecurity risk management, including by: 
(1) having sufficient understanding of cybersecurity-related matters to exercise such oversight, which may include the use of advisors; 
(2) requiring the covered entity’s executive management or its designees to develop, implement and maintain the covered entity’s cybersecurity program; 
(3) regularly receiving and reviewing management reports about cybersecurity matters; and 
(4) confirming that the covered entity’s management has allocated sufficient resources to implement and maintain an effective cybersecurity program.",Semantic,Superset of,7,10,No Gaps Identified,"GV.RM-01.01: Technology and cybersecurity risk management strategies and frameworks are approved by the governing authority (e.g., the Board or one of its committees) and incorporated into the overall business strategy and enterprise risk management framework.",GOVERN / Risk Management Strategy / Risk Management Objectives Agreement,GV.RM-01.01
NYDFS-11,500.4 Cybersecurity governance,500.4.d,"The senior governing body of the covered entity shall exercise oversight of the covered entity’s cybersecurity risk management, including by: 
(1) having sufficient understanding of cybersecurity-related matters to exercise such oversight, which may include the use of advisors; 
(2) requiring the covered entity’s executive management or its designees to develop, implement and maintain the covered entity’s cybersecurity program; 
(3) regularly receiving and reviewing management reports about cybersecurity matters; and 
(4) confirming that the covered entity’s management has allocated sufficient resources to implement and maintain an effective cybersecurity program.",Semantic,Superset of,7,10,No Gaps Identified,"GV.RM-02.01: The governing authority (e.g., the Board or one of its committees) endorses and regularly reviews technology and cybersecurity risk appetite and is regularly informed about the status of, and material changes to, the organization's inherent risk profile.",GOVERN / Risk Management Strategy / Risk Appetite & Risk Tolerance Statements,GV.RM-02.01
NYDFS-11,500.4 Cybersecurity governance,500.4.d,"The senior governing body of the covered entity shall exercise oversight of the covered entity’s cybersecurity risk management, including by: 
(1) having sufficient understanding of cybersecurity-related matters to exercise such oversight, which may include the use of advisors; 
(2) requiring the covered entity’s executive management or its designees to develop, implement and maintain the covered entity’s cybersecurity program; 
(3) regularly receiving and reviewing management reports about cybersecurity matters; and 
(4) confirming that the covered entity’s management has allocated sufficient resources to implement and maintain an effective cybersecurity program.",Semantic,Superset of,9,10,No Gaps Identified,"GV.RM-04.01: The governing authority (e.g., the Board or one of its committees) and senior management provide guidance, direction, and credible challenge in the design and implementation of risk management strategies, assessment of identified risks against risk appetite and risk tolerance, and in the selection of risk treatment approaches.",GOVERN / Risk Management Strategy / Risk Response Strategic Direction,GV.RM-04.01
NYDFS-11,500.4 Cybersecurity governance,500.4.d,"The senior governing body of the covered entity shall exercise oversight of the covered entity’s cybersecurity risk management, including by: 
(1) having sufficient understanding of cybersecurity-related matters to exercise such oversight, which may include the use of advisors; 
(2) requiring the covered entity’s executive management or its designees to develop, implement and maintain the covered entity’s cybersecurity program; 
(3) regularly receiving and reviewing management reports about cybersecurity matters; and 
(4) confirming that the covered entity’s management has allocated sufficient resources to implement and maintain an effective cybersecurity program.",Semantic,Superset of,8,10,No Gaps Identified,"GV.RR-01.01: The governing authority (e.g., the Board or one of its committees) oversees and holds senior management accountable for implementing the organization’s technology and cybersecurity risk management strategies and frameworks.","GOVERN / Roles, Responsibilities, and Authorities / Organizational Leadership Responsibility",GV.RR-01.01
NYDFS-11,500.4 Cybersecurity governance,500.4.d,"The senior governing body of the covered entity shall exercise oversight of the covered entity’s cybersecurity risk management, including by: 
(1) having sufficient understanding of cybersecurity-related matters to exercise such oversight, which may include the use of advisors; 
(2) requiring the covered entity’s executive management or its designees to develop, implement and maintain the covered entity’s cybersecurity program; 
(3) regularly receiving and reviewing management reports about cybersecurity matters; and 
(4) confirming that the covered entity’s management has allocated sufficient resources to implement and maintain an effective cybersecurity program.",Semantic,Intersects with,8,10,No Gaps Identified,"GV.RR-01.03: The governing authority (e.g., the Board or one of its committees) regularly reviews, oversees, and holds senior management accountable for implementing the organization’s resilience strategy and program and for managing the organization's ongoing resilience risks.","GOVERN / Roles, Responsibilities, and Authorities / Organizational Leadership Responsibility",GV.RR-01.03
NYDFS-11,500.4 Cybersecurity governance,500.4.d,"The senior governing body of the covered entity shall exercise oversight of the covered entity’s cybersecurity risk management, including by: 
(1) having sufficient understanding of cybersecurity-related matters to exercise such oversight, which may include the use of advisors; 
(2) requiring the covered entity’s executive management or its designees to develop, implement and maintain the covered entity’s cybersecurity program; 
(3) regularly receiving and reviewing management reports about cybersecurity matters; and 
(4) confirming that the covered entity’s management has allocated sufficient resources to implement and maintain an effective cybersecurity program.",Semantic,Intersects with,9,10,No Gaps Identified,"GV.RR-03.01: The organization's budgeting and resourcing processes identify, prioritize, and address resource needs to manage identified technology and cybersecurity risks (e.g., skill shortages, headcount, new tools, incident-related expenses, and unsupported systems).","GOVERN / Roles, Responsibilities, and Authorities / Resource Adequacy",GV.RR-03.01
NYDFS-11,500.4 Cybersecurity governance,500.4.d,"The senior governing body of the covered entity shall exercise oversight of the covered entity’s cybersecurity risk management, including by: 
(1) having sufficient understanding of cybersecurity-related matters to exercise such oversight, which may include the use of advisors; 
(2) requiring the covered entity’s executive management or its designees to develop, implement and maintain the covered entity’s cybersecurity program; 
(3) regularly receiving and reviewing management reports about cybersecurity matters; and 
(4) confirming that the covered entity’s management has allocated sufficient resources to implement and maintain an effective cybersecurity program.",Semantic,Superset of,9,10,No Gaps Identified,"GV.RR-03.03: The organization provides adequate resources, appropriate authority, and access to the governing authority for the designated Cybersecurity Officer (e.g., CISO).","GOVERN / Roles, Responsibilities, and Authorities / Resource Adequacy",GV.RR-03.03
NYDFS-11,500.4 Cybersecurity governance,500.4.d,"The senior governing body of the covered entity shall exercise oversight of the covered entity’s cybersecurity risk management, including by: 
(1) having sufficient understanding of cybersecurity-related matters to exercise such oversight, which may include the use of advisors; 
(2) requiring the covered entity’s executive management or its designees to develop, implement and maintain the covered entity’s cybersecurity program; 
(3) regularly receiving and reviewing management reports about cybersecurity matters; and 
(4) confirming that the covered entity’s management has allocated sufficient resources to implement and maintain an effective cybersecurity program.",Semantic,Intersects with,7,10,No Gaps Identified,"GV.PO-01.02: The accountable governing body, and applicable cybersecurity program and policies, for any given organizational unit, affiliate, or merged entity are clearly established, applied, and communicated.","GOVERN / Policies, Processes, and Procedures / Establishment of Policies & Procedures",GV.PO-01.02
NYDFS-11,500.4 Cybersecurity governance,500.4.d,"The senior governing body of the covered entity shall exercise oversight of the covered entity’s cybersecurity risk management, including by: 
(1) having sufficient understanding of cybersecurity-related matters to exercise such oversight, which may include the use of advisors; 
(2) requiring the covered entity’s executive management or its designees to develop, implement and maintain the covered entity’s cybersecurity program; 
(3) regularly receiving and reviewing management reports about cybersecurity matters; and 
(4) confirming that the covered entity’s management has allocated sufficient resources to implement and maintain an effective cybersecurity program.",Semantic,Superset of,7,10,No Gaps Identified,"GV.OV-01.01: The governing authority (e.g., the Board or one of its committees) regularly reviews and evaluates the organization's ability to manage its technology, cybersecurity, third-party, and resilience risks.",GOVERN / Oversight / Risk Management Strategy Outcomes Review,GV.OV-01.01
NYDFS-11,500.4 Cybersecurity governance,500.4.d,"The senior governing body of the covered entity shall exercise oversight of the covered entity’s cybersecurity risk management, including by: 
(1) having sufficient understanding of cybersecurity-related matters to exercise such oversight, which may include the use of advisors; 
(2) requiring the covered entity’s executive management or its designees to develop, implement and maintain the covered entity’s cybersecurity program; 
(3) regularly receiving and reviewing management reports about cybersecurity matters; and 
(4) confirming that the covered entity’s management has allocated sufficient resources to implement and maintain an effective cybersecurity program.",Semantic,Superset of,6,10,No Gaps Identified,"GV.OV-01.02: The designated Cybersecurity Officer (e.g., CISO) periodically reports to the appropriate governing authority (e.g., the Board or one of its committees) or equivalent governing body on the status of cybersecurity within the organization.",GOVERN / Oversight / Risk Management Strategy Outcomes Review,GV.OV-01.02
NYDFS-11,500.4 Cybersecurity governance,500.4.d,"The senior governing body of the covered entity shall exercise oversight of the covered entity’s cybersecurity risk management, including by: 
(1) having sufficient understanding of cybersecurity-related matters to exercise such oversight, which may include the use of advisors; 
(2) requiring the covered entity’s executive management or its designees to develop, implement and maintain the covered entity’s cybersecurity program; 
(3) regularly receiving and reviewing management reports about cybersecurity matters; and 
(4) confirming that the covered entity’s management has allocated sufficient resources to implement and maintain an effective cybersecurity program.",Semantic,Intersects with,6,10,No Gaps Identified,"GV.OV-03.01: The organization develops, implements, and reports to management and the governing body (e.g., the Board or one of its committees) key technology and cybersecurity risk and performance indicators and metrics to measure, monitor, and report actionable indicators.",GOVERN / Oversight / Risk Management Performance Measurement,GV.OV-03.01
NYDFS-11,500.4 Cybersecurity governance,500.4.d,"The senior governing body of the covered entity shall exercise oversight of the covered entity’s cybersecurity risk management, including by: 
(1) having sufficient understanding of cybersecurity-related matters to exercise such oversight, which may include the use of advisors; 
(2) requiring the covered entity’s executive management or its designees to develop, implement and maintain the covered entity’s cybersecurity program; 
(3) regularly receiving and reviewing management reports about cybersecurity matters; and 
(4) confirming that the covered entity’s management has allocated sufficient resources to implement and maintain an effective cybersecurity program.",Semantic,Intersects with,8,10,No Gaps Identified,"GV.IR-01.02: The independent risk management function has sufficient independence, stature, authority, resources, and access to the governing body (e.g., the Board or one of its committees), including reporting lines, to ensure consistency with the organization's risk management frameworks.",GOVERN / Independent Risk Management Function / Independent Risk Management Function,GV.IR-01.02
NYDFS-11,500.4 Cybersecurity governance,500.4.d,"The senior governing body of the covered entity shall exercise oversight of the covered entity’s cybersecurity risk management, including by: 
(1) having sufficient understanding of cybersecurity-related matters to exercise such oversight, which may include the use of advisors; 
(2) requiring the covered entity’s executive management or its designees to develop, implement and maintain the covered entity’s cybersecurity program; 
(3) regularly receiving and reviewing management reports about cybersecurity matters; and 
(4) confirming that the covered entity’s management has allocated sufficient resources to implement and maintain an effective cybersecurity program.",Semantic,Superset of,8,10,No Gaps Identified,"GV.IR-03.01: The independent risk management function reports to the governing authority (e.g., the Board or one of its committees) and to the designated risk management officer within the organization on the implementation of the technology and cybersecurity risk management frameworks throughout the organization and its independent assessment of risk posture.",GOVERN / Independent Risk Management Function / Independent Risk Management Reporting,GV.IR-03.01
NYDFS-11,500.4 Cybersecurity governance,500.4.d,"The senior governing body of the covered entity shall exercise oversight of the covered entity’s cybersecurity risk management, including by: 
(1) having sufficient understanding of cybersecurity-related matters to exercise such oversight, which may include the use of advisors; 
(2) requiring the covered entity’s executive management or its designees to develop, implement and maintain the covered entity’s cybersecurity program; 
(3) regularly receiving and reviewing management reports about cybersecurity matters; and 
(4) confirming that the covered entity’s management has allocated sufficient resources to implement and maintain an effective cybersecurity program.",Semantic,Intersects with,9,10,No Gaps Identified,"PR.AT-02.07: The organization's governing body (e.g., the Board or one of its committees) and senior management receive cybersecurity situational awareness training to include appropriate skills and knowledge to: 
(1) Evaluate and manage cyber risks;
(2) Promote a culture that recognizes that staff at all levels have important responsibilities in ensuring the organization's cyber resilience; and
(3) Lead by example.",PROTECT / Awareness and Training / Specialized Role Awareness & Training,PR.AT-02.07
NYDFS-11,500.4 Cybersecurity governance,500.4.d,"The senior governing body of the covered entity shall exercise oversight of the covered entity’s cybersecurity risk management, including by: 
(1) having sufficient understanding of cybersecurity-related matters to exercise such oversight, which may include the use of advisors; 
(2) requiring the covered entity’s executive management or its designees to develop, implement and maintain the covered entity’s cybersecurity program; 
(3) regularly receiving and reviewing management reports about cybersecurity matters; and 
(4) confirming that the covered entity’s management has allocated sufficient resources to implement and maintain an effective cybersecurity program.",Semantic,Intersects with,9,10,No Gaps Identified,"PR.AT-02.08: Where the organization's governing authority (e.g., the Board or one of its committees) does not have adequate cybersecurity expertise, they should have direct access to the senior officer responsible for cybersecurity and independent sources of expertise to discuss cybersecurity related matters.",PROTECT / Awareness and Training / Specialized Role Awareness & Training,PR.AT-02.08
NYDFS-12,500.5 Vulnerability management,500.5.a,"Each covered entity shall, in accordance with its risk assessment, develop and implement written policies and procedures for vulnerability management that are designed to assess and maintain the effectiveness of  its cybersecurity program.  These policies and procedures shall be designed to ensure that covered entities 
(a) conduct, at a minimum:
(1) penetration testing of their information systems from both inside and outside the information systems’ boundaries by a qualified internal or external party at least annually; and
(2) automated scans of information systems, and a manual review of systems not covered by such scans, for the purpose of discovering, analyzing and reporting vulnerabilities at a frequency determined by the risk assessment, and promptly after any material system changes",Semantic,Superset of,9,9,"The Profile requires penetration testing and vulnerability assessments, but Section 500.05 is more specific, requiring: annual penetration testing and biannual vulnerability assessments for entity's without effective continuous monitoring.  Please refer to the Diagnostic Statement Workbook, which provides greater detail on examples of effective evidence. ","ID.RA-01.03: The organization establishes and maintains standards and capabilities for ongoing vulnerability management, including systematic scans, or reviews reasonably designed to identify known cyber vulnerabilities and upgrade opportunities, across the organization's environments and assets.",IDENTIFY / Risk Assessment / Asset Vulnerability Identification,ID.RA-01.03
NYDFS-12,500.5 Vulnerability management,500.5.a,"Each covered entity shall, in accordance with its risk assessment, develop and implement written policies and procedures for vulnerability management that are designed to assess and maintain the effectiveness of  its cybersecurity program.  These policies and procedures shall be designed to ensure that covered entities 
(a) conduct, at a minimum:
(1) penetration testing of their information systems from both inside and outside the information systems’ boundaries by a qualified internal or external party at least annually; and
(2) automated scans of information systems, and a manual review of systems not covered by such scans, for the purpose of discovering, analyzing and reporting vulnerabilities at a frequency determined by the risk assessment, and promptly after any material system changes",Semantic,Superset of,8,9,"The Profile requires penetration testing and vulnerability assessments, but Section 500.05 is more specific, requiring: annual penetration testing and biannual vulnerability assessments for entity's without effective continuous monitoring.  Please refer to the Diagnostic Statement Workbook, which provides greater detail on examples of effective evidence. ","ID.IM-02.01: The organization conducts regular, independent penetration testing and red team testing on the organization's network, internet-facing systems, critical applications, and associated controls to identify gaps in cybersecurity defenses.",IDENTIFY / Improvement / Tests & Exercises,ID.IM-02.01
NYDFS-12,500.5 Vulnerability management,500.5.a,"Each covered entity shall, in accordance with its risk assessment, develop and implement written policies and procedures for vulnerability management that are designed to assess and maintain the effectiveness of  its cybersecurity program.  These policies and procedures shall be designed to ensure that covered entities 
(a) conduct, at a minimum:
(1) penetration testing of their information systems from both inside and outside the information systems’ boundaries by a qualified internal or external party at least annually; and
(2) automated scans of information systems, and a manual review of systems not covered by such scans, for the purpose of discovering, analyzing and reporting vulnerabilities at a frequency determined by the risk assessment, and promptly after any material system changes",Semantic,Intersects with,7,9,"The Profile requires penetration testing and vulnerability assessments, but Section 500.05 is more specific, requiring: annual penetration testing and biannual vulnerability assessments for entity's without effective continuous monitoring.  Please refer to the Diagnostic Statement Workbook, which provides greater detail on examples of effective evidence. ",PR.PS-02.02: The organization establishes standards and practices for ongoing application management to ensure that applications remain secure and continue to meet organizational needs.,PROTECT / Platform Security / Software Maintenance & Replacement,PR.PS-02.02
NYDFS-13,500.5 Vulnerability management,500.5.b,These policies and procedures shall be designed to ensure that covered entities are promptly informed of new security vulnerabilities by having a monitoring process in place; and,Semantic,Intersects with,7,10,No Gaps Identified,"ID.RA-01.01: The organization identifies, assesses, and documents risks and potential vulnerabilities associated with assets, to include workforce, data, technology, facilities, services, and connections.",IDENTIFY / Risk Assessment / Asset Vulnerability Identification,ID.RA-01.01
NYDFS-13,500.5 Vulnerability management,500.5.b,These policies and procedures shall be designed to ensure that covered entities are promptly informed of new security vulnerabilities by having a monitoring process in place; and,Semantic,Intersects with,7,10,No Gaps Identified,"ID.RA-01.02: The organization's business units ensure that information regarding cyber risk is shared with the appropriate level of senior management in a timely manner, so that they can address and respond to emerging cyber risk.",IDENTIFY / Risk Assessment / Asset Vulnerability Identification,ID.RA-01.02
NYDFS-13,500.5 Vulnerability management,500.5.b,These policies and procedures shall be designed to ensure that covered entities are promptly informed of new security vulnerabilities by having a monitoring process in place; and,Semantic,Superset of,8,10,No Gaps Identified,"ID.RA-01.03: The organization establishes and maintains standards and capabilities for ongoing vulnerability management, including systematic scans, or reviews reasonably designed to identify known cyber vulnerabilities and upgrade opportunities, across the organization's environments and assets.",IDENTIFY / Risk Assessment / Asset Vulnerability Identification,ID.RA-01.03
NYDFS-13,500.5 Vulnerability management,500.5.b,These policies and procedures shall be designed to ensure that covered entities are promptly informed of new security vulnerabilities by having a monitoring process in place; and,Semantic,Intersects with,5,10,No Gaps Identified,"ID.RA-05.04: The organization uses scenario planning, table-top-exercises, or similar event analysis techniques to identify vulnerabilities and determine potential impacts to critical infrastructure, technology, and business processes.",IDENTIFY / Risk Assessment / Risk Exposure Determination & Prioritization,ID.RA-05.04
NYDFS-13,500.5 Vulnerability management,500.5.b,These policies and procedures shall be designed to ensure that covered entities are promptly informed of new security vulnerabilities by having a monitoring process in place; and,Semantic,Superset of,7,10,No Gaps Identified,"ID.RA-08.01: The organization has established enterprise processes for soliciting, receiving and appropriately channeling vulnerability disclosures from:
(1) Public sources (e.g., customers and security researchers);
(2) Vulnerability sharing forums (e.g., FS-ISAC); and
(3) Third-parties (e.g., cloud vendors);
(4) Internal sources (e.g., development teams).",IDENTIFY / Risk Assessment / Vulnerability Disclosure Response,ID.RA-08.01
NYDFS-13,500.5 Vulnerability management,500.5.b,These policies and procedures shall be designed to ensure that covered entities are promptly informed of new security vulnerabilities by having a monitoring process in place; and,Semantic,Superset of,7,10,No Gaps Identified,"ID.RA-08.02: The organization has established enterprise processes to analyze disclosed vulnerabilities with a focus on:
(1) Determining its validity;
(2) Assessing its scope (e.g., affected assets);
(3) Determining it's severity and impact;
(4) Identifying affected stakeholders or customers; and
(5) Analyzing options to respond.",IDENTIFY / Risk Assessment / Vulnerability Disclosure Response,ID.RA-08.02
NYDFS-13,500.5 Vulnerability management,500.5.b,These policies and procedures shall be designed to ensure that covered entities are promptly informed of new security vulnerabilities by having a monitoring process in place; and,Semantic,Intersects with,7,10,No Gaps Identified,"ID.IM-02.01: The organization conducts regular, independent penetration testing and red team testing on the organization's network, internet-facing systems, critical applications, and associated controls to identify gaps in cybersecurity defenses.",IDENTIFY / Improvement / Tests & Exercises,ID.IM-02.01
NYDFS-13,500.5 Vulnerability management,500.5.b,These policies and procedures shall be designed to ensure that covered entities are promptly informed of new security vulnerabilities by having a monitoring process in place; and,Semantic,Intersects with,7,10,No Gaps Identified,PR.PS-02.02: The organization establishes standards and practices for ongoing application management to ensure that applications remain secure and continue to meet organizational needs.,PROTECT / Platform Security / Software Maintenance & Replacement,PR.PS-02.02
NYDFS-13,500.5 Vulnerability management,500.5.b,These policies and procedures shall be designed to ensure that covered entities are promptly informed of new security vulnerabilities by having a monitoring process in place; and,Semantic,Intersects with,5,10,No Gaps Identified,"EX.CN-02.02: Minimum cybersecurity requirements for third-parties include requirements for incident and vulnerability notification, to include the types of events requiring notification, notification timeframes, and escalation protocols.",EXTEND / Third-Party Contracts and Agreements / Contract Cybersecurity-Related Requirements,EX.CN-02.02
NYDFS-14,500.5 Vulnerability management,500.5.c,"Timely remediate vulnerabilities, giving priority to vulnerabilities based on the risk they pose to the covered entity; and",Semantic,Superset of,9,10,No Gaps Identified,"ID.RA-06.05: The organization defines and implements standards and procedures to prioritize and remediate issues identified in vulnerability scanning or penetration testing, including emergency or zero-day threats and vulnerabilities.",IDENTIFY / Risk Assessment / Risk Response Determination,ID.RA-06.05
NYDFS-14,500.5 Vulnerability management,500.5.c,"Timely remediate vulnerabilities, giving priority to vulnerabilities based on the risk they pose to the covered entity; and",Semantic,Superset of,8,10,No Gaps Identified,"ID.RA-06.06: The organization follows documented procedures, consistent with established risk response processes, for mitigating or accepting the risk of vulnerabilities or weaknesses identified in exercises and testing or when responding to incidents.",IDENTIFY / Risk Assessment / Risk Response Determination,ID.RA-06.06
NYDFS-14,500.5 Vulnerability management,500.5.c,"Timely remediate vulnerabilities, giving priority to vulnerabilities based on the risk they pose to the covered entity; and",Semantic,Superset of,9,10,No Gaps Identified,"PR.PS-02.01: The organization defines and implements controls to identify patches to technology assets, assess patch criticality and risk, test patches, and apply patches within risk/criticality-based target time frames.",PROTECT / Platform Security / Software Maintenance & Replacement,PR.PS-02.01
NYDFS-14,500.5 Vulnerability management,500.5.c,"Timely remediate vulnerabilities, giving priority to vulnerabilities based on the risk they pose to the covered entity; and",Semantic,Intersects with,7,10,No Gaps Identified,PR.PS-02.02: The organization establishes standards and practices for ongoing application management to ensure that applications remain secure and continue to meet organizational needs.,PROTECT / Platform Security / Software Maintenance & Replacement,PR.PS-02.02
NYDFS-14,500.5 Vulnerability management,500.5.c,"Timely remediate vulnerabilities, giving priority to vulnerabilities based on the risk they pose to the covered entity; and",Semantic,Intersects with,6,10,No Gaps Identified,"PR.PS-06.06: The system development lifecycle remediates known critical vulnerabilities, and critical vulnerabilities discovered during testing, prior to production deployment.",PROTECT / Platform Security / Secure Systems Development Practices,PR.PS-06.06
NYDFS-15,500.6 Audit trail,500.6.a,"Each Covered Entity shall securely maintain systems that, to the extent applicable and based on its Risk Assessment:

(1) are designed to reconstruct material financial transactions sufficient to support normal operations and obligations of the Covered Entity; and
(2) include audit trails designed to detect and respond to Cybersecurity Events that have a reasonable likelihood of materially harming any material part of the normal operations of the Covered Entity.",Semantic,Intersects with,7,10,No Gaps Identified,"GV.OC-04.03: Resilience requirements to support the delivery of critical services are established for all operating states (e.g., under duress/attack, during recovery, and normal operations).",GOVERN / Organizational Context / Stakeholder Service Expectations,GV.OC-04.03
NYDFS-15,500.6 Audit trail,500.6.a,"Each Covered Entity shall securely maintain systems that, to the extent applicable and based on its Risk Assessment:

(1) are designed to reconstruct material financial transactions sufficient to support normal operations and obligations of the Covered Entity; and
(2) include audit trails designed to detect and respond to Cybersecurity Events that have a reasonable likelihood of materially harming any material part of the normal operations of the Covered Entity.",Semantic,Intersects with,8,10,No Gaps Identified,"GV.OC-05.03: The organization defines objectives (e.g., Recovery Time Objective, Maximum Tolerable Downtime, Impact Tolerance) for the resumption of critical operations in alignment with business imperatives, stakeholder obligations, and critical infrastructure dependencies.",GOVERN / Organizational Context / Organizational Service Dependencies,GV.OC-05.03
NYDFS-15,500.6 Audit trail,500.6.a,"Each Covered Entity shall securely maintain systems that, to the extent applicable and based on its Risk Assessment:

(1) are designed to reconstruct material financial transactions sufficient to support normal operations and obligations of the Covered Entity; and
(2) include audit trails designed to detect and respond to Cybersecurity Events that have a reasonable likelihood of materially harming any material part of the normal operations of the Covered Entity.",Semantic,Intersects with,8,10,No Gaps Identified,"GV.OC-05.04: Recovery point objectives to support data integrity are consistent with the organization's recovery time objectives, information flow dependencies between systems, and business obligations.",GOVERN / Organizational Context / Organizational Service Dependencies,GV.OC-05.04
NYDFS-15,500.6 Audit trail,500.6.a,"Each Covered Entity shall securely maintain systems that, to the extent applicable and based on its Risk Assessment:

(1) are designed to reconstruct material financial transactions sufficient to support normal operations and obligations of the Covered Entity; and
(2) include audit trails designed to detect and respond to Cybersecurity Events that have a reasonable likelihood of materially harming any material part of the normal operations of the Covered Entity.",Semantic,Intersects with,7,10,No Gaps Identified,"GV.RM-09.02: The resilience program ensures that the organization can continue operating critical business functions and deliver services to stakeholders, to include critical infrastructure partners, during adverse incidents and cyber attacks (e.g., propagation of malware or extended system outages).",GOVERN / Risk Management Strategy  / Business Continuity & Resilience Risk Management,GV.RM-09.02
NYDFS-15,500.6 Audit trail,500.6.a,"Each Covered Entity shall securely maintain systems that, to the extent applicable and based on its Risk Assessment:

(1) are designed to reconstruct material financial transactions sufficient to support normal operations and obligations of the Covered Entity; and
(2) include audit trails designed to detect and respond to Cybersecurity Events that have a reasonable likelihood of materially harming any material part of the normal operations of the Covered Entity.",Semantic,Intersects with,6,10,No Gaps Identified,"ID.IM-02.06: The organization designs and tests its systems and processes, and employs third-party support resources (e.g., Sheltered Harbor), to enable recovery of accurate data (e.g., material financial transactions) sufficient to support defined business recovery time and recovery point objectives.",IDENTIFY / Improvement / Tests & Exercises,ID.IM-02.06
NYDFS-15,500.6 Audit trail,500.6.a,"Each Covered Entity shall securely maintain systems that, to the extent applicable and based on its Risk Assessment:

(1) are designed to reconstruct material financial transactions sufficient to support normal operations and obligations of the Covered Entity; and
(2) include audit trails designed to detect and respond to Cybersecurity Events that have a reasonable likelihood of materially harming any material part of the normal operations of the Covered Entity.",Semantic,Superset of,9,10,No Gaps Identified,"ID.IM-04.04: The organization has plans to identify, in a timely manner, the status of all transactions and member positions at the time of a disruption, supported by corresponding recovery point objectives.",IDENTIFY / Improvement / Plans Affecting Operations,ID.IM-04.04
NYDFS-15,500.6 Audit trail,500.6.a,"Each Covered Entity shall securely maintain systems that, to the extent applicable and based on its Risk Assessment:

(1) are designed to reconstruct material financial transactions sufficient to support normal operations and obligations of the Covered Entity; and
(2) include audit trails designed to detect and respond to Cybersecurity Events that have a reasonable likelihood of materially harming any material part of the normal operations of the Covered Entity.",Semantic,Intersects with,5,10,No Gaps Identified,"PR.PS-04.01: The organization establishes and regularly reviews log management standards and practices, to include the types of events to be detected, log content, security and access considerations, monitoring protocols, integrity checking mechanisms, and retention periods.",PROTECT / Platform Security / Log Record Generation,PR.PS-04.01
NYDFS-15,500.6 Audit trail,500.6.a,"Each Covered Entity shall securely maintain systems that, to the extent applicable and based on its Risk Assessment:

(1) are designed to reconstruct material financial transactions sufficient to support normal operations and obligations of the Covered Entity; and
(2) include audit trails designed to detect and respond to Cybersecurity Events that have a reasonable likelihood of materially harming any material part of the normal operations of the Covered Entity.",Semantic,Intersects with,5,10,No Gaps Identified,"PR.PS-04.03: The organization's activity logs and other security event logs are generated, reviewed, securely stored, and retained in accordance with data retention obligations and established standards.",PROTECT / Platform Security / Log Record Generation,PR.PS-04.03
NYDFS-15,500.6 Audit trail,500.6.a,"Each Covered Entity shall securely maintain systems that, to the extent applicable and based on its Risk Assessment:

(1) are designed to reconstruct material financial transactions sufficient to support normal operations and obligations of the Covered Entity; and
(2) include audit trails designed to detect and respond to Cybersecurity Events that have a reasonable likelihood of materially harming any material part of the normal operations of the Covered Entity.",Semantic,Intersects with,9,10,No Gaps Identified,"PR.PS-06.03: Functional, operational, resilience, and security requirements for system development and implementation projects are documented, agreed to by relevant stakeholders, and tracked and managed through development, testing, assurance, acceptance, and delivery.",PROTECT / Platform Security / Secure Systems Development Practices,PR.PS-06.03
NYDFS-16,500.6 Audit trail,500.6.b,Each  covered  entity  shall  maintain  records  required  by  paragraph  (a)(1)  of  this  section  for  not  fewer  than  five  years  and  shall  maintain  records  required  by  paragraph  (a)(2)  of  this  section  for  not  fewer  than  three  years,Semantic,Intersects with,6,10,No Gaps Identified,"ID.AM-08.03: The organization establishes policies, standards, and procedures for data governance, data management, and data retention consistent with its legal obligations and the value of data as an organizational asset.",IDENTIFY / Asset Management / Asset Life Cycle Management,ID.AM-08.03
NYDFS-16,500.6 Audit trail,500.6.b,Each  covered  entity  shall  maintain  records  required  by  paragraph  (a)(1)  of  this  section  for  not  fewer  than  five  years  and  shall  maintain  records  required  by  paragraph  (a)(2)  of  this  section  for  not  fewer  than  three  years,Semantic,Superset of,7,10,No Gaps Identified,"PR.PS-04.03: The organization's activity logs and other security event logs are generated, reviewed, securely stored, and retained in accordance with data retention obligations and established standards.",PROTECT / Platform Security / Log Record Generation,PR.PS-04.03
NYDFS-17,500.7 Access privileges and management,500.7.a,"As part of its cybersecurity program, based on the covered entity’s risk assessment each covered entity shall: 
(1) limit user access privileges to information systems that provide access to nonpublic information to only those necessary to perform the user’s job; 
(2) limit the number of privileged accounts and limit the access functions of privileged accounts to only those necessary to perform the user’s job;
(3) limit the use of privileged accounts to only when performing functions requiring the use of such access;
(4) periodically, but at a minimum annually, review all user access privileges and remove or disable accounts and access that are no longer necessary;
(5) disable or securely configure all protocols that permit remote control of devices; and
(6) promptly terminate access following departures.",Semantic,Superset of,8,9,"The Profile specifies a regular access privilege review to be done, but Section 500.7.a is more specific, requiring annual access privilege reviews.
","GV.RR-04.02: The organization establishes processes and controls to mitigate cyber risks related to employment termination, as permitted by law, to include the return or disposition of all organizational assets.","GOVERN / Roles, Responsibilities, and Authorities / Human Resource Practices",GV.RR-04.02
NYDFS-17,500.7 Access privileges and management,500.7.a,"As part of its cybersecurity program, based on the covered entity’s risk assessment each covered entity shall: 
(1) limit user access privileges to information systems that provide access to nonpublic information to only those necessary to perform the user’s job; 
(2) limit the number of privileged accounts and limit the access functions of privileged accounts to only those necessary to perform the user’s job;
(3) limit the use of privileged accounts to only when performing functions requiring the use of such access;
(4) periodically, but at a minimum annually, review all user access privileges and remove or disable accounts and access that are no longer necessary;
(5) disable or securely configure all protocols that permit remote control of devices; and
(6) promptly terminate access following departures.",Semantic,Superset of,9,9,"The Profile specifies a regular access privilege review to be done, but Section 500.7.a is more specific, requiring annual access privilege reviews.
","PR.AA-01.01: Identities and credentials are actively managed or automated for authorized devices and users (e.g., removal of default and factory passwords, password strength requirements, automatic revocation of credentials under defined conditions, regular asset owner access review, etc.).","PROTECT / Identity Management, Authentication, and Access Control / Identity & Credential Management",PR.AA-01.01
NYDFS-17,500.7 Access privileges and management,500.7.a,"As part of its cybersecurity program, based on the covered entity’s risk assessment each covered entity shall: 
(1) limit user access privileges to information systems that provide access to nonpublic information to only those necessary to perform the user’s job; 
(2) limit the number of privileged accounts and limit the access functions of privileged accounts to only those necessary to perform the user’s job;
(3) limit the use of privileged accounts to only when performing functions requiring the use of such access;
(4) periodically, but at a minimum annually, review all user access privileges and remove or disable accounts and access that are no longer necessary;
(5) disable or securely configure all protocols that permit remote control of devices; and
(6) promptly terminate access following departures.",Semantic,Superset of,8,9,"The Profile specifies a regular access privilege review to be done, but Section 500.7.a is more specific, requiring annual access privilege reviews.
","PR.AA-01.02: Physical and logical access to systems is permitted only for individuals who have a legitimate business requirement, have been authorized, and who are adequately trained and monitored.","PROTECT / Identity Management, Authentication, and Access Control / Identity & Credential Management",PR.AA-01.02
NYDFS-17,500.7 Access privileges and management,500.7.a,"As part of its cybersecurity program, based on the covered entity’s risk assessment each covered entity shall: 
(1) limit user access privileges to information systems that provide access to nonpublic information to only those necessary to perform the user’s job; 
(2) limit the number of privileged accounts and limit the access functions of privileged accounts to only those necessary to perform the user’s job;
(3) limit the use of privileged accounts to only when performing functions requiring the use of such access;
(4) periodically, but at a minimum annually, review all user access privileges and remove or disable accounts and access that are no longer necessary;
(5) disable or securely configure all protocols that permit remote control of devices; and
(6) promptly terminate access following departures.",Semantic,Superset of,7,9,"The Profile specifies a regular access privilege review to be done, but Section 500.7.a is more specific, requiring annual access privilege reviews.
","PR.AA-02.01: The organization authenticates identity, validates the authorization level of a user before granting access to its systems, limits the use of an account to a single individual, and attributes activities to the user in logs and transactions.","PROTECT / Identity Management, Authentication, and Access Control / Identity Binding to Credentials",PR.AA-02.01
NYDFS-17,500.7 Access privileges and management,500.7.a,"As part of its cybersecurity program, based on the covered entity’s risk assessment each covered entity shall: 
(1) limit user access privileges to information systems that provide access to nonpublic information to only those necessary to perform the user’s job; 
(2) limit the number of privileged accounts and limit the access functions of privileged accounts to only those necessary to perform the user’s job;
(3) limit the use of privileged accounts to only when performing functions requiring the use of such access;
(4) periodically, but at a minimum annually, review all user access privileges and remove or disable accounts and access that are no longer necessary;
(5) disable or securely configure all protocols that permit remote control of devices; and
(6) promptly terminate access following departures.",Semantic,Superset of,9,9,"The Profile specifies a regular access privilege review to be done, but Section 500.7.a is more specific, requiring annual access privilege reviews.
","PR.AA-03.02: Decisions to authorize user access to devices and other assets are made with consideration of: 
(1) Business need for the access;
(2) The type of data being accessed (e.g., customer PII, public data);
(3) The risk of the transaction (e.g., internal-to-internal, external-to-internal);
(4) The organization's level of trust for the accessing agent (e.g., external application, internal user); and
(5) The potential for harm.","PROTECT / Identity Management, Authentication, and Access Control / Authentication",PR.AA-03.02
NYDFS-17,500.7 Access privileges and management,500.7.a,"As part of its cybersecurity program, based on the covered entity’s risk assessment each covered entity shall: 
(1) limit user access privileges to information systems that provide access to nonpublic information to only those necessary to perform the user’s job; 
(2) limit the number of privileged accounts and limit the access functions of privileged accounts to only those necessary to perform the user’s job;
(3) limit the use of privileged accounts to only when performing functions requiring the use of such access;
(4) periodically, but at a minimum annually, review all user access privileges and remove or disable accounts and access that are no longer necessary;
(5) disable or securely configure all protocols that permit remote control of devices; and
(6) promptly terminate access following departures.",Semantic,Superset of,7,9,"The Profile specifies a regular access privilege review to be done, but Section 500.7.a is more specific, requiring annual access privilege reviews.
","PR.AA-04.01: Access credential and authorization mechanisms for internal systems and across security perimeters (e.g., leveraging directory services, directory synchronization, single sign-on, federated access, credential mapping, etc.) are designed to maintain security, integrity, and authenticity.","PROTECT / Identity Management, Authentication, and Access Control / Identity Assertions",PR.AA-04.01
NYDFS-17,500.7 Access privileges and management,500.7.a,"As part of its cybersecurity program, based on the covered entity’s risk assessment each covered entity shall: 
(1) limit user access privileges to information systems that provide access to nonpublic information to only those necessary to perform the user’s job; 
(2) limit the number of privileged accounts and limit the access functions of privileged accounts to only those necessary to perform the user’s job;
(3) limit the use of privileged accounts to only when performing functions requiring the use of such access;
(4) periodically, but at a minimum annually, review all user access privileges and remove or disable accounts and access that are no longer necessary;
(5) disable or securely configure all protocols that permit remote control of devices; and
(6) promptly terminate access following departures.",Semantic,Superset of,8,9,"The Profile specifies a regular access privilege review to be done, but Section 500.7.a is more specific, requiring annual access privilege reviews.
","PR.AA-05.01: The organization limits access privileges to the minimum necessary and with consideration of separation of duties (e.g., through role-based access control, asset owner access recertifications, etc.).","PROTECT / Identity Management, Authentication, and Access Control / Access Authorizations",PR.AA-05.01
NYDFS-17,500.7 Access privileges and management,500.7.a,"As part of its cybersecurity program, based on the covered entity’s risk assessment each covered entity shall: 
(1) limit user access privileges to information systems that provide access to nonpublic information to only those necessary to perform the user’s job; 
(2) limit the number of privileged accounts and limit the access functions of privileged accounts to only those necessary to perform the user’s job;
(3) limit the use of privileged accounts to only when performing functions requiring the use of such access;
(4) periodically, but at a minimum annually, review all user access privileges and remove or disable accounts and access that are no longer necessary;
(5) disable or securely configure all protocols that permit remote control of devices; and
(6) promptly terminate access following departures.",Semantic,Superset of,5,9,"The Profile specifies a regular access privilege review to be done, but Section 500.7.a is more specific, requiring annual access privilege reviews.
","PR.AA-05.02: The organization institutes controls over privileged system access by strictly limiting and closely managing staff and services with elevated system entitlements (e.g., multi-factor authentication, dual accounts, privilege and time constraints, etc.)","PROTECT / Identity Management, Authentication, and Access Control / Access Authorizations",PR.AA-05.02
NYDFS-17,500.7 Access privileges and management,500.7.a,"As part of its cybersecurity program, based on the covered entity’s risk assessment each covered entity shall: 
(1) limit user access privileges to information systems that provide access to nonpublic information to only those necessary to perform the user’s job; 
(2) limit the number of privileged accounts and limit the access functions of privileged accounts to only those necessary to perform the user’s job;
(3) limit the use of privileged accounts to only when performing functions requiring the use of such access;
(4) periodically, but at a minimum annually, review all user access privileges and remove or disable accounts and access that are no longer necessary;
(5) disable or securely configure all protocols that permit remote control of devices; and
(6) promptly terminate access following departures.",Semantic,Superset of,7,9,"The Profile specifies a regular access privilege review to be done, but Section 500.7.a is more specific, requiring annual access privilege reviews.
","PR.AA-05.03: The organization institutes controls over service account (i.e., accounts used by systems to access other systems) lifecycles to ensure strict security over creation, use, and termination; access credentials (e.g., no embedded passwords in code); frequent reviews of account ownership; visibility for unauthorized use; and hardening against malicious insider use.","PROTECT / Identity Management, Authentication, and Access Control / Access Authorizations",PR.AA-05.03
NYDFS-17,500.7 Access privileges and management,500.7.a,"As part of its cybersecurity program, based on the covered entity’s risk assessment each covered entity shall: 
(1) limit user access privileges to information systems that provide access to nonpublic information to only those necessary to perform the user’s job; 
(2) limit the number of privileged accounts and limit the access functions of privileged accounts to only those necessary to perform the user’s job;
(3) limit the use of privileged accounts to only when performing functions requiring the use of such access;
(4) periodically, but at a minimum annually, review all user access privileges and remove or disable accounts and access that are no longer necessary;
(5) disable or securely configure all protocols that permit remote control of devices; and
(6) promptly terminate access following departures.",Semantic,Intersects with,8,9,"The Profile specifies a regular access privilege review to be done, but Section 500.7.a is more specific, requiring annual access privilege reviews.
","PR.IR-01.02: Network device configurations (e.g., firewall rules, ports, and protocols) are documented, reviewed and updated regularly and upon change to ensure alignment with network access, segmentation, traversal, and deny-all default requirements.",PROTECT / Technology Infrastructure Resilience / Logical Access Protections,PR.IR-01.02
NYDFS-17,500.7 Access privileges and management,500.7.a,"As part of its cybersecurity program, based on the covered entity’s risk assessment each covered entity shall: 
(1) limit user access privileges to information systems that provide access to nonpublic information to only those necessary to perform the user’s job; 
(2) limit the number of privileged accounts and limit the access functions of privileged accounts to only those necessary to perform the user’s job;
(3) limit the use of privileged accounts to only when performing functions requiring the use of such access;
(4) periodically, but at a minimum annually, review all user access privileges and remove or disable accounts and access that are no longer necessary;
(5) disable or securely configure all protocols that permit remote control of devices; and
(6) promptly terminate access following departures.",Semantic,Intersects with,8,9,"The Profile specifies a regular access privilege review to be done, but Section 500.7.a is more specific, requiring annual access privilege reviews.
","PR.IR-01.05: Remote access is carefully controlled (e.g., restricted to defined systems, access is actively managed (e.g., session timeouts, logging, forced disconnect, etc.), and encrypted connections with multi-factor authentication are used).",PROTECT / Technology Infrastructure Resilience / Logical Access Protections,PR.IR-01.05
NYDFS-17,500.7 Access privileges and management,500.7.a,"As part of its cybersecurity program, based on the covered entity’s risk assessment each covered entity shall: 
(1) limit user access privileges to information systems that provide access to nonpublic information to only those necessary to perform the user’s job; 
(2) limit the number of privileged accounts and limit the access functions of privileged accounts to only those necessary to perform the user’s job;
(3) limit the use of privileged accounts to only when performing functions requiring the use of such access;
(4) periodically, but at a minimum annually, review all user access privileges and remove or disable accounts and access that are no longer necessary;
(5) disable or securely configure all protocols that permit remote control of devices; and
(6) promptly terminate access following departures.",Semantic,Intersects with,8,9,"The Profile specifies a regular access privilege review to be done, but Section 500.7.a is more specific, requiring annual access privilege reviews.
","DE.CM-03.02: The organization's controls actively monitor personnel (both authorized and unauthorized) for access, authentication, usage, connections, devices, and anomalous behavior to rapidly detect potential cybersecurity events.",DETECT / Continuous Monitoring / Personnel Activity Monitoring,DE.CM-03.02
NYDFS-17,500.7 Access privileges and management,500.7.a,"As part of its cybersecurity program, based on the covered entity’s risk assessment each covered entity shall: 
(1) limit user access privileges to information systems that provide access to nonpublic information to only those necessary to perform the user’s job; 
(2) limit the number of privileged accounts and limit the access functions of privileged accounts to only those necessary to perform the user’s job;
(3) limit the use of privileged accounts to only when performing functions requiring the use of such access;
(4) periodically, but at a minimum annually, review all user access privileges and remove or disable accounts and access that are no longer necessary;
(5) disable or securely configure all protocols that permit remote control of devices; and
(6) promptly terminate access following departures.",Semantic,Intersects with,8,9,"The Profile specifies a regular access privilege review to be done, but Section 500.7.a is more specific, requiring annual access privilege reviews.
","EX.TR-02.01: Upon termination of a third-party agreement, the organization ensures that all technical and security matters (access, connections, etc.), business matters (service, support, and ongoing relationship), property matters (data, physical, and intellectual), and legal matters are addressed in a timely manner.",EXTEND / Relationship Termination / Termination Practices,EX.TR-02.01
NYDFS-18,500.7 Access privileges and management,500.7.b,"To the extent passwords are employed as a method of authentication, the covered entity shall implement a written password policy that meets industry standards. ",Semantic,Intersects with,7,9,"The Profile does not separately call out the requirement of a password policy, but Section 500.7.b is more specific, requiring password policy.
","GV.RM-01.02: Technology and cybersecurity risk management strategies and frameworks are informed by applicable international, national, and financial services industry standards and guidelines.",GOVERN / Risk Management Strategy / Risk Management Objectives Agreement,GV.RM-01.02
NYDFS-18,500.7 Access privileges and management,500.7.b,"To the extent passwords are employed as a method of authentication, the covered entity shall implement a written password policy that meets industry standards. ",Semantic,Intersects with,8,9,"The Profile does not separately call out the requirement of a password policy, but Section 500.7.b is more specific, requiring password policy.
","PR.AA-01.01: Identities and credentials are actively managed or automated for authorized devices and users (e.g., removal of default and factory passwords, password strength requirements, automatic revocation of credentials under defined conditions, regular asset owner access review, etc.).","PROTECT / Identity Management, Authentication, and Access Control / Identity & Credential Management",PR.AA-01.01
NYDFS-18,500.7 Access privileges and management,500.7.b,"To the extent passwords are employed as a method of authentication, the covered entity shall implement a written password policy that meets industry standards. ",Semantic,Intersects with,7,9,"The Profile does not separately call out the requirement of a password policy, but Section 500.7.b is more specific, requiring password policy.
","PR.AA-02.01: The organization authenticates identity, validates the authorization level of a user before granting access to its systems, limits the use of an account to a single individual, and attributes activities to the user in logs and transactions.","PROTECT / Identity Management, Authentication, and Access Control / Identity Binding to Credentials",PR.AA-02.01
NYDFS-18,500.7 Access privileges and management,500.7.b,"To the extent passwords are employed as a method of authentication, the covered entity shall implement a written password policy that meets industry standards. ",Semantic,Intersects with,7,9,"The Profile does not separately call out the requirement of a password policy, but Section 500.7.b is more specific, requiring password policy.
","PR.AA-04.01: Access credential and authorization mechanisms for internal systems and across security perimeters (e.g., leveraging directory services, directory synchronization, single sign-on, federated access, credential mapping, etc.) are designed to maintain security, integrity, and authenticity.","PROTECT / Identity Management, Authentication, and Access Control / Identity Assertions",PR.AA-04.01
NYDFS-18,500.7 Access privileges and management,500.7.b,"To the extent passwords are employed as a method of authentication, the covered entity shall implement a written password policy that meets industry standards. ",Semantic,Intersects with,7,9,"The Profile does not separately call out the requirement of a password policy, but Section 500.7.b is more specific, requiring password policy.
","PR.AA-05.03: The organization institutes controls over service account (i.e., accounts used by systems to access other systems) lifecycles to ensure strict security over creation, use, and termination; access credentials (e.g., no embedded passwords in code); frequent reviews of account ownership; visibility for unauthorized use; and hardening against malicious insider use.","PROTECT / Identity Management, Authentication, and Access Control / Access Authorizations",PR.AA-05.03
NYDFS-18,500.7 Access privileges and management,500.7.b,"To the extent passwords are employed as a method of authentication, the covered entity shall implement a written password policy that meets industry standards. ",Semantic,Intersects with,7,9,"The Profile does not separately call out the requirement of a password policy, but Section 500.7.b is more specific, requiring password policy.
","PR.PS-01.05: Acceptable encryption standards, methods, and management practices are established in accordance with defined industry standards.",PROTECT / Platform Security / Configuration Management,PR.PS-01.05
NYDFS-18,500.7 Access privileges and management,500.7.b,"To the extent passwords are employed as a method of authentication, the covered entity shall implement a written password policy that meets industry standards. ",Semantic,Intersects with,7,9,"The Profile does not separately call out the requirement of a password policy, but Section 500.7.b is more specific, requiring password policy.
","PR.IR-01.05: Remote access is carefully controlled (e.g., restricted to defined systems, access is actively managed (e.g., session timeouts, logging, forced disconnect, etc.), and encrypted connections with multi-factor authentication are used).",PROTECT / Technology Infrastructure Resilience / Logical Access Protections,PR.IR-01.05
NYDFS-18,500.7 Access privileges and management,500.7.b,"To the extent passwords are employed as a method of authentication, the covered entity shall implement a written password policy that meets industry standards. ",Semantic,Intersects with,7,9,"The Profile does not separately call out the requirement of a password policy, but Section 500.7.b is more specific, requiring password policy.
","PR.IR-01.07: The organization defines and implements controls for securely configuring and operating Operational Technologies, Industrial Control Systems, and Internet-of-Things (IoT) devices (e.g., segregated printer networks, resetting of default passwords, etc.)",PROTECT / Technology Infrastructure Resilience / Logical Access Protections,PR.IR-01.07
NYDFS-18,500.7 Access privileges and management,500.7.b,"To the extent passwords are employed as a method of authentication, the covered entity shall implement a written password policy that meets industry standards. ",Semantic,Intersects with,7,9,"The Profile does not separately call out the requirement of a password policy, but Section 500.7.b is more specific, requiring password policy.
","PR.IR-01.08: The organization implements policies, procedures, end-user agreements, and technical controls to address the risks of end-user mobile or personal computing devices accessing the organization's network and resources.",PROTECT / Technology Infrastructure Resilience / Logical Access Protections,PR.IR-01.08
NYDFS-19,500.7 Access privileges and management,500.7.c,"Each class A company shall monitor privileged access activity and shall implement:
(1) a privileged access management solution; and
(2) an automated method of blocking commonly used passwords for all accounts on information systems owned or controlled by the class A company and wherever feasible for all other accounts. To the extent the class A company determines that blocking commonly used passwords is infeasible, the covered entity’s CISO may instead approve in writing at least annually the infeasibility and the use of reasonably equivalent or more secure compensating controls.",Semantic,Intersects with,7,8,"The Profile does not require a specific technology solution, but Section 500.7.c specifically requires a privileged access management (PAM) solution.","GV.PO-02.01: The cybersecurity policy is regularly reviewed, revised, and communicated under the leadership of a designated Cybersecurity Officer (e.g., CISO) to address changes in the risk profile and risk appetite, the evolving threat environment, and new technologies, products, services, and interdependencies.","GOVERN / Policies, Processes, and Procedures / Policy & Procedure Review & Update",GV.PO-02.01
NYDFS-19,500.7 Access privileges and management,500.7.c,"Each class A company shall monitor privileged access activity and shall implement:
(1) a privileged access management solution; and
(2) an automated method of blocking commonly used passwords for all accounts on information systems owned or controlled by the class A company and wherever feasible for all other accounts. To the extent the class A company determines that blocking commonly used passwords is infeasible, the covered entity’s CISO may instead approve in writing at least annually the infeasibility and the use of reasonably equivalent or more secure compensating controls.",Semantic,Intersects with,7,8,"The Profile does not require a specific technology solution, but Section 500.7.c specifically requires a privileged access management (PAM) solution.","PR.AA-01.01: Identities and credentials are actively managed or automated for authorized devices and users (e.g., removal of default and factory passwords, password strength requirements, automatic revocation of credentials under defined conditions, regular asset owner access review, etc.).","PROTECT / Identity Management, Authentication, and Access Control / Identity & Credential Management",PR.AA-01.01
NYDFS-19,500.7 Access privileges and management,500.7.c,"Each class A company shall monitor privileged access activity and shall implement:
(1) a privileged access management solution; and
(2) an automated method of blocking commonly used passwords for all accounts on information systems owned or controlled by the class A company and wherever feasible for all other accounts. To the extent the class A company determines that blocking commonly used passwords is infeasible, the covered entity’s CISO may instead approve in writing at least annually the infeasibility and the use of reasonably equivalent or more secure compensating controls.",Semantic,Intersects with,8,8,"The Profile does not require a specific technology solution, but Section 500.7.c specifically requires a privileged access management (PAM) solution.","PR.AA-03.02: Decisions to authorize user access to devices and other assets are made with consideration of: 
(1) Business need for the access;
(2) The type of data being accessed (e.g., customer PII, public data);
(3) The risk of the transaction (e.g., internal-to-internal, external-to-internal);
(4) The organization's level of trust for the accessing agent (e.g., external application, internal user); and
(5) The potential for harm.","PROTECT / Identity Management, Authentication, and Access Control / Authentication",PR.AA-03.02
NYDFS-19,500.7 Access privileges and management,500.7.c,"Each class A company shall monitor privileged access activity and shall implement:
(1) a privileged access management solution; and
(2) an automated method of blocking commonly used passwords for all accounts on information systems owned or controlled by the class A company and wherever feasible for all other accounts. To the extent the class A company determines that blocking commonly used passwords is infeasible, the covered entity’s CISO may instead approve in writing at least annually the infeasibility and the use of reasonably equivalent or more secure compensating controls.",Semantic,Superset of,9,8,"The Profile does not require a specific technology solution, but Section 500.7.c specifically requires a privileged access management (PAM) solution.","PR.AA-05.02: The organization institutes controls over privileged system access by strictly limiting and closely managing staff and services with elevated system entitlements (e.g., multi-factor authentication, dual accounts, privilege and time constraints, etc.)","PROTECT / Identity Management, Authentication, and Access Control / Access Authorizations",PR.AA-05.02
NYDFS-19,500.7 Access privileges and management,500.7.c,"Each class A company shall monitor privileged access activity and shall implement:
(1) a privileged access management solution; and
(2) an automated method of blocking commonly used passwords for all accounts on information systems owned or controlled by the class A company and wherever feasible for all other accounts. To the extent the class A company determines that blocking commonly used passwords is infeasible, the covered entity’s CISO may instead approve in writing at least annually the infeasibility and the use of reasonably equivalent or more secure compensating controls.",Semantic,Superset of,6,8,"The Profile does not require a specific technology solution, but Section 500.7.c specifically requires a privileged access management (PAM) solution.","PR.AA-05.03: The organization institutes controls over service account (i.e., accounts used by systems to access other systems) lifecycles to ensure strict security over creation, use, and termination; access credentials (e.g., no embedded passwords in code); frequent reviews of account ownership; visibility for unauthorized use; and hardening against malicious insider use.","PROTECT / Identity Management, Authentication, and Access Control / Access Authorizations",PR.AA-05.03
NYDFS-19,500.7 Access privileges and management,500.7.c,"Each class A company shall monitor privileged access activity and shall implement:
(1) a privileged access management solution; and
(2) an automated method of blocking commonly used passwords for all accounts on information systems owned or controlled by the class A company and wherever feasible for all other accounts. To the extent the class A company determines that blocking commonly used passwords is infeasible, the covered entity’s CISO may instead approve in writing at least annually the infeasibility and the use of reasonably equivalent or more secure compensating controls.",Semantic,Intersects with,7,8,"The Profile does not require a specific technology solution, but Section 500.7.c specifically requires a privileged access management (PAM) solution.","PR.IR-01.05: Remote access is carefully controlled (e.g., restricted to defined systems, access is actively managed (e.g., session timeouts, logging, forced disconnect, etc.), and encrypted connections with multi-factor authentication are used).",PROTECT / Technology Infrastructure Resilience / Logical Access Protections,PR.IR-01.05
NYDFS-19,500.7 Access privileges and management,500.7.c,"Each class A company shall monitor privileged access activity and shall implement:
(1) a privileged access management solution; and
(2) an automated method of blocking commonly used passwords for all accounts on information systems owned or controlled by the class A company and wherever feasible for all other accounts. To the extent the class A company determines that blocking commonly used passwords is infeasible, the covered entity’s CISO may instead approve in writing at least annually the infeasibility and the use of reasonably equivalent or more secure compensating controls.",Semantic,Superset of,9,8,"The Profile does not require a specific technology solution, but Section 500.7.c specifically requires a privileged access management (PAM) solution.","DE.CM-03.03: The organization logs and reviews the activities of privileged users and accounts, and monitoring for anomalous behaviors is implemented.",DETECT / Continuous Monitoring / Personnel Activity Monitoring,DE.CM-03.03
NYDFS-20,500.8 Application security,500.8.a,"Each Covered Entity’s cybersecurity program shall include written procedures, guidelines and standards designed to ensure the use of secure development practices for in-house developed applications utilized by the Covered Entity, and procedures for evaluating, assessing or testing the security of externally developed applications utilized by the Covered Entity within the context of the Covered Entity’s technology environment",Semantic,Intersects with,6,10,No Gaps Identified,"GV.RM-08.02: Technology and cybersecurity risk management frameworks are applied to all technology projects and procurements to ensure that security requirements (e.g., data confidentiality, access control, event logging, etc.) are addressed consistently from project onset.",GOVERN / Risk Management Strategy  / Technology Assimilation & Implementations,GV.RM-08.02
NYDFS-20,500.8 Application security,500.8.a,"Each Covered Entity’s cybersecurity program shall include written procedures, guidelines and standards designed to ensure the use of secure development practices for in-house developed applications utilized by the Covered Entity, and procedures for evaluating, assessing or testing the security of externally developed applications utilized by the Covered Entity within the context of the Covered Entity’s technology environment",Semantic,Intersects with,8,10,No Gaps Identified,"GV.RM-08.03: The organization defines, maintains, and uses technical security standards, architectures, processes or practices (including automated tools when practical) to ensure the security of its applications and infrastructure.",GOVERN / Risk Management Strategy  / Technology Assimilation & Implementations,GV.RM-08.03
NYDFS-20,500.8 Application security,500.8.a,"Each Covered Entity’s cybersecurity program shall include written procedures, guidelines and standards designed to ensure the use of secure development practices for in-house developed applications utilized by the Covered Entity, and procedures for evaluating, assessing or testing the security of externally developed applications utilized by the Covered Entity within the context of the Covered Entity’s technology environment",Semantic,Intersects with,6,10,No Gaps Identified,"GV.PO-01.01: Technology and cybersecurity policies are documented, maintained and approved by the governing authority (e.g., the Board or one of its committees) or a designated executive.","GOVERN / Policies, Processes, and Procedures / Establishment of Policies & Procedures",GV.PO-01.01
NYDFS-20,500.8 Application security,500.8.a,"Each Covered Entity’s cybersecurity program shall include written procedures, guidelines and standards designed to ensure the use of secure development practices for in-house developed applications utilized by the Covered Entity, and procedures for evaluating, assessing or testing the security of externally developed applications utilized by the Covered Entity within the context of the Covered Entity’s technology environment",Semantic,Superset of,7,10,No Gaps Identified,"PR.PS-06.01: The organization implements Secure Systems Development Lifecycle processes for in-house software design, configuration, and development, employing best practices from secure-by-design methodologies (e.g., secure coding, code review, application security testing, etc.) during all phases of both traditional and agile projects.",PROTECT / Platform Security / Secure Systems Development Practices,PR.PS-06.01
NYDFS-20,500.8 Application security,500.8.a,"Each Covered Entity’s cybersecurity program shall include written procedures, guidelines and standards designed to ensure the use of secure development practices for in-house developed applications utilized by the Covered Entity, and procedures for evaluating, assessing or testing the security of externally developed applications utilized by the Covered Entity within the context of the Covered Entity’s technology environment",Semantic,Superset of,7,10,No Gaps Identified,"PR.PS-06.02: The architecture, design, coding, testing, and operationalization of system solutions address the unique security, resilience, technical, and operational characteristics of the target platform environment(s) (e.g., distributed system, mainframe, cloud, API, mobile, database, etc.)",PROTECT / Platform Security / Secure Systems Development Practices,PR.PS-06.02
NYDFS-20,500.8 Application security,500.8.a,"Each Covered Entity’s cybersecurity program shall include written procedures, guidelines and standards designed to ensure the use of secure development practices for in-house developed applications utilized by the Covered Entity, and procedures for evaluating, assessing or testing the security of externally developed applications utilized by the Covered Entity within the context of the Covered Entity’s technology environment",Semantic,Superset of,7,10,No Gaps Identified,"PR.PS-06.03: Functional, operational, resilience, and security requirements for system development and implementation projects are documented, agreed to by relevant stakeholders, and tracked and managed through development, testing, assurance, acceptance, and delivery.",PROTECT / Platform Security / Secure Systems Development Practices,PR.PS-06.03
NYDFS-20,500.8 Application security,500.8.a,"Each Covered Entity’s cybersecurity program shall include written procedures, guidelines and standards designed to ensure the use of secure development practices for in-house developed applications utilized by the Covered Entity, and procedures for evaluating, assessing or testing the security of externally developed applications utilized by the Covered Entity within the context of the Covered Entity’s technology environment",Semantic,Superset of,7,10,No Gaps Identified,"PR.PS-06.04: Systems development and testing tools, processes, and environments employ security mechanisms to protect and improve the integrity and confidentiality of both the SDLC process and the resulting product (e.g., secured code repositories, segmented environments, automated builds, etc.)",PROTECT / Platform Security / Secure Systems Development Practices,PR.PS-06.04
NYDFS-20,500.8 Application security,500.8.a,"Each Covered Entity’s cybersecurity program shall include written procedures, guidelines and standards designed to ensure the use of secure development practices for in-house developed applications utilized by the Covered Entity, and procedures for evaluating, assessing or testing the security of externally developed applications utilized by the Covered Entity within the context of the Covered Entity’s technology environment",Semantic,Superset of,7,10,No Gaps Identified,"PR.PS-06.05: A software security testing and validation strategy is developed and implemented in the development lifecycle of all software projects, defining testing requirements and plans; performing/automating testing, vulnerability scanning, and migration activities; and supporting code integrity verification (e.g., using digital signatures).",PROTECT / Platform Security / Secure Systems Development Practices,PR.PS-06.05
NYDFS-20,500.8 Application security,500.8.a,"Each Covered Entity’s cybersecurity program shall include written procedures, guidelines and standards designed to ensure the use of secure development practices for in-house developed applications utilized by the Covered Entity, and procedures for evaluating, assessing or testing the security of externally developed applications utilized by the Covered Entity within the context of the Covered Entity’s technology environment",Semantic,Intersects with,8,10,No Gaps Identified,"EX.DD-04.01: The organization defines and implements procedures for assessing the compatibility, security, integrity, and authenticity of externally-developed or externally-sourced applications, software, software components, and firmware before deployment and upon any major change.",EXTEND / Procurement Planning and Due Diligence / Product & Service Due Diligence,EX.DD-04.01
NYDFS-21,500.8 Application security,500.8.b,"All such procedures, guidelines and standards shall be reviewed, assessed and updated as necessary by the CISO (or a qualified designee) of the covered entity at least annually. ",Semantic,Intersects with,6,9,"The Profile cites regular reporting with respect to annual reporting, but section 500.8.b is more specific, where annual reporting is clearly specified.

","GV.RR-01.04: The organization has designated a qualified Cybersecurity Officer (e.g., CISO) who is responsible and accountable for developing a cybersecurity strategy, overseeing and implementing its cybersecurity program, and enforcing its cybersecurity policy.","GOVERN / Roles, Responsibilities, and Authorities / Organizational Leadership Responsibility",GV.RR-01.04
NYDFS-21,500.8 Application security,500.8.b,"All such procedures, guidelines and standards shall be reviewed, assessed and updated as necessary by the CISO (or a qualified designee) of the covered entity at least annually. ",Semantic,Intersects with,8,9,"The Profile cites regular reporting with respect to annual reporting, but section 500.8.b is more specific, where annual reporting is clearly specified.

","GV.PO-01.01: Technology and cybersecurity policies are documented, maintained and approved by the governing authority (e.g., the Board or one of its committees) or a designated executive.","GOVERN / Policies, Processes, and Procedures / Establishment of Policies & Procedures",GV.PO-01.01
NYDFS-21,500.8 Application security,500.8.b,"All such procedures, guidelines and standards shall be reviewed, assessed and updated as necessary by the CISO (or a qualified designee) of the covered entity at least annually. ",Semantic,Intersects with,7,9,"The Profile cites regular reporting with respect to annual reporting, but section 500.8.b is more specific, where annual reporting is clearly specified.

","GV.PO-01.05: Technology and cybersecurity processes, procedures, and controls are established in alignment with cybersecurity policy.","GOVERN / Policies, Processes, and Procedures / Establishment of Policies & Procedures",GV.PO-01.05
NYDFS-21,500.8 Application security,500.8.b,"All such procedures, guidelines and standards shall be reviewed, assessed and updated as necessary by the CISO (or a qualified designee) of the covered entity at least annually. ",Semantic,Intersects with,9,9,"The Profile cites regular reporting with respect to annual reporting, but section 500.8.b is more specific, where annual reporting is clearly specified.

","GV.PO-02.01: The cybersecurity policy is regularly reviewed, revised, and communicated under the leadership of a designated Cybersecurity Officer (e.g., CISO) to address changes in the risk profile and risk appetite, the evolving threat environment, and new technologies, products, services, and interdependencies.","GOVERN / Policies, Processes, and Procedures / Policy & Procedure Review & Update",GV.PO-02.01
NYDFS-22,500.9 Risk assessment,500.9.a,"Each covered entity shall conduct a periodic risk assessment of the covered entity’s information systems sufficient to inform the design of the cybersecurity program as required by this Part. Such risk assessment shall be reviewed and updated as reasonably necessary, but at a minimum annually, and whenever a change in the business or technology causes a material change to the covered entity’s cyber risk. The covered entity’s risk assessment shall allow for revision of controls to respond to technological developments and evolving threats and shall consider the particular risks of the covered entity’s business operations related to cybersecurity, nonpublic information collected or stored, information systems utilized and the availability and effectiveness of controls to protect nonpublic information and information systems.",Semantic,Intersects with,7,10,No Gaps Identified,"GV.OC-02.01: The organization's obligation to its customers, employees, and stakeholders to maintain safety and soundness, while balancing size and complexity, is reflected in the organization's risk management strategy and framework,  its risk appetite and risk tolerance statements, and in a risk-aware culture.",GOVERN / Organizational Context / Stakeholder Risk Management Expectations,GV.OC-02.01
NYDFS-22,500.9 Risk assessment,500.9.a,"Each covered entity shall conduct a periodic risk assessment of the covered entity’s information systems sufficient to inform the design of the cybersecurity program as required by this Part. Such risk assessment shall be reviewed and updated as reasonably necessary, but at a minimum annually, and whenever a change in the business or technology causes a material change to the covered entity’s cyber risk. The covered entity’s risk assessment shall allow for revision of controls to respond to technological developments and evolving threats and shall consider the particular risks of the covered entity’s business operations related to cybersecurity, nonpublic information collected or stored, information systems utilized and the availability and effectiveness of controls to protect nonpublic information and information systems.",Semantic,Intersects with,7,10,No Gaps Identified,GV.OC-02.02: Technology and cybersecurity risk management strategies identify and communicate the organization’s role within the financial services sector as a component of critical infrastructure.,GOVERN / Organizational Context / Stakeholder Risk Management Expectations,GV.OC-02.02
NYDFS-22,500.9 Risk assessment,500.9.a,"Each covered entity shall conduct a periodic risk assessment of the covered entity’s information systems sufficient to inform the design of the cybersecurity program as required by this Part. Such risk assessment shall be reviewed and updated as reasonably necessary, but at a minimum annually, and whenever a change in the business or technology causes a material change to the covered entity’s cyber risk. The covered entity’s risk assessment shall allow for revision of controls to respond to technological developments and evolving threats and shall consider the particular risks of the covered entity’s business operations related to cybersecurity, nonpublic information collected or stored, information systems utilized and the availability and effectiveness of controls to protect nonpublic information and information systems.",Semantic,Intersects with,7,10,No Gaps Identified,GV.OC-02.03: Technology and cybersecurity risk management strategies identify and communicate the organization's role as it relates to other critical infrastructure sectors outside of the financial services sector and the interdependency risks.,GOVERN / Organizational Context / Stakeholder Risk Management Expectations,GV.OC-02.03
NYDFS-22,500.9 Risk assessment,500.9.a,"Each covered entity shall conduct a periodic risk assessment of the covered entity’s information systems sufficient to inform the design of the cybersecurity program as required by this Part. Such risk assessment shall be reviewed and updated as reasonably necessary, but at a minimum annually, and whenever a change in the business or technology causes a material change to the covered entity’s cyber risk. The covered entity’s risk assessment shall allow for revision of controls to respond to technological developments and evolving threats and shall consider the particular risks of the covered entity’s business operations related to cybersecurity, nonpublic information collected or stored, information systems utilized and the availability and effectiveness of controls to protect nonpublic information and information systems.",Semantic,Superset of,7,10,No Gaps Identified,"GV.RM-01.04: Technology and cybersecurity risk management programs incorporate risk identification, measurement, monitoring, and reporting.",GOVERN / Risk Management Strategy / Risk Management Objectives Agreement,GV.RM-01.04
NYDFS-22,500.9 Risk assessment,500.9.a,"Each covered entity shall conduct a periodic risk assessment of the covered entity’s information systems sufficient to inform the design of the cybersecurity program as required by this Part. Such risk assessment shall be reviewed and updated as reasonably necessary, but at a minimum annually, and whenever a change in the business or technology causes a material change to the covered entity’s cyber risk. The covered entity’s risk assessment shall allow for revision of controls to respond to technological developments and evolving threats and shall consider the particular risks of the covered entity’s business operations related to cybersecurity, nonpublic information collected or stored, information systems utilized and the availability and effectiveness of controls to protect nonpublic information and information systems.",Semantic,Intersects with,7,10,No Gaps Identified,"GV.RM-02.03: Determination of the organization's risk appetite and tolerance includes consideration of the organization's stakeholder obligations, role in critical infrastructure, and sector-specific risk analysis.",GOVERN / Risk Management Strategy / Risk Appetite & Risk Tolerance Statements,GV.RM-02.03
NYDFS-22,500.9 Risk assessment,500.9.a,"Each covered entity shall conduct a periodic risk assessment of the covered entity’s information systems sufficient to inform the design of the cybersecurity program as required by this Part. Such risk assessment shall be reviewed and updated as reasonably necessary, but at a minimum annually, and whenever a change in the business or technology causes a material change to the covered entity’s cyber risk. The covered entity’s risk assessment shall allow for revision of controls to respond to technological developments and evolving threats and shall consider the particular risks of the covered entity’s business operations related to cybersecurity, nonpublic information collected or stored, information systems utilized and the availability and effectiveness of controls to protect nonpublic information and information systems.",Semantic,Superset of,5,10,No Gaps Identified,GV.RM-03.01: Technology and cybersecurity risk management frameworks and programs are integrated into the enterprise risk management framework.,GOVERN / Risk Management Strategy / Enterprise Risk Integration,GV.RM-03.01
NYDFS-22,500.9 Risk assessment,500.9.a,"Each covered entity shall conduct a periodic risk assessment of the covered entity’s information systems sufficient to inform the design of the cybersecurity program as required by this Part. Such risk assessment shall be reviewed and updated as reasonably necessary, but at a minimum annually, and whenever a change in the business or technology causes a material change to the covered entity’s cyber risk. The covered entity’s risk assessment shall allow for revision of controls to respond to technological developments and evolving threats and shall consider the particular risks of the covered entity’s business operations related to cybersecurity, nonpublic information collected or stored, information systems utilized and the availability and effectiveness of controls to protect nonpublic information and information systems.",Semantic,Superset of,7,10,No Gaps Identified,"GV.RM-03.03: Technology and cybersecurity risk management and risk assessment processes are consistent with the organization's enterprise risk management policies, procedures, and methodologies and include criteria for the evaluation and categorization of enterprise-specific risks and threats.",GOVERN / Risk Management Strategy / Enterprise Risk Integration,GV.RM-03.03
NYDFS-22,500.9 Risk assessment,500.9.a,"Each covered entity shall conduct a periodic risk assessment of the covered entity’s information systems sufficient to inform the design of the cybersecurity program as required by this Part. Such risk assessment shall be reviewed and updated as reasonably necessary, but at a minimum annually, and whenever a change in the business or technology causes a material change to the covered entity’s cyber risk. The covered entity’s risk assessment shall allow for revision of controls to respond to technological developments and evolving threats and shall consider the particular risks of the covered entity’s business operations related to cybersecurity, nonpublic information collected or stored, information systems utilized and the availability and effectiveness of controls to protect nonpublic information and information systems.",Semantic,Superset of,6,10,No Gaps Identified,"GV.RM-05.01: The organization has a process for monitoring its technology, cybersecurity, and third-party risks, including escalating those risks that exceed risk appetite to management and identifying risks with the potential to impact multiple operating units.",GOVERN / Risk Management Strategy / Lines of Communication,GV.RM-05.01
NYDFS-22,500.9 Risk assessment,500.9.a,"Each covered entity shall conduct a periodic risk assessment of the covered entity’s information systems sufficient to inform the design of the cybersecurity program as required by this Part. Such risk assessment shall be reviewed and updated as reasonably necessary, but at a minimum annually, and whenever a change in the business or technology causes a material change to the covered entity’s cyber risk. The covered entity’s risk assessment shall allow for revision of controls to respond to technological developments and evolving threats and shall consider the particular risks of the covered entity’s business operations related to cybersecurity, nonpublic information collected or stored, information systems utilized and the availability and effectiveness of controls to protect nonpublic information and information systems.",Semantic,Superset of,7,10,No Gaps Identified,"GV.RM-06.01: Technology and cybersecurity risk management and risk assessment processes and methodologies are documented and regularly reviewed and updated to address changes in the risk profile and risk appetite, the evolving threat environment, and new technologies, products, services, and interdependencies.",GOVERN / Risk Management Strategy / Standardized Risk Management Method,GV.RM-06.01
NYDFS-22,500.9 Risk assessment,500.9.a,"Each covered entity shall conduct a periodic risk assessment of the covered entity’s information systems sufficient to inform the design of the cybersecurity program as required by this Part. Such risk assessment shall be reviewed and updated as reasonably necessary, but at a minimum annually, and whenever a change in the business or technology causes a material change to the covered entity’s cyber risk. The covered entity’s risk assessment shall allow for revision of controls to respond to technological developments and evolving threats and shall consider the particular risks of the covered entity’s business operations related to cybersecurity, nonpublic information collected or stored, information systems utilized and the availability and effectiveness of controls to protect nonpublic information and information systems.",Semantic,Intersects with,7,10,No Gaps Identified,"GV.OV-02.01: The organization regularly assesses its inherent technology and cybersecurity risks and ensures that changes to the business and threat environment lead to updates to the organization's strategies, programs, risk appetite and risk tolerance.",GOVERN / Oversight / Risk Management Strategy Review & Adjustment,GV.OV-02.01
NYDFS-22,500.9 Risk assessment,500.9.a,"Each covered entity shall conduct a periodic risk assessment of the covered entity’s information systems sufficient to inform the design of the cybersecurity program as required by this Part. Such risk assessment shall be reviewed and updated as reasonably necessary, but at a minimum annually, and whenever a change in the business or technology causes a material change to the covered entity’s cyber risk. The covered entity’s risk assessment shall allow for revision of controls to respond to technological developments and evolving threats and shall consider the particular risks of the covered entity’s business operations related to cybersecurity, nonpublic information collected or stored, information systems utilized and the availability and effectiveness of controls to protect nonpublic information and information systems.",Semantic,Superset of,8,10,No Gaps Identified,"ID.RA-01.01: The organization identifies, assesses, and documents risks and potential vulnerabilities associated with assets, to include workforce, data, technology, facilities, services, and connections.",IDENTIFY / Risk Assessment / Asset Vulnerability Identification,ID.RA-01.01
NYDFS-22,500.9 Risk assessment,500.9.a,"Each covered entity shall conduct a periodic risk assessment of the covered entity’s information systems sufficient to inform the design of the cybersecurity program as required by this Part. Such risk assessment shall be reviewed and updated as reasonably necessary, but at a minimum annually, and whenever a change in the business or technology causes a material change to the covered entity’s cyber risk. The covered entity’s risk assessment shall allow for revision of controls to respond to technological developments and evolving threats and shall consider the particular risks of the covered entity’s business operations related to cybersecurity, nonpublic information collected or stored, information systems utilized and the availability and effectiveness of controls to protect nonpublic information and information systems.",Semantic,Superset of,8,10,No Gaps Identified,"ID.RA-01.02: The organization's business units ensure that information regarding cyber risk is shared with the appropriate level of senior management in a timely manner, so that they can address and respond to emerging cyber risk.",IDENTIFY / Risk Assessment / Asset Vulnerability Identification,ID.RA-01.02
NYDFS-22,500.9 Risk assessment,500.9.a,"Each covered entity shall conduct a periodic risk assessment of the covered entity’s information systems sufficient to inform the design of the cybersecurity program as required by this Part. Such risk assessment shall be reviewed and updated as reasonably necessary, but at a minimum annually, and whenever a change in the business or technology causes a material change to the covered entity’s cyber risk. The covered entity’s risk assessment shall allow for revision of controls to respond to technological developments and evolving threats and shall consider the particular risks of the covered entity’s business operations related to cybersecurity, nonpublic information collected or stored, information systems utilized and the availability and effectiveness of controls to protect nonpublic information and information systems.",Semantic,Superset of,8,10,No Gaps Identified,"ID.RA-03.01: The organization, on an ongoing basis, identifies, analyzes, correlates, characterizes, and reports threats that are internal and external to the firm.",IDENTIFY / Risk Assessment / Threat Identification,ID.RA-03.01
NYDFS-22,500.9 Risk assessment,500.9.a,"Each covered entity shall conduct a periodic risk assessment of the covered entity’s information systems sufficient to inform the design of the cybersecurity program as required by this Part. Such risk assessment shall be reviewed and updated as reasonably necessary, but at a minimum annually, and whenever a change in the business or technology causes a material change to the covered entity’s cyber risk. The covered entity’s risk assessment shall allow for revision of controls to respond to technological developments and evolving threats and shall consider the particular risks of the covered entity’s business operations related to cybersecurity, nonpublic information collected or stored, information systems utilized and the availability and effectiveness of controls to protect nonpublic information and information systems.",Semantic,Superset of,5,10,No Gaps Identified,"ID.RA-03.02: The organization solicits and considers threat intelligence received from the organization's stakeholders, service and utility providers, and other industry and security organizations.",IDENTIFY / Risk Assessment / Threat Identification,ID.RA-03.02
NYDFS-22,500.9 Risk assessment,500.9.a,"Each covered entity shall conduct a periodic risk assessment of the covered entity’s information systems sufficient to inform the design of the cybersecurity program as required by this Part. Such risk assessment shall be reviewed and updated as reasonably necessary, but at a minimum annually, and whenever a change in the business or technology causes a material change to the covered entity’s cyber risk. The covered entity’s risk assessment shall allow for revision of controls to respond to technological developments and evolving threats and shall consider the particular risks of the covered entity’s business operations related to cybersecurity, nonpublic information collected or stored, information systems utilized and the availability and effectiveness of controls to protect nonpublic information and information systems.",Semantic,Superset of,8,10,No Gaps Identified,ID.RA-04.01: The organization's risk assessment approach includes the analysis and characterization of the likelihood and potential business impact of identified risks being realized.,IDENTIFY / Risk Assessment / Impact & Likelihood Analysis,ID.RA-04.01
NYDFS-22,500.9 Risk assessment,500.9.a,"Each covered entity shall conduct a periodic risk assessment of the covered entity’s information systems sufficient to inform the design of the cybersecurity program as required by this Part. Such risk assessment shall be reviewed and updated as reasonably necessary, but at a minimum annually, and whenever a change in the business or technology causes a material change to the covered entity’s cyber risk. The covered entity’s risk assessment shall allow for revision of controls to respond to technological developments and evolving threats and shall consider the particular risks of the covered entity’s business operations related to cybersecurity, nonpublic information collected or stored, information systems utilized and the availability and effectiveness of controls to protect nonpublic information and information systems.",Semantic,Superset of,8,10,No Gaps Identified,"ID.RA-05.01: Threats, vulnerabilities, likelihoods, and impacts are used to determine overall technology, cybersecurity, and resilience risk to the organization.",IDENTIFY / Risk Assessment / Risk Exposure Determination & Prioritization,ID.RA-05.01
NYDFS-22,500.9 Risk assessment,500.9.a,"Each covered entity shall conduct a periodic risk assessment of the covered entity’s information systems sufficient to inform the design of the cybersecurity program as required by this Part. Such risk assessment shall be reviewed and updated as reasonably necessary, but at a minimum annually, and whenever a change in the business or technology causes a material change to the covered entity’s cyber risk. The covered entity’s risk assessment shall allow for revision of controls to respond to technological developments and evolving threats and shall consider the particular risks of the covered entity’s business operations related to cybersecurity, nonpublic information collected or stored, information systems utilized and the availability and effectiveness of controls to protect nonpublic information and information systems.",Semantic,Superset of,8,10,No Gaps Identified,"ID.RA-05.03: The organization's business units assess, on an ongoing basis, the technology, cybersecurity, and resilience risks associated with the activities of the business unit.",IDENTIFY / Risk Assessment / Risk Exposure Determination & Prioritization,ID.RA-05.03
NYDFS-22,500.9 Risk assessment,500.9.a,"Each covered entity shall conduct a periodic risk assessment of the covered entity’s information systems sufficient to inform the design of the cybersecurity program as required by this Part. Such risk assessment shall be reviewed and updated as reasonably necessary, but at a minimum annually, and whenever a change in the business or technology causes a material change to the covered entity’s cyber risk. The covered entity’s risk assessment shall allow for revision of controls to respond to technological developments and evolving threats and shall consider the particular risks of the covered entity’s business operations related to cybersecurity, nonpublic information collected or stored, information systems utilized and the availability and effectiveness of controls to protect nonpublic information and information systems.",Semantic,Superset of,8,10,No Gaps Identified,"ID.RA-06.01: Technology and cybersecurity risk management programs and risk assessment processes produce actionable recommendations that the organization uses to select, design, prioritize, implement, maintain, evaluate, and modify cybersecurity and technology controls.",IDENTIFY / Risk Assessment / Risk Response Determination,ID.RA-06.01
NYDFS-22,500.9 Risk assessment,500.9.a,"Each covered entity shall conduct a periodic risk assessment of the covered entity’s information systems sufficient to inform the design of the cybersecurity program as required by this Part. Such risk assessment shall be reviewed and updated as reasonably necessary, but at a minimum annually, and whenever a change in the business or technology causes a material change to the covered entity’s cyber risk. The covered entity’s risk assessment shall allow for revision of controls to respond to technological developments and evolving threats and shall consider the particular risks of the covered entity’s business operations related to cybersecurity, nonpublic information collected or stored, information systems utilized and the availability and effectiveness of controls to protect nonpublic information and information systems.",Semantic,Superset of,8,10,No Gaps Identified,"ID.RA-06.03: Technology and cybersecurity programs identify and implement controls to manage applicable risks within the risk appetite set by the governing authority (e.g., the Board or one of its committees).",IDENTIFY / Risk Assessment / Risk Response Determination,ID.RA-06.03
NYDFS-22,500.9 Risk assessment,500.9.a,"Each covered entity shall conduct a periodic risk assessment of the covered entity’s information systems sufficient to inform the design of the cybersecurity program as required by this Part. Such risk assessment shall be reviewed and updated as reasonably necessary, but at a minimum annually, and whenever a change in the business or technology causes a material change to the covered entity’s cyber risk. The covered entity’s risk assessment shall allow for revision of controls to respond to technological developments and evolving threats and shall consider the particular risks of the covered entity’s business operations related to cybersecurity, nonpublic information collected or stored, information systems utilized and the availability and effectiveness of controls to protect nonpublic information and information systems.",Semantic,Superset of,8,10,No Gaps Identified,"ID.RA-06.04: The organization assesses the threats, impacts, and risks that could adversely affect the organization's ability to provide services on an ongoing basis, and develops its resilience requirements and plans to address those risks.",IDENTIFY / Risk Assessment / Risk Response Determination,ID.RA-06.04
NYDFS-23,500.9 Risk assessment,500.9.b,"The Risk Assessment shall be carried out in accordance with written policies and procedures and shall be documented. Such policies and procedures shall include:

(1) criteria for the evaluation and categorization of identified cybersecurity risks or threats facing the Covered Entity;
(2) criteria for the assessment of the confidentiality, integrity, security and availability of the Covered Entity’s Information Systems and Nonpublic Information, including the adequacy of existing controls in the context of identified risks; and
(3) requirements describing how identified risks will be mitigated or accepted based on the Risk Assessment and how the cybersecurity program will address the risks.",Semantic,Superset of,7,10,No Gaps Identified,"GV.RM-01.04: Technology and cybersecurity risk management programs incorporate risk identification, measurement, monitoring, and reporting.",GOVERN / Risk Management Strategy / Risk Management Objectives Agreement,GV.RM-01.04
NYDFS-23,500.9 Risk assessment,500.9.b,"The Risk Assessment shall be carried out in accordance with written policies and procedures and shall be documented. Such policies and procedures shall include:

(1) criteria for the evaluation and categorization of identified cybersecurity risks or threats facing the Covered Entity;
(2) criteria for the assessment of the confidentiality, integrity, security and availability of the Covered Entity’s Information Systems and Nonpublic Information, including the adequacy of existing controls in the context of identified risks; and
(3) requirements describing how identified risks will be mitigated or accepted based on the Risk Assessment and how the cybersecurity program will address the risks.",Semantic,Superset of,7,10,No Gaps Identified,"GV.RM-03.03: Technology and cybersecurity risk management and risk assessment processes are consistent with the organization's enterprise risk management policies, procedures, and methodologies and include criteria for the evaluation and categorization of enterprise-specific risks and threats.",GOVERN / Risk Management Strategy / Enterprise Risk Integration,GV.RM-03.03
NYDFS-23,500.9 Risk assessment,500.9.b,"The Risk Assessment shall be carried out in accordance with written policies and procedures and shall be documented. Such policies and procedures shall include:

(1) criteria for the evaluation and categorization of identified cybersecurity risks or threats facing the Covered Entity;
(2) criteria for the assessment of the confidentiality, integrity, security and availability of the Covered Entity’s Information Systems and Nonpublic Information, including the adequacy of existing controls in the context of identified risks; and
(3) requirements describing how identified risks will be mitigated or accepted based on the Risk Assessment and how the cybersecurity program will address the risks.",Semantic,Intersects with,7,10,No Gaps Identified,"GV.RM-04.01: The governing authority (e.g., the Board or one of its committees) and senior management provide guidance, direction, and credible challenge in the design and implementation of risk management strategies, assessment of identified risks against risk appetite and risk tolerance, and in the selection of risk treatment approaches.",GOVERN / Risk Management Strategy / Risk Response Strategic Direction,GV.RM-04.01
NYDFS-23,500.9 Risk assessment,500.9.b,"The Risk Assessment shall be carried out in accordance with written policies and procedures and shall be documented. Such policies and procedures shall include:

(1) criteria for the evaluation and categorization of identified cybersecurity risks or threats facing the Covered Entity;
(2) criteria for the assessment of the confidentiality, integrity, security and availability of the Covered Entity’s Information Systems and Nonpublic Information, including the adequacy of existing controls in the context of identified risks; and
(3) requirements describing how identified risks will be mitigated or accepted based on the Risk Assessment and how the cybersecurity program will address the risks.",Semantic,Superset of,5,10,No Gaps Identified,"GV.RM-05.01: The organization has a process for monitoring its technology, cybersecurity, and third-party risks, including escalating those risks that exceed risk appetite to management and identifying risks with the potential to impact multiple operating units.",GOVERN / Risk Management Strategy / Lines of Communication,GV.RM-05.01
NYDFS-23,500.9 Risk assessment,500.9.b,"The Risk Assessment shall be carried out in accordance with written policies and procedures and shall be documented. Such policies and procedures shall include:

(1) criteria for the evaluation and categorization of identified cybersecurity risks or threats facing the Covered Entity;
(2) criteria for the assessment of the confidentiality, integrity, security and availability of the Covered Entity’s Information Systems and Nonpublic Information, including the adequacy of existing controls in the context of identified risks; and
(3) requirements describing how identified risks will be mitigated or accepted based on the Risk Assessment and how the cybersecurity program will address the risks.",Semantic,Intersects with,7,10,No Gaps Identified,"GV.PO-01.05: Technology and cybersecurity processes, procedures, and controls are established in alignment with cybersecurity policy.","GOVERN / Policies, Processes, and Procedures / Establishment of Policies & Procedures",GV.PO-01.05
NYDFS-23,500.9 Risk assessment,500.9.b,"The Risk Assessment shall be carried out in accordance with written policies and procedures and shall be documented. Such policies and procedures shall include:

(1) criteria for the evaluation and categorization of identified cybersecurity risks or threats facing the Covered Entity;
(2) criteria for the assessment of the confidentiality, integrity, security and availability of the Covered Entity’s Information Systems and Nonpublic Information, including the adequacy of existing controls in the context of identified risks; and
(3) requirements describing how identified risks will be mitigated or accepted based on the Risk Assessment and how the cybersecurity program will address the risks.",Semantic,Intersects with,9,10,No Gaps Identified,"ID.AM-05.01: The organization establishes and maintains risk-based policies and procedures for the classification of hardware, software, and data assets based on sensitivity and criticality.",IDENTIFY / Asset Management / Asset Protection Prioritization,ID.AM-05.01
NYDFS-23,500.9 Risk assessment,500.9.b,"The Risk Assessment shall be carried out in accordance with written policies and procedures and shall be documented. Such policies and procedures shall include:

(1) criteria for the evaluation and categorization of identified cybersecurity risks or threats facing the Covered Entity;
(2) criteria for the assessment of the confidentiality, integrity, security and availability of the Covered Entity’s Information Systems and Nonpublic Information, including the adequacy of existing controls in the context of identified risks; and
(3) requirements describing how identified risks will be mitigated or accepted based on the Risk Assessment and how the cybersecurity program will address the risks.",Semantic,Superset of,5,10,No Gaps Identified,"ID.RA-01.01: The organization identifies, assesses, and documents risks and potential vulnerabilities associated with assets, to include workforce, data, technology, facilities, services, and connections.",IDENTIFY / Risk Assessment / Asset Vulnerability Identification,ID.RA-01.01
NYDFS-23,500.9 Risk assessment,500.9.b,"The Risk Assessment shall be carried out in accordance with written policies and procedures and shall be documented. Such policies and procedures shall include:

(1) criteria for the evaluation and categorization of identified cybersecurity risks or threats facing the Covered Entity;
(2) criteria for the assessment of the confidentiality, integrity, security and availability of the Covered Entity’s Information Systems and Nonpublic Information, including the adequacy of existing controls in the context of identified risks; and
(3) requirements describing how identified risks will be mitigated or accepted based on the Risk Assessment and how the cybersecurity program will address the risks.",Semantic,Superset of,6,10,No Gaps Identified,"ID.RA-05.01: Threats, vulnerabilities, likelihoods, and impacts are used to determine overall technology, cybersecurity, and resilience risk to the organization.",IDENTIFY / Risk Assessment / Risk Exposure Determination & Prioritization,ID.RA-05.01
NYDFS-23,500.9 Risk assessment,500.9.b,"The Risk Assessment shall be carried out in accordance with written policies and procedures and shall be documented. Such policies and procedures shall include:

(1) criteria for the evaluation and categorization of identified cybersecurity risks or threats facing the Covered Entity;
(2) criteria for the assessment of the confidentiality, integrity, security and availability of the Covered Entity’s Information Systems and Nonpublic Information, including the adequacy of existing controls in the context of identified risks; and
(3) requirements describing how identified risks will be mitigated or accepted based on the Risk Assessment and how the cybersecurity program will address the risks.",Semantic,Superset of,9,10,No Gaps Identified,"ID.RA-06.01: Technology and cybersecurity risk management programs and risk assessment processes produce actionable recommendations that the organization uses to select, design, prioritize, implement, maintain, evaluate, and modify cybersecurity and technology controls.",IDENTIFY / Risk Assessment / Risk Response Determination,ID.RA-06.01
NYDFS-23,500.9 Risk assessment,500.9.b,"The Risk Assessment shall be carried out in accordance with written policies and procedures and shall be documented. Such policies and procedures shall include:

(1) criteria for the evaluation and categorization of identified cybersecurity risks or threats facing the Covered Entity;
(2) criteria for the assessment of the confidentiality, integrity, security and availability of the Covered Entity’s Information Systems and Nonpublic Information, including the adequacy of existing controls in the context of identified risks; and
(3) requirements describing how identified risks will be mitigated or accepted based on the Risk Assessment and how the cybersecurity program will address the risks.",Semantic,Superset of,9,10,No Gaps Identified,"ID.RA-06.02: The implementation of responses to address identified risks (i.e., risk avoidance, risk mitigation, risk acceptance, or risk transfer (e.g., cyber insurance)) are formulated, assessed, documented, and prioritized based on criticality to the business.",IDENTIFY / Risk Assessment / Risk Response Determination,ID.RA-06.02
NYDFS-23,500.9 Risk assessment,500.9.b,"The Risk Assessment shall be carried out in accordance with written policies and procedures and shall be documented. Such policies and procedures shall include:

(1) criteria for the evaluation and categorization of identified cybersecurity risks or threats facing the Covered Entity;
(2) criteria for the assessment of the confidentiality, integrity, security and availability of the Covered Entity’s Information Systems and Nonpublic Information, including the adequacy of existing controls in the context of identified risks; and
(3) requirements describing how identified risks will be mitigated or accepted based on the Risk Assessment and how the cybersecurity program will address the risks.",Semantic,Superset of,7,10,No Gaps Identified,"ID.RA-06.03: Technology and cybersecurity programs identify and implement controls to manage applicable risks within the risk appetite set by the governing authority (e.g., the Board or one of its committees).",IDENTIFY / Risk Assessment / Risk Response Determination,ID.RA-06.03
NYDFS-24,500.10 Cybersecurity personnel and intelligence,500.10.a,"In addition to the requirements set forth in section 500.4(a) of this Part, each covered entity shall:
(1) utilize qualified cybersecurity personnel of the covered entity, an affiliate or a third-party service provider sufficient to manage the covered entity’s cybersecurity risks and to perform or oversee the performance of the core cybersecurity functions specified in section 500.2(b)(1)-(6) of this Part;
(2) provide cybersecurity personnel with cybersecurity updates and training sufficient to address relevant cybersecurity risks; and
(3) verify that key cybersecurity personnel take steps to maintain current knowledge of changing cybersecurity threats and countermeasures.",Semantic,Superset of,8,10,No Gaps Identified,"GV.RR-02.01: The roles, responsibilities, qualifications, and skill requirements for personnel (employees and third parties) that implement, manage, and oversee the technology, cybersecurity, and resilience programs are defined, aligned, coordinated, and holistically managed.","GOVERN / Roles, Responsibilities, and Authorities / Risk Management Roles & Responsibilities",GV.RR-02.01
NYDFS-24,500.10 Cybersecurity personnel and intelligence,500.10.a,"In addition to the requirements set forth in section 500.4(a) of this Part, each covered entity shall:
(1) utilize qualified cybersecurity personnel of the covered entity, an affiliate or a third-party service provider sufficient to manage the covered entity’s cybersecurity risks and to perform or oversee the performance of the core cybersecurity functions specified in section 500.2(b)(1)-(6) of this Part;
(2) provide cybersecurity personnel with cybersecurity updates and training sufficient to address relevant cybersecurity risks; and
(3) verify that key cybersecurity personnel take steps to maintain current knowledge of changing cybersecurity threats and countermeasures.",Semantic,Subset of ,8,10,No Gaps Identified,GV.RR-03.02: The organization regularly assesses its skill and resource level requirements against its current personnel complement to determine gaps in resource need.,"GOVERN / Roles, Responsibilities, and Authorities / Resource Adequacy",GV.RR-03.02
NYDFS-24,500.10 Cybersecurity personnel and intelligence,500.10.a,"In addition to the requirements set forth in section 500.4(a) of this Part, each covered entity shall:
(1) utilize qualified cybersecurity personnel of the covered entity, an affiliate or a third-party service provider sufficient to manage the covered entity’s cybersecurity risks and to perform or oversee the performance of the core cybersecurity functions specified in section 500.2(b)(1)-(6) of this Part;
(2) provide cybersecurity personnel with cybersecurity updates and training sufficient to address relevant cybersecurity risks; and
(3) verify that key cybersecurity personnel take steps to maintain current knowledge of changing cybersecurity threats and countermeasures.",Semantic,Superset of,8,10,No Gaps Identified,"PR.AT-01.02: Cybersecurity awareness training includes, at a minimum, awareness of and competencies for data protection, personal data handling, compliance obligations, working with third parties, detecting cyber risks, and how to report any unusual activity or incidents.",PROTECT / Awareness and Training / User Awareness & Training,PR.AT-01.02
NYDFS-24,500.10 Cybersecurity personnel and intelligence,500.10.a,"In addition to the requirements set forth in section 500.4(a) of this Part, each covered entity shall:
(1) utilize qualified cybersecurity personnel of the covered entity, an affiliate or a third-party service provider sufficient to manage the covered entity’s cybersecurity risks and to perform or oversee the performance of the core cybersecurity functions specified in section 500.2(b)(1)-(6) of this Part;
(2) provide cybersecurity personnel with cybersecurity updates and training sufficient to address relevant cybersecurity risks; and
(3) verify that key cybersecurity personnel take steps to maintain current knowledge of changing cybersecurity threats and countermeasures.",Semantic,Superset of,8,10,No Gaps Identified,"PR.AT-01.03: Cybersecurity awareness training is updated on a regular basis to reflect risks and threats identified by the organization, the organization's security policies and standards, applicable laws and regulations, and changes in individual responsibilities.",PROTECT / Awareness and Training / User Awareness & Training,PR.AT-01.03
NYDFS-24,500.10 Cybersecurity personnel and intelligence,500.10.a,"In addition to the requirements set forth in section 500.4(a) of this Part, each covered entity shall:
(1) utilize qualified cybersecurity personnel of the covered entity, an affiliate or a third-party service provider sufficient to manage the covered entity’s cybersecurity risks and to perform or oversee the performance of the core cybersecurity functions specified in section 500.2(b)(1)-(6) of this Part;
(2) provide cybersecurity personnel with cybersecurity updates and training sufficient to address relevant cybersecurity risks; and
(3) verify that key cybersecurity personnel take steps to maintain current knowledge of changing cybersecurity threats and countermeasures.",Semantic,Intersects with,8,10,No Gaps Identified,"PR.AT-01.04: As new technology is deployed or undergoes change that also requires changes in practices, all impacted personnel (e.g., end-users, developers, operators, etc.) are trained on the new system and any accompanying technology and cybersecurity risks.",PROTECT / Awareness and Training / User Awareness & Training,PR.AT-01.04
NYDFS-24,500.10 Cybersecurity personnel and intelligence,500.10.a,"In addition to the requirements set forth in section 500.4(a) of this Part, each covered entity shall:
(1) utilize qualified cybersecurity personnel of the covered entity, an affiliate or a third-party service provider sufficient to manage the covered entity’s cybersecurity risks and to perform or oversee the performance of the core cybersecurity functions specified in section 500.2(b)(1)-(6) of this Part;
(2) provide cybersecurity personnel with cybersecurity updates and training sufficient to address relevant cybersecurity risks; and
(3) verify that key cybersecurity personnel take steps to maintain current knowledge of changing cybersecurity threats and countermeasures.",Semantic,Superset of,8,10,No Gaps Identified,"PR.AT-02.01: Mechanisms are in place to ensure that the personnel working with cybersecurity and technology (e.g., developers, DBAs, network admins, etc.) maintain current knowledge and skills related to changing threats, countermeasures, new tools, best practices, and their job responsibilities.",PROTECT / Awareness and Training / Specialized Role Awareness & Training,PR.AT-02.01
NYDFS-24,500.10 Cybersecurity personnel and intelligence,500.10.a,"In addition to the requirements set forth in section 500.4(a) of this Part, each covered entity shall:
(1) utilize qualified cybersecurity personnel of the covered entity, an affiliate or a third-party service provider sufficient to manage the covered entity’s cybersecurity risks and to perform or oversee the performance of the core cybersecurity functions specified in section 500.2(b)(1)-(6) of this Part;
(2) provide cybersecurity personnel with cybersecurity updates and training sufficient to address relevant cybersecurity risks; and
(3) verify that key cybersecurity personnel take steps to maintain current knowledge of changing cybersecurity threats and countermeasures.",Semantic,Intersects with,8,10,No Gaps Identified,"PR.AT-02.02: High-risk groups, such as those with elevated privileges or in sensitive business functions (including privileged users, senior executives, cybersecurity personnel and third-party stakeholders), receive cybersecurity situational awareness training for their roles and responsibilities.",PROTECT / Awareness and Training / Specialized Role Awareness & Training,PR.AT-02.02
NYDFS-24,500.10 Cybersecurity personnel and intelligence,500.10.a,"In addition to the requirements set forth in section 500.4(a) of this Part, each covered entity shall:
(1) utilize qualified cybersecurity personnel of the covered entity, an affiliate or a third-party service provider sufficient to manage the covered entity’s cybersecurity risks and to perform or oversee the performance of the core cybersecurity functions specified in section 500.2(b)(1)-(6) of this Part;
(2) provide cybersecurity personnel with cybersecurity updates and training sufficient to address relevant cybersecurity risks; and
(3) verify that key cybersecurity personnel take steps to maintain current knowledge of changing cybersecurity threats and countermeasures.",Semantic,Intersects with,8,10,No Gaps Identified,"RS.CO-03.01: The organization ensures that cyber threat intelligence is made available, in a secure manner, to authorized staff with responsibility for the mitigation of cyber risks at the strategic, tactical and operational levels within the organization.",RESPOND / Incident Response Reporting and Communication / Stakeholder Incident Information Sharing,RS.CO-03.01
NYDFS-25,500.10 Cybersecurity personnel and intelligence,500.10.b,"A covered entity may choose to utilize an affiliate or qualified third-party service provider to assist in complying with the requirements set forth in this Part, subject to the requirements set forth in sections 500.4 and 500.11 of this Part. ",Semantic,Intersects with,8,10,No Gaps Identified,"GV.SC-02.01: The organization clearly defines, and includes in contractual agreements, the division of cybersecurity and technology risk management responsibilities between the organization and its third parties (e.g., a Shared Responsibilities Model).",GOVERN / Supply Chain Risk Management / Third Party Roles & Responsibilities,GV.SC-02.01
NYDFS-25,500.10 Cybersecurity personnel and intelligence,500.10.b,"A covered entity may choose to utilize an affiliate or qualified third-party service provider to assist in complying with the requirements set forth in this Part, subject to the requirements set forth in sections 500.4 and 500.11 of this Part. ",Semantic,Intersects with,5,10,No Gaps Identified,"ID.IM-02.06: The organization designs and tests its systems and processes, and employs third-party support resources (e.g., Sheltered Harbor), to enable recovery of accurate data (e.g., material financial transactions) sufficient to support defined business recovery time and recovery point objectives.",IDENTIFY / Improvement / Tests & Exercises,ID.IM-02.06
NYDFS-25,500.10 Cybersecurity personnel and intelligence,500.10.b,"A covered entity may choose to utilize an affiliate or qualified third-party service provider to assist in complying with the requirements set forth in this Part, subject to the requirements set forth in sections 500.4 and 500.11 of this Part. ",Semantic,Intersects with,7,10,No Gaps Identified,"ID.IM-04.07: The organization pre-identifies, pre-qualifies, and retains third party incident management support and forensic service firms, as required, that can be called upon to quickly assist with incident response, investigation, and recovery.",IDENTIFY / Improvement / Plans Affecting Operations,ID.IM-04.07
NYDFS-25,500.10 Cybersecurity personnel and intelligence,500.10.b,"A covered entity may choose to utilize an affiliate or qualified third-party service provider to assist in complying with the requirements set forth in this Part, subject to the requirements set forth in sections 500.4 and 500.11 of this Part. ",Semantic,Intersects with,7,10,No Gaps Identified,"RS.MI-01.01: The organization has established processes to implement vulnerability mitigation plans, involve third-party partners and outside expertise as needed, and contain incidents in a timely manner.",RESPOND / Incident Mitigation / Incident Containment,RS.MI-01.01
NYDFS-25,500.10 Cybersecurity personnel and intelligence,500.10.b,"A covered entity may choose to utilize an affiliate or qualified third-party service provider to assist in complying with the requirements set forth in this Part, subject to the requirements set forth in sections 500.4 and 500.11 of this Part. ",Semantic,Intersects with,8,10,No Gaps Identified,"EX.DD-01.01: Documented procurement plans are developed for initiatives involving elevated business, technical, or cybersecurity risk in order to establish criteria for the evaluation and selection of a supplier, and any special requirements for organizational preparation, supplier due diligence, and contract terms.",EXTEND / Procurement Planning and Due Diligence / Procurement Planning,EX.DD-01.01
NYDFS-25,500.10 Cybersecurity personnel and intelligence,500.10.b,"A covered entity may choose to utilize an affiliate or qualified third-party service provider to assist in complying with the requirements set forth in this Part, subject to the requirements set forth in sections 500.4 and 500.11 of this Part. ",Semantic,Intersects with,8,10,No Gaps Identified,"EX.CN-02.01: The organization's contracts require third-parties to implement minimum technology and cybersecurity management requirements, to maintain those practices for the life of the relationship, and to provide evidence of compliance on an ongoing basis.",EXTEND / Third-Party Contracts and Agreements / Contract Cybersecurity-Related Requirements,EX.CN-02.01
NYDFS-25,500.10 Cybersecurity personnel and intelligence,500.10.b,"A covered entity may choose to utilize an affiliate or qualified third-party service provider to assist in complying with the requirements set forth in this Part, subject to the requirements set forth in sections 500.4 and 500.11 of this Part. ",Semantic,Intersects with,7,10,No Gaps Identified,"EX.MM-01.01: The organization implements procedures, and allocates sufficient resources with the requisite knowledge and experience, to manage and monitor its third-party relationships to a degree and extent commensurate with the risk each third party poses to the organization and the criticality of the third party's products, services, and/or relationship to the organization.",EXTEND / Monitoring and Managing Suppliers / Ongoing Third-Party Monitoring,EX.MM-01.01
NYDFS-25,500.10 Cybersecurity personnel and intelligence,500.10.b,"A covered entity may choose to utilize an affiliate or qualified third-party service provider to assist in complying with the requirements set forth in this Part, subject to the requirements set forth in sections 500.4 and 500.11 of this Part. ",Semantic,Intersects with,7,10,No Gaps Identified,"EX.MM-01.04: The organization regularly assesses critical third party adherence to service level agreements, product specifications, performance metrics, resource level/skill commitments, and quality expectations; addresses performance issues; and exercises contract penalties or credits as warranted.",EXTEND / Monitoring and Managing Suppliers / Ongoing Third-Party Monitoring,EX.MM-01.04
NYDFS-26,500.11 Third-party service provider security policy,500.11.a,"Each covered entity shall implement written policies and procedures designed to ensure the security of information systems and nonpublic information that are accessible to, or held by, third-party service providers. Such policies and procedures shall be based on the risk assessment of the covered entity and shall address to the extent applicable:
(1) the identification and risk assessment of third-party service providers;
(2) minimum cybersecurity practices required to be met by such third-party
service providers in order for them to do business with the covered entity;
(3) due diligence processes used to evaluate the adequacy of cybersecurity practices of such third-party service providers; and
(4) periodic assessment of such third-party service providers based on the risk they present and the continued adequacy of their cybersecurity practices.",Semantic,Superset of,7,10,No Gaps Identified,"GV.RM-05.02: The organization establishes minimum requirements for its third-parties that include how the organizations will communicate and coordinate in times of emergency, including:
1) Joint maintenance of contingency plans;
2) Responsibilities for responding to incidents, including forensic investigations;
3) Planning and testing strategies that address severe events in order to identify single points of failure that would cause wide-scale disruption; and
4) Incorporating the potential impact of an incident into their BCM process and ensure resilience capabilities are in place.",GOVERN / Risk Management Strategy / Lines of Communication,GV.RM-05.02
NYDFS-26,500.11 Third-party service provider security policy,500.11.a,"Each covered entity shall implement written policies and procedures designed to ensure the security of information systems and nonpublic information that are accessible to, or held by, third-party service providers. Such policies and procedures shall be based on the risk assessment of the covered entity and shall address to the extent applicable:
(1) the identification and risk assessment of third-party service providers;
(2) minimum cybersecurity practices required to be met by such third-party
service providers in order for them to do business with the covered entity;
(3) due diligence processes used to evaluate the adequacy of cybersecurity practices of such third-party service providers; and
(4) periodic assessment of such third-party service providers based on the risk they present and the continued adequacy of their cybersecurity practices.",Semantic,Intersects with,8,10,No Gaps Identified,"GV.SC-01.01: The organization maintains a third-party risk management strategy and program to identify and manage the risks associated with third parties throughout their lifecycles in a timely manner, including in support of sector-critical systems and operations, to ensure alignment within risk appetite.",GOVERN / Supply Chain Risk Management / Supply Chain Risk Management Program,GV.SC-01.01
NYDFS-26,500.11 Third-party service provider security policy,500.11.a,"Each covered entity shall implement written policies and procedures designed to ensure the security of information systems and nonpublic information that are accessible to, or held by, third-party service providers. Such policies and procedures shall be based on the risk assessment of the covered entity and shall address to the extent applicable:
(1) the identification and risk assessment of third-party service providers;
(2) minimum cybersecurity practices required to be met by such third-party
service providers in order for them to do business with the covered entity;
(3) due diligence processes used to evaluate the adequacy of cybersecurity practices of such third-party service providers; and
(4) periodic assessment of such third-party service providers based on the risk they present and the continued adequacy of their cybersecurity practices.",Semantic,Intersects with,7,10,No Gaps Identified,"GV.RR-01.02: The governing authority (e.g., the Board or one of its committees) regularly reviews, oversees, and holds senior management accountable for implementing the organization’s third-party risk management strategy and program and for managing the organization's ongoing risks associated with the aggregate and specific use of third parties.","GOVERN / Roles, Responsibilities, and Authorities / Organizational Leadership Responsibility",GV.RR-01.02
NYDFS-26,500.11 Third-party service provider security policy,500.11.a,"Each covered entity shall implement written policies and procedures designed to ensure the security of information systems and nonpublic information that are accessible to, or held by, third-party service providers. Such policies and procedures shall be based on the risk assessment of the covered entity and shall address to the extent applicable:
(1) the identification and risk assessment of third-party service providers;
(2) minimum cybersecurity practices required to be met by such third-party
service providers in order for them to do business with the covered entity;
(3) due diligence processes used to evaluate the adequacy of cybersecurity practices of such third-party service providers; and
(4) periodic assessment of such third-party service providers based on the risk they present and the continued adequacy of their cybersecurity practices.",Semantic,Intersects with,8,10,No Gaps Identified,"GV.PO-01.08: The organization maintains documented third-party risk management program policies and procedures approved by the governing authority (e.g., the Board or one of its committees).","GOVERN / Policies, Processes, and Procedures / Establishment of Policies & Procedures",GV.PO-01.08
NYDFS-26,500.11 Third-party service provider security policy,500.11.a,"Each covered entity shall implement written policies and procedures designed to ensure the security of information systems and nonpublic information that are accessible to, or held by, third-party service providers. Such policies and procedures shall be based on the risk assessment of the covered entity and shall address to the extent applicable:
(1) the identification and risk assessment of third-party service providers;
(2) minimum cybersecurity practices required to be met by such third-party
service providers in order for them to do business with the covered entity;
(3) due diligence processes used to evaluate the adequacy of cybersecurity practices of such third-party service providers; and
(4) periodic assessment of such third-party service providers based on the risk they present and the continued adequacy of their cybersecurity practices.",Semantic,Superset of,6,10,No Gaps Identified,"ID.AM-08.06: Minimum cybersecurity requirements for third-parties cover the entire relationship lifecycle, from the acquisition of data through the return or destruction of data, to include limitations on data use, access, storage, and geographic location.",IDENTIFY / Asset Management / Asset Life Cycle Management,ID.AM-08.06
NYDFS-26,500.11 Third-party service provider security policy,500.11.a,"Each covered entity shall implement written policies and procedures designed to ensure the security of information systems and nonpublic information that are accessible to, or held by, third-party service providers. Such policies and procedures shall be based on the risk assessment of the covered entity and shall address to the extent applicable:
(1) the identification and risk assessment of third-party service providers;
(2) minimum cybersecurity practices required to be met by such third-party
service providers in order for them to do business with the covered entity;
(3) due diligence processes used to evaluate the adequacy of cybersecurity practices of such third-party service providers; and
(4) periodic assessment of such third-party service providers based on the risk they present and the continued adequacy of their cybersecurity practices.",Semantic,Superset of,7,10,No Gaps Identified,"EX.DD-01.01: Documented procurement plans are developed for initiatives involving elevated business, technical, or cybersecurity risk in order to establish criteria for the evaluation and selection of a supplier, and any special requirements for organizational preparation, supplier due diligence, and contract terms.",EXTEND / Procurement Planning and Due Diligence / Procurement Planning,EX.DD-01.01
NYDFS-26,500.11 Third-party service provider security policy,500.11.a,"Each covered entity shall implement written policies and procedures designed to ensure the security of information systems and nonpublic information that are accessible to, or held by, third-party service providers. Such policies and procedures shall be based on the risk assessment of the covered entity and shall address to the extent applicable:
(1) the identification and risk assessment of third-party service providers;
(2) minimum cybersecurity practices required to be met by such third-party
service providers in order for them to do business with the covered entity;
(3) due diligence processes used to evaluate the adequacy of cybersecurity practices of such third-party service providers; and
(4) periodic assessment of such third-party service providers based on the risk they present and the continued adequacy of their cybersecurity practices.",Semantic,Superset of,7,10,No Gaps Identified,"EX.DD-02.01: The organization implements procedures, and allocates sufficient resources with the requisite knowledge and experience, to conduct third party due diligence and risk assessment consistent with the procurement plan and commensurate with level of risk, criticality, and complexity of each third-party relationship.",EXTEND / Procurement Planning and Due Diligence / Prospective Third Party Due Diligence,EX.DD-02.01
NYDFS-26,500.11 Third-party service provider security policy,500.11.a,"Each covered entity shall implement written policies and procedures designed to ensure the security of information systems and nonpublic information that are accessible to, or held by, third-party service providers. Such policies and procedures shall be based on the risk assessment of the covered entity and shall address to the extent applicable:
(1) the identification and risk assessment of third-party service providers;
(2) minimum cybersecurity practices required to be met by such third-party
service providers in order for them to do business with the covered entity;
(3) due diligence processes used to evaluate the adequacy of cybersecurity practices of such third-party service providers; and
(4) periodic assessment of such third-party service providers based on the risk they present and the continued adequacy of their cybersecurity practices.",Semantic,Superset of,7,10,No Gaps Identified,"EX.DD-03.01: The organization reviews, evaluates, and risk assesses a prospective critical third party's cybersecurity program, including its ability to identify, assess, monitor, and mitigate its cyber risks; the completeness of its policies and procedures; the strength of its technical and administrative controls; and the coverage of its internal and independent control testing programs.",EXTEND / Procurement Planning and Due Diligence / Technology & Cybersecurity Risk Assessment,EX.DD-03.01
NYDFS-26,500.11 Third-party service provider security policy,500.11.a,"Each covered entity shall implement written policies and procedures designed to ensure the security of information systems and nonpublic information that are accessible to, or held by, third-party service providers. Such policies and procedures shall be based on the risk assessment of the covered entity and shall address to the extent applicable:
(1) the identification and risk assessment of third-party service providers;
(2) minimum cybersecurity practices required to be met by such third-party
service providers in order for them to do business with the covered entity;
(3) due diligence processes used to evaluate the adequacy of cybersecurity practices of such third-party service providers; and
(4) periodic assessment of such third-party service providers based on the risk they present and the continued adequacy of their cybersecurity practices.",Semantic,Superset of,5,10,No Gaps Identified,"EX.CN-01.01: Contracts with suppliers clearly detail the general terms, nature, and scope of the arrangement, to include the distribution of responsibilities between the parties; costs, compensation, reimbursements, incentives, and penalties; service level agreements, performance measures, and benchmarks; responsibilities for providing, receiving, and retaining information; recourse provisions; and the organization's rights to review, monitor, and audit the supplier's activities.",EXTEND / Third-Party Contracts and Agreements / Contract General Requirements,EX.CN-01.01
NYDFS-26,500.11 Third-party service provider security policy,500.11.a,"Each covered entity shall implement written policies and procedures designed to ensure the security of information systems and nonpublic information that are accessible to, or held by, third-party service providers. Such policies and procedures shall be based on the risk assessment of the covered entity and shall address to the extent applicable:
(1) the identification and risk assessment of third-party service providers;
(2) minimum cybersecurity practices required to be met by such third-party
service providers in order for them to do business with the covered entity;
(3) due diligence processes used to evaluate the adequacy of cybersecurity practices of such third-party service providers; and
(4) periodic assessment of such third-party service providers based on the risk they present and the continued adequacy of their cybersecurity practices.",Semantic,Superset of,7,10,No Gaps Identified,"EX.CN-02.01: The organization's contracts require third-parties to implement minimum technology and cybersecurity management requirements, to maintain those practices for the life of the relationship, and to provide evidence of compliance on an ongoing basis.",EXTEND / Third-Party Contracts and Agreements / Contract Cybersecurity-Related Requirements,EX.CN-02.01
NYDFS-26,500.11 Third-party service provider security policy,500.11.a,"Each covered entity shall implement written policies and procedures designed to ensure the security of information systems and nonpublic information that are accessible to, or held by, third-party service providers. Such policies and procedures shall be based on the risk assessment of the covered entity and shall address to the extent applicable:
(1) the identification and risk assessment of third-party service providers;
(2) minimum cybersecurity practices required to be met by such third-party
service providers in order for them to do business with the covered entity;
(3) due diligence processes used to evaluate the adequacy of cybersecurity practices of such third-party service providers; and
(4) periodic assessment of such third-party service providers based on the risk they present and the continued adequacy of their cybersecurity practices.",Semantic,Superset of,7,10,No Gaps Identified,"EX.MM-01.01: The organization implements procedures, and allocates sufficient resources with the requisite knowledge and experience, to manage and monitor its third-party relationships to a degree and extent commensurate with the risk each third party poses to the organization and the criticality of the third party's products, services, and/or relationship to the organization.",EXTEND / Monitoring and Managing Suppliers / Ongoing Third-Party Monitoring,EX.MM-01.01
NYDFS-26,500.11 Third-party service provider security policy,500.11.a,"Each covered entity shall implement written policies and procedures designed to ensure the security of information systems and nonpublic information that are accessible to, or held by, third-party service providers. Such policies and procedures shall be based on the risk assessment of the covered entity and shall address to the extent applicable:
(1) the identification and risk assessment of third-party service providers;
(2) minimum cybersecurity practices required to be met by such third-party
service providers in order for them to do business with the covered entity;
(3) due diligence processes used to evaluate the adequacy of cybersecurity practices of such third-party service providers; and
(4) periodic assessment of such third-party service providers based on the risk they present and the continued adequacy of their cybersecurity practices.",Semantic,Superset of,8,10,No Gaps Identified,EX.MM-02.01: The organization conducts regular third-party reviews for critical vendors to validate that requisite security and contractual controls are in place and continue to be operating as expected.,EXTEND / Monitoring and Managing Suppliers / Ongoing Third-Party Management,EX.MM-02.01
NYDFS-26,500.11 Third-party service provider security policy,500.11.a,"Each covered entity shall implement written policies and procedures designed to ensure the security of information systems and nonpublic information that are accessible to, or held by, third-party service providers. Such policies and procedures shall be based on the risk assessment of the covered entity and shall address to the extent applicable:
(1) the identification and risk assessment of third-party service providers;
(2) minimum cybersecurity practices required to be met by such third-party
service providers in order for them to do business with the covered entity;
(3) due diligence processes used to evaluate the adequacy of cybersecurity practices of such third-party service providers; and
(4) periodic assessment of such third-party service providers based on the risk they present and the continued adequacy of their cybersecurity practices.",Semantic,Superset of,7,10,No Gaps Identified,"EX.MM-02.02: A process is in place to confirm that the organization's critical third-party service providers maintain their business continuity programs, conduct regular resiliency testing, and participate in joint and/or bilateral recovery exercises and tests.",EXTEND / Monitoring and Managing Suppliers / Ongoing Third-Party Management,EX.MM-02.02
NYDFS-27,500.11 Third-party service provider security policy,500.11.b,"Such policies and procedures shall include relevant guidelines for due diligence and/or contractual protections relating to third-party service providers including to the extent applicable guidelines addressing:
(1) the third-party service provider’s policies and procedures for access 
controls, including its use of multi-factor authentication as required by section 500.12 of this Part, to limit access to relevant information systems and nonpublic information;
(2) the third-party service provider’s policies and procedures for use of 
encryption as required by section 500.15 of this Part to protect nonpublic information in transit and at rest;
(3) notice to be provided to the covered entity in the event of a cybersecurity event directly impacting the covered entity’s information systems or the covered entity’s nonpublic information being held by the third-party service provider; and 
(4) representations and warranties addressing the third-party service 
provider’s cybersecurity policies and procedures that relate to the security of the covered entity’s information systems or nonpublic information. ",Semantic,Superset of,7,7,"The Profile does not specifically require access control and encryption standards for third parties, but Section 500.11.b specifically requires access control and encryption standards for third parties. ","GV.RM-05.02: The organization establishes minimum requirements for its third-parties that include how the organizations will communicate and coordinate in times of emergency, including:
1) Joint maintenance of contingency plans;
2) Responsibilities for responding to incidents, including forensic investigations;
3) Planning and testing strategies that address severe events in order to identify single points of failure that would cause wide-scale disruption; and
4) Incorporating the potential impact of an incident into their BCM process and ensure resilience capabilities are in place.",GOVERN / Risk Management Strategy / Lines of Communication,GV.RM-05.02
NYDFS-27,500.11 Third-party service provider security policy,500.11.b,"Such policies and procedures shall include relevant guidelines for due diligence and/or contractual protections relating to third-party service providers including to the extent applicable guidelines addressing:
(1) the third-party service provider’s policies and procedures for access 
controls, including its use of multi-factor authentication as required by section 500.12 of this Part, to limit access to relevant information systems and nonpublic information;
(2) the third-party service provider’s policies and procedures for use of 
encryption as required by section 500.15 of this Part to protect nonpublic information in transit and at rest;
(3) notice to be provided to the covered entity in the event of a cybersecurity event directly impacting the covered entity’s information systems or the covered entity’s nonpublic information being held by the third-party service provider; and 
(4) representations and warranties addressing the third-party service 
provider’s cybersecurity policies and procedures that relate to the security of the covered entity’s information systems or nonpublic information. ",Semantic,Superset of,7,7,"The Profile does not specifically require access control and encryption standards for third parties, but Section 500.11.b specifically requires access control and encryption standards for third parties. ","GV.SC-02.01: The organization clearly defines, and includes in contractual agreements, the division of cybersecurity and technology risk management responsibilities between the organization and its third parties (e.g., a Shared Responsibilities Model).",GOVERN / Supply Chain Risk Management / Third Party Roles & Responsibilities,GV.SC-02.01
NYDFS-27,500.11 Third-party service provider security policy,500.11.b,"Such policies and procedures shall include relevant guidelines for due diligence and/or contractual protections relating to third-party service providers including to the extent applicable guidelines addressing:
(1) the third-party service provider’s policies and procedures for access 
controls, including its use of multi-factor authentication as required by section 500.12 of this Part, to limit access to relevant information systems and nonpublic information;
(2) the third-party service provider’s policies and procedures for use of 
encryption as required by section 500.15 of this Part to protect nonpublic information in transit and at rest;
(3) notice to be provided to the covered entity in the event of a cybersecurity event directly impacting the covered entity’s information systems or the covered entity’s nonpublic information being held by the third-party service provider; and 
(4) representations and warranties addressing the third-party service 
provider’s cybersecurity policies and procedures that relate to the security of the covered entity’s information systems or nonpublic information. ",Semantic,Intersects with,7,7,"The Profile does not specifically require access control and encryption standards for third parties, but Section 500.11.b specifically requires access control and encryption standards for third parties. ","PR.AA-03.01: Based on the risk level of a user access or a specific transaction, the organization defines and implements authentication requirements, which may include multi-factor or out-of-band authentication, and may adopt other real-time risk prevention or mitigation tactics.","PROTECT / Identity Management, Authentication, and Access Control / Authentication",PR.AA-03.01
NYDFS-27,500.11 Third-party service provider security policy,500.11.b,"Such policies and procedures shall include relevant guidelines for due diligence and/or contractual protections relating to third-party service providers including to the extent applicable guidelines addressing:
(1) the third-party service provider’s policies and procedures for access 
controls, including its use of multi-factor authentication as required by section 500.12 of this Part, to limit access to relevant information systems and nonpublic information;
(2) the third-party service provider’s policies and procedures for use of 
encryption as required by section 500.15 of this Part to protect nonpublic information in transit and at rest;
(3) notice to be provided to the covered entity in the event of a cybersecurity event directly impacting the covered entity’s information systems or the covered entity’s nonpublic information being held by the third-party service provider; and 
(4) representations and warranties addressing the third-party service 
provider’s cybersecurity policies and procedures that relate to the security of the covered entity’s information systems or nonpublic information. ",Semantic,Intersects with,7,7,"The Profile does not specifically require access control and encryption standards for third parties, but Section 500.11.b specifically requires access control and encryption standards for third parties. ","PR.AA-05.04: Specific roles, responsibilities, and procedures to manage the risk of third-party access to organizational systems and facilities are defined and implemented.","PROTECT / Identity Management, Authentication, and Access Control / Access Authorizations",PR.AA-05.04
NYDFS-27,500.11 Third-party service provider security policy,500.11.b,"Such policies and procedures shall include relevant guidelines for due diligence and/or contractual protections relating to third-party service providers including to the extent applicable guidelines addressing:
(1) the third-party service provider’s policies and procedures for access 
controls, including its use of multi-factor authentication as required by section 500.12 of this Part, to limit access to relevant information systems and nonpublic information;
(2) the third-party service provider’s policies and procedures for use of 
encryption as required by section 500.15 of this Part to protect nonpublic information in transit and at rest;
(3) notice to be provided to the covered entity in the event of a cybersecurity event directly impacting the covered entity’s information systems or the covered entity’s nonpublic information being held by the third-party service provider; and 
(4) representations and warranties addressing the third-party service 
provider’s cybersecurity policies and procedures that relate to the security of the covered entity’s information systems or nonpublic information. ",Semantic,Intersects with,7,7,"The Profile does not specifically require access control and encryption standards for third parties, but Section 500.11.b specifically requires access control and encryption standards for third parties. ","ID.AM-08.06: Minimum cybersecurity requirements for third-parties cover the entire relationship lifecycle, from the acquisition of data through the return or destruction of data, to include limitations on data use, access, storage, and geographic location.",IDENTIFY / Asset Management / Asset Life Cycle Management,ID.AM-08.06
NYDFS-27,500.11 Third-party service provider security policy,500.11.b,"Such policies and procedures shall include relevant guidelines for due diligence and/or contractual protections relating to third-party service providers including to the extent applicable guidelines addressing:
(1) the third-party service provider’s policies and procedures for access 
controls, including its use of multi-factor authentication as required by section 500.12 of this Part, to limit access to relevant information systems and nonpublic information;
(2) the third-party service provider’s policies and procedures for use of 
encryption as required by section 500.15 of this Part to protect nonpublic information in transit and at rest;
(3) notice to be provided to the covered entity in the event of a cybersecurity event directly impacting the covered entity’s information systems or the covered entity’s nonpublic information being held by the third-party service provider; and 
(4) representations and warranties addressing the third-party service 
provider’s cybersecurity policies and procedures that relate to the security of the covered entity’s information systems or nonpublic information. ",Semantic,Intersects with,7,7,"The Profile does not specifically require access control and encryption standards for third parties, but Section 500.11.b specifically requires access control and encryption standards for third parties. ","PR.PS-01.05: Acceptable encryption standards, methods, and management practices are established in accordance with defined industry standards.",PROTECT / Platform Security / Configuration Management,PR.PS-01.05
NYDFS-27,500.11 Third-party service provider security policy,500.11.b,"Such policies and procedures shall include relevant guidelines for due diligence and/or contractual protections relating to third-party service providers including to the extent applicable guidelines addressing:
(1) the third-party service provider’s policies and procedures for access 
controls, including its use of multi-factor authentication as required by section 500.12 of this Part, to limit access to relevant information systems and nonpublic information;
(2) the third-party service provider’s policies and procedures for use of 
encryption as required by section 500.15 of this Part to protect nonpublic information in transit and at rest;
(3) notice to be provided to the covered entity in the event of a cybersecurity event directly impacting the covered entity’s information systems or the covered entity’s nonpublic information being held by the third-party service provider; and 
(4) representations and warranties addressing the third-party service 
provider’s cybersecurity policies and procedures that relate to the security of the covered entity’s information systems or nonpublic information. ",Semantic,Intersects with,7,7,"The Profile does not specifically require access control and encryption standards for third parties, but Section 500.11.b specifically requires access control and encryption standards for third parties. ","EX.DD-03.01: The organization reviews, evaluates, and risk assesses a prospective critical third party's cybersecurity program, including its ability to identify, assess, monitor, and mitigate its cyber risks; the completeness of its policies and procedures; the strength of its technical and administrative controls; and the coverage of its internal and independent control testing programs.",EXTEND / Procurement Planning and Due Diligence / Technology & Cybersecurity Risk Assessment,EX.DD-03.01
NYDFS-27,500.11 Third-party service provider security policy,500.11.b,"Such policies and procedures shall include relevant guidelines for due diligence and/or contractual protections relating to third-party service providers including to the extent applicable guidelines addressing:
(1) the third-party service provider’s policies and procedures for access 
controls, including its use of multi-factor authentication as required by section 500.12 of this Part, to limit access to relevant information systems and nonpublic information;
(2) the third-party service provider’s policies and procedures for use of 
encryption as required by section 500.15 of this Part to protect nonpublic information in transit and at rest;
(3) notice to be provided to the covered entity in the event of a cybersecurity event directly impacting the covered entity’s information systems or the covered entity’s nonpublic information being held by the third-party service provider; and 
(4) representations and warranties addressing the third-party service 
provider’s cybersecurity policies and procedures that relate to the security of the covered entity’s information systems or nonpublic information. ",Semantic,Superset of,7,7,"The Profile does not specifically require access control and encryption standards for third parties, but Section 500.11.b specifically requires access control and encryption standards for third parties. ","EX.CN-02.01: The organization's contracts require third-parties to implement minimum technology and cybersecurity management requirements, to maintain those practices for the life of the relationship, and to provide evidence of compliance on an ongoing basis.",EXTEND / Third-Party Contracts and Agreements / Contract Cybersecurity-Related Requirements,EX.CN-02.01
NYDFS-27,500.11 Third-party service provider security policy,500.11.b,"Such policies and procedures shall include relevant guidelines for due diligence and/or contractual protections relating to third-party service providers including to the extent applicable guidelines addressing:
(1) the third-party service provider’s policies and procedures for access 
controls, including its use of multi-factor authentication as required by section 500.12 of this Part, to limit access to relevant information systems and nonpublic information;
(2) the third-party service provider’s policies and procedures for use of 
encryption as required by section 500.15 of this Part to protect nonpublic information in transit and at rest;
(3) notice to be provided to the covered entity in the event of a cybersecurity event directly impacting the covered entity’s information systems or the covered entity’s nonpublic information being held by the third-party service provider; and 
(4) representations and warranties addressing the third-party service 
provider’s cybersecurity policies and procedures that relate to the security of the covered entity’s information systems or nonpublic information. ",Semantic,Superset of,7,7,"The Profile does not specifically require access control and encryption standards for third parties, but Section 500.11.b specifically requires access control and encryption standards for third parties. ","EX.CN-02.02: Minimum cybersecurity requirements for third-parties include requirements for incident and vulnerability notification, to include the types of events requiring notification, notification timeframes, and escalation protocols.",EXTEND / Third-Party Contracts and Agreements / Contract Cybersecurity-Related Requirements,EX.CN-02.02
NYDFS-27,500.11 Third-party service provider security policy,500.11.b,"Such policies and procedures shall include relevant guidelines for due diligence and/or contractual protections relating to third-party service providers including to the extent applicable guidelines addressing:
(1) the third-party service provider’s policies and procedures for access 
controls, including its use of multi-factor authentication as required by section 500.12 of this Part, to limit access to relevant information systems and nonpublic information;
(2) the third-party service provider’s policies and procedures for use of 
encryption as required by section 500.15 of this Part to protect nonpublic information in transit and at rest;
(3) notice to be provided to the covered entity in the event of a cybersecurity event directly impacting the covered entity’s information systems or the covered entity’s nonpublic information being held by the third-party service provider; and 
(4) representations and warranties addressing the third-party service 
provider’s cybersecurity policies and procedures that relate to the security of the covered entity’s information systems or nonpublic information. ",Semantic,Intersects with,7,7,"The Profile does not specifically require access control and encryption standards for third parties, but Section 500.11.b specifically requires access control and encryption standards for third parties. ",EX.MM-02.01: The organization conducts regular third-party reviews for critical vendors to validate that requisite security and contractual controls are in place and continue to be operating as expected.,EXTEND / Monitoring and Managing Suppliers / Ongoing Third-Party Management,EX.MM-02.01
NYDFS-28,500.12 Multi-factor authentication,500.12a,"Multi-factor authentication shall be utilized for any individual accessing any information systems of a covered entity, unless the covered entity qualifies for a limited exemption pursuant to section 500.19(a) of this Part in which case multi-factor authentication shall be utilized for:
(1) remote access to the covered entity’s information systems;
(2) remote access to third-party applications, including but not limited to those that are 
cloud based, from which nonpublic information is accessible; and 
(3) all privileged accounts other than service accounts that prohibit interactive login. ",Semantic,Intersects with,9,9,"The requirements in section 500.12a are slightly more specific, referencing the requirement of MFA under all circumstances while the Profile does not require MFA under all circumstances but may require a risk assessment..

","PR.AA-03.01: Based on the risk level of a user access or a specific transaction, the organization defines and implements authentication requirements, which may include multi-factor or out-of-band authentication, and may adopt other real-time risk prevention or mitigation tactics.","PROTECT / Identity Management, Authentication, and Access Control / Authentication",PR.AA-03.01
NYDFS-28,500.12 Multi-factor authentication,500.12a,"Multi-factor authentication shall be utilized for any individual accessing any information systems of a covered entity, unless the covered entity qualifies for a limited exemption pursuant to section 500.19(a) of this Part in which case multi-factor authentication shall be utilized for:
(1) remote access to the covered entity’s information systems;
(2) remote access to third-party applications, including but not limited to those that are 
cloud based, from which nonpublic information is accessible; and 
(3) all privileged accounts other than service accounts that prohibit interactive login. ",Semantic,Intersects with,7,9,"The requirements in section 500.12a are slightly more specific, referencing the requirement of MFA under all circumstances while the Profile does not require MFA under all circumstances but may require a risk assessment..

","PR.AA-03.02: Decisions to authorize user access to devices and other assets are made with consideration of: 
(1) Business need for the access;
(2) The type of data being accessed (e.g., customer PII, public data);
(3) The risk of the transaction (e.g., internal-to-internal, external-to-internal);
(4) The organization's level of trust for the accessing agent (e.g., external application, internal user); and
(5) The potential for harm.","PROTECT / Identity Management, Authentication, and Access Control / Authentication",PR.AA-03.02
NYDFS-28,500.12 Multi-factor authentication,500.12a,"Multi-factor authentication shall be utilized for any individual accessing any information systems of a covered entity, unless the covered entity qualifies for a limited exemption pursuant to section 500.19(a) of this Part in which case multi-factor authentication shall be utilized for:
(1) remote access to the covered entity’s information systems;
(2) remote access to third-party applications, including but not limited to those that are 
cloud based, from which nonpublic information is accessible; and 
(3) all privileged accounts other than service accounts that prohibit interactive login. ",Semantic,Intersects with,9,9,"The requirements in section 500.12a are slightly more specific, referencing the requirement of MFA under all circumstances while the Profile does not require MFA under all circumstances but may require a risk assessment..

","PR.AA-04.01: Access credential and authorization mechanisms for internal systems and across security perimeters (e.g., leveraging directory services, directory synchronization, single sign-on, federated access, credential mapping, etc.) are designed to maintain security, integrity, and authenticity.","PROTECT / Identity Management, Authentication, and Access Control / Identity Assertions",PR.AA-04.01
NYDFS-28,500.12 Multi-factor authentication,500.12a,"Multi-factor authentication shall be utilized for any individual accessing any information systems of a covered entity, unless the covered entity qualifies for a limited exemption pursuant to section 500.19(a) of this Part in which case multi-factor authentication shall be utilized for:
(1) remote access to the covered entity’s information systems;
(2) remote access to third-party applications, including but not limited to those that are 
cloud based, from which nonpublic information is accessible; and 
(3) all privileged accounts other than service accounts that prohibit interactive login. ",Semantic,Intersects with,9,9,"The requirements in section 500.12a are slightly more specific, referencing the requirement of MFA under all circumstances while the Profile does not require MFA under all circumstances but may require a risk assessment..

","PR.AA-05.02: The organization institutes controls over privileged system access by strictly limiting and closely managing staff and services with elevated system entitlements (e.g., multi-factor authentication, dual accounts, privilege and time constraints, etc.)","PROTECT / Identity Management, Authentication, and Access Control / Access Authorizations",PR.AA-05.02
NYDFS-28,500.12 Multi-factor authentication,500.12a,"Multi-factor authentication shall be utilized for any individual accessing any information systems of a covered entity, unless the covered entity qualifies for a limited exemption pursuant to section 500.19(a) of this Part in which case multi-factor authentication shall be utilized for:
(1) remote access to the covered entity’s information systems;
(2) remote access to third-party applications, including but not limited to those that are 
cloud based, from which nonpublic information is accessible; and 
(3) all privileged accounts other than service accounts that prohibit interactive login. ",Semantic,Intersects with,10,9,"The requirements in section 500.12a are slightly more specific, referencing the requirement of MFA under all circumstances while the Profile does not require MFA under all circumstances but may require a risk assessment..

","PR.IR-01.05: Remote access is carefully controlled (e.g., restricted to defined systems, access is actively managed (e.g., session timeouts, logging, forced disconnect, etc.), and encrypted connections with multi-factor authentication are used).",PROTECT / Technology Infrastructure Resilience / Logical Access Protections,PR.IR-01.05
NYDFS-29,500.12 Multi-factor authentication,500.12b,"If the covered entity has a CISO, the CISO may approve in writing the use of reasonably equivalent or more secure compensating controls. Such controls shall be reviewed periodically, but at a minimum annually.",Semantic,Intersects with,6,7,"The Profile addresses the regular and periodic review of controls but Section 500.12b is more specific, giving the minimum requirement for review to be annually.","GV.RR-01.04: The organization has designated a qualified Cybersecurity Officer (e.g., CISO) who is responsible and accountable for developing a cybersecurity strategy, overseeing and implementing its cybersecurity program, and enforcing its cybersecurity policy.","GOVERN / Roles, Responsibilities, and Authorities / Organizational Leadership Responsibility",GV.RR-01.04
NYDFS-29,500.12 Multi-factor authentication,500.12b,"If the covered entity has a CISO, the CISO may approve in writing the use of reasonably equivalent or more secure compensating controls. Such controls shall be reviewed periodically, but at a minimum annually.",Semantic,Intersects with,6,7,"The Profile addresses the regular and periodic review of controls but Section 500.12b is more specific, giving the minimum requirement for review to be annually.","GV.PO-02.01: The cybersecurity policy is regularly reviewed, revised, and communicated under the leadership of a designated Cybersecurity Officer (e.g., CISO) to address changes in the risk profile and risk appetite, the evolving threat environment, and new technologies, products, services, and interdependencies.","GOVERN / Policies, Processes, and Procedures / Policy & Procedure Review & Update",GV.PO-02.01
NYDFS-29,500.12 Multi-factor authentication,500.12b,"If the covered entity has a CISO, the CISO may approve in writing the use of reasonably equivalent or more secure compensating controls. Such controls shall be reviewed periodically, but at a minimum annually.",Semantic,Intersects with,3,7,"The Profile addresses the regular and periodic review of controls but Section 500.12b is more specific, giving the minimum requirement for review to be annually.","GV.OV-01.02: The designated Cybersecurity Officer (e.g., CISO) periodically reports to the appropriate governing authority (e.g., the Board or one of its committees) or equivalent governing body on the status of cybersecurity within the organization.",GOVERN / Oversight / Risk Management Strategy Outcomes Review,GV.OV-01.02
NYDFS-29,500.12 Multi-factor authentication,500.12b,"If the covered entity has a CISO, the CISO may approve in writing the use of reasonably equivalent or more secure compensating controls. Such controls shall be reviewed periodically, but at a minimum annually.",Semantic,Intersects with,7,7,"The Profile addresses the regular and periodic review of controls but Section 500.12b is more specific, giving the minimum requirement for review to be annually.","ID.RA-07.04: Policy exceptions, risk mitigation plans, and risk acceptances resulting from assessments and evaluations, such as testing, exercises, audits, etc., are formally managed, approved, escalated to defined levels of management, and tracked to closure.",IDENTIFY / Risk Assessment / Change & Exception Management,ID.RA-07.04
NYDFS-30,500.13 Asset management and data retention requirements,500.13.a,"As part of its cybersecurity program, each covered entity shall implement written policies and procedures designed to produce and maintain a complete, accurate and documented asset inventory of the covered entity’s information systems. The asset inventory shall be maintained in accordance with written policies and procedures. At a minimum, such policies and procedures shall include:
(1) a method to track key information for each asset, including, as applicable, the following:
(i) owner;
 (ii) location;
(iii) classification or sensitivity;
(iv) support expiration date; and
(v) recovery time objectives; and
 (2) the frequency required to update and validate the covered entity’s asset inventory. ",Semantic,Superset of,7,10,No Gaps Identified,"GV.OC-04.01: The organization maintains an inventory of key internal assets, business functions, and external dependencies that includes mappings to other assets, business functions, and information flows.",GOVERN / Organizational Context / Stakeholder Service Expectations,GV.OC-04.01
NYDFS-30,500.13 Asset management and data retention requirements,500.13.a,"As part of its cybersecurity program, each covered entity shall implement written policies and procedures designed to produce and maintain a complete, accurate and documented asset inventory of the covered entity’s information systems. The asset inventory shall be maintained in accordance with written policies and procedures. At a minimum, such policies and procedures shall include:
(1) a method to track key information for each asset, including, as applicable, the following:
(i) owner;
 (ii) location;
(iii) classification or sensitivity;
(iv) support expiration date; and
(v) recovery time objectives; and
 (2) the frequency required to update and validate the covered entity’s asset inventory. ",Semantic,Intersects with,8,10,No Gaps Identified,"GV.OC-05.03: The organization defines objectives (e.g., Recovery Time Objective, Maximum Tolerable Downtime, Impact Tolerance) for the resumption of critical operations in alignment with business imperatives, stakeholder obligations, and critical infrastructure dependencies.",GOVERN / Organizational Context / Organizational Service Dependencies,GV.OC-05.03
NYDFS-30,500.13 Asset management and data retention requirements,500.13.a,"As part of its cybersecurity program, each covered entity shall implement written policies and procedures designed to produce and maintain a complete, accurate and documented asset inventory of the covered entity’s information systems. The asset inventory shall be maintained in accordance with written policies and procedures. At a minimum, such policies and procedures shall include:
(1) a method to track key information for each asset, including, as applicable, the following:
(i) owner;
 (ii) location;
(iii) classification or sensitivity;
(iv) support expiration date; and
(v) recovery time objectives; and
 (2) the frequency required to update and validate the covered entity’s asset inventory. ",Semantic,Superset of,8,10,No Gaps Identified,"GV.RR-02.06: Roles and responsibilities for the inventory, ownership, and custodianship of applications, data and other technology assets are established and maintained.","GOVERN / Roles, Responsibilities, and Authorities / Risk Management Roles & Responsibilities",GV.RR-02.06
NYDFS-30,500.13 Asset management and data retention requirements,500.13.a,"As part of its cybersecurity program, each covered entity shall implement written policies and procedures designed to produce and maintain a complete, accurate and documented asset inventory of the covered entity’s information systems. The asset inventory shall be maintained in accordance with written policies and procedures. At a minimum, such policies and procedures shall include:
(1) a method to track key information for each asset, including, as applicable, the following:
(i) owner;
 (ii) location;
(iii) classification or sensitivity;
(iv) support expiration date; and
(v) recovery time objectives; and
 (2) the frequency required to update and validate the covered entity’s asset inventory. ",Semantic,Superset of,10,10,No Gaps Identified,"ID.AM-01.01: The organization maintains a current and complete asset inventory of physical devices, hardware, and information systems.",IDENTIFY / Asset Management / Hardware Inventory,ID.AM-01.01
NYDFS-30,500.13 Asset management and data retention requirements,500.13.a,"As part of its cybersecurity program, each covered entity shall implement written policies and procedures designed to produce and maintain a complete, accurate and documented asset inventory of the covered entity’s information systems. The asset inventory shall be maintained in accordance with written policies and procedures. At a minimum, such policies and procedures shall include:
(1) a method to track key information for each asset, including, as applicable, the following:
(i) owner;
 (ii) location;
(iii) classification or sensitivity;
(iv) support expiration date; and
(v) recovery time objectives; and
 (2) the frequency required to update and validate the covered entity’s asset inventory. ",Semantic,Superset of,9,10,No Gaps Identified,"ID.AM-02.01: The organization maintains a current and complete inventory of software platforms, business applications, and other software assets (e.g., virtual machines and virtual network devices).","IDENTIFY / Asset Management / Software, Services, & Systems Inventory",ID.AM-02.01
NYDFS-30,500.13 Asset management and data retention requirements,500.13.a,"As part of its cybersecurity program, each covered entity shall implement written policies and procedures designed to produce and maintain a complete, accurate and documented asset inventory of the covered entity’s information systems. The asset inventory shall be maintained in accordance with written policies and procedures. At a minimum, such policies and procedures shall include:
(1) a method to track key information for each asset, including, as applicable, the following:
(i) owner;
 (ii) location;
(iii) classification or sensitivity;
(iv) support expiration date; and
(v) recovery time objectives; and
 (2) the frequency required to update and validate the covered entity’s asset inventory. ",Semantic,Superset of,7,10,No Gaps Identified,"ID.AM-04.01: Hardware, software, and data assets maintained by or located at suppliers or other third parties are included in asset management inventories and lifecycle management processes as required for effective management and security.",IDENTIFY / Asset Management / Supplier Services Inventory,ID.AM-04.01
NYDFS-30,500.13 Asset management and data retention requirements,500.13.a,"As part of its cybersecurity program, each covered entity shall implement written policies and procedures designed to produce and maintain a complete, accurate and documented asset inventory of the covered entity’s information systems. The asset inventory shall be maintained in accordance with written policies and procedures. At a minimum, such policies and procedures shall include:
(1) a method to track key information for each asset, including, as applicable, the following:
(i) owner;
 (ii) location;
(iii) classification or sensitivity;
(iv) support expiration date; and
(v) recovery time objectives; and
 (2) the frequency required to update and validate the covered entity’s asset inventory. ",Semantic,Intersects with,6,10,No Gaps Identified,"ID.AM-05.01: The organization establishes and maintains risk-based policies and procedures for the classification of hardware, software, and data assets based on sensitivity and criticality.",IDENTIFY / Asset Management / Asset Protection Prioritization,ID.AM-05.01
NYDFS-30,500.13 Asset management and data retention requirements,500.13.a,"As part of its cybersecurity program, each covered entity shall implement written policies and procedures designed to produce and maintain a complete, accurate and documented asset inventory of the covered entity’s information systems. The asset inventory shall be maintained in accordance with written policies and procedures. At a minimum, such policies and procedures shall include:
(1) a method to track key information for each asset, including, as applicable, the following:
(i) owner;
 (ii) location;
(iii) classification or sensitivity;
(iv) support expiration date; and
(v) recovery time objectives; and
 (2) the frequency required to update and validate the covered entity’s asset inventory. ",Semantic,Intersects with,8,10,No Gaps Identified,"ID.AM-08.01: The organization establishes and maintains asset lifecycle management policies and procedures to ensure that assets are acquired, tracked, implemented, used, decommissioned, and protected commensurate with their sensitivity, criticality, and business value.",IDENTIFY / Asset Management / Asset Life Cycle Management,ID.AM-08.01
NYDFS-31,500.13 Asset management and data retention requirements,500.13.b,"As part of its cybersecurity program, each covered entity shall include policies and procedures for the secure disposal on a periodic basis of any nonpublic information identified in section 500.1(k)(2)–(3) of this Part that is no longer necessary for business operations or for other 
legitimate business purposes of the covered entity, except where such information is otherwise required to be retained by law or regulation, or where targeted disposal is not reasonably feasible due to the manner in which the information is maintained.",Semantic,Intersects with,6,10,No Gaps Identified,"ID.AM-08.03: The organization establishes policies, standards, and procedures for data governance, data management, and data retention consistent with its legal obligations and the value of data as an organizational asset.",IDENTIFY / Asset Management / Asset Life Cycle Management,ID.AM-08.03
NYDFS-31,500.13 Asset management and data retention requirements,500.13.b,"As part of its cybersecurity program, each covered entity shall include policies and procedures for the secure disposal on a periodic basis of any nonpublic information identified in section 500.1(k)(2)–(3) of this Part that is no longer necessary for business operations or for other 
legitimate business purposes of the covered entity, except where such information is otherwise required to be retained by law or regulation, or where targeted disposal is not reasonably feasible due to the manner in which the information is maintained.",Semantic,Superset of,8,10,No Gaps Identified,"ID.AM-08.04: The organization's asset management processes ensure the protection of sensitive data throughout removal, transfers, maintenance, end-of-life, and secure disposal or re-use.",IDENTIFY / Asset Management / Asset Life Cycle Management,ID.AM-08.04
NYDFS-31,500.13 Asset management and data retention requirements,500.13.b,"As part of its cybersecurity program, each covered entity shall include policies and procedures for the secure disposal on a periodic basis of any nonpublic information identified in section 500.1(k)(2)–(3) of this Part that is no longer necessary for business operations or for other 
legitimate business purposes of the covered entity, except where such information is otherwise required to be retained by law or regulation, or where targeted disposal is not reasonably feasible due to the manner in which the information is maintained.",Semantic,Superset of,9,10,No Gaps Identified,"ID.AM-08.05: The organization defines and implements standards and procedures, consistent with its data retention policy, for destroying or securely erasing data, media, and storage devices when the data is no longer needed.",IDENTIFY / Asset Management / Asset Life Cycle Management,ID.AM-08.05
NYDFS-31,500.13 Asset management and data retention requirements,500.13.b,"As part of its cybersecurity program, each covered entity shall include policies and procedures for the secure disposal on a periodic basis of any nonpublic information identified in section 500.1(k)(2)–(3) of this Part that is no longer necessary for business operations or for other 
legitimate business purposes of the covered entity, except where such information is otherwise required to be retained by law or regulation, or where targeted disposal is not reasonably feasible due to the manner in which the information is maintained.",Semantic,Intersects with,7,10,No Gaps Identified,"ID.AM-08.06: Minimum cybersecurity requirements for third-parties cover the entire relationship lifecycle, from the acquisition of data through the return or destruction of data, to include limitations on data use, access, storage, and geographic location.",IDENTIFY / Asset Management / Asset Life Cycle Management,ID.AM-08.06
NYDFS-32,500.14 Monitoring and training,500.14.a,"As part of its cybersecurity program, each covered entity shall:
(1) implement risk-based policies, procedures and controls designed to monitor the activity of authorized users and detect unauthorized access or use of, or tampering with, nonpublic information by such authorized users; 
(2) implement risk-based controls designed to protect against malicious code, including those that monitor and filter web traffic and electronic mail to block malicious content; and 
(3) provide periodic, but at a minimum annual, cybersecurity awareness training that includes social engineering for all personnel that is updated to reflect risks identified by the covered entity in its risk assessment.",Semantic,Superset of,8,10,No Gaps Identified,PR.AT-01.01: All personnel receive cybersecurity awareness training upon hire and on a regular basis.,PROTECT / Awareness and Training / User Awareness & Training,PR.AT-01.01
NYDFS-32,500.14 Monitoring and training,500.14.a,"As part of its cybersecurity program, each covered entity shall:
(1) implement risk-based policies, procedures and controls designed to monitor the activity of authorized users and detect unauthorized access or use of, or tampering with, nonpublic information by such authorized users; 
(2) implement risk-based controls designed to protect against malicious code, including those that monitor and filter web traffic and electronic mail to block malicious content; and 
(3) provide periodic, but at a minimum annual, cybersecurity awareness training that includes social engineering for all personnel that is updated to reflect risks identified by the covered entity in its risk assessment.",Semantic,Superset of,8,10,No Gaps Identified,"PR.AT-01.02: Cybersecurity awareness training includes, at a minimum, awareness of and competencies for data protection, personal data handling, compliance obligations, working with third parties, detecting cyber risks, and how to report any unusual activity or incidents.",PROTECT / Awareness and Training / User Awareness & Training,PR.AT-01.02
NYDFS-32,500.14 Monitoring and training,500.14.a,"As part of its cybersecurity program, each covered entity shall:
(1) implement risk-based policies, procedures and controls designed to monitor the activity of authorized users and detect unauthorized access or use of, or tampering with, nonpublic information by such authorized users; 
(2) implement risk-based controls designed to protect against malicious code, including those that monitor and filter web traffic and electronic mail to block malicious content; and 
(3) provide periodic, but at a minimum annual, cybersecurity awareness training that includes social engineering for all personnel that is updated to reflect risks identified by the covered entity in its risk assessment.",Semantic,Superset of,9,10,No Gaps Identified,"PR.AT-01.03: Cybersecurity awareness training is updated on a regular basis to reflect risks and threats identified by the organization, the organization's security policies and standards, applicable laws and regulations, and changes in individual responsibilities.",PROTECT / Awareness and Training / User Awareness & Training,PR.AT-01.03
NYDFS-32,500.14 Monitoring and training,500.14.a,"As part of its cybersecurity program, each covered entity shall:
(1) implement risk-based policies, procedures and controls designed to monitor the activity of authorized users and detect unauthorized access or use of, or tampering with, nonpublic information by such authorized users; 
(2) implement risk-based controls designed to protect against malicious code, including those that monitor and filter web traffic and electronic mail to block malicious content; and 
(3) provide periodic, but at a minimum annual, cybersecurity awareness training that includes social engineering for all personnel that is updated to reflect risks identified by the covered entity in its risk assessment.",Semantic,Superset of,8,10,No Gaps Identified,"PR.AT-02.01: Mechanisms are in place to ensure that the personnel working with cybersecurity and technology (e.g., developers, DBAs, network admins, etc.) maintain current knowledge and skills related to changing threats, countermeasures, new tools, best practices, and their job responsibilities.",PROTECT / Awareness and Training / Specialized Role Awareness & Training,PR.AT-02.01
NYDFS-32,500.14 Monitoring and training,500.14.a,"As part of its cybersecurity program, each covered entity shall:
(1) implement risk-based policies, procedures and controls designed to monitor the activity of authorized users and detect unauthorized access or use of, or tampering with, nonpublic information by such authorized users; 
(2) implement risk-based controls designed to protect against malicious code, including those that monitor and filter web traffic and electronic mail to block malicious content; and 
(3) provide periodic, but at a minimum annual, cybersecurity awareness training that includes social engineering for all personnel that is updated to reflect risks identified by the covered entity in its risk assessment.",Semantic,Superset of,8,10,No Gaps Identified,PR.AT-02.05: All third party staff receive cybersecurity awareness and job training sufficient for them to perform their duties and maintain organizational security.,PROTECT / Awareness and Training / Specialized Role Awareness & Training,PR.AT-02.05
NYDFS-32,500.14 Monitoring and training,500.14.a,"As part of its cybersecurity program, each covered entity shall:
(1) implement risk-based policies, procedures and controls designed to monitor the activity of authorized users and detect unauthorized access or use of, or tampering with, nonpublic information by such authorized users; 
(2) implement risk-based controls designed to protect against malicious code, including those that monitor and filter web traffic and electronic mail to block malicious content; and 
(3) provide periodic, but at a minimum annual, cybersecurity awareness training that includes social engineering for all personnel that is updated to reflect risks identified by the covered entity in its risk assessment.",Semantic,Superset of,8,10,No Gaps Identified,"PR.AT-02.07: The organization's governing body (e.g., the Board or one of its committees) and senior management receive cybersecurity situational awareness training to include appropriate skills and knowledge to: 
(1) Evaluate and manage cyber risks;
(2) Promote a culture that recognizes that staff at all levels have important responsibilities in ensuring the organization's cyber resilience; and
(3) Lead by example.",PROTECT / Awareness and Training / Specialized Role Awareness & Training,PR.AT-02.07
NYDFS-32,500.14 Monitoring and training,500.14.a,"As part of its cybersecurity program, each covered entity shall:
(1) implement risk-based policies, procedures and controls designed to monitor the activity of authorized users and detect unauthorized access or use of, or tampering with, nonpublic information by such authorized users; 
(2) implement risk-based controls designed to protect against malicious code, including those that monitor and filter web traffic and electronic mail to block malicious content; and 
(3) provide periodic, but at a minimum annual, cybersecurity awareness training that includes social engineering for all personnel that is updated to reflect risks identified by the covered entity in its risk assessment.",Semantic,Superset of,8,10,No Gaps Identified,PR.DS-01.02: The organization implements data loss identification and prevention tools to monitor and protect against confidential data theft or destruction by an employee or an external actor.,PROTECT / Data Security / Protection of Data at Rest,PR.DS-01.02
NYDFS-32,500.14 Monitoring and training,500.14.a,"As part of its cybersecurity program, each covered entity shall:
(1) implement risk-based policies, procedures and controls designed to monitor the activity of authorized users and detect unauthorized access or use of, or tampering with, nonpublic information by such authorized users; 
(2) implement risk-based controls designed to protect against malicious code, including those that monitor and filter web traffic and electronic mail to block malicious content; and 
(3) provide periodic, but at a minimum annual, cybersecurity awareness training that includes social engineering for all personnel that is updated to reflect risks identified by the covered entity in its risk assessment.",Semantic,Superset of,7,10,No Gaps Identified,"PR.DS-01.03: The organization defines and implements controls for the protection and use of removable media (e.g., access/use restrictions, encryption, malware scanning, data loss prevention, etc.)",PROTECT / Data Security / Protection of Data at Rest,PR.DS-01.03
NYDFS-32,500.14 Monitoring and training,500.14.a,"As part of its cybersecurity program, each covered entity shall:
(1) implement risk-based policies, procedures and controls designed to monitor the activity of authorized users and detect unauthorized access or use of, or tampering with, nonpublic information by such authorized users; 
(2) implement risk-based controls designed to protect against malicious code, including those that monitor and filter web traffic and electronic mail to block malicious content; and 
(3) provide periodic, but at a minimum annual, cybersecurity awareness training that includes social engineering for all personnel that is updated to reflect risks identified by the covered entity in its risk assessment.",Semantic,Superset of,7,10,No Gaps Identified,"PR.PS-05.01: The organization has policies, procedures, and tools in place to detect and block malware from infecting networks and systems, including automatically updating malware signatures and behavior profiles on all endpoints.",PROTECT / Platform Security / Unauthorized Software Installation & Execution,PR.PS-05.01
NYDFS-32,500.14 Monitoring and training,500.14.a,"As part of its cybersecurity program, each covered entity shall:
(1) implement risk-based policies, procedures and controls designed to monitor the activity of authorized users and detect unauthorized access or use of, or tampering with, nonpublic information by such authorized users; 
(2) implement risk-based controls designed to protect against malicious code, including those that monitor and filter web traffic and electronic mail to block malicious content; and 
(3) provide periodic, but at a minimum annual, cybersecurity awareness training that includes social engineering for all personnel that is updated to reflect risks identified by the covered entity in its risk assessment.",Semantic,Superset of,7,10,No Gaps Identified,"PR.PS-05.02: The organization implements safeguards against unauthorized mobile code (e.g., JavaScript, ActiveX, VBScript, PowerShell, etc.) on mobile, end point, and server systems.",PROTECT / Platform Security / Unauthorized Software Installation & Execution,PR.PS-05.02
NYDFS-32,500.14 Monitoring and training,500.14.a,"As part of its cybersecurity program, each covered entity shall:
(1) implement risk-based policies, procedures and controls designed to monitor the activity of authorized users and detect unauthorized access or use of, or tampering with, nonpublic information by such authorized users; 
(2) implement risk-based controls designed to protect against malicious code, including those that monitor and filter web traffic and electronic mail to block malicious content; and 
(3) provide periodic, but at a minimum annual, cybersecurity awareness training that includes social engineering for all personnel that is updated to reflect risks identified by the covered entity in its risk assessment.",Semantic,Superset of,7,10,No Gaps Identified,"PR.PS-05.03: The organization has policies, procedures, and tools in place to detect, isolate, and block the use of attached malware or malicious links present in email or message services.",PROTECT / Platform Security / Unauthorized Software Installation & Execution,PR.PS-05.03
NYDFS-32,500.14 Monitoring and training,500.14.a,"As part of its cybersecurity program, each covered entity shall:
(1) implement risk-based policies, procedures and controls designed to monitor the activity of authorized users and detect unauthorized access or use of, or tampering with, nonpublic information by such authorized users; 
(2) implement risk-based controls designed to protect against malicious code, including those that monitor and filter web traffic and electronic mail to block malicious content; and 
(3) provide periodic, but at a minimum annual, cybersecurity awareness training that includes social engineering for all personnel that is updated to reflect risks identified by the covered entity in its risk assessment.",Semantic,Superset of,8,10,No Gaps Identified,"DE.CM-01.03: The organization has policies, procedures, and tools in place to monitor for, detect, and block unauthorized network connections and data transfers.",DETECT / Continuous Monitoring / Network Monitoring,DE.CM-01.03
NYDFS-32,500.14 Monitoring and training,500.14.a,"As part of its cybersecurity program, each covered entity shall:
(1) implement risk-based policies, procedures and controls designed to monitor the activity of authorized users and detect unauthorized access or use of, or tampering with, nonpublic information by such authorized users; 
(2) implement risk-based controls designed to protect against malicious code, including those that monitor and filter web traffic and electronic mail to block malicious content; and 
(3) provide periodic, but at a minimum annual, cybersecurity awareness training that includes social engineering for all personnel that is updated to reflect risks identified by the covered entity in its risk assessment.",Semantic,Superset of,8,10,No Gaps Identified,"DE.CM-01.05: The organization implements measures to detect and block access to unauthorized, inappropriate, or malicious websites and services (e.g. social media, messaging, file sharing).",DETECT / Continuous Monitoring / Network Monitoring,DE.CM-01.05
NYDFS-32,500.14 Monitoring and training,500.14.a,"As part of its cybersecurity program, each covered entity shall:
(1) implement risk-based policies, procedures and controls designed to monitor the activity of authorized users and detect unauthorized access or use of, or tampering with, nonpublic information by such authorized users; 
(2) implement risk-based controls designed to protect against malicious code, including those that monitor and filter web traffic and electronic mail to block malicious content; and 
(3) provide periodic, but at a minimum annual, cybersecurity awareness training that includes social engineering for all personnel that is updated to reflect risks identified by the covered entity in its risk assessment.",Semantic,Superset of,8,10,No Gaps Identified,"DE.CM-03.02: The organization's controls actively monitor personnel (both authorized and unauthorized) for access, authentication, usage, connections, devices, and anomalous behavior to rapidly detect potential cybersecurity events.",DETECT / Continuous Monitoring / Personnel Activity Monitoring,DE.CM-03.02
NYDFS-32,500.14 Monitoring and training,500.14.a,"As part of its cybersecurity program, each covered entity shall:
(1) implement risk-based policies, procedures and controls designed to monitor the activity of authorized users and detect unauthorized access or use of, or tampering with, nonpublic information by such authorized users; 
(2) implement risk-based controls designed to protect against malicious code, including those that monitor and filter web traffic and electronic mail to block malicious content; and 
(3) provide periodic, but at a minimum annual, cybersecurity awareness training that includes social engineering for all personnel that is updated to reflect risks identified by the covered entity in its risk assessment.",Semantic,Superset of,7,10,No Gaps Identified,"DE.CM-03.03: The organization logs and reviews the activities of privileged users and accounts, and monitoring for anomalous behaviors is implemented.",DETECT / Continuous Monitoring / Personnel Activity Monitoring,DE.CM-03.03
NYDFS-33,500.14 Monitoring and training,500.14.b,"Each class A company shall implement, unless the CISO has approved in writing the use of reasonably equivalent or more secure compensating controls: 
(1) an endpoint detection and response solution to monitor anomalous activity, including but not limited to lateral movement; and 
(2) a solution that centralizes logging and security event alerting. ",Semantic,Intersects with,9,10,No Gaps Identified,"PR.PS-01.08: End-user mobile or personal computing devices accessing the organization's network employ mechanisms to protect network, application, and data integrity, such as ""Mobile Device Management (MDM)"" and ""Mobile Application Management (MAM)"" technologies, device fingerprinting, storage containerization and encryption, integrity scanning, automated patch application, remote wipe, and data leakage protections.",PROTECT / Platform Security / Configuration Management,PR.PS-01.08
NYDFS-33,500.14 Monitoring and training,500.14.b,"Each class A company shall implement, unless the CISO has approved in writing the use of reasonably equivalent or more secure compensating controls: 
(1) an endpoint detection and response solution to monitor anomalous activity, including but not limited to lateral movement; and 
(2) a solution that centralizes logging and security event alerting. ",Semantic,Superset of,5,10,No Gaps Identified,"PR.PS-04.02: The organization defines the scope and coverage of audit/log records to be created and monitored (i.e., internal and external environments, devices, and applications/services/software to be monitored) and has controls in place to ensure that the intended scope is fully covered and that no logging failures are inhibiting the collection of required logs.",PROTECT / Platform Security / Log Record Generation,PR.PS-04.02
NYDFS-33,500.14 Monitoring and training,500.14.b,"Each class A company shall implement, unless the CISO has approved in writing the use of reasonably equivalent or more secure compensating controls: 
(1) an endpoint detection and response solution to monitor anomalous activity, including but not limited to lateral movement; and 
(2) a solution that centralizes logging and security event alerting. ",Semantic,Intersects with,7,10,No Gaps Identified,PR.IR-04.01: Baseline measures of network and system utilization and transaction activity are captured to support capacity planning and anomalous activity detection.,PROTECT / Technology Infrastructure Resilience / Capacity Management,PR.IR-04.01
NYDFS-33,500.14 Monitoring and training,500.14.b,"Each class A company shall implement, unless the CISO has approved in writing the use of reasonably equivalent or more secure compensating controls: 
(1) an endpoint detection and response solution to monitor anomalous activity, including but not limited to lateral movement; and 
(2) a solution that centralizes logging and security event alerting. ",Semantic,Superset of,9,10,No Gaps Identified,"DE.CM-02.01: The organization's controls include monitoring and detection of anomalous activities and potential intrusion events across the organization's physical environment and infrastructure, including the detection of environmental threats (fire, water, service outages, etc.) and unauthorized physical access to high-risk system components and locations.",DETECT / Continuous Monitoring / Physical Environment Monitoring,DE.CM-02.01
NYDFS-33,500.14 Monitoring and training,500.14.b,"Each class A company shall implement, unless the CISO has approved in writing the use of reasonably equivalent or more secure compensating controls: 
(1) an endpoint detection and response solution to monitor anomalous activity, including but not limited to lateral movement; and 
(2) a solution that centralizes logging and security event alerting. ",Semantic,Superset of,9,10,No Gaps Identified,"DE.CM-03.02: The organization's controls actively monitor personnel (both authorized and unauthorized) for access, authentication, usage, connections, devices, and anomalous behavior to rapidly detect potential cybersecurity events.",DETECT / Continuous Monitoring / Personnel Activity Monitoring,DE.CM-03.02
NYDFS-33,500.14 Monitoring and training,500.14.b,"Each class A company shall implement, unless the CISO has approved in writing the use of reasonably equivalent or more secure compensating controls: 
(1) an endpoint detection and response solution to monitor anomalous activity, including but not limited to lateral movement; and 
(2) a solution that centralizes logging and security event alerting. ",Semantic,Superset of,8,10,No Gaps Identified,"DE.CM-03.03: The organization logs and reviews the activities of privileged users and accounts, and monitoring for anomalous behaviors is implemented.",DETECT / Continuous Monitoring / Personnel Activity Monitoring,DE.CM-03.03
NYDFS-33,500.14 Monitoring and training,500.14.b,"Each class A company shall implement, unless the CISO has approved in writing the use of reasonably equivalent or more secure compensating controls: 
(1) an endpoint detection and response solution to monitor anomalous activity, including but not limited to lateral movement; and 
(2) a solution that centralizes logging and security event alerting. ",Semantic,Superset of,8,10,No Gaps Identified,DE.CM-06.02: The organization implements an explicit approval and logging process and sets up automated alerts to monitor and prevent any unauthorized access to a critical system by a third-party service provider.,DETECT / Continuous Monitoring / Service Provider Monitoring,DE.CM-06.02
NYDFS-33,500.14 Monitoring and training,500.14.b,"Each class A company shall implement, unless the CISO has approved in writing the use of reasonably equivalent or more secure compensating controls: 
(1) an endpoint detection and response solution to monitor anomalous activity, including but not limited to lateral movement; and 
(2) a solution that centralizes logging and security event alerting. ",Semantic,Superset of,7,10,No Gaps Identified,"DE.AE-03.01: The organization implements systematic and real-time logging, collection, monitoring, detection, and alerting measures across multiple layers of the organization's infrastructure, including physical perimeters, network, operating systems, applications, data, and external (cloud and outsourced) environments, sufficient to protect the organization's information assets.",DETECT / Adverse Event Analysis / Event Information Correlation,DE.AE-03.01
NYDFS-33,500.14 Monitoring and training,500.14.b,"Each class A company shall implement, unless the CISO has approved in writing the use of reasonably equivalent or more secure compensating controls: 
(1) an endpoint detection and response solution to monitor anomalous activity, including but not limited to lateral movement; and 
(2) a solution that centralizes logging and security event alerting. ",Semantic,Superset of,7,10,No Gaps Identified,"DE.AE-03.02: The organization performs real-time central analysis, aggregation, and correlation of anomalous activities, network and system alerts, and relevant event and cyber threat intelligence, including both internal and external (cloud and outsourced) environments, to better detect and prevent multifaceted cyber attacks.",DETECT / Adverse Event Analysis / Event Information Correlation,DE.AE-03.02
NYDFS-34,500.15 Encryption of nonpublic information,500.15.a,"As part of its cybersecurity program, each covered entity shall implement a written policy requiring encryption that meets industry standards, to protect nonpublic information held or transmitted by the covered entity both in transit over external networks and at rest. ",Semantic,Intersects with,9,10,No Gaps Identified,"PR.DS-01.01: Data-at-rest is protected commensurate with the criticality and sensitivity of the information and in alignment with the data classification and protection policy (e.g., through the use of encryption, authentication, access control, segregation, masking, tokenization, and file integrity monitoring).",PROTECT / Data Security / Protection of Data at Rest,PR.DS-01.01
NYDFS-34,500.15 Encryption of nonpublic information,500.15.a,"As part of its cybersecurity program, each covered entity shall implement a written policy requiring encryption that meets industry standards, to protect nonpublic information held or transmitted by the covered entity both in transit over external networks and at rest. ",Semantic,Intersects with,7,10,No Gaps Identified,"PR.DS-01.03: The organization defines and implements controls for the protection and use of removable media (e.g., access/use restrictions, encryption, malware scanning, data loss prevention, etc.)",PROTECT / Data Security / Protection of Data at Rest,PR.DS-01.03
NYDFS-34,500.15 Encryption of nonpublic information,500.15.a,"As part of its cybersecurity program, each covered entity shall implement a written policy requiring encryption that meets industry standards, to protect nonpublic information held or transmitted by the covered entity both in transit over external networks and at rest. ",Semantic,Intersects with,9,10,No Gaps Identified,"PR.DS-02.01: Data-in-transit is protected commensurate with the criticality and sensitivity of the information and in alignment with the data classification and protection policy (e.g., through the use of encryption, authentication, access control, masking, tokenization, and alternate transit paths).",PROTECT / Data Security / Protection of Data in Transit,PR.DS-02.01
NYDFS-34,500.15 Encryption of nonpublic information,500.15.a,"As part of its cybersecurity program, each covered entity shall implement a written policy requiring encryption that meets industry standards, to protect nonpublic information held or transmitted by the covered entity both in transit over external networks and at rest. ",Semantic,Superset of,8,10,No Gaps Identified,"PR.PS-01.05: Acceptable encryption standards, methods, and management practices are established in accordance with defined industry standards.",PROTECT / Platform Security / Configuration Management,PR.PS-01.05
NYDFS-34,500.15 Encryption of nonpublic information,500.15.a,"As part of its cybersecurity program, each covered entity shall implement a written policy requiring encryption that meets industry standards, to protect nonpublic information held or transmitted by the covered entity both in transit over external networks and at rest. ",Semantic,Superset of,8,10,No Gaps Identified,PR.PS-01.06: The organization employs defined encryption methods and management practices commensurate with the criticality of the information being protected and the inherent risk of the technical environment where used.,PROTECT / Platform Security / Configuration Management,PR.PS-01.06
NYDFS-35,500.15 Encryption of nonpublic information,500.15.b,"To the extent a covered entity determines that encryption of nonpublic information at rest is infeasible, the covered entity may instead secure such nonpublic information using effective alternative compensating controls that have been reviewed and approved by the covered entity’s CISO in writing. The feasibility of encryption and effectiveness of the compensating controls shall be reviewed by the CISO at least annually.
",Semantic,Intersects with,9,10,No Gaps Identified,"ID.RA-07.04: Policy exceptions, risk mitigation plans, and risk acceptances resulting from assessments and evaluations, such as testing, exercises, audits, etc., are formally managed, approved, escalated to defined levels of management, and tracked to closure.",IDENTIFY / Risk Assessment / Change & Exception Management,ID.RA-07.04
NYDFS-35,500.15 Encryption of nonpublic information,500.15.b,"To the extent a covered entity determines that encryption of nonpublic information at rest is infeasible, the covered entity may instead secure such nonpublic information using effective alternative compensating controls that have been reviewed and approved by the covered entity’s CISO in writing. The feasibility of encryption and effectiveness of the compensating controls shall be reviewed by the CISO at least annually.
",Semantic,Intersects with,8,10,No Gaps Identified,"PR.DS-01.01: Data-at-rest is protected commensurate with the criticality and sensitivity of the information and in alignment with the data classification and protection policy (e.g., through the use of encryption, authentication, access control, segregation, masking, tokenization, and file integrity monitoring).",PROTECT / Data Security / Protection of Data at Rest,PR.DS-01.01
NYDFS-35,500.15 Encryption of nonpublic information,500.15.b,"To the extent a covered entity determines that encryption of nonpublic information at rest is infeasible, the covered entity may instead secure such nonpublic information using effective alternative compensating controls that have been reviewed and approved by the covered entity’s CISO in writing. The feasibility of encryption and effectiveness of the compensating controls shall be reviewed by the CISO at least annually.
",Semantic,Intersects with,6,10,No Gaps Identified,"PR.DS-01.03: The organization defines and implements controls for the protection and use of removable media (e.g., access/use restrictions, encryption, malware scanning, data loss prevention, etc.)",PROTECT / Data Security / Protection of Data at Rest,PR.DS-01.03
NYDFS-36,500.16 Incident response and business continuity management,500.16.a(1),"As part of its cybersecurity program, each covered entity shall establish written plans that contain proactive measures to investigate and mitigate cybersecurity events and to ensure operational resilience, including but not limited to incident response, business continuity and disaster recovery plans. 
(1) Incident response plan. Incident response plans shall be reasonably designed to enable prompt response to, and recovery from, any cybersecurity event materially affecting the confidentiality, integrity or availability of the covered entity’s information systems or the continuing functionality of any aspect of the covered entity’s business or operations. Such plans shall address the following areas with respect to different types of cybersecurity events, including disruptive events such as ransomware incidents:
(i) the goals of the incident response plan; 
(ii) the internal processes for responding to a cybersecurity event; 
(iii) the definition of clear roles, responsibilities and levels of decision-making authority; 
(iv) external and internal communications and information sharing; 
(v) identification of requirements for the remediation of any identified 
weaknesses in information systems and associated controls;
(vi) documentation and reporting regarding cybersecurity events and related incident response activities;
(vii) recovery from backups; 
(viii) preparation of root cause analysis that describes how and why the event occurred, what business impact it had, and what will be done to prevent reoccurrence; and
(ix) updating of incident response plans as necessary.
",Semantic,Superset of,7,10,No Gaps Identified,"GV.OC-04.03: Resilience requirements to support the delivery of critical services are established for all operating states (e.g., under duress/attack, during recovery, and normal operations).",GOVERN / Organizational Context / Stakeholder Service Expectations,GV.OC-04.03
NYDFS-36,500.16 Incident response and business continuity management,500.16.a(1),"As part of its cybersecurity program, each covered entity shall establish written plans that contain proactive measures to investigate and mitigate cybersecurity events and to ensure operational resilience, including but not limited to incident response, business continuity and disaster recovery plans. 
(1) Incident response plan. Incident response plans shall be reasonably designed to enable prompt response to, and recovery from, any cybersecurity event materially affecting the confidentiality, integrity or availability of the covered entity’s information systems or the continuing functionality of any aspect of the covered entity’s business or operations. Such plans shall address the following areas with respect to different types of cybersecurity events, including disruptive events such as ransomware incidents:
(i) the goals of the incident response plan; 
(ii) the internal processes for responding to a cybersecurity event; 
(iii) the definition of clear roles, responsibilities and levels of decision-making authority; 
(iv) external and internal communications and information sharing; 
(v) identification of requirements for the remediation of any identified 
weaknesses in information systems and associated controls;
(vi) documentation and reporting regarding cybersecurity events and related incident response activities;
(vii) recovery from backups; 
(viii) preparation of root cause analysis that describes how and why the event occurred, what business impact it had, and what will be done to prevent reoccurrence; and
(ix) updating of incident response plans as necessary.
",Semantic,Intersects with,5,10,No Gaps Identified,"GV.OC-05.03: The organization defines objectives (e.g., Recovery Time Objective, Maximum Tolerable Downtime, Impact Tolerance) for the resumption of critical operations in alignment with business imperatives, stakeholder obligations, and critical infrastructure dependencies.",GOVERN / Organizational Context / Organizational Service Dependencies,GV.OC-05.03
NYDFS-36,500.16 Incident response and business continuity management,500.16.a(1),"As part of its cybersecurity program, each covered entity shall establish written plans that contain proactive measures to investigate and mitigate cybersecurity events and to ensure operational resilience, including but not limited to incident response, business continuity and disaster recovery plans. 
(1) Incident response plan. Incident response plans shall be reasonably designed to enable prompt response to, and recovery from, any cybersecurity event materially affecting the confidentiality, integrity or availability of the covered entity’s information systems or the continuing functionality of any aspect of the covered entity’s business or operations. Such plans shall address the following areas with respect to different types of cybersecurity events, including disruptive events such as ransomware incidents:
(i) the goals of the incident response plan; 
(ii) the internal processes for responding to a cybersecurity event; 
(iii) the definition of clear roles, responsibilities and levels of decision-making authority; 
(iv) external and internal communications and information sharing; 
(v) identification of requirements for the remediation of any identified 
weaknesses in information systems and associated controls;
(vi) documentation and reporting regarding cybersecurity events and related incident response activities;
(vii) recovery from backups; 
(viii) preparation of root cause analysis that describes how and why the event occurred, what business impact it had, and what will be done to prevent reoccurrence; and
(ix) updating of incident response plans as necessary.
",Semantic,Intersects with,5,10,No Gaps Identified,"GV.OC-05.04: Recovery point objectives to support data integrity are consistent with the organization's recovery time objectives, information flow dependencies between systems, and business obligations.",GOVERN / Organizational Context / Organizational Service Dependencies,GV.OC-05.04
NYDFS-36,500.16 Incident response and business continuity management,500.16.a(1),"As part of its cybersecurity program, each covered entity shall establish written plans that contain proactive measures to investigate and mitigate cybersecurity events and to ensure operational resilience, including but not limited to incident response, business continuity and disaster recovery plans. 
(1) Incident response plan. Incident response plans shall be reasonably designed to enable prompt response to, and recovery from, any cybersecurity event materially affecting the confidentiality, integrity or availability of the covered entity’s information systems or the continuing functionality of any aspect of the covered entity’s business or operations. Such plans shall address the following areas with respect to different types of cybersecurity events, including disruptive events such as ransomware incidents:
(i) the goals of the incident response plan; 
(ii) the internal processes for responding to a cybersecurity event; 
(iii) the definition of clear roles, responsibilities and levels of decision-making authority; 
(iv) external and internal communications and information sharing; 
(v) identification of requirements for the remediation of any identified 
weaknesses in information systems and associated controls;
(vi) documentation and reporting regarding cybersecurity events and related incident response activities;
(vii) recovery from backups; 
(viii) preparation of root cause analysis that describes how and why the event occurred, what business impact it had, and what will be done to prevent reoccurrence; and
(ix) updating of incident response plans as necessary.
",Semantic,Intersects with,7,10,No Gaps Identified,"GV.RM-09.02: The resilience program ensures that the organization can continue operating critical business functions and deliver services to stakeholders, to include critical infrastructure partners, during adverse incidents and cyber attacks (e.g., propagation of malware or extended system outages).",GOVERN / Risk Management Strategy  / Business Continuity & Resilience Risk Management,GV.RM-09.02
NYDFS-36,500.16 Incident response and business continuity management,500.16.a(1),"As part of its cybersecurity program, each covered entity shall establish written plans that contain proactive measures to investigate and mitigate cybersecurity events and to ensure operational resilience, including but not limited to incident response, business continuity and disaster recovery plans. 
(1) Incident response plan. Incident response plans shall be reasonably designed to enable prompt response to, and recovery from, any cybersecurity event materially affecting the confidentiality, integrity or availability of the covered entity’s information systems or the continuing functionality of any aspect of the covered entity’s business or operations. Such plans shall address the following areas with respect to different types of cybersecurity events, including disruptive events such as ransomware incidents:
(i) the goals of the incident response plan; 
(ii) the internal processes for responding to a cybersecurity event; 
(iii) the definition of clear roles, responsibilities and levels of decision-making authority; 
(iv) external and internal communications and information sharing; 
(v) identification of requirements for the remediation of any identified 
weaknesses in information systems and associated controls;
(vi) documentation and reporting regarding cybersecurity events and related incident response activities;
(vii) recovery from backups; 
(viii) preparation of root cause analysis that describes how and why the event occurred, what business impact it had, and what will be done to prevent reoccurrence; and
(ix) updating of incident response plans as necessary.
",Semantic,Intersects with,8,10,No Gaps Identified,"GV.SC-08.01: The organization's resilience strategy, plans, tests, and exercises incorporate its external dependencies and critical business partners.",GOVERN / Supply Chain Risk Management / Third Party Incident Management Integration,GV.SC-08.01
NYDFS-36,500.16 Incident response and business continuity management,500.16.a(1),"As part of its cybersecurity program, each covered entity shall establish written plans that contain proactive measures to investigate and mitigate cybersecurity events and to ensure operational resilience, including but not limited to incident response, business continuity and disaster recovery plans. 
(1) Incident response plan. Incident response plans shall be reasonably designed to enable prompt response to, and recovery from, any cybersecurity event materially affecting the confidentiality, integrity or availability of the covered entity’s information systems or the continuing functionality of any aspect of the covered entity’s business or operations. Such plans shall address the following areas with respect to different types of cybersecurity events, including disruptive events such as ransomware incidents:
(i) the goals of the incident response plan; 
(ii) the internal processes for responding to a cybersecurity event; 
(iii) the definition of clear roles, responsibilities and levels of decision-making authority; 
(iv) external and internal communications and information sharing; 
(v) identification of requirements for the remediation of any identified 
weaknesses in information systems and associated controls;
(vi) documentation and reporting regarding cybersecurity events and related incident response activities;
(vii) recovery from backups; 
(viii) preparation of root cause analysis that describes how and why the event occurred, what business impact it had, and what will be done to prevent reoccurrence; and
(ix) updating of incident response plans as necessary.
",Semantic,Superset of,7,10,No Gaps Identified,"GV.RR-02.03: Resilience program roles and responsibilities are assigned to management across the organization to ensure risk assessment, planning, testing, and execution coverage for all critical business functions.","GOVERN / Roles, Responsibilities, and Authorities / Risk Management Roles & Responsibilities",GV.RR-02.03
NYDFS-36,500.16 Incident response and business continuity management,500.16.a(1),"As part of its cybersecurity program, each covered entity shall establish written plans that contain proactive measures to investigate and mitigate cybersecurity events and to ensure operational resilience, including but not limited to incident response, business continuity and disaster recovery plans. 
(1) Incident response plan. Incident response plans shall be reasonably designed to enable prompt response to, and recovery from, any cybersecurity event materially affecting the confidentiality, integrity or availability of the covered entity’s information systems or the continuing functionality of any aspect of the covered entity’s business or operations. Such plans shall address the following areas with respect to different types of cybersecurity events, including disruptive events such as ransomware incidents:
(i) the goals of the incident response plan; 
(ii) the internal processes for responding to a cybersecurity event; 
(iii) the definition of clear roles, responsibilities and levels of decision-making authority; 
(iv) external and internal communications and information sharing; 
(v) identification of requirements for the remediation of any identified 
weaknesses in information systems and associated controls;
(vi) documentation and reporting regarding cybersecurity events and related incident response activities;
(vii) recovery from backups; 
(viii) preparation of root cause analysis that describes how and why the event occurred, what business impact it had, and what will be done to prevent reoccurrence; and
(ix) updating of incident response plans as necessary.
",Semantic,Intersects with,7,10,No Gaps Identified,"GV.PO-01.07: The organization maintains documented business continuity and resilience program policies and procedures approved by the governing authority (e.g., the Board or one of its committees).","GOVERN / Policies, Processes, and Procedures / Establishment of Policies & Procedures",GV.PO-01.07
NYDFS-36,500.16 Incident response and business continuity management,500.16.a(1),"As part of its cybersecurity program, each covered entity shall establish written plans that contain proactive measures to investigate and mitigate cybersecurity events and to ensure operational resilience, including but not limited to incident response, business continuity and disaster recovery plans. 
(1) Incident response plan. Incident response plans shall be reasonably designed to enable prompt response to, and recovery from, any cybersecurity event materially affecting the confidentiality, integrity or availability of the covered entity’s information systems or the continuing functionality of any aspect of the covered entity’s business or operations. Such plans shall address the following areas with respect to different types of cybersecurity events, including disruptive events such as ransomware incidents:
(i) the goals of the incident response plan; 
(ii) the internal processes for responding to a cybersecurity event; 
(iii) the definition of clear roles, responsibilities and levels of decision-making authority; 
(iv) external and internal communications and information sharing; 
(v) identification of requirements for the remediation of any identified 
weaknesses in information systems and associated controls;
(vi) documentation and reporting regarding cybersecurity events and related incident response activities;
(vii) recovery from backups; 
(viii) preparation of root cause analysis that describes how and why the event occurred, what business impact it had, and what will be done to prevent reoccurrence; and
(ix) updating of incident response plans as necessary.
",Semantic,Intersects with,5,10,No Gaps Identified,"ID.RA-06.06: The organization follows documented procedures, consistent with established risk response processes, for mitigating or accepting the risk of vulnerabilities or weaknesses identified in exercises and testing or when responding to incidents.",IDENTIFY / Risk Assessment / Risk Response Determination,ID.RA-06.06
NYDFS-36,500.16 Incident response and business continuity management,500.16.a(1),"As part of its cybersecurity program, each covered entity shall establish written plans that contain proactive measures to investigate and mitigate cybersecurity events and to ensure operational resilience, including but not limited to incident response, business continuity and disaster recovery plans. 
(1) Incident response plan. Incident response plans shall be reasonably designed to enable prompt response to, and recovery from, any cybersecurity event materially affecting the confidentiality, integrity or availability of the covered entity’s information systems or the continuing functionality of any aspect of the covered entity’s business or operations. Such plans shall address the following areas with respect to different types of cybersecurity events, including disruptive events such as ransomware incidents:
(i) the goals of the incident response plan; 
(ii) the internal processes for responding to a cybersecurity event; 
(iii) the definition of clear roles, responsibilities and levels of decision-making authority; 
(iv) external and internal communications and information sharing; 
(v) identification of requirements for the remediation of any identified 
weaknesses in information systems and associated controls;
(vi) documentation and reporting regarding cybersecurity events and related incident response activities;
(vii) recovery from backups; 
(viii) preparation of root cause analysis that describes how and why the event occurred, what business impact it had, and what will be done to prevent reoccurrence; and
(ix) updating of incident response plans as necessary.
",Semantic,Superset of,8,10,No Gaps Identified,"ID.IM-04.01: The organization's business continuity, disaster recovery, crisis management, and response plans are in place and managed, aligned with each other, and incorporate considerations of cyber incidents.",IDENTIFY / Improvement / Plans Affecting Operations,ID.IM-04.01
NYDFS-36,500.16 Incident response and business continuity management,500.16.a(1),"As part of its cybersecurity program, each covered entity shall establish written plans that contain proactive measures to investigate and mitigate cybersecurity events and to ensure operational resilience, including but not limited to incident response, business continuity and disaster recovery plans. 
(1) Incident response plan. Incident response plans shall be reasonably designed to enable prompt response to, and recovery from, any cybersecurity event materially affecting the confidentiality, integrity or availability of the covered entity’s information systems or the continuing functionality of any aspect of the covered entity’s business or operations. Such plans shall address the following areas with respect to different types of cybersecurity events, including disruptive events such as ransomware incidents:
(i) the goals of the incident response plan; 
(ii) the internal processes for responding to a cybersecurity event; 
(iii) the definition of clear roles, responsibilities and levels of decision-making authority; 
(iv) external and internal communications and information sharing; 
(v) identification of requirements for the remediation of any identified 
weaknesses in information systems and associated controls;
(vi) documentation and reporting regarding cybersecurity events and related incident response activities;
(vii) recovery from backups; 
(viii) preparation of root cause analysis that describes how and why the event occurred, what business impact it had, and what will be done to prevent reoccurrence; and
(ix) updating of incident response plans as necessary.
",Semantic,Superset of,7,10,No Gaps Identified,"ID.IM-04.02: The organization's incident response and business continuity plans contain clearly defined roles, responsibilities, and levels of decision-making authority, and include all needed areas of participation and expertise across the organization and key third-parties.",IDENTIFY / Improvement / Plans Affecting Operations,ID.IM-04.02
NYDFS-36,500.16 Incident response and business continuity management,500.16.a(1),"As part of its cybersecurity program, each covered entity shall establish written plans that contain proactive measures to investigate and mitigate cybersecurity events and to ensure operational resilience, including but not limited to incident response, business continuity and disaster recovery plans. 
(1) Incident response plan. Incident response plans shall be reasonably designed to enable prompt response to, and recovery from, any cybersecurity event materially affecting the confidentiality, integrity or availability of the covered entity’s information systems or the continuing functionality of any aspect of the covered entity’s business or operations. Such plans shall address the following areas with respect to different types of cybersecurity events, including disruptive events such as ransomware incidents:
(i) the goals of the incident response plan; 
(ii) the internal processes for responding to a cybersecurity event; 
(iii) the definition of clear roles, responsibilities and levels of decision-making authority; 
(iv) external and internal communications and information sharing; 
(v) identification of requirements for the remediation of any identified 
weaknesses in information systems and associated controls;
(vi) documentation and reporting regarding cybersecurity events and related incident response activities;
(vii) recovery from backups; 
(viii) preparation of root cause analysis that describes how and why the event occurred, what business impact it had, and what will be done to prevent reoccurrence; and
(ix) updating of incident response plans as necessary.
",Semantic,Superset of,7,10,No Gaps Identified,"ID.IM-04.03: Recovery plans include service resumption steps for all operating environments, including traditional, alternate recovery, and highly available (e.g., cloud) infrastructures.",IDENTIFY / Improvement / Plans Affecting Operations,ID.IM-04.03
NYDFS-36,500.16 Incident response and business continuity management,500.16.a(1),"As part of its cybersecurity program, each covered entity shall establish written plans that contain proactive measures to investigate and mitigate cybersecurity events and to ensure operational resilience, including but not limited to incident response, business continuity and disaster recovery plans. 
(1) Incident response plan. Incident response plans shall be reasonably designed to enable prompt response to, and recovery from, any cybersecurity event materially affecting the confidentiality, integrity or availability of the covered entity’s information systems or the continuing functionality of any aspect of the covered entity’s business or operations. Such plans shall address the following areas with respect to different types of cybersecurity events, including disruptive events such as ransomware incidents:
(i) the goals of the incident response plan; 
(ii) the internal processes for responding to a cybersecurity event; 
(iii) the definition of clear roles, responsibilities and levels of decision-making authority; 
(iv) external and internal communications and information sharing; 
(v) identification of requirements for the remediation of any identified 
weaknesses in information systems and associated controls;
(vi) documentation and reporting regarding cybersecurity events and related incident response activities;
(vii) recovery from backups; 
(viii) preparation of root cause analysis that describes how and why the event occurred, what business impact it had, and what will be done to prevent reoccurrence; and
(ix) updating of incident response plans as necessary.
",Semantic,Superset of,7,10,No Gaps Identified,"ID.IM-04.05: Recovery plans include restoration of resilience following a long term loss of capability (e.g., at an alternate site or a third-party), detailing when the plan should be activated and implementation steps.",IDENTIFY / Improvement / Plans Affecting Operations,ID.IM-04.05
NYDFS-36,500.16 Incident response and business continuity management,500.16.a(1),"As part of its cybersecurity program, each covered entity shall establish written plans that contain proactive measures to investigate and mitigate cybersecurity events and to ensure operational resilience, including but not limited to incident response, business continuity and disaster recovery plans. 
(1) Incident response plan. Incident response plans shall be reasonably designed to enable prompt response to, and recovery from, any cybersecurity event materially affecting the confidentiality, integrity or availability of the covered entity’s information systems or the continuing functionality of any aspect of the covered entity’s business or operations. Such plans shall address the following areas with respect to different types of cybersecurity events, including disruptive events such as ransomware incidents:
(i) the goals of the incident response plan; 
(ii) the internal processes for responding to a cybersecurity event; 
(iii) the definition of clear roles, responsibilities and levels of decision-making authority; 
(iv) external and internal communications and information sharing; 
(v) identification of requirements for the remediation of any identified 
weaknesses in information systems and associated controls;
(vi) documentation and reporting regarding cybersecurity events and related incident response activities;
(vii) recovery from backups; 
(viii) preparation of root cause analysis that describes how and why the event occurred, what business impact it had, and what will be done to prevent reoccurrence; and
(ix) updating of incident response plans as necessary.
",Semantic,Superset of,8,10,No Gaps Identified,"ID.IM-04.08: The organization regularly reviews response strategy, incident management plans, recovery plans, and associated tests and exercises and updates them, as necessary, based on:
(1) Lessons learned from incidents that have occurred (both internal and external to the organization);
(2) Current cyber threat intelligence (both internal and external sources);
(3) Recent and wide-scale cyber attack scenarios;
(4) Operationally and technically plausible future cyber attacks;
(5) Organizational or technical environment changes; and,
(6) New technological developments.",IDENTIFY / Improvement / Plans Affecting Operations,ID.IM-04.08
NYDFS-36,500.16 Incident response and business continuity management,500.16.a(1),"As part of its cybersecurity program, each covered entity shall establish written plans that contain proactive measures to investigate and mitigate cybersecurity events and to ensure operational resilience, including but not limited to incident response, business continuity and disaster recovery plans. 
(1) Incident response plan. Incident response plans shall be reasonably designed to enable prompt response to, and recovery from, any cybersecurity event materially affecting the confidentiality, integrity or availability of the covered entity’s information systems or the continuing functionality of any aspect of the covered entity’s business or operations. Such plans shall address the following areas with respect to different types of cybersecurity events, including disruptive events such as ransomware incidents:
(i) the goals of the incident response plan; 
(ii) the internal processes for responding to a cybersecurity event; 
(iii) the definition of clear roles, responsibilities and levels of decision-making authority; 
(iv) external and internal communications and information sharing; 
(v) identification of requirements for the remediation of any identified 
weaknesses in information systems and associated controls;
(vi) documentation and reporting regarding cybersecurity events and related incident response activities;
(vii) recovery from backups; 
(viii) preparation of root cause analysis that describes how and why the event occurred, what business impact it had, and what will be done to prevent reoccurrence; and
(ix) updating of incident response plans as necessary.
",Semantic,Intersects with,5,10,No Gaps Identified,PR.AT-02.03: All personnel (employee and third party) are made aware of and are trained for their role and operational steps in response and recovery plans.,PROTECT / Awareness and Training / Specialized Role Awareness & Training,PR.AT-02.03
NYDFS-36,500.16 Incident response and business continuity management,500.16.a(1),"As part of its cybersecurity program, each covered entity shall establish written plans that contain proactive measures to investigate and mitigate cybersecurity events and to ensure operational resilience, including but not limited to incident response, business continuity and disaster recovery plans. 
(1) Incident response plan. Incident response plans shall be reasonably designed to enable prompt response to, and recovery from, any cybersecurity event materially affecting the confidentiality, integrity or availability of the covered entity’s information systems or the continuing functionality of any aspect of the covered entity’s business or operations. Such plans shall address the following areas with respect to different types of cybersecurity events, including disruptive events such as ransomware incidents:
(i) the goals of the incident response plan; 
(ii) the internal processes for responding to a cybersecurity event; 
(iii) the definition of clear roles, responsibilities and levels of decision-making authority; 
(iv) external and internal communications and information sharing; 
(v) identification of requirements for the remediation of any identified 
weaknesses in information systems and associated controls;
(vi) documentation and reporting regarding cybersecurity events and related incident response activities;
(vii) recovery from backups; 
(viii) preparation of root cause analysis that describes how and why the event occurred, what business impact it had, and what will be done to prevent reoccurrence; and
(ix) updating of incident response plans as necessary.
",Semantic,Superset of,8,10,No Gaps Identified,"DE.AE-04.01: The organization has a documented process to analyze and triage incidents to assess root cause, technical impact, mitigation priority, and business impact on the organization, as well as across the financial sector and other third party stakeholders.",DETECT / Adverse Event Analysis / Impact & Scope Determination,DE.AE-04.01
NYDFS-36,500.16 Incident response and business continuity management,500.16.a(1),"As part of its cybersecurity program, each covered entity shall establish written plans that contain proactive measures to investigate and mitigate cybersecurity events and to ensure operational resilience, including but not limited to incident response, business continuity and disaster recovery plans. 
(1) Incident response plan. Incident response plans shall be reasonably designed to enable prompt response to, and recovery from, any cybersecurity event materially affecting the confidentiality, integrity or availability of the covered entity’s information systems or the continuing functionality of any aspect of the covered entity’s business or operations. Such plans shall address the following areas with respect to different types of cybersecurity events, including disruptive events such as ransomware incidents:
(i) the goals of the incident response plan; 
(ii) the internal processes for responding to a cybersecurity event; 
(iii) the definition of clear roles, responsibilities and levels of decision-making authority; 
(iv) external and internal communications and information sharing; 
(v) identification of requirements for the remediation of any identified 
weaknesses in information systems and associated controls;
(vi) documentation and reporting regarding cybersecurity events and related incident response activities;
(vii) recovery from backups; 
(viii) preparation of root cause analysis that describes how and why the event occurred, what business impact it had, and what will be done to prevent reoccurrence; and
(ix) updating of incident response plans as necessary.
",Semantic,Superset of,8,10,No Gaps Identified,"DE.AE-06.01: The organization has established processes and protocols to communicate, alert, and regularly report potential cyber attacks and incident information, including its corresponding analysis and cyber threat intelligence, to authorized internal and external stakeholders.",DETECT / Adverse Event Analysis / Event Information Sharing,DE.AE-06.01
NYDFS-36,500.16 Incident response and business continuity management,500.16.a(1),"As part of its cybersecurity program, each covered entity shall establish written plans that contain proactive measures to investigate and mitigate cybersecurity events and to ensure operational resilience, including but not limited to incident response, business continuity and disaster recovery plans. 
(1) Incident response plan. Incident response plans shall be reasonably designed to enable prompt response to, and recovery from, any cybersecurity event materially affecting the confidentiality, integrity or availability of the covered entity’s information systems or the continuing functionality of any aspect of the covered entity’s business or operations. Such plans shall address the following areas with respect to different types of cybersecurity events, including disruptive events such as ransomware incidents:
(i) the goals of the incident response plan; 
(ii) the internal processes for responding to a cybersecurity event; 
(iii) the definition of clear roles, responsibilities and levels of decision-making authority; 
(iv) external and internal communications and information sharing; 
(v) identification of requirements for the remediation of any identified 
weaknesses in information systems and associated controls;
(vi) documentation and reporting regarding cybersecurity events and related incident response activities;
(vii) recovery from backups; 
(viii) preparation of root cause analysis that describes how and why the event occurred, what business impact it had, and what will be done to prevent reoccurrence; and
(ix) updating of incident response plans as necessary.
",Semantic,Superset of,7,10,No Gaps Identified,RS.MA-05.01: The organization's incident response plans define severity levels and associated criteria for initiating response plans and escalating event response to appropriate stakeholders and management levels.,RESPOND / Incident Management / Recovery Initiation,RS.MA-05.01
NYDFS-36,500.16 Incident response and business continuity management,500.16.a(1),"As part of its cybersecurity program, each covered entity shall establish written plans that contain proactive measures to investigate and mitigate cybersecurity events and to ensure operational resilience, including but not limited to incident response, business continuity and disaster recovery plans. 
(1) Incident response plan. Incident response plans shall be reasonably designed to enable prompt response to, and recovery from, any cybersecurity event materially affecting the confidentiality, integrity or availability of the covered entity’s information systems or the continuing functionality of any aspect of the covered entity’s business or operations. Such plans shall address the following areas with respect to different types of cybersecurity events, including disruptive events such as ransomware incidents:
(i) the goals of the incident response plan; 
(ii) the internal processes for responding to a cybersecurity event; 
(iii) the definition of clear roles, responsibilities and levels of decision-making authority; 
(iv) external and internal communications and information sharing; 
(v) identification of requirements for the remediation of any identified 
weaknesses in information systems and associated controls;
(vi) documentation and reporting regarding cybersecurity events and related incident response activities;
(vii) recovery from backups; 
(viii) preparation of root cause analysis that describes how and why the event occurred, what business impact it had, and what will be done to prevent reoccurrence; and
(ix) updating of incident response plans as necessary.
",Semantic,Superset of,8,10,No Gaps Identified,"RS.AN-03.01: The organization performs a thorough investigation to determine the nature and scope of an event, possible root causes, and the potential damage inflicted.",RESPOND / Incident Analysis / Incident Analysis & Root Cause Determination,RS.AN-03.01
NYDFS-36,500.16 Incident response and business continuity management,500.16.a(1),"As part of its cybersecurity program, each covered entity shall establish written plans that contain proactive measures to investigate and mitigate cybersecurity events and to ensure operational resilience, including but not limited to incident response, business continuity and disaster recovery plans. 
(1) Incident response plan. Incident response plans shall be reasonably designed to enable prompt response to, and recovery from, any cybersecurity event materially affecting the confidentiality, integrity or availability of the covered entity’s information systems or the continuing functionality of any aspect of the covered entity’s business or operations. Such plans shall address the following areas with respect to different types of cybersecurity events, including disruptive events such as ransomware incidents:
(i) the goals of the incident response plan; 
(ii) the internal processes for responding to a cybersecurity event; 
(iii) the definition of clear roles, responsibilities and levels of decision-making authority; 
(iv) external and internal communications and information sharing; 
(v) identification of requirements for the remediation of any identified 
weaknesses in information systems and associated controls;
(vi) documentation and reporting regarding cybersecurity events and related incident response activities;
(vii) recovery from backups; 
(viii) preparation of root cause analysis that describes how and why the event occurred, what business impact it had, and what will be done to prevent reoccurrence; and
(ix) updating of incident response plans as necessary.
",Semantic,Superset of,8,10,No Gaps Identified,"RS.AN-08.01: Available incident information is assessed to determine the extent of impact to the organization and its stakeholders, the potential near- and long-term financial implications, and whether or not the incident constitutes a material event.",RESPOND / Incident Analysis / Incident Magnitude Determination,RS.AN-08.01
NYDFS-36,500.16 Incident response and business continuity management,500.16.a(1),"As part of its cybersecurity program, each covered entity shall establish written plans that contain proactive measures to investigate and mitigate cybersecurity events and to ensure operational resilience, including but not limited to incident response, business continuity and disaster recovery plans. 
(1) Incident response plan. Incident response plans shall be reasonably designed to enable prompt response to, and recovery from, any cybersecurity event materially affecting the confidentiality, integrity or availability of the covered entity’s information systems or the continuing functionality of any aspect of the covered entity’s business or operations. Such plans shall address the following areas with respect to different types of cybersecurity events, including disruptive events such as ransomware incidents:
(i) the goals of the incident response plan; 
(ii) the internal processes for responding to a cybersecurity event; 
(iii) the definition of clear roles, responsibilities and levels of decision-making authority; 
(iv) external and internal communications and information sharing; 
(v) identification of requirements for the remediation of any identified 
weaknesses in information systems and associated controls;
(vi) documentation and reporting regarding cybersecurity events and related incident response activities;
(vii) recovery from backups; 
(viii) preparation of root cause analysis that describes how and why the event occurred, what business impact it had, and what will be done to prevent reoccurrence; and
(ix) updating of incident response plans as necessary.
",Semantic,Superset of,7,10,No Gaps Identified,"RS.CO-02.01: The organization's incident response program includes defined and approved escalation protocols, linked to organizational decision levels and communication strategies, including which types of information will be shared, with whom (e.g., the organization's governing authority and senior management), and how information provided to the organization will be acted upon.",RESPOND / Incident Response Reporting and Communication / Stakeholder Incident Notification,RS.CO-02.01
NYDFS-36,500.16 Incident response and business continuity management,500.16.a(1),"As part of its cybersecurity program, each covered entity shall establish written plans that contain proactive measures to investigate and mitigate cybersecurity events and to ensure operational resilience, including but not limited to incident response, business continuity and disaster recovery plans. 
(1) Incident response plan. Incident response plans shall be reasonably designed to enable prompt response to, and recovery from, any cybersecurity event materially affecting the confidentiality, integrity or availability of the covered entity’s information systems or the continuing functionality of any aspect of the covered entity’s business or operations. Such plans shall address the following areas with respect to different types of cybersecurity events, including disruptive events such as ransomware incidents:
(i) the goals of the incident response plan; 
(ii) the internal processes for responding to a cybersecurity event; 
(iii) the definition of clear roles, responsibilities and levels of decision-making authority; 
(iv) external and internal communications and information sharing; 
(v) identification of requirements for the remediation of any identified 
weaknesses in information systems and associated controls;
(vi) documentation and reporting regarding cybersecurity events and related incident response activities;
(vii) recovery from backups; 
(viii) preparation of root cause analysis that describes how and why the event occurred, what business impact it had, and what will be done to prevent reoccurrence; and
(ix) updating of incident response plans as necessary.
",Semantic,Superset of,7,10,No Gaps Identified,"RS.CO-03.02: In the event of an incident, the organization shares authorized information, in a defined manner and through trusted channels, to facilitate the detection, response, resumption and recovery of its own systems and those of other partners and critical sector participants.",RESPOND / Incident Response Reporting and Communication / Stakeholder Incident Information Sharing,RS.CO-03.02
NYDFS-36,500.16 Incident response and business continuity management,500.16.a(1),"As part of its cybersecurity program, each covered entity shall establish written plans that contain proactive measures to investigate and mitigate cybersecurity events and to ensure operational resilience, including but not limited to incident response, business continuity and disaster recovery plans. 
(1) Incident response plan. Incident response plans shall be reasonably designed to enable prompt response to, and recovery from, any cybersecurity event materially affecting the confidentiality, integrity or availability of the covered entity’s information systems or the continuing functionality of any aspect of the covered entity’s business or operations. Such plans shall address the following areas with respect to different types of cybersecurity events, including disruptive events such as ransomware incidents:
(i) the goals of the incident response plan; 
(ii) the internal processes for responding to a cybersecurity event; 
(iii) the definition of clear roles, responsibilities and levels of decision-making authority; 
(iv) external and internal communications and information sharing; 
(v) identification of requirements for the remediation of any identified 
weaknesses in information systems and associated controls;
(vi) documentation and reporting regarding cybersecurity events and related incident response activities;
(vii) recovery from backups; 
(viii) preparation of root cause analysis that describes how and why the event occurred, what business impact it had, and what will be done to prevent reoccurrence; and
(ix) updating of incident response plans as necessary.
",Semantic,Intersects with,7,10,No Gaps Identified,"RC.RP-01.01: The organization executes its recovery plans, including incident recovery, disaster recovery, and business continuity plans, during or after an incident to resume operations.",RECOVER / Incident Recovery Plan Execution / Recovery Plan Execution,RC.RP-01.01
NYDFS-36,500.16 Incident response and business continuity management,500.16.a(1),"As part of its cybersecurity program, each covered entity shall establish written plans that contain proactive measures to investigate and mitigate cybersecurity events and to ensure operational resilience, including but not limited to incident response, business continuity and disaster recovery plans. 
(1) Incident response plan. Incident response plans shall be reasonably designed to enable prompt response to, and recovery from, any cybersecurity event materially affecting the confidentiality, integrity or availability of the covered entity’s information systems or the continuing functionality of any aspect of the covered entity’s business or operations. Such plans shall address the following areas with respect to different types of cybersecurity events, including disruptive events such as ransomware incidents:
(i) the goals of the incident response plan; 
(ii) the internal processes for responding to a cybersecurity event; 
(iii) the definition of clear roles, responsibilities and levels of decision-making authority; 
(iv) external and internal communications and information sharing; 
(v) identification of requirements for the remediation of any identified 
weaknesses in information systems and associated controls;
(vi) documentation and reporting regarding cybersecurity events and related incident response activities;
(vii) recovery from backups; 
(viii) preparation of root cause analysis that describes how and why the event occurred, what business impact it had, and what will be done to prevent reoccurrence; and
(ix) updating of incident response plans as necessary.
",Semantic,Superset of,7,10,No Gaps Identified,"RC.RP-02.02: Recovery plans are executed by first resuming critical services and core business functions, while minimizing any potential concurrent and widespread interruptions to interconnected entities and critical infrastructure, such as energy and telecommunications.",RECOVER / Incident Recovery Plan Execution / Recovery Action Performance,RC.RP-02.02
NYDFS-36,500.16 Incident response and business continuity management,500.16.a(1),"As part of its cybersecurity program, each covered entity shall establish written plans that contain proactive measures to investigate and mitigate cybersecurity events and to ensure operational resilience, including but not limited to incident response, business continuity and disaster recovery plans. 
(1) Incident response plan. Incident response plans shall be reasonably designed to enable prompt response to, and recovery from, any cybersecurity event materially affecting the confidentiality, integrity or availability of the covered entity’s information systems or the continuing functionality of any aspect of the covered entity’s business or operations. Such plans shall address the following areas with respect to different types of cybersecurity events, including disruptive events such as ransomware incidents:
(i) the goals of the incident response plan; 
(ii) the internal processes for responding to a cybersecurity event; 
(iii) the definition of clear roles, responsibilities and levels of decision-making authority; 
(iv) external and internal communications and information sharing; 
(v) identification of requirements for the remediation of any identified 
weaknesses in information systems and associated controls;
(vi) documentation and reporting regarding cybersecurity events and related incident response activities;
(vii) recovery from backups; 
(viii) preparation of root cause analysis that describes how and why the event occurred, what business impact it had, and what will be done to prevent reoccurrence; and
(ix) updating of incident response plans as necessary.
",Semantic,Superset of,5,10,No Gaps Identified,"RC.RP-03.01: Restoration steps include the verification of backups, data replications, system images, and other restoration assets prior to continued use.",RECOVER / Incident Recovery Plan Execution / Backup & Restoration Asset Integrity,RC.RP-03.01
NYDFS-36,500.16 Incident response and business continuity management,500.16.a(1),"As part of its cybersecurity program, each covered entity shall establish written plans that contain proactive measures to investigate and mitigate cybersecurity events and to ensure operational resilience, including but not limited to incident response, business continuity and disaster recovery plans. 
(1) Incident response plan. Incident response plans shall be reasonably designed to enable prompt response to, and recovery from, any cybersecurity event materially affecting the confidentiality, integrity or availability of the covered entity’s information systems or the continuing functionality of any aspect of the covered entity’s business or operations. Such plans shall address the following areas with respect to different types of cybersecurity events, including disruptive events such as ransomware incidents:
(i) the goals of the incident response plan; 
(ii) the internal processes for responding to a cybersecurity event; 
(iii) the definition of clear roles, responsibilities and levels of decision-making authority; 
(iv) external and internal communications and information sharing; 
(v) identification of requirements for the remediation of any identified 
weaknesses in information systems and associated controls;
(vi) documentation and reporting regarding cybersecurity events and related incident response activities;
(vii) recovery from backups; 
(viii) preparation of root cause analysis that describes how and why the event occurred, what business impact it had, and what will be done to prevent reoccurrence; and
(ix) updating of incident response plans as necessary.
",Semantic,Superset of,8,10,No Gaps Identified,"RC.RP-06.01: Incident management activities are closed under defined conditions and documentation to support subsequent post-mortem review, process improvement, and any follow-on activities is collected and verified.",RECOVER / Incident Recovery Plan Execution / End-of-Incident Determination,RC.RP-06.01
NYDFS-36,500.16 Incident response and business continuity management,500.16.a(1),"As part of its cybersecurity program, each covered entity shall establish written plans that contain proactive measures to investigate and mitigate cybersecurity events and to ensure operational resilience, including but not limited to incident response, business continuity and disaster recovery plans. 
(1) Incident response plan. Incident response plans shall be reasonably designed to enable prompt response to, and recovery from, any cybersecurity event materially affecting the confidentiality, integrity or availability of the covered entity’s information systems or the continuing functionality of any aspect of the covered entity’s business or operations. Such plans shall address the following areas with respect to different types of cybersecurity events, including disruptive events such as ransomware incidents:
(i) the goals of the incident response plan; 
(ii) the internal processes for responding to a cybersecurity event; 
(iii) the definition of clear roles, responsibilities and levels of decision-making authority; 
(iv) external and internal communications and information sharing; 
(v) identification of requirements for the remediation of any identified 
weaknesses in information systems and associated controls;
(vi) documentation and reporting regarding cybersecurity events and related incident response activities;
(vii) recovery from backups; 
(viii) preparation of root cause analysis that describes how and why the event occurred, what business impact it had, and what will be done to prevent reoccurrence; and
(ix) updating of incident response plans as necessary.
",Semantic,Superset of,5,10,No Gaps Identified,"RC.CO-03.01: The organization timely involves and communicates the recovery activities, procedures, cyber risk management issues to the governing body (e.g., the Board or one of its committees), senior management, incident management support teams, and relevant internal stakeholders.",RECOVER / Incident Recovery Communication / Recovery Activity Communication,RC.CO-03.01
NYDFS-36,500.16 Incident response and business continuity management,500.16.a(1),"As part of its cybersecurity program, each covered entity shall establish written plans that contain proactive measures to investigate and mitigate cybersecurity events and to ensure operational resilience, including but not limited to incident response, business continuity and disaster recovery plans. 
(1) Incident response plan. Incident response plans shall be reasonably designed to enable prompt response to, and recovery from, any cybersecurity event materially affecting the confidentiality, integrity or availability of the covered entity’s information systems or the continuing functionality of any aspect of the covered entity’s business or operations. Such plans shall address the following areas with respect to different types of cybersecurity events, including disruptive events such as ransomware incidents:
(i) the goals of the incident response plan; 
(ii) the internal processes for responding to a cybersecurity event; 
(iii) the definition of clear roles, responsibilities and levels of decision-making authority; 
(iv) external and internal communications and information sharing; 
(v) identification of requirements for the remediation of any identified 
weaknesses in information systems and associated controls;
(vi) documentation and reporting regarding cybersecurity events and related incident response activities;
(vii) recovery from backups; 
(viii) preparation of root cause analysis that describes how and why the event occurred, what business impact it had, and what will be done to prevent reoccurrence; and
(ix) updating of incident response plans as necessary.
",Semantic,Intersects with,5,10,No Gaps Identified,"EX.MM-02.02: A process is in place to confirm that the organization's critical third-party service providers maintain their business continuity programs, conduct regular resiliency testing, and participate in joint and/or bilateral recovery exercises and tests.",EXTEND / Monitoring and Managing Suppliers / Ongoing Third-Party Management,EX.MM-02.02
NYDFS-37,500.16 Incident response and business continuity management,500.16.a(2),"(2) Business continuity and disaster recovery (BCDR) plan. BCDR plans shall be reasonably designed to ensure the availability and functionality of the covered entity’s information systems and material services and protect the covered entity’s personnel, assets and nonpublic information in the event of a cybersecurity-related disruption to its normal 
business activities. Such plans shall, at minimum: 
(i) identify documents, data, facilities, infrastructure, services, personnel and competencies essential to the continued operations of the covered entity’s business;
(ii) identify the supervisory personnel responsible for implementing each aspect of the BCDR plan;
(iii) include a plan to communicate with essential persons in the event of a 
cybersecurity-related disruption to the operations of the covered entity, including employees, counterparties, regulatory authorities, third-party service providers, disaster recovery specialists, the senior governing body and any other persons essential to the recovery of documentation and data and the resumption of operations; 
(iv) include procedures for the timely recovery of critical data and information systems and to resume operations as soon as reasonably possible following a cybersecurity-related disruption to normal business activities;
(v) include procedures for backing up or copying, with sufficient frequency, 
information essential to the operations of the covered entity and storing such information offsite; and
(vi) identify third parties that are necessary to the continued operations of the covered entity’s information systems.",Semantic,Superset of,7,10,No Gaps Identified,"GV.OC-04.03: Resilience requirements to support the delivery of critical services are established for all operating states (e.g., under duress/attack, during recovery, and normal operations).",GOVERN / Organizational Context / Stakeholder Service Expectations,GV.OC-04.03
NYDFS-37,500.16 Incident response and business continuity management,500.16.a(2),"(2) Business continuity and disaster recovery (BCDR) plan. BCDR plans shall be reasonably designed to ensure the availability and functionality of the covered entity’s information systems and material services and protect the covered entity’s personnel, assets and nonpublic information in the event of a cybersecurity-related disruption to its normal 
business activities. Such plans shall, at minimum: 
(i) identify documents, data, facilities, infrastructure, services, personnel and competencies essential to the continued operations of the covered entity’s business;
(ii) identify the supervisory personnel responsible for implementing each aspect of the BCDR plan;
(iii) include a plan to communicate with essential persons in the event of a 
cybersecurity-related disruption to the operations of the covered entity, including employees, counterparties, regulatory authorities, third-party service providers, disaster recovery specialists, the senior governing body and any other persons essential to the recovery of documentation and data and the resumption of operations; 
(iv) include procedures for the timely recovery of critical data and information systems and to resume operations as soon as reasonably possible following a cybersecurity-related disruption to normal business activities;
(v) include procedures for backing up or copying, with sufficient frequency, 
information essential to the operations of the covered entity and storing such information offsite; and
(vi) identify third parties that are necessary to the continued operations of the covered entity’s information systems.",Semantic,Intersects with,7,10,No Gaps Identified,"GV.OC-04.04: The organization prioritizes the resilience design, planning, testing, and monitoring of systems and other key internal and external dependencies according to their criticality to the supported business functions, enterprise mission, and to the financial services sector.",GOVERN / Organizational Context / Stakeholder Service Expectations,GV.OC-04.04
NYDFS-37,500.16 Incident response and business continuity management,500.16.a(2),"(2) Business continuity and disaster recovery (BCDR) plan. BCDR plans shall be reasonably designed to ensure the availability and functionality of the covered entity’s information systems and material services and protect the covered entity’s personnel, assets and nonpublic information in the event of a cybersecurity-related disruption to its normal 
business activities. Such plans shall, at minimum: 
(i) identify documents, data, facilities, infrastructure, services, personnel and competencies essential to the continued operations of the covered entity’s business;
(ii) identify the supervisory personnel responsible for implementing each aspect of the BCDR plan;
(iii) include a plan to communicate with essential persons in the event of a 
cybersecurity-related disruption to the operations of the covered entity, including employees, counterparties, regulatory authorities, third-party service providers, disaster recovery specialists, the senior governing body and any other persons essential to the recovery of documentation and data and the resumption of operations; 
(iv) include procedures for the timely recovery of critical data and information systems and to resume operations as soon as reasonably possible following a cybersecurity-related disruption to normal business activities;
(v) include procedures for backing up or copying, with sufficient frequency, 
information essential to the operations of the covered entity and storing such information offsite; and
(vi) identify third parties that are necessary to the continued operations of the covered entity’s information systems.",Semantic,Intersects with,5,10,No Gaps Identified,"GV.OC-05.03: The organization defines objectives (e.g., Recovery Time Objective, Maximum Tolerable Downtime, Impact Tolerance) for the resumption of critical operations in alignment with business imperatives, stakeholder obligations, and critical infrastructure dependencies.",GOVERN / Organizational Context / Organizational Service Dependencies,GV.OC-05.03
NYDFS-37,500.16 Incident response and business continuity management,500.16.a(2),"(2) Business continuity and disaster recovery (BCDR) plan. BCDR plans shall be reasonably designed to ensure the availability and functionality of the covered entity’s information systems and material services and protect the covered entity’s personnel, assets and nonpublic information in the event of a cybersecurity-related disruption to its normal 
business activities. Such plans shall, at minimum: 
(i) identify documents, data, facilities, infrastructure, services, personnel and competencies essential to the continued operations of the covered entity’s business;
(ii) identify the supervisory personnel responsible for implementing each aspect of the BCDR plan;
(iii) include a plan to communicate with essential persons in the event of a 
cybersecurity-related disruption to the operations of the covered entity, including employees, counterparties, regulatory authorities, third-party service providers, disaster recovery specialists, the senior governing body and any other persons essential to the recovery of documentation and data and the resumption of operations; 
(iv) include procedures for the timely recovery of critical data and information systems and to resume operations as soon as reasonably possible following a cybersecurity-related disruption to normal business activities;
(v) include procedures for backing up or copying, with sufficient frequency, 
information essential to the operations of the covered entity and storing such information offsite; and
(vi) identify third parties that are necessary to the continued operations of the covered entity’s information systems.",Semantic,Intersects with,7,10,No Gaps Identified,"GV.OC-05.04: Recovery point objectives to support data integrity are consistent with the organization's recovery time objectives, information flow dependencies between systems, and business obligations.",GOVERN / Organizational Context / Organizational Service Dependencies,GV.OC-05.04
NYDFS-37,500.16 Incident response and business continuity management,500.16.a(2),"(2) Business continuity and disaster recovery (BCDR) plan. BCDR plans shall be reasonably designed to ensure the availability and functionality of the covered entity’s information systems and material services and protect the covered entity’s personnel, assets and nonpublic information in the event of a cybersecurity-related disruption to its normal 
business activities. Such plans shall, at minimum: 
(i) identify documents, data, facilities, infrastructure, services, personnel and competencies essential to the continued operations of the covered entity’s business;
(ii) identify the supervisory personnel responsible for implementing each aspect of the BCDR plan;
(iii) include a plan to communicate with essential persons in the event of a 
cybersecurity-related disruption to the operations of the covered entity, including employees, counterparties, regulatory authorities, third-party service providers, disaster recovery specialists, the senior governing body and any other persons essential to the recovery of documentation and data and the resumption of operations; 
(iv) include procedures for the timely recovery of critical data and information systems and to resume operations as soon as reasonably possible following a cybersecurity-related disruption to normal business activities;
(v) include procedures for backing up or copying, with sufficient frequency, 
information essential to the operations of the covered entity and storing such information offsite; and
(vi) identify third parties that are necessary to the continued operations of the covered entity’s information systems.",Semantic,Superset of,8,10,No Gaps Identified,"GV.RM-09.02: The resilience program ensures that the organization can continue operating critical business functions and deliver services to stakeholders, to include critical infrastructure partners, during adverse incidents and cyber attacks (e.g., propagation of malware or extended system outages).",GOVERN / Risk Management Strategy  / Business Continuity & Resilience Risk Management,GV.RM-09.02
NYDFS-37,500.16 Incident response and business continuity management,500.16.a(2),"(2) Business continuity and disaster recovery (BCDR) plan. BCDR plans shall be reasonably designed to ensure the availability and functionality of the covered entity’s information systems and material services and protect the covered entity’s personnel, assets and nonpublic information in the event of a cybersecurity-related disruption to its normal 
business activities. Such plans shall, at minimum: 
(i) identify documents, data, facilities, infrastructure, services, personnel and competencies essential to the continued operations of the covered entity’s business;
(ii) identify the supervisory personnel responsible for implementing each aspect of the BCDR plan;
(iii) include a plan to communicate with essential persons in the event of a 
cybersecurity-related disruption to the operations of the covered entity, including employees, counterparties, regulatory authorities, third-party service providers, disaster recovery specialists, the senior governing body and any other persons essential to the recovery of documentation and data and the resumption of operations; 
(iv) include procedures for the timely recovery of critical data and information systems and to resume operations as soon as reasonably possible following a cybersecurity-related disruption to normal business activities;
(v) include procedures for backing up or copying, with sufficient frequency, 
information essential to the operations of the covered entity and storing such information offsite; and
(vi) identify third parties that are necessary to the continued operations of the covered entity’s information systems.",Semantic,Intersects with,7,10,No Gaps Identified,"GV.SC-08.01: The organization's resilience strategy, plans, tests, and exercises incorporate its external dependencies and critical business partners.",GOVERN / Supply Chain Risk Management / Third Party Incident Management Integration,GV.SC-08.01
NYDFS-37,500.16 Incident response and business continuity management,500.16.a(2),"(2) Business continuity and disaster recovery (BCDR) plan. BCDR plans shall be reasonably designed to ensure the availability and functionality of the covered entity’s information systems and material services and protect the covered entity’s personnel, assets and nonpublic information in the event of a cybersecurity-related disruption to its normal 
business activities. Such plans shall, at minimum: 
(i) identify documents, data, facilities, infrastructure, services, personnel and competencies essential to the continued operations of the covered entity’s business;
(ii) identify the supervisory personnel responsible for implementing each aspect of the BCDR plan;
(iii) include a plan to communicate with essential persons in the event of a 
cybersecurity-related disruption to the operations of the covered entity, including employees, counterparties, regulatory authorities, third-party service providers, disaster recovery specialists, the senior governing body and any other persons essential to the recovery of documentation and data and the resumption of operations; 
(iv) include procedures for the timely recovery of critical data and information systems and to resume operations as soon as reasonably possible following a cybersecurity-related disruption to normal business activities;
(v) include procedures for backing up or copying, with sufficient frequency, 
information essential to the operations of the covered entity and storing such information offsite; and
(vi) identify third parties that are necessary to the continued operations of the covered entity’s information systems.",Semantic,Superset of,8,10,No Gaps Identified,"GV.RR-02.03: Resilience program roles and responsibilities are assigned to management across the organization to ensure risk assessment, planning, testing, and execution coverage for all critical business functions.","GOVERN / Roles, Responsibilities, and Authorities / Risk Management Roles & Responsibilities",GV.RR-02.03
NYDFS-37,500.16 Incident response and business continuity management,500.16.a(2),"(2) Business continuity and disaster recovery (BCDR) plan. BCDR plans shall be reasonably designed to ensure the availability and functionality of the covered entity’s information systems and material services and protect the covered entity’s personnel, assets and nonpublic information in the event of a cybersecurity-related disruption to its normal 
business activities. Such plans shall, at minimum: 
(i) identify documents, data, facilities, infrastructure, services, personnel and competencies essential to the continued operations of the covered entity’s business;
(ii) identify the supervisory personnel responsible for implementing each aspect of the BCDR plan;
(iii) include a plan to communicate with essential persons in the event of a 
cybersecurity-related disruption to the operations of the covered entity, including employees, counterparties, regulatory authorities, third-party service providers, disaster recovery specialists, the senior governing body and any other persons essential to the recovery of documentation and data and the resumption of operations; 
(iv) include procedures for the timely recovery of critical data and information systems and to resume operations as soon as reasonably possible following a cybersecurity-related disruption to normal business activities;
(v) include procedures for backing up or copying, with sufficient frequency, 
information essential to the operations of the covered entity and storing such information offsite; and
(vi) identify third parties that are necessary to the continued operations of the covered entity’s information systems.",Semantic,Intersects with,8,10,No Gaps Identified,"GV.PO-01.07: The organization maintains documented business continuity and resilience program policies and procedures approved by the governing authority (e.g., the Board or one of its committees).","GOVERN / Policies, Processes, and Procedures / Establishment of Policies & Procedures",GV.PO-01.07
NYDFS-37,500.16 Incident response and business continuity management,500.16.a(2),"(2) Business continuity and disaster recovery (BCDR) plan. BCDR plans shall be reasonably designed to ensure the availability and functionality of the covered entity’s information systems and material services and protect the covered entity’s personnel, assets and nonpublic information in the event of a cybersecurity-related disruption to its normal 
business activities. Such plans shall, at minimum: 
(i) identify documents, data, facilities, infrastructure, services, personnel and competencies essential to the continued operations of the covered entity’s business;
(ii) identify the supervisory personnel responsible for implementing each aspect of the BCDR plan;
(iii) include a plan to communicate with essential persons in the event of a 
cybersecurity-related disruption to the operations of the covered entity, including employees, counterparties, regulatory authorities, third-party service providers, disaster recovery specialists, the senior governing body and any other persons essential to the recovery of documentation and data and the resumption of operations; 
(iv) include procedures for the timely recovery of critical data and information systems and to resume operations as soon as reasonably possible following a cybersecurity-related disruption to normal business activities;
(v) include procedures for backing up or copying, with sufficient frequency, 
information essential to the operations of the covered entity and storing such information offsite; and
(vi) identify third parties that are necessary to the continued operations of the covered entity’s information systems.",Semantic,Intersects with,8,10,No Gaps Identified,"ID.IM-02.04: The organization's testing program validates the effectiveness of its resilience strategy and response, disaster recovery, and resumption plans on a regular basis or upon major changes to business or system functions, and includes external stakeholders as required.",IDENTIFY / Improvement / Tests & Exercises,ID.IM-02.04
NYDFS-37,500.16 Incident response and business continuity management,500.16.a(2),"(2) Business continuity and disaster recovery (BCDR) plan. BCDR plans shall be reasonably designed to ensure the availability and functionality of the covered entity’s information systems and material services and protect the covered entity’s personnel, assets and nonpublic information in the event of a cybersecurity-related disruption to its normal 
business activities. Such plans shall, at minimum: 
(i) identify documents, data, facilities, infrastructure, services, personnel and competencies essential to the continued operations of the covered entity’s business;
(ii) identify the supervisory personnel responsible for implementing each aspect of the BCDR plan;
(iii) include a plan to communicate with essential persons in the event of a 
cybersecurity-related disruption to the operations of the covered entity, including employees, counterparties, regulatory authorities, third-party service providers, disaster recovery specialists, the senior governing body and any other persons essential to the recovery of documentation and data and the resumption of operations; 
(iv) include procedures for the timely recovery of critical data and information systems and to resume operations as soon as reasonably possible following a cybersecurity-related disruption to normal business activities;
(v) include procedures for backing up or copying, with sufficient frequency, 
information essential to the operations of the covered entity and storing such information offsite; and
(vi) identify third parties that are necessary to the continued operations of the covered entity’s information systems.",Semantic,Intersects with,8,10,No Gaps Identified,"ID.IM-02.06: The organization designs and tests its systems and processes, and employs third-party support resources (e.g., Sheltered Harbor), to enable recovery of accurate data (e.g., material financial transactions) sufficient to support defined business recovery time and recovery point objectives.",IDENTIFY / Improvement / Tests & Exercises,ID.IM-02.06
NYDFS-37,500.16 Incident response and business continuity management,500.16.a(2),"(2) Business continuity and disaster recovery (BCDR) plan. BCDR plans shall be reasonably designed to ensure the availability and functionality of the covered entity’s information systems and material services and protect the covered entity’s personnel, assets and nonpublic information in the event of a cybersecurity-related disruption to its normal 
business activities. Such plans shall, at minimum: 
(i) identify documents, data, facilities, infrastructure, services, personnel and competencies essential to the continued operations of the covered entity’s business;
(ii) identify the supervisory personnel responsible for implementing each aspect of the BCDR plan;
(iii) include a plan to communicate with essential persons in the event of a 
cybersecurity-related disruption to the operations of the covered entity, including employees, counterparties, regulatory authorities, third-party service providers, disaster recovery specialists, the senior governing body and any other persons essential to the recovery of documentation and data and the resumption of operations; 
(iv) include procedures for the timely recovery of critical data and information systems and to resume operations as soon as reasonably possible following a cybersecurity-related disruption to normal business activities;
(v) include procedures for backing up or copying, with sufficient frequency, 
information essential to the operations of the covered entity and storing such information offsite; and
(vi) identify third parties that are necessary to the continued operations of the covered entity’s information systems.",Semantic,Superset of,8,10,No Gaps Identified,"ID.IM-04.01: The organization's business continuity, disaster recovery, crisis management, and response plans are in place and managed, aligned with each other, and incorporate considerations of cyber incidents.",IDENTIFY / Improvement / Plans Affecting Operations,ID.IM-04.01
NYDFS-37,500.16 Incident response and business continuity management,500.16.a(2),"(2) Business continuity and disaster recovery (BCDR) plan. BCDR plans shall be reasonably designed to ensure the availability and functionality of the covered entity’s information systems and material services and protect the covered entity’s personnel, assets and nonpublic information in the event of a cybersecurity-related disruption to its normal 
business activities. Such plans shall, at minimum: 
(i) identify documents, data, facilities, infrastructure, services, personnel and competencies essential to the continued operations of the covered entity’s business;
(ii) identify the supervisory personnel responsible for implementing each aspect of the BCDR plan;
(iii) include a plan to communicate with essential persons in the event of a 
cybersecurity-related disruption to the operations of the covered entity, including employees, counterparties, regulatory authorities, third-party service providers, disaster recovery specialists, the senior governing body and any other persons essential to the recovery of documentation and data and the resumption of operations; 
(iv) include procedures for the timely recovery of critical data and information systems and to resume operations as soon as reasonably possible following a cybersecurity-related disruption to normal business activities;
(v) include procedures for backing up or copying, with sufficient frequency, 
information essential to the operations of the covered entity and storing such information offsite; and
(vi) identify third parties that are necessary to the continued operations of the covered entity’s information systems.",Semantic,Superset of,7,10,No Gaps Identified,"ID.IM-04.03: Recovery plans include service resumption steps for all operating environments, including traditional, alternate recovery, and highly available (e.g., cloud) infrastructures.",IDENTIFY / Improvement / Plans Affecting Operations,ID.IM-04.03
NYDFS-37,500.16 Incident response and business continuity management,500.16.a(2),"(2) Business continuity and disaster recovery (BCDR) plan. BCDR plans shall be reasonably designed to ensure the availability and functionality of the covered entity’s information systems and material services and protect the covered entity’s personnel, assets and nonpublic information in the event of a cybersecurity-related disruption to its normal 
business activities. Such plans shall, at minimum: 
(i) identify documents, data, facilities, infrastructure, services, personnel and competencies essential to the continued operations of the covered entity’s business;
(ii) identify the supervisory personnel responsible for implementing each aspect of the BCDR plan;
(iii) include a plan to communicate with essential persons in the event of a 
cybersecurity-related disruption to the operations of the covered entity, including employees, counterparties, regulatory authorities, third-party service providers, disaster recovery specialists, the senior governing body and any other persons essential to the recovery of documentation and data and the resumption of operations; 
(iv) include procedures for the timely recovery of critical data and information systems and to resume operations as soon as reasonably possible following a cybersecurity-related disruption to normal business activities;
(v) include procedures for backing up or copying, with sufficient frequency, 
information essential to the operations of the covered entity and storing such information offsite; and
(vi) identify third parties that are necessary to the continued operations of the covered entity’s information systems.",Semantic,Superset of,7,10,No Gaps Identified,"ID.IM-04.05: Recovery plans include restoration of resilience following a long term loss of capability (e.g., at an alternate site or a third-party), detailing when the plan should be activated and implementation steps.",IDENTIFY / Improvement / Plans Affecting Operations,ID.IM-04.05
NYDFS-37,500.16 Incident response and business continuity management,500.16.a(2),"(2) Business continuity and disaster recovery (BCDR) plan. BCDR plans shall be reasonably designed to ensure the availability and functionality of the covered entity’s information systems and material services and protect the covered entity’s personnel, assets and nonpublic information in the event of a cybersecurity-related disruption to its normal 
business activities. Such plans shall, at minimum: 
(i) identify documents, data, facilities, infrastructure, services, personnel and competencies essential to the continued operations of the covered entity’s business;
(ii) identify the supervisory personnel responsible for implementing each aspect of the BCDR plan;
(iii) include a plan to communicate with essential persons in the event of a 
cybersecurity-related disruption to the operations of the covered entity, including employees, counterparties, regulatory authorities, third-party service providers, disaster recovery specialists, the senior governing body and any other persons essential to the recovery of documentation and data and the resumption of operations; 
(iv) include procedures for the timely recovery of critical data and information systems and to resume operations as soon as reasonably possible following a cybersecurity-related disruption to normal business activities;
(v) include procedures for backing up or copying, with sufficient frequency, 
information essential to the operations of the covered entity and storing such information offsite; and
(vi) identify third parties that are necessary to the continued operations of the covered entity’s information systems.",Semantic,Intersects with,7,10,No Gaps Identified,"ID.IM-04.08: The organization regularly reviews response strategy, incident management plans, recovery plans, and associated tests and exercises and updates them, as necessary, based on:
(1) Lessons learned from incidents that have occurred (both internal and external to the organization);
(2) Current cyber threat intelligence (both internal and external sources);
(3) Recent and wide-scale cyber attack scenarios;
(4) Operationally and technically plausible future cyber attacks;
(5) Organizational or technical environment changes; and,
(6) New technological developments.",IDENTIFY / Improvement / Plans Affecting Operations,ID.IM-04.08
NYDFS-37,500.16 Incident response and business continuity management,500.16.a(2),"(2) Business continuity and disaster recovery (BCDR) plan. BCDR plans shall be reasonably designed to ensure the availability and functionality of the covered entity’s information systems and material services and protect the covered entity’s personnel, assets and nonpublic information in the event of a cybersecurity-related disruption to its normal 
business activities. Such plans shall, at minimum: 
(i) identify documents, data, facilities, infrastructure, services, personnel and competencies essential to the continued operations of the covered entity’s business;
(ii) identify the supervisory personnel responsible for implementing each aspect of the BCDR plan;
(iii) include a plan to communicate with essential persons in the event of a 
cybersecurity-related disruption to the operations of the covered entity, including employees, counterparties, regulatory authorities, third-party service providers, disaster recovery specialists, the senior governing body and any other persons essential to the recovery of documentation and data and the resumption of operations; 
(iv) include procedures for the timely recovery of critical data and information systems and to resume operations as soon as reasonably possible following a cybersecurity-related disruption to normal business activities;
(v) include procedures for backing up or copying, with sufficient frequency, 
information essential to the operations of the covered entity and storing such information offsite; and
(vi) identify third parties that are necessary to the continued operations of the covered entity’s information systems.",Semantic,Intersects with,7,10,No Gaps Identified,PR.AT-02.03: All personnel (employee and third party) are made aware of and are trained for their role and operational steps in response and recovery plans.,PROTECT / Awareness and Training / Specialized Role Awareness & Training,PR.AT-02.03
NYDFS-37,500.16 Incident response and business continuity management,500.16.a(2),"(2) Business continuity and disaster recovery (BCDR) plan. BCDR plans shall be reasonably designed to ensure the availability and functionality of the covered entity’s information systems and material services and protect the covered entity’s personnel, assets and nonpublic information in the event of a cybersecurity-related disruption to its normal 
business activities. Such plans shall, at minimum: 
(i) identify documents, data, facilities, infrastructure, services, personnel and competencies essential to the continued operations of the covered entity’s business;
(ii) identify the supervisory personnel responsible for implementing each aspect of the BCDR plan;
(iii) include a plan to communicate with essential persons in the event of a 
cybersecurity-related disruption to the operations of the covered entity, including employees, counterparties, regulatory authorities, third-party service providers, disaster recovery specialists, the senior governing body and any other persons essential to the recovery of documentation and data and the resumption of operations; 
(iv) include procedures for the timely recovery of critical data and information systems and to resume operations as soon as reasonably possible following a cybersecurity-related disruption to normal business activities;
(v) include procedures for backing up or copying, with sufficient frequency, 
information essential to the operations of the covered entity and storing such information offsite; and
(vi) identify third parties that are necessary to the continued operations of the covered entity’s information systems.",Semantic,Intersects with,5,10,No Gaps Identified,"PR.DS-11.01: The organization defines and implements standards and procedures for configuring and performing backups and data replications, including defining backup requirements by data/application/infrastructure criticality, segregating (e.g., air-gapping) and securing backups, verifying backup integrity, and performing backup restoration testing.",PROTECT / Data Security / Data Backup,PR.DS-11.01
NYDFS-37,500.16 Incident response and business continuity management,500.16.a(2),"(2) Business continuity and disaster recovery (BCDR) plan. BCDR plans shall be reasonably designed to ensure the availability and functionality of the covered entity’s information systems and material services and protect the covered entity’s personnel, assets and nonpublic information in the event of a cybersecurity-related disruption to its normal 
business activities. Such plans shall, at minimum: 
(i) identify documents, data, facilities, infrastructure, services, personnel and competencies essential to the continued operations of the covered entity’s business;
(ii) identify the supervisory personnel responsible for implementing each aspect of the BCDR plan;
(iii) include a plan to communicate with essential persons in the event of a 
cybersecurity-related disruption to the operations of the covered entity, including employees, counterparties, regulatory authorities, third-party service providers, disaster recovery specialists, the senior governing body and any other persons essential to the recovery of documentation and data and the resumption of operations; 
(iv) include procedures for the timely recovery of critical data and information systems and to resume operations as soon as reasonably possible following a cybersecurity-related disruption to normal business activities;
(v) include procedures for backing up or copying, with sufficient frequency, 
information essential to the operations of the covered entity and storing such information offsite; and
(vi) identify third parties that are necessary to the continued operations of the covered entity’s information systems.",Semantic,Intersects with,8,10,No Gaps Identified,"RS.CO-02.03: The organization maintains and regularly tests incident response communication procedures, with associated contact lists, call trees, and automatic notifications, to quickly coordinate and communicate with internal and external stakeholders during or following an incident.",RESPOND / Incident Response Reporting and Communication / Stakeholder Incident Notification,RS.CO-02.03
NYDFS-37,500.16 Incident response and business continuity management,500.16.a(2),"(2) Business continuity and disaster recovery (BCDR) plan. BCDR plans shall be reasonably designed to ensure the availability and functionality of the covered entity’s information systems and material services and protect the covered entity’s personnel, assets and nonpublic information in the event of a cybersecurity-related disruption to its normal 
business activities. Such plans shall, at minimum: 
(i) identify documents, data, facilities, infrastructure, services, personnel and competencies essential to the continued operations of the covered entity’s business;
(ii) identify the supervisory personnel responsible for implementing each aspect of the BCDR plan;
(iii) include a plan to communicate with essential persons in the event of a 
cybersecurity-related disruption to the operations of the covered entity, including employees, counterparties, regulatory authorities, third-party service providers, disaster recovery specialists, the senior governing body and any other persons essential to the recovery of documentation and data and the resumption of operations; 
(iv) include procedures for the timely recovery of critical data and information systems and to resume operations as soon as reasonably possible following a cybersecurity-related disruption to normal business activities;
(v) include procedures for backing up or copying, with sufficient frequency, 
information essential to the operations of the covered entity and storing such information offsite; and
(vi) identify third parties that are necessary to the continued operations of the covered entity’s information systems.",Semantic,Intersects with,9,10,No Gaps Identified,"RC.RP-01.01: The organization executes its recovery plans, including incident recovery, disaster recovery, and business continuity plans, during or after an incident to resume operations.",RECOVER / Incident Recovery Plan Execution / Recovery Plan Execution,RC.RP-01.01
NYDFS-37,500.16 Incident response and business continuity management,500.16.a(2),"(2) Business continuity and disaster recovery (BCDR) plan. BCDR plans shall be reasonably designed to ensure the availability and functionality of the covered entity’s information systems and material services and protect the covered entity’s personnel, assets and nonpublic information in the event of a cybersecurity-related disruption to its normal 
business activities. Such plans shall, at minimum: 
(i) identify documents, data, facilities, infrastructure, services, personnel and competencies essential to the continued operations of the covered entity’s business;
(ii) identify the supervisory personnel responsible for implementing each aspect of the BCDR plan;
(iii) include a plan to communicate with essential persons in the event of a 
cybersecurity-related disruption to the operations of the covered entity, including employees, counterparties, regulatory authorities, third-party service providers, disaster recovery specialists, the senior governing body and any other persons essential to the recovery of documentation and data and the resumption of operations; 
(iv) include procedures for the timely recovery of critical data and information systems and to resume operations as soon as reasonably possible following a cybersecurity-related disruption to normal business activities;
(v) include procedures for backing up or copying, with sufficient frequency, 
information essential to the operations of the covered entity and storing such information offsite; and
(vi) identify third parties that are necessary to the continued operations of the covered entity’s information systems.",Semantic,Intersects with,7,10,No Gaps Identified,"RC.CO-03.01: The organization timely involves and communicates the recovery activities, procedures, cyber risk management issues to the governing body (e.g., the Board or one of its committees), senior management, incident management support teams, and relevant internal stakeholders.",RECOVER / Incident Recovery Communication / Recovery Activity Communication,RC.CO-03.01
NYDFS-37,500.16 Incident response and business continuity management,500.16.a(2),"(2) Business continuity and disaster recovery (BCDR) plan. BCDR plans shall be reasonably designed to ensure the availability and functionality of the covered entity’s information systems and material services and protect the covered entity’s personnel, assets and nonpublic information in the event of a cybersecurity-related disruption to its normal 
business activities. Such plans shall, at minimum: 
(i) identify documents, data, facilities, infrastructure, services, personnel and competencies essential to the continued operations of the covered entity’s business;
(ii) identify the supervisory personnel responsible for implementing each aspect of the BCDR plan;
(iii) include a plan to communicate with essential persons in the event of a 
cybersecurity-related disruption to the operations of the covered entity, including employees, counterparties, regulatory authorities, third-party service providers, disaster recovery specialists, the senior governing body and any other persons essential to the recovery of documentation and data and the resumption of operations; 
(iv) include procedures for the timely recovery of critical data and information systems and to resume operations as soon as reasonably possible following a cybersecurity-related disruption to normal business activities;
(v) include procedures for backing up or copying, with sufficient frequency, 
information essential to the operations of the covered entity and storing such information offsite; and
(vi) identify third parties that are necessary to the continued operations of the covered entity’s information systems.",Semantic,Intersects with,7,10,No Gaps Identified,"RC.CO-03.02: The organization promptly communicates the status of recovery activities to regulatory authorities and relevant external stakeholders, as required or appropriate.",RECOVER / Incident Recovery Communication / Recovery Activity Communication,RC.CO-03.02
NYDFS-37,500.16 Incident response and business continuity management,500.16.a(2),"(2) Business continuity and disaster recovery (BCDR) plan. BCDR plans shall be reasonably designed to ensure the availability and functionality of the covered entity’s information systems and material services and protect the covered entity’s personnel, assets and nonpublic information in the event of a cybersecurity-related disruption to its normal 
business activities. Such plans shall, at minimum: 
(i) identify documents, data, facilities, infrastructure, services, personnel and competencies essential to the continued operations of the covered entity’s business;
(ii) identify the supervisory personnel responsible for implementing each aspect of the BCDR plan;
(iii) include a plan to communicate with essential persons in the event of a 
cybersecurity-related disruption to the operations of the covered entity, including employees, counterparties, regulatory authorities, third-party service providers, disaster recovery specialists, the senior governing body and any other persons essential to the recovery of documentation and data and the resumption of operations; 
(iv) include procedures for the timely recovery of critical data and information systems and to resume operations as soon as reasonably possible following a cybersecurity-related disruption to normal business activities;
(v) include procedures for backing up or copying, with sufficient frequency, 
information essential to the operations of the covered entity and storing such information offsite; and
(vi) identify third parties that are necessary to the continued operations of the covered entity’s information systems.",Semantic,Intersects with,5,10,No Gaps Identified,"EX.CN-02.03: Contracts with suppliers address, as relevant to the product or service, the supplier's obligation to maintain and regularly test a business continuity program and disaster recovery capability the meets the defined resilience requirements of the organization.",EXTEND / Third-Party Contracts and Agreements / Contract Cybersecurity-Related Requirements,EX.CN-02.03
NYDFS-37,500.16 Incident response and business continuity management,500.16.a(2),"(2) Business continuity and disaster recovery (BCDR) plan. BCDR plans shall be reasonably designed to ensure the availability and functionality of the covered entity’s information systems and material services and protect the covered entity’s personnel, assets and nonpublic information in the event of a cybersecurity-related disruption to its normal 
business activities. Such plans shall, at minimum: 
(i) identify documents, data, facilities, infrastructure, services, personnel and competencies essential to the continued operations of the covered entity’s business;
(ii) identify the supervisory personnel responsible for implementing each aspect of the BCDR plan;
(iii) include a plan to communicate with essential persons in the event of a 
cybersecurity-related disruption to the operations of the covered entity, including employees, counterparties, regulatory authorities, third-party service providers, disaster recovery specialists, the senior governing body and any other persons essential to the recovery of documentation and data and the resumption of operations; 
(iv) include procedures for the timely recovery of critical data and information systems and to resume operations as soon as reasonably possible following a cybersecurity-related disruption to normal business activities;
(v) include procedures for backing up or copying, with sufficient frequency, 
information essential to the operations of the covered entity and storing such information offsite; and
(vi) identify third parties that are necessary to the continued operations of the covered entity’s information systems.",Semantic,Intersects with,6,10,No Gaps Identified,"EX.MM-02.02: A process is in place to confirm that the organization's critical third-party service providers maintain their business continuity programs, conduct regular resiliency testing, and participate in joint and/or bilateral recovery exercises and tests.",EXTEND / Monitoring and Managing Suppliers / Ongoing Third-Party Management,EX.MM-02.02
NYDFS-38,500.16 Incident response and business continuity management,500.16.b,"Each covered entity shall ensure that current copies of the plans or relevant portions therein are distributed or are otherwise accessible, including during a cybersecurity event, to all employees necessary to implement such plans. ",Semantic,Intersects with,8,8,"The requirements in the Profile do not explicitly call for the distribution of plans, but the requirements in Section 500.16.b call for the distribution of plans to all necessary personnel.",PR.AT-02.03: All personnel (employee and third party) are made aware of and are trained for their role and operational steps in response and recovery plans.,PROTECT / Awareness and Training / Specialized Role Awareness & Training,PR.AT-02.03
NYDFS-38,500.16 Incident response and business continuity management,500.16.b,"Each covered entity shall ensure that current copies of the plans or relevant portions therein are distributed or are otherwise accessible, including during a cybersecurity event, to all employees necessary to implement such plans. ",Semantic,Intersects with,5,8,"The requirements in the Profile do not explicitly call for the distribution of plans, but the requirements in Section 500.16.b call for the distribution of plans to all necessary personnel.",PR.AT-02.04: The organization maintains and enhances the skills and knowledge of the in-house staff performing incident management and forensic investigation activities.,PROTECT / Awareness and Training / Specialized Role Awareness & Training,PR.AT-02.04
NYDFS-38,500.16 Incident response and business continuity management,500.16.b,"Each covered entity shall ensure that current copies of the plans or relevant portions therein are distributed or are otherwise accessible, including during a cybersecurity event, to all employees necessary to implement such plans. ",Semantic,Intersects with,5,8,"The requirements in the Profile do not explicitly call for the distribution of plans, but the requirements in Section 500.16.b call for the distribution of plans to all necessary personnel.","RS.CO-03.02: In the event of an incident, the organization shares authorized information, in a defined manner and through trusted channels, to facilitate the detection, response, resumption and recovery of its own systems and those of other partners and critical sector participants.",RESPOND / Incident Response Reporting and Communication / Stakeholder Incident Information Sharing,RS.CO-03.02
NYDFS-38,500.16 Incident response and business continuity management,500.16.b,"Each covered entity shall ensure that current copies of the plans or relevant portions therein are distributed or are otherwise accessible, including during a cybersecurity event, to all employees necessary to implement such plans. ",Semantic,Intersects with,8,8,"The requirements in the Profile do not explicitly call for the distribution of plans, but the requirements in Section 500.16.b call for the distribution of plans to all necessary personnel.","RC.CO-03.01: The organization timely involves and communicates the recovery activities, procedures, cyber risk management issues to the governing body (e.g., the Board or one of its committees), senior management, incident management support teams, and relevant internal stakeholders.",RECOVER / Incident Recovery Communication / Recovery Activity Communication,RC.CO-03.01
NYDFS-39,500.16 Incident response and business continuity management,500.16.c,Each covered entity shall provide relevant training to all employees responsible for implementing the plans regarding their roles and responsibilities.,Semantic,Intersects with,9,10,No Gaps Identified,"GV.RR-02.02: The organization has established and assigned roles and responsibilities for systematic cybersecurity threat identification, monitoring, detection, and event reporting processes, and ensures adequate coverage and organizational alignment for these functions.","GOVERN / Roles, Responsibilities, and Authorities / Risk Management Roles & Responsibilities",GV.RR-02.02
NYDFS-39,500.16 Incident response and business continuity management,500.16.c,Each covered entity shall provide relevant training to all employees responsible for implementing the plans regarding their roles and responsibilities.,Semantic,Intersects with,9,10,No Gaps Identified,"GV.RR-02.03: Resilience program roles and responsibilities are assigned to management across the organization to ensure risk assessment, planning, testing, and execution coverage for all critical business functions.","GOVERN / Roles, Responsibilities, and Authorities / Risk Management Roles & Responsibilities",GV.RR-02.03
NYDFS-39,500.16 Incident response and business continuity management,500.16.c,Each covered entity shall provide relevant training to all employees responsible for implementing the plans regarding their roles and responsibilities.,Semantic,Intersects with,7,10,No Gaps Identified,"PR.AT-02.01: Mechanisms are in place to ensure that the personnel working with cybersecurity and technology (e.g., developers, DBAs, network admins, etc.) maintain current knowledge and skills related to changing threats, countermeasures, new tools, best practices, and their job responsibilities.",PROTECT / Awareness and Training / Specialized Role Awareness & Training,PR.AT-02.01
NYDFS-39,500.16 Incident response and business continuity management,500.16.c,Each covered entity shall provide relevant training to all employees responsible for implementing the plans regarding their roles and responsibilities.,Semantic,Superset of,8,10,No Gaps Identified,PR.AT-02.03: All personnel (employee and third party) are made aware of and are trained for their role and operational steps in response and recovery plans.,PROTECT / Awareness and Training / Specialized Role Awareness & Training,PR.AT-02.03
NYDFS-40,500.16 Incident response and business continuity management,500.16.d,"Each covered entity shall periodically, but at a minimum annually, test its:
(1) incident response and BCDR plans with all staff and management critical to the response, and shall revise the plan as necessary; and
(2) ability to restore its critical data and information systems from backups.",Semantic,Intersects with,9,10,No Gaps Identified,"GV.OC-04.04: The organization prioritizes the resilience design, planning, testing, and monitoring of systems and other key internal and external dependencies according to their criticality to the supported business functions, enterprise mission, and to the financial services sector.",GOVERN / Organizational Context / Stakeholder Service Expectations,GV.OC-04.04
NYDFS-40,500.16 Incident response and business continuity management,500.16.d,"Each covered entity shall periodically, but at a minimum annually, test its:
(1) incident response and BCDR plans with all staff and management critical to the response, and shall revise the plan as necessary; and
(2) ability to restore its critical data and information systems from backups.",Semantic,Superset of,9,10,No Gaps Identified,"GV.SC-08.01: The organization's resilience strategy, plans, tests, and exercises incorporate its external dependencies and critical business partners.",GOVERN / Supply Chain Risk Management / Third Party Incident Management Integration,GV.SC-08.01
NYDFS-40,500.16 Incident response and business continuity management,500.16.d,"Each covered entity shall periodically, but at a minimum annually, test its:
(1) incident response and BCDR plans with all staff and management critical to the response, and shall revise the plan as necessary; and
(2) ability to restore its critical data and information systems from backups.",Semantic,Intersects with,8,10,No Gaps Identified,"ID.IM-01.01: Technology, cybersecurity, and resilience controls are regularly assessed and/or tested for design and operating effectiveness.",IDENTIFY / Improvement / Continuous Improvements Evaluation,ID.IM-01.01
NYDFS-40,500.16 Incident response and business continuity management,500.16.d,"Each covered entity shall periodically, but at a minimum annually, test its:
(1) incident response and BCDR plans with all staff and management critical to the response, and shall revise the plan as necessary; and
(2) ability to restore its critical data and information systems from backups.",Semantic,Superset of,9,10,No Gaps Identified,"ID.IM-02.04: The organization's testing program validates the effectiveness of its resilience strategy and response, disaster recovery, and resumption plans on a regular basis or upon major changes to business or system functions, and includes external stakeholders as required.",IDENTIFY / Improvement / Tests & Exercises,ID.IM-02.04
NYDFS-40,500.16 Incident response and business continuity management,500.16.d,"Each covered entity shall periodically, but at a minimum annually, test its:
(1) incident response and BCDR plans with all staff and management critical to the response, and shall revise the plan as necessary; and
(2) ability to restore its critical data and information systems from backups.",Semantic,Intersects with,9,10,No Gaps Identified,"ID.IM-02.05: The organization establishes testing programs that include a range of scenarios, including severe but plausible scenarios (e.g., disruptive, destructive, corruptive), that could affect the organization's ability to service internal and external stakeholders.",IDENTIFY / Improvement / Tests & Exercises,ID.IM-02.05
NYDFS-40,500.16 Incident response and business continuity management,500.16.d,"Each covered entity shall periodically, but at a minimum annually, test its:
(1) incident response and BCDR plans with all staff and management critical to the response, and shall revise the plan as necessary; and
(2) ability to restore its critical data and information systems from backups.",Semantic,Superset of,9,10,No Gaps Identified,"ID.IM-02.08: The organization tests and exercises, independently and in coordination with other critical sector partners, its ability to support sector-wide resilience in the event of extreme financial stress or the instability of external dependencies, such as connectivity to markets, payment systems, clearing entities, messaging services, etc.",IDENTIFY / Improvement / Tests & Exercises,ID.IM-02.08
NYDFS-40,500.16 Incident response and business continuity management,500.16.d,"Each covered entity shall periodically, but at a minimum annually, test its:
(1) incident response and BCDR plans with all staff and management critical to the response, and shall revise the plan as necessary; and
(2) ability to restore its critical data and information systems from backups.",Semantic,Intersects with,7,10,No Gaps Identified,"PR.DS-11.01: The organization defines and implements standards and procedures for configuring and performing backups and data replications, including defining backup requirements by data/application/infrastructure criticality, segregating (e.g., air-gapping) and securing backups, verifying backup integrity, and performing backup restoration testing.",PROTECT / Data Security / Data Backup,PR.DS-11.01
NYDFS-40,500.16 Incident response and business continuity management,500.16.d,"Each covered entity shall periodically, but at a minimum annually, test its:
(1) incident response and BCDR plans with all staff and management critical to the response, and shall revise the plan as necessary; and
(2) ability to restore its critical data and information systems from backups.",Semantic,Superset of,9,10,No Gaps Identified,"RS.CO-02.03: The organization maintains and regularly tests incident response communication procedures, with associated contact lists, call trees, and automatic notifications, to quickly coordinate and communicate with internal and external stakeholders during or following an incident.",RESPOND / Incident Response Reporting and Communication / Stakeholder Incident Notification,RS.CO-02.03
NYDFS-41,500.16 Incident response and business continuity management,500.16.e,Each covered entity shall maintain backups necessary to restore material operations. The backups shall be adequately protected from unauthorized alterations or destruction. ,Semantic,Intersects with,7,10,No Gaps Identified,"GV.OC-05.03: The organization defines objectives (e.g., Recovery Time Objective, Maximum Tolerable Downtime, Impact Tolerance) for the resumption of critical operations in alignment with business imperatives, stakeholder obligations, and critical infrastructure dependencies.",GOVERN / Organizational Context / Organizational Service Dependencies,GV.OC-05.03
NYDFS-41,500.16 Incident response and business continuity management,500.16.e,Each covered entity shall maintain backups necessary to restore material operations. The backups shall be adequately protected from unauthorized alterations or destruction. ,Semantic,Intersects with,7,10,No Gaps Identified,"GV.OC-05.04: Recovery point objectives to support data integrity are consistent with the organization's recovery time objectives, information flow dependencies between systems, and business obligations.",GOVERN / Organizational Context / Organizational Service Dependencies,GV.OC-05.04
NYDFS-41,500.16 Incident response and business continuity management,500.16.e,Each covered entity shall maintain backups necessary to restore material operations. The backups shall be adequately protected from unauthorized alterations or destruction. ,Semantic,Intersects with,7,10,No Gaps Identified,"ID.IM-02.06: The organization designs and tests its systems and processes, and employs third-party support resources (e.g., Sheltered Harbor), to enable recovery of accurate data (e.g., material financial transactions) sufficient to support defined business recovery time and recovery point objectives.",IDENTIFY / Improvement / Tests & Exercises,ID.IM-02.06
NYDFS-41,500.16 Incident response and business continuity management,500.16.e,Each covered entity shall maintain backups necessary to restore material operations. The backups shall be adequately protected from unauthorized alterations or destruction. ,Semantic,Superset of,7,10,No Gaps Identified,"ID.IM-04.04: The organization has plans to identify, in a timely manner, the status of all transactions and member positions at the time of a disruption, supported by corresponding recovery point objectives.",IDENTIFY / Improvement / Plans Affecting Operations,ID.IM-04.04
NYDFS-41,500.16 Incident response and business continuity management,500.16.e,Each covered entity shall maintain backups necessary to restore material operations. The backups shall be adequately protected from unauthorized alterations or destruction. ,Semantic,Superset of,9,10,No Gaps Identified,"PR.DS-11.01: The organization defines and implements standards and procedures for configuring and performing backups and data replications, including defining backup requirements by data/application/infrastructure criticality, segregating (e.g., air-gapping) and securing backups, verifying backup integrity, and performing backup restoration testing.",PROTECT / Data Security / Data Backup,PR.DS-11.01
NYDFS-42,500.17 Notices to superintendent,500.17.a,"Notice of cybersecurity incident. 
(1) Each covered entity shall notify the superintendent electronically in the form set forth on the department’s website as promptly as possible but in no event later than 72 hours after determining that a cybersecurity incident has occurred at the covered entity, its affiliates, or a third-party service provider.
 
(2) Each covered entity shall promptly provide to the superintendent any information requested regarding such incident. Covered entities shall have a continuing obligation to update the superintendent with material changes or new information previously unavailable.",Semantic,Intersects with,7,8,The requirements in Section 500.17.a for incident reporting are more specific than the incident reporting requirements for the Profile.,"RS.CO-02.02: In the event of an incident, the organization notifies impacted stakeholders including, as required, government bodies, self-regulatory agencies and/or other supervisory bodies, within required timeframes.",RESPOND / Incident Response Reporting and Communication / Stakeholder Incident Notification,RS.CO-02.02
NYDFS-42,500.17 Notices to superintendent,500.17.a,"Notice of cybersecurity incident. 
(1) Each covered entity shall notify the superintendent electronically in the form set forth on the department’s website as promptly as possible but in no event later than 72 hours after determining that a cybersecurity incident has occurred at the covered entity, its affiliates, or a third-party service provider.
 
(2) Each covered entity shall promptly provide to the superintendent any information requested regarding such incident. Covered entities shall have a continuing obligation to update the superintendent with material changes or new information previously unavailable.",Semantic,Intersects with,8,8,The requirements in Section 500.17.a for incident reporting are more specific than the incident reporting requirements for the Profile.,"RS.CO-03.02: In the event of an incident, the organization shares authorized information, in a defined manner and through trusted channels, to facilitate the detection, response, resumption and recovery of its own systems and those of other partners and critical sector participants.",RESPOND / Incident Response Reporting and Communication / Stakeholder Incident Information Sharing,RS.CO-03.02
NYDFS-43,500.17 Notices to superintendent,500.17.b,"(3) Each covered entity shall maintain for examination and inspection by the department upon request all records, schedules and other documentation and data supporting the certification or acknowledgment for a period of five years, including the identification of all areas, systems and processes that require or required material improvement, updating or redesign, all remedial efforts undertaken to address such areas, systems and processes, and remediation plans and timelines for their implementation. ",Semantic,Intersects with,5,5,The requirements in Section 500.17.b are slightly more specific with data retention requirements than the Profile.,"ID.AM-08.03: The organization establishes policies, standards, and procedures for data governance, data management, and data retention consistent with its legal obligations and the value of data as an organizational asset.",IDENTIFY / Asset Management / Asset Life Cycle Management,ID.AM-08.03
NYDFS-44,500.17 Notices to superintendent,500.17.c,"(c) Notice and explanation of extortion payment. Each covered entity, in the event of an extortion payment made in connection with a cybersecurity event involving the covered entity, shall provide the superintendent electronically, in the form set forth on the department’s website, with the 
following:
(1) within 24 hours of the extortion payment, notice of the payment; and 
(2) within 30 days of the extortion payment, a written description of the reasons payment was necessary, a description of alternatives to payment considered, all diligence performed to find alternatives to payment and all diligence performed to ensure compliance with applicable rules and regulations including those of the Office of Foreign Assets Control.",Semantic,Intersects with,3,3,The reporting requirements in Section 500.17.c are more specific than the reporting requirements in the Profile.,"RS.CO-02.02: In the event of an incident, the organization notifies impacted stakeholders including, as required, government bodies, self-regulatory agencies and/or other supervisory bodies, within required timeframes.",RESPOND / Incident Response Reporting and Communication / Stakeholder Incident Notification,RS.CO-02.02
NYDFS-45,500.18 Confidentiality,500.18,"Information provided by a Covered Entity pursuant to this Part is subject to exemptions from disclosure under the Banking Law, Insurance Law, Financial Services Law, Public Officers Law or any other applicable state or federal law. ",Semantic,Not related to,0,0,Out of Scope for the Profile,None,,
NYDFS-46,500.19 Exemptions,500.19.a,"Limited exemption. Each covered entity with: 
(1) fewer than [10] 20 employees[, including any] and independent contractors[,] of the covered entity [or] and its affiliates [located in New York or responsible for business of the covered entity]; 
(2) less than $[5,000,000]7,500,000 in gross annual revenue in each of the last [3] three fiscal years from [New York] all business operations of the covered entity and the business operations in this State of the covered entity’s [its] affiliates; or
(3) less than $[10,000,000]15,000,000 in year-end total assets, calculated in accordance with generally accepted accounting principles, including assets of all affiliates, 
shall be exempt from the requirements of sections 500.4, 500.5, 500.6, 500.8, 500.10, [500.12,] 500.14(a)(1), (a)(2), and (b), 500.15 and 500.16 of this Part. ",Semantic,Not related to,0,0,Out of Scope for the Profile,None,,
NYDFS-47,500.19 Exemptions,500.19.b,"An employee, agent, wholly owned subsidiary, representative or designee of a covered entity, who is itself a covered entity, is exempt from this Part and need not develop its own cybersecurity program to the extent that the employee, agent, wholly owned subsidiary, representative or designee is covered by the cybersecurity program of the covered entity. ",Semantic,Not related to,0,0,Out of Scope for the Profile,None,,
NYDFS-48,500.19 Exemptions,500.19.c,"A covered entity that does not directly or indirectly operate, maintain, utilize or control any information systems, and that does not, and is not required to, directly or indirectly control, own, access, generate, receive or possess nonpublic information shall be exempt from the requirements of sections 500.2, 500.3, 500.4, 500.5, 500.6, 500.7, 500.8, 500.10, 500.12, 500.14, 500.15 and 500.16 of this Part. ",Semantic,Not related to,0,0,Out of Scope for the Profile,None,,
NYDFS-49,500.19 Exemptions,500.19.d,"A covered entity under article 70 of the Insurance Law that does not and is not required to directly or indirectly control, own, access, generate, receive or possess nonpublic information other than information relating to its corporate parent company (or affiliates) shall be exempt from the 
requirements of sections 500.2, 500.3, 500.4, 500.5, 500.6, 500.7, 500.8, 500.10, 500.12, 500.14, 500.15 and 500.16 of this Part. ",Semantic,Not related to,0,0,Out of Scope for the Profile,None,,
NYDFS-50,500.19 Exemptions,500.19.e,"An individual insurance broker subject to Insurance Law section 2104 who qualifies for the exemption pursuant to section 500.19(c) of this Part and has not, for any compensation, commission or other thing of value, acted or aided in any manner in soliciting, negotiating or selling any policy or contract or in placing risks or taking out insurance on behalf of another person for at least one year shall be exempt from the requirements of this Part, provided such individuals do not otherwise qualify as a covered entity for purposes of this Part.",Semantic,Not related to,0,0,Out of Scope for the Profile,None,,
NYDFS-51,500.19 Exemptions,500.19.f, A covered entity that qualifies for any of the above exemptions pursuant to this section shall file electronically a Notice of Exemption in the form set forth [as Appendix B of this Title] on the department’s website within 30 days of the determination that the covered entity is exempt.,Semantic,Not related to,0,0,Out of Scope for the Profile,None,,
NYDFS-52,500.19 Exemptions,500.19.g," The following persons are exempt from the requirements of this Part, provided such persons do not otherwise qualify as a covered entity for purposes of this Part: persons subject to Insurance Law section 1110; persons subject to Insurance Law section 5904; [and] any accredited 
reinsurer [or], certified reinsurer or reciprocal jurisdiction reinsurer that has been [accredited or certified] so recognized pursuant to 11 NYCRR Part 125; individual insurance agents who are placed in inactive status under Insurance Law section 2103; and individual licensees placed in inactive status under Banking Law section 599-i.",Semantic,Not related to,0,0,Out of Scope for the Profile,None,,
NYDFS-53,500.19 Exemptions,500.19.h,"In the event that a covered entity ceases to qualify for an exemption, such covered entity shall have 180 days from the date that it ceases to so qualify to comply with all applicable requirements of this Part.",Semantic,Not related to,0,0,Out of Scope for the Profile,None,,
NYDFS-54,500.20 Enforcement,500.20.a,"This regulation will be enforced by the superintendent pursuant to, and is not intended to limit, the superintendent’s authority under any applicable laws. ",Semantic,Not related to,0,0,Out of Scope for the Profile,None,,
NYDFS-55,500.20 Enforcement,500.20.b,"The commission of a single act prohibited by this Part or the failure to act to satisfy an obligation required by this Part shall constitute a violation hereof. Such acts or failures include, without limitation:
(1) the failure to secure or prevent unauthorized access to an individual’s or an entity’s nonpublic information due to noncompliance with any section of this Part; or
(2) the material failure to comply for any 24-hour period with any section of this Part. ",Semantic,Not related to,0,0,Out of Scope for the Profile,None,,
NYDFS-56,500.20 Enforcement,500.20.c,"In assessing any penalty for a violation of this Part pursuant to the Banking Law, Insurance Law or Financial Services Law, the superintendent shall take into account, without limitation, factors including:
(1) the extent to which the covered entity has cooperated with the superintendent in the investigation of such acts; 
(2) the good faith of the entity; 
(3) whether the violations resulted from conduct that was unintentional or inadvertent, reckless or intentional and deliberate; 
(4) whether the violation was a result of failure to remedy previous examination matters requiring attention, or failing to adhere to any disciplinary letter, letter of instructions or similar;
(5) any history of prior violations; 
(6) whether the violation involved an isolated incident, repeat violations, systemic violations or a pattern of violations; 
(7) whether the covered entity provided false or misleading information; 
(8) the extent of harm to consumers; 
(9) whether required, accurate and timely disclosures were made to affected consumers;
(10) the gravity of the violations;
(11) the number of violations and the length of time over which they occurred; 
(12) the extent, if any, to which the senior governing body participated therein; 
(13) any penalty or sanction imposed by any other regulatory agency; 
(14) the financial resources, net worth and annual business volume of the covered entity and its affiliates; 
(15) the extent to which the relevant policies and procedures of the company are consistent with nationally recognized cybersecurity frameworks, such as NIST; and 
(16) such other matters as justice and the public interest require",Semantic,Not related to,0,0,Out of Scope for the Profile,None,,
NYDFS-57,500.21 Effective Date,500.21.a,"This Part will be effective March 1, 2017. Covered entities will be required to annually prepare and submit to the superintendent a certification of compliance with New York State Department of Financial Services Cybersecurity Regulations under section 500.17(b) of this Part commencing 
February 15, 2018. ",Semantic,Not related to,0,0,Out of Scope for the Profile,None,,
NYDFS-58,500.21 Effective Date,500.21.b,"The second amendment to this Part shall become effective November 1, 2023. ",Semantic,Not related to,0,0,Out of Scope for the Profile,None,,
NYDFS-59,500.22 Transitional Periods,500.22.c,"Covered entities shall have 180 days from the effective date of the second amendment to this Part to comply with the new requirements set forth in the second amendment to this Part, except as otherwise specified in subdivisions (d) and (e) below. ",Semantic,Not related to,0,0,Out of Scope for the Profile,None,,
NYDFS-60,500.22 Transitional Periods,500.22.d,"The following provisions shall include different transitional periods. Covered entities shall have: 
(1) 30 days from the effective date of the second amendment to this Part to comply with the new requirements specified in section 500.17 of this Part; 
(2) one year from the effective date of the second amendment to this Part to comply with the new requirements specified in sections 500.4, 500.15, 500.16 and 500.19(a) of this Part;
(3) 18 months from the effective date of the second amendment to this Part to comply with the new requirements specified in sections 500.5(a)(2), 500.7, 500.14(a)(2) and 500.14(b) 
of this Part; and
(4) two years from the effective date of the second amendment to this Part to comply with the new requirements specified in sections 500.12 and 500.13(a) of this Part.",Semantic,Not related to,0,0,Out of Scope for the Profile,None,,
NYDFS-61,500.22 Transitional Periods,500.22.e,"The new requirements specified in sections 500.19(e)-(h), 500.20, 500.21, 500.22 and 500.24 of this Part shall become effective November 1, 2023. ",Semantic,Not related to,0,0,Out of Scope for the Profile,None,,
NYDFS-62,500.23 Severability,500.23.a,"If any provision of this Part or the application thereof to any Person or circumstance is adjudged invalid by a court of competent jurisdiction, such judgment shall not affect or impair the validity of the other provisions of this Part or the application thereof to other Persons or circumstances",Semantic,Not related to,0,0,Out of Scope for the Profile,None,,
NYDFS-63,500.24 Exemptions from electronic filing and submission requirements,500.24.a,"A filer required to make an electronic filing or a submission pursuant to this Part may apply to the superintendent for an exemption from the requirement that the filing or submission be electronic by submitting a written request to the superintendent for approval at least 30 days before the filer shall submit to the superintendent the particular filing or submission that is the subject of 
the request.",Semantic,Not related to,0,0,Out of Scope for the Profile,None,,
NYDFS-64,500.24 Exemptions from electronic filing and submission requirements,500.24.b,"The request for an exemption shall:
(1) set forth the filer’s DFS license number, NAIC number, Nationwide Multistate Licensing System number or institution number;
(2) identify the specific filing or submission for which the filer is applying for the exemption; 
(3) specify whether the filer is making the request for an exemption based upon undue hardship, impracticability or good cause, and set forth a detailed explanation as to the reason that the superintendent should approve the request; and 
(4) specify whether the request for an exemption extends to future filings or submissions, in addition to the specific filing or submission identified in paragraph (2) of this subdivision. ",Semantic,Not related to,0,0,Out of Scope for the Profile,None,,
NYDFS-65,500.24 Exemptions from electronic filing and submission requirements,500.24.c,"The filer requesting an exemption shall submit, upon the superintendent’s request, any additional information necessary for the superintendent to evaluate the filer’s request for an exemption. ",Semantic,Not related to,0,0,Out of Scope for the Profile,None,,
NYDFS-66,500.24 Exemptions from electronic filing and submission requirements,500.24.d,"The filer shall be exempt from the electronic filing or submission requirement upon the superintendent’s written determination so exempting the filer, where the determination specifies the basis upon which the superintendent is granting the request and to which filings or submissions the exemption applies. ",Semantic,Not related to,0,0,Out of Scope for the Profile,None,,
NYDFS-67,500.24 Exemptions from electronic filing and submission requirements,500.24.e,"If the superintendent approves a filer’s request for an exemption from the electronic filing or submission requirement, then the filer shall make a filing or submission in a form and manner acceptable to the superintendent.",Semantic,Not related to,0,0,Out of Scope for the Profile,None,,
