Profile Id,Outline Id,Function,Category,Subcategory,Weighting,CRI TIER TAGS,CRI Profile v2.1 Diagnostic Statement,NIST CSF V2,NIST CSF V2 TAGS,CRI SUBJECT TAGS,APRA CPS 234,APRA CPS 234 TAGS,OSFI CSSA,OSFI CSSA TAGS,HONG KONG SFC,HONG KONG SFC TAGS,OCC CSWP,OCC CSWP TAGS,APRA CPG 234,APRA CPG 234 TAGS,NYDFS PART 500,NYDFS PART 500 TAGS,ECB CROE,ECB CROE TAGS,FFIEC AIO,FFIEC AIO TAGS,FFIEC BCM,FFIEC BCM TAGS,OSFI B 13,OSFI B 13 TAGS,DORA LEVEL 1,DORA LEVEL 1 TAGS,SEC AUG 2023,SEC AUG 2023 TAGS,MAS CHN AND TRMG,MAS CHN AND TRMG TAGS,FFIEC CAT,FFIEC CAT TAGS,NIST 800 61R3,NIST 800 61R3 TAGS,FFIEC DAM,FFIEC DAM TAGS,NIST 800 53R5,NIST 800 53R5 TAGS,ASIC,ASIC TAGS,EBA,EBA TAGS,JFSA,JFSA TAGS,CIS V8 1,CIS V8 1 TAGS,NAIC IDSML,NAIC IDSML TAGS
GV.OC-01.01,3.001,GOVERN,Organizational Context,Organizational Mission,10.0,"Tier: 1
Tier: 2
Tier: 3
Tier: 4","GV.OC-01.01: Technology and cybersecurity strategies, architectures, and programs are formally governed to align with and support the organization's mission, objectives, priorities, tactical initiatives, and risk profile.",GV.OC-01,,"#architecture
#mission_and_strategy
#risk_management",,,OSFI CSSA-01,Rationale: Functional; Relationship: Intersects; Alignment Strength: 9,,,ID.RM-1.RM,,"APRA CPG 234-20
APRA CPG 234-36","Rationale: Semantic; Relationship: Superset; Alignment Strength: 8; Functional Coverage Strength: 10
Rationale: Semantic; Relationship: Superset; Alignment Strength: 6; Functional Coverage Strength: 10",NYDFS-02,Rationale: Semantic; Relationship: Superset; Alignment Strength: 8,"2.1.2.1.1
2.1.2.1.2
2.3.2.1.1","Level: Evolving
Level: Evolving
Level: Evolving","FFIEC-AIO-02.01
FFIEC-AIO-02.02
FFIEC-AIO-02.03
FFIEC-AIO-02.04
FFIEC-AIO-02.05
FFIEC-AIO-12.01
FFIEC-AIO-12.02
FFIEC-AIO-12.03
FFIEC-AIO-12.06","Rationale: Semantic; Relationship: Superset; Alignment Strength: 8
Rationale: Semantic; Relationship: Superset; Alignment Strength: 8
Rationale: Semantic; Relationship: Superset; Alignment Strength: 9
Rationale: Semantic; Relationship: Intersects; Alignment Strength: 6
Rationale: Semantic; Relationship: Superset; Alignment Strength: 7
Rationale: Semantic; Relationship: Superset; Alignment Strength: 6
Rationale: Semantic; Relationship: Superset; Alignment Strength: 4
Rationale: Semantic; Relationship: Superset; Alignment Strength: 4
Rationale: Semantic; Relationship: Superset; Alignment Strength: 5",,,"OSFI B-13-06
OSFI B-13-07
OSFI B-13-39","Rationale: Semantic; Relationship: Superset; Alignment Strength: 9
Rationale: Semantic; Relationship: Superset; Alignment Strength: 9
Rationale: Semantic; Relationship: Intersects; Alignment Strength: 8","DORA-05-01
DORA-05-02
DORA-06-02
DORA-06-03
DORA-06-08
DORA-07-01","Rationale: Semantic; Relationship: Superset; Alignment Strength: 8
Rationale: Semantic; Relationship: Superset; Alignment Strength: 8
Rationale: Semantic; Relationship: Superset; Alignment Strength: 8
Rationale: Semantic; Relationship: Superset; Alignment Strength: 8
Rationale: Semantic; Relationship: Superset; Alignment Strength: 9
Rationale: Semantic; Relationship: Subset; Alignment Strength: 8",,,TR-3.1.1,Type: Full Summarily,"D1.G.SP.A.1
D1.G.SP.Int.4","Level: Advanced; Type: Full
Level: Intermediate; Type: Full Summarily",003.001,Level: Ds,FFIEC-DAM-02.01,Rationale: Semantic; Relationship: Intersects,"PM-07
PM-09
PM-11","Rationale: Semantic; Relationship: Intersects; Alignment Strength: 9
Rationale: Semantic; Relationship: Intersects; Alignment Strength: 9
Rationale: Semantic; Relationship: Intersects; Alignment Strength: 9",ASIC-GP02.GF,Rationale: Semantic; Relationship: Superset,"EBA-02
EBA-05","Rationale: Semantic; Relationship: Superset; Alignment Strength: 9
Rationale: Semantic; Relationship: Superset; Alignment Strength: 9",,,,,,
GV.OC-02.01,4.002,GOVERN,Organizational Context,Stakeholder Risk Management Expectations,10.0,"Tier: 1
Tier: 2
Tier: 3
Tier: 4","GV.OC-02.01: The organization's obligation to its customers, employees, and stakeholders to maintain safety and soundness, while balancing size and complexity, is reflected in the organization's risk management strategy and framework,  its risk appetite and risk tolerance statements, and in a risk-aware culture.",GV.OC-02,,"#mission_and_strategy
#risk_appetite_/_tolerance
#risk_management",APRA CPS 234-19,Rationale: Semantic; Relationship: Superset; Alignment Strength: 8,"OSFI CSSA-01
OSFI CSSA-02","Rationale: Functional; Relationship: Superset; Alignment Strength: 9
Rationale: Functional; Relationship: Superset; Alignment Strength: 8",,,ID.RM-1.RM,,APRA CPG 234-20,Rationale: Semantic; Relationship: Superset; Alignment Strength: 7; Functional Coverage Strength: 10,NYDFS-22,Rationale: Semantic; Relationship: Intersects; Alignment Strength: 7,"2.1.2.1.1
2.1.2.1.2
2.1.2.1.3
2.1.2.2.24
2.1.2.2.25","Level: Evolving
Level: Evolving
Level: Evolving
Level: Evolving
Level: Evolving",FFIEC-AIO-02.01,Rationale: Semantic; Relationship: Superset; Alignment Strength: 6,,,,,"DORA-05-01
DORA-06-03
DORA-06-08
DORA-16-01","Rationale: Semantic; Relationship: Superset; Alignment Strength: 7
Rationale: Semantic; Relationship: Superset; Alignment Strength: 8
Rationale: Semantic; Relationship: Superset; Alignment Strength: 7
Rationale: Semantic; Relationship: Intersects; Alignment Strength: 8",,,TR-3.1.6,Type: Full Summarily,,,004.002,Level: Ds,,,"PM-09
PM-11","Rationale: Semantic; Relationship: Superset; Alignment Strength: 8
Rationale: Semantic; Relationship: Intersects; Alignment Strength: 9","ASIC-GP04.LA
ASIC-KQ03
ASIC-KQ08","Rationale: Semantic; Relationship: Superset
Rationale: Semantic; Relationship: Superset
Rationale: Semantic; Relationship: Intersects","EBA-05
EBA-13","Rationale: Semantic; Relationship: Superset; Alignment Strength: 9
Rationale: Functional; Relationship: Intersects; Alignment Strength: 5","JFSA-01
JFSA-32","Rationale: Semantic; Relationship: Superset; Alignment Strength: 8
Rationale: Semantic; Relationship: Superset; Alignment Strength: 6",,,NAIC-IDSML-02,Rationale: Semantic; Relationship: Superset
GV.OC-02.02,4.003,GOVERN,Organizational Context,Stakeholder Risk Management Expectations,10.0,Tier: 1,GV.OC-02.02: Technology and cybersecurity risk management strategies identify and communicate the organization’s role within the financial services sector as a component of critical infrastructure.,GV.OC-02,,"#business_impact_analysis
#critical_infrastructure
#mission_and_strategy
#risk_management
#roles_and_responsibilities",,,"OSFI CSSA-01
OSFI CSSA-02","Rationale: Functional; Relationship: Superset; Alignment Strength: 9
Rationale: Functional; Relationship: Superset; Alignment Strength: 7",,,"ID.BE-1.SC
ID.BE-2.FS
ID.RM-1.RM
ID.RM-3.CI","


","APRA CPG 234-20
APRA CPG 234-87
APRA CPG 234-88
APRA CPG 234-89","Rationale: Semantic; Relationship: Superset; Alignment Strength: 8; Functional Coverage Strength: 10
Rationale: Semantic; Relationship: Intersects; Alignment Strength: 9; Functional Coverage Strength: 10
Rationale: Semantic; Relationship: Intersects; Alignment Strength: 6; Functional Coverage Strength: 9
Rationale: Semantic; Relationship: Intersects; Alignment Strength: 6; Functional Coverage Strength: 7",NYDFS-22,Rationale: Semantic; Relationship: Intersects; Alignment Strength: 7,"2.1.2.1.14
2.1.2.1.2
2.1.2.2.43
2.2.2.13","Level: Advancing
Level: Evolving
Level: Innovating
Level: Innovating",FFIEC-AIO-02.01,Rationale: Semantic; Relationship: Superset; Alignment Strength: 8,,,,,DORA-06-03,Rationale: Semantic; Relationship: Superset; Alignment Strength: 7,,,,,"D1.G.Ov.A.6
D1.G.SP.A.3","Level: Advanced; Type: Full Summarily
Level: Advanced; Type: Full",004.003,Level: Ds,,,"PM-09
PM-11","Rationale: Semantic; Relationship: Intersects; Alignment Strength: 8
Rationale: Semantic; Relationship: Intersects; Alignment Strength: 9",ASIC-KQ03,Rationale: Semantic; Relationship: Superset,"EBA-02
EBA-05","Rationale: Semantic; Relationship: Superset; Alignment Strength: 9
Rationale: Semantic; Relationship: Superset; Alignment Strength: 9",JFSA-01,Rationale: Semantic; Relationship: Superset; Alignment Strength: 8,,,,
GV.OC-02.03,4.004,GOVERN,Organizational Context,Stakeholder Risk Management Expectations,10.0,Tier: 1,GV.OC-02.03: Technology and cybersecurity risk management strategies identify and communicate the organization's role as it relates to other critical infrastructure sectors outside of the financial services sector and the interdependency risks.,GV.OC-02,,"#business_impact_analysis
#critical_infrastructure
#mission_and_strategy
#risk_management",,,OSFI CSSA-02,Rationale: Functional; Relationship: Superset; Alignment Strength: 7,,,ID.BE-4.CR,,"APRA CPG 234-20
APRA CPG 234-87
APRA CPG 234-88
APRA CPG 234-89","Rationale: Semantic; Relationship: Superset; Alignment Strength: 8; Functional Coverage Strength: 10
Rationale: Semantic; Relationship: Intersects; Alignment Strength: 9; Functional Coverage Strength: 10
Rationale: Semantic; Relationship: Intersects; Alignment Strength: 6; Functional Coverage Strength: 9
Rationale: Semantic; Relationship: Intersects; Alignment Strength: 6; Functional Coverage Strength: 7",NYDFS-22,Rationale: Semantic; Relationship: Intersects; Alignment Strength: 7,"2.1.2.1.14
2.1.2.2.43
2.2.2.13","Level: Advancing
Level: Innovating
Level: Innovating",FFIEC-AIO-02.01,Rationale: Semantic; Relationship: Superset; Alignment Strength: 8,,,,,"DORA-06-03
DORA-11-05","Rationale: Semantic; Relationship: Superset; Alignment Strength: 7
Rationale: Semantic; Relationship: Subset; Alignment Strength: 8",,,,,"D1.G.Ov.B.5
D1.G.Ov.Inn.2
D1.G.SP.Inn.1","Level: Baseline; Type: Full
Level: Innovative; Type: Full
Level: Innovative; Type: Full",004.004,Level: Ds,,,"PM-09
PM-11","Rationale: Semantic; Relationship: Intersects; Alignment Strength: 8
Rationale: Semantic; Relationship: Intersects; Alignment Strength: 9",ASIC-KQ03,Rationale: Semantic; Relationship: Superset,"EBA-02
EBA-05","Rationale: Semantic; Relationship: Superset; Alignment Strength: 9
Rationale: Semantic; Relationship: Superset; Alignment Strength: 9",JFSA-01,Rationale: Semantic; Relationship: Superset; Alignment Strength: 8,,,,
GV.OC-03.01,5.005,GOVERN,Organizational Context,"Legal, Regulatory, & Contractual Requirements",10.0,"Tier: 1
Tier: 2
Tier: 3
Tier: 4","GV.OC-03.01: The organization's technology and cybersecurity strategy, framework, and policies align and are consistent with the organization's legal, statutory, contractual, and regulatory obligations and ensure that compliance responsibilities are unambiguously assigned.",GV.OC-03,,"#compliance
#mission_and_strategy
#policy_management","APRA CPS 234-19
APRA CPS 234-35
APRA CPS 234-36","Rationale: Semantic; Relationship: Superset; Alignment Strength: 9
Rationale: Semantic; Relationship: Superset; Alignment Strength: 8
Rationale: Semantic; Relationship: Superset; Alignment Strength: 6",OSFI CSSA-03,Rationale: Functional; Relationship: Intersects; Alignment Strength: 8,,,ID.GV-3.LR,,"APRA CPG 234-20
APRA CPG 234-21
APRA CPG 234-23
APRA CPG 234-87
APRA CPG 234-88
APRA CPG 234-89
APRA CPG 234-91","Rationale: Semantic; Relationship: Superset; Alignment Strength: 7; Functional Coverage Strength: 10
Rationale: Semantic; Relationship: Superset; Alignment Strength: 8; Functional Coverage Strength: 10
Rationale: Semantic; Relationship: Superset; Alignment Strength: 9; Functional Coverage Strength: 10
Rationale: Semantic; Relationship: Intersects; Alignment Strength: 8; Functional Coverage Strength: 10
Rationale: Semantic; Relationship: Intersects; Alignment Strength: 6; Functional Coverage Strength: 9
Rationale: Semantic; Relationship: Intersects; Alignment Strength: 8; Functional Coverage Strength: 7
Rationale: Functional; Relationship: Intersects; Alignment Strength: 1; Functional Coverage Strength: 1",NYDFS-02,Rationale: Semantic; Relationship: Intersects; Alignment Strength: 9,"2.1.2.1.6
2.1.2.1.7
2.3.2.1.1","Level: Evolving
Level: Evolving
Level: Evolving",FFIEC-AIO-02.01,Rationale: Semantic; Relationship: Superset; Alignment Strength: 7,,,,,,,"SEC-05.I.A.5
SEC-06.I.A.6
SEC-08.I.A.8
SEC-09.II.A.1","Rationale: Semantic; Relationship: Subset; Alignment Strength: 6
Rationale: Semantic; Relationship: Subset; Alignment Strength: 4
Rationale: Semantic; Relationship: Subset; Alignment Strength: 4
Rationale: Semantic; Relationship: Superset; Alignment Strength: 8",,,D1.G.Ov.E.2,Level: Evolving; Type: Full,005.005,Level: Ds,"FFIEC-DAM-02.01
FFIEC-DAM-04.03
FFIEC-DAM-04.04
FFIEC-DAM-07.02","Rationale: Semantic; Relationship: Intersects
Rationale: Semantic; Relationship: Intersects
Rationale: Semantic; Relationship: Intersects
Rationale: Semantic; Relationship: Intersects","AC-01
AT-01
AU-01
CA-01
CM-01
CM-10
CP-01
IA-01
IR-01
MA-01
MP-01
PE-01
PL-01
PM-01
PM-11
PS-01
PT-01
RA-01
SA-01
SC-01
SI-01
SR-01","Rationale: Semantic; Relationship: Subset; Alignment Strength: 8
Rationale: Semantic; Relationship: Subset; Alignment Strength: 8
Rationale: Semantic; Relationship: Subset; Alignment Strength: 8
Rationale: Semantic; Relationship: Subset; Alignment Strength: 9
Rationale: Semantic; Relationship: Intersects; Alignment Strength: 9
Rationale: Semantic; Relationship: Intersects; Alignment Strength: 4
Rationale: Semantic; Relationship: Subset; Alignment Strength: 9
Rationale: Semantic; Relationship: Subset; Alignment Strength: 9
Rationale: Semantic; Relationship: Subset; Alignment Strength: 8
Rationale: Semantic; Relationship: Subset; Alignment Strength: 9
Rationale: Semantic; Relationship: Subset; Alignment Strength: 9
Rationale: Semantic; Relationship: Subset; Alignment Strength: 9
Rationale: Semantic; Relationship: Subset; Alignment Strength: 9
Rationale: Semantic; Relationship: Intersects; Alignment Strength: 8
Rationale: Semantic; Relationship: Intersects; Alignment Strength: 9
Rationale: Semantic; Relationship: Intersects; Alignment Strength: 7
Rationale: Semantic; Relationship: Intersects; Alignment Strength: 8
Rationale: Semantic; Relationship: Intersects; Alignment Strength: 7
Rationale: Semantic; Relationship: Intersects; Alignment Strength: 7
Rationale: Semantic; Relationship: Subset; Alignment Strength: 8
Rationale: Semantic; Relationship: Subset; Alignment Strength: 8
Rationale: Semantic; Relationship: Subset; Alignment Strength: 8",ASIC-GP02.GF,Rationale: Semantic; Relationship: Superset,"EBA-05
EBA-28","Rationale: Semantic; Relationship: Superset; Alignment Strength: 9
Rationale: Functional; Relationship: Intersects; Alignment Strength: 6",,,,,NAIC-IDSML-01,Rationale: Semantic; Relationship: Intersects
GV.OC-03.02,5.006,GOVERN,Organizational Context,"Legal, Regulatory, & Contractual Requirements",10.0,"Tier: 1
Tier: 2
Tier: 3
Tier: 4","GV.OC-03.02: The organization implements and maintains a documented policy or policies that address customer data privacy that is approved by a designated officer or the organization’s appropriate governing body (e.g., the Board or one of its committees).",GV.OC-03,,"#board_or_committee_oversight
#compliance
#policy_management",APRA CPS 234-13,Rationale: Semantic; Relationship: Superset; Alignment Strength: 9,,,,,ID.GV-3.LR,,"APRA CPG 234-10
APRA CPG 234-21","Rationale: Semantic; Relationship: Superset; Alignment Strength: 8; Functional Coverage Strength: 10
Rationale: Semantic; Relationship: Superset; Alignment Strength: 9; Functional Coverage Strength: 10","NYDFS-06
NYDFS-07","Rationale: Semantic; Relationship: Intersects; Alignment Strength: 8
Rationale: Semantic; Relationship: Superset; Alignment Strength: 9",,,FFIEC-AIO-03.01,Rationale: Semantic; Relationship: Intersects; Alignment Strength: 6,,,,,DORA-05-02,Rationale: Semantic; Relationship: Superset; Alignment Strength: 7,,,,,,,005.006,Level: Ds,,,PM-11,Rationale: Semantic; Relationship: Intersects; Alignment Strength: 9,,,"EBA-02
EBA-28
EBA-29","Rationale: Functional; Relationship: Intersects; Alignment Strength: 6
Rationale: Semantic; Relationship: Superset; Alignment Strength: 8
Rationale: Semantic; Relationship: Superset; Alignment Strength: 8",,,,,NAIC-IDSML-01,Rationale: Semantic; Relationship: Intersects
GV.OC-04.01,6.007,GOVERN,Organizational Context,Stakeholder Service Expectations,10.0,"Tier: 1
Tier: 2
Tier: 3","GV.OC-04.01: The organization maintains an inventory of key internal assets, business functions, and external dependencies that includes mappings to other assets, business functions, and information flows.",GV.OC-04,,"#architecture
#asset_management
#data_flow
#dependency_management
#network_diagrams
#resilience",,,,,,,"ID.AM-3.DF
ID.BE-5.RR","
","APRA CPG 234-32
APRA CPG 234-33","Rationale: Functional; Relationship: Superset; Alignment Strength: 6; Functional Coverage Strength: 7
Rationale: Semantic; Relationship: Superset; Alignment Strength: 8; Functional Coverage Strength: 10",NYDFS-30,Rationale: Semantic; Relationship: Superset; Alignment Strength: 7,"2.2.2.1
2.2.2.3
2.5.2.1.14
2.5.2.3.33","Level: Evolving
Level: Evolving
Level: Advancing
Level: Evolving","FFIEC-AIO-03.05
FFIEC-AIO-04.01
FFIEC-AIO-04.02
FFIEC-AIO-04.06
FFIEC-AIO-05.01
FFIEC-AIO-05.02","Rationale: Semantic; Relationship: Intersects; Alignment Strength: 5
Rationale: Semantic; Relationship: Superset; Alignment Strength: 7
Rationale: Semantic; Relationship: Superset; Alignment Strength: 7
Rationale: Functional; Relationship: Intersects; Alignment Strength: 4
Rationale: Semantic; Relationship: Superset; Alignment Strength: 6
Rationale: Semantic; Relationship: Intersects; Alignment Strength: 6","FFIEC-BCM-04.01
FFIEC-BCM-04.02
FFIEC-BCM-04.03","Rationale: Semantic; Relationship: Subset; Alignment Strength: 9
Rationale: Semantic; Relationship: Subset; Alignment Strength: 8
Rationale: Semantic; Relationship: Superset; Alignment Strength: 8",OSFI B-13-09,Rationale: Semantic; Relationship: Intersects; Alignment Strength: 9,"DORA-08-01
DORA-08-04
DORA-08-05
DORA-08-06
DORA-11-05","Rationale: Semantic; Relationship: Superset; Alignment Strength: 9
Rationale: Semantic; Relationship: Superset; Alignment Strength: 8
Rationale: Semantic; Relationship: Superset; Alignment Strength: 8
Rationale: Semantic; Relationship: Superset; Alignment Strength: 8
Rationale: Semantic; Relationship: Subset; Alignment Strength: 9",,,,,D4.C.Co.E.1,Level: Evolving; Type: Full Summarily,006.007,Level: Ds,,,"PM-08
PM-11
RA-09","Rationale: Semantic; Relationship: Intersects; Alignment Strength: 8
Rationale: Semantic; Relationship: Intersects; Alignment Strength: 8
Rationale: Semantic; Relationship: Intersects; Alignment Strength: 9",,,"EBA-15
EBA-16
EBA-17
EBA-53","Rationale: Semantic; Relationship: Superset; Alignment Strength: 9
Rationale: Semantic; Relationship: Subset; Alignment Strength: 9
Rationale: Semantic; Relationship: Subset; Alignment Strength: 9
Rationale: Semantic; Relationship: Superset; Alignment Strength: 9",,,"1.1
15.1
3.8","Rationale: Semantic; Relationship: Superset
Rationale: Semantic; Relationship: Subset
Rationale: Semantic; Relationship: Subset",,
GV.OC-04.02,6.008,GOVERN,Organizational Context,Stakeholder Service Expectations,10.0,"Tier: 1
Tier: 2
Tier: 3
Tier: 4","GV.OC-04.02: The organization documents the business processes that are critical for the delivery of services and the functioning of the organization, and the impacts to the business if those processes are degraded or not functioning.",GV.OC-04,,"#business_impact_analysis
#business_process
#critical_infrastructure
#dependency_management
#resilience
#security_logging_monitoring_and_alerting
#technology_availability",,,,,,,ID.BE-5.RR,,APRA CPG 234-33,Rationale: Semantic; Relationship: Superset; Alignment Strength: 9; Functional Coverage Strength: 10,,,"2.1.2.1.1
2.2.2.1
2.2.2.3
2.5.2.1.14","Level: Evolving
Level: Evolving
Level: Evolving
Level: Advancing",FFIEC-AIO-08.02,Rationale: Semantic; Relationship: Superset; Alignment Strength: 7,"FFIEC-BCM-04.01
FFIEC-BCM-04.02
FFIEC-BCM-04.03
FFIEC-BCM-04.04
FFIEC-BCM-05.04
FFIEC-BCM-08.01","Rationale: Semantic; Relationship: Subset; Alignment Strength: 9
Rationale: Semantic; Relationship: Subset; Alignment Strength: 8
Rationale: Semantic; Relationship: Superset; Alignment Strength: 8
Rationale: Semantic; Relationship: Superset; Alignment Strength: 8
Rationale: Semantic; Relationship: Intersects; Alignment Strength: 7
Rationale: Semantic; Relationship: Subset; Alignment Strength: 9",OSFI B-13-28,Rationale: Semantic; Relationship: Intersects; Alignment Strength: 9,"DORA-08-01
DORA-11-05","Rationale: Semantic; Relationship: Superset; Alignment Strength: 9
Rationale: Semantic; Relationship: Subset; Alignment Strength: 9",,,,,D1.RM.RMP.Int.2,Level: Intermediate; Type: Full Summarily,006.008,Level: Ds,,,"PM-08
PM-11
RA-09","Rationale: Semantic; Relationship: Intersects; Alignment Strength: 9
Rationale: Semantic; Relationship: Intersects; Alignment Strength: 9
Rationale: Semantic; Relationship: Intersects; Alignment Strength: 9",ASIC-GP01.AP,Rationale: Semantic; Relationship: Superset,"EBA-15
EBA-77
EBA-78","Rationale: Semantic; Relationship: Superset; Alignment Strength: 8
Rationale: Semantic; Relationship: Subset; Alignment Strength: 7
Rationale: Semantic; Relationship: Superset; Alignment Strength: 9","JFSA-05
JFSA-52","Rationale: Semantic; Relationship: Superset; Alignment Strength: 8
Rationale: Semantic; Relationship: Superset; Alignment Strength: 8",,,,
GV.OC-04.03,6.009,GOVERN,Organizational Context,Stakeholder Service Expectations,10.0,Tier: 1,"GV.OC-04.03: Resilience requirements to support the delivery of critical services are established for all operating states (e.g., under duress/attack, during recovery, and normal operations).",GV.OC-04,,"#business_impact_analysis
#business_process
#critical_infrastructure
#data_backup
#resilience
#review_assessment_and_testing",,,,,,,"ID.BE-5.RR
PR.PT-5.CR
PR.PT-5.FS","

",,,"NYDFS-15
NYDFS-36
NYDFS-37","Rationale: Semantic; Relationship: Intersects; Alignment Strength: 7
Rationale: Semantic; Relationship: Superset; Alignment Strength: 7
Rationale: Semantic; Relationship: Superset; Alignment Strength: 7","2.1.2.1.2
2.5.2.1.1
2.5.2.1.11
2.5.2.1.3","Level: Evolving
Level: Evolving
Level: Advancing
Level: Evolving",FFIEC-AIO-08.02,Rationale: Semantic; Relationship: Superset; Alignment Strength: 7,"FFIEC-BCM-06.03
FFIEC-BCM-08.04","Rationale: Semantic; Relationship: Subset; Alignment Strength: 8
Rationale: Semantic; Relationship: Intersects; Alignment Strength: 7",OSFI B-13-28,Rationale: Semantic; Relationship: Superset; Alignment Strength: 9,"DORA-11-02
DORA-11-05
DORA-12-05","Rationale: Semantic; Relationship: Superset; Alignment Strength: 8
Rationale: Semantic; Relationship: Intersects; Alignment Strength: 6
Rationale: Semantic; Relationship: Subset; Alignment Strength: 6",,,,,,,006.009,Level: Ds,,,"CP-02
PM-08
PM-11
RA-09","Rationale: Semantic; Relationship: Superset; Alignment Strength: 9
Rationale: Semantic; Relationship: Intersects; Alignment Strength: 8
Rationale: Semantic; Relationship: Intersects; Alignment Strength: 8
Rationale: Semantic; Relationship: Intersects; Alignment Strength: 9",,,"EBA-77
EBA-78
EBA-81
EBA-89","Rationale: Semantic; Relationship: Subset; Alignment Strength: 7
Rationale: Semantic; Relationship: Superset; Alignment Strength: 7
Rationale: Semantic; Relationship: Superset; Alignment Strength: 7
Rationale: Functional; Relationship: Intersects; Alignment Strength: 5",,,,,,
GV.OC-04.04,6.01,GOVERN,Organizational Context,Stakeholder Service Expectations,10.0,"Tier: 1
Tier: 2","GV.OC-04.04: The organization prioritizes the resilience design, planning, testing, and monitoring of systems and other key internal and external dependencies according to their criticality to the supported business functions, enterprise mission, and to the financial services sector.",GV.OC-04,,"#asset_management
#business_impact_analysis
#business_process
#critical_infrastructure
#dependency_management
#resilience
#security_logging_monitoring_and_alerting
#technology_availability",APRA CPS 234-27,Rationale: Semantic; Relationship: Superset; Alignment Strength: 7,,,HK-SFC-2.09,Rationale: Functional; Relationship: Intersects,ID.BE-5.RR,,"APRA CPG 234-26
APRA CPG 234-27
APRA CPG 234-33
APRA CPG 234-78
APRA CPG 234-79
APRA CPG 234-80
APRA CPG 234-90","Rationale: Semantic; Relationship: Superset; Alignment Strength: 8; Functional Coverage Strength: 10
Rationale: Semantic; Relationship: Superset; Alignment Strength: 9; Functional Coverage Strength: 10
Rationale: Semantic; Relationship: Superset; Alignment Strength: 9; Functional Coverage Strength: 10
Rationale: Semantic; Relationship: Intersects; Alignment Strength: 7; Functional Coverage Strength: 9
Rationale: Semantic; Relationship: Superset; Alignment Strength: 7; Functional Coverage Strength: 8
Rationale: Semantic; Relationship: Superset; Alignment Strength: 7; Functional Coverage Strength: 8
Rationale: Semantic; Relationship: Superset; Alignment Strength: 7; Functional Coverage Strength: 10","NYDFS-37
NYDFS-40","Rationale: Semantic; Relationship: Intersects; Alignment Strength: 7
Rationale: Semantic; Relationship: Intersects; Alignment Strength: 9","2.1.2.1.1
2.1.2.1.14
2.2.2.1
2.2.2.3
2.5.2.1.1
2.5.2.1.14
2.5.2.3.33","Level: Evolving
Level: Advancing
Level: Evolving
Level: Evolving
Level: Evolving
Level: Advancing
Level: Evolving","FFIEC-AIO-02.05
FFIEC-AIO-08.02","Rationale: Semantic; Relationship: Superset; Alignment Strength: 6
Rationale: Semantic; Relationship: Superset; Alignment Strength: 6","FFIEC-BCM-04.01
FFIEC-BCM-04.02
FFIEC-BCM-04.03
FFIEC-BCM-04.04
FFIEC-BCM-06.05
FFIEC-BCM-10.01
FFIEC-BCM-10.02
FFIEC-BCM-10.10
FFIEC-BCM-10.12
FFIEC-BCM-10.15
FFIEC-BCM-10.25
FFIEC-BCM-10.27","Rationale: Semantic; Relationship: Intersects; Alignment Strength: 8
Rationale: Semantic; Relationship: Subset; Alignment Strength: 8
Rationale: Semantic; Relationship: Superset; Alignment Strength: 7
Rationale: Semantic; Relationship: Superset; Alignment Strength: 8
Rationale: Functional; Relationship: Intersects; Alignment Strength: 6
Rationale: Semantic; Relationship: Subset; Alignment Strength: 9
Rationale: Semantic; Relationship: Subset; Alignment Strength: 8
Rationale: Semantic; Relationship: Subset; Alignment Strength: 9
Rationale: Semantic; Relationship: Subset; Alignment Strength: 6
Rationale: Semantic; Relationship: Subset; Alignment Strength: 9
Rationale: Functional; Relationship: Intersects; Alignment Strength: 5
Rationale: Functional; Relationship: Intersects; Alignment Strength: 6",OSFI B-13-28,Rationale: Semantic; Relationship: Intersects; Alignment Strength: 9,"DORA-06-02
DORA-06-08
DORA-08-05
DORA-11-04
DORA-11-05
DORA-11-06
DORA-24-03
DORA-24-06
DORA-25-01
DORA-25-03","Rationale: Semantic; Relationship: Superset; Alignment Strength: 8
Rationale: Semantic; Relationship: Superset; Alignment Strength: 8
Rationale: Semantic; Relationship: Superset; Alignment Strength: 8
Rationale: Semantic; Relationship: Superset; Alignment Strength: 8
Rationale: Semantic; Relationship: Intersects; Alignment Strength: 5
Rationale: Semantic; Relationship: Superset; Alignment Strength: 7
Rationale: Semantic; Relationship: Intersects; Alignment Strength: 9
Rationale: Semantic; Relationship: Subset; Alignment Strength: 8
Rationale: Semantic; Relationship: Subset; Alignment Strength: 8
Rationale: Semantic; Relationship: Intersects; Alignment Strength: 8",,,,,"D5.DR.De.A.2
D5.DR.Re.E.1
D5.IR.Pl.B.5
D5.IR.Pl.Inn.1
D5.IR.Pl.Int.2","Level: Advanced; Type: Partial
Level: Evolving; Type: Full Summarily
Level: Baseline; Type: Full
Level: Innovative; Type: Full Summarily
Level: Intermediate; Type: Full Summarily",006.010,Level: Ds,,,"PM-08
PM-11
RA-09","Rationale: Semantic; Relationship: Intersects; Alignment Strength: 9
Rationale: Semantic; Relationship: Intersects; Alignment Strength: 8
Rationale: Semantic; Relationship: Intersects; Alignment Strength: 9",ASIC-GP01.AP,Rationale: Semantic; Relationship: Superset,"EBA-77
EBA-78
EBA-80
EBA-87
EBA-89","Rationale: Semantic; Relationship: Subset; Alignment Strength: 7
Rationale: Semantic; Relationship: Superset; Alignment Strength: 9
Rationale: Semantic; Relationship: Intersects; Alignment Strength: 7
Rationale: Semantic; Relationship: Intersects; Alignment Strength: 8
Rationale: Semantic; Relationship: Intersects; Alignment Strength: 7","JFSA-05
JFSA-51
JFSA-52","Rationale: Semantic; Relationship: Intersects; Alignment Strength: 6
Rationale: Semantic; Relationship: Superset; Alignment Strength: 8
Rationale: Semantic; Relationship: Superset; Alignment Strength: 8",,,,
GV.OC-05.01,7.011,GOVERN,Organizational Context,Organizational Service Dependencies,10.0,"Tier: 1
Tier: 2
Tier: 3
Tier: 4","GV.OC-05.01: The organization identifies, assesses, and documents the key dependencies, interdependencies, and potential points of failure to support the delivery of critical services (e.g., systems, business processes, workforce, third parties, facilities, etc.)",GV.OC-05,,"#asset_management
#business_impact_analysis
#business_process
#critical_infrastructure
#dependency_management
#staffing_and_resource_management
#supply_chain_management
#third_party_risk_management",,,,,,,ID.BE-4.CR,,"APRA CPG 234-26
APRA CPG 234-27
APRA CPG 234-33","Rationale: Semantic; Relationship: Superset; Alignment Strength: 8; Functional Coverage Strength: 10
Rationale: Semantic; Relationship: Superset; Alignment Strength: 9; Functional Coverage Strength: 10
Rationale: Semantic; Relationship: Superset; Alignment Strength: 8; Functional Coverage Strength: 10",,,"2.1.2.1.1
2.1.2.2.32
2.2.2.1
2.2.2.2
2.2.2.3
2.5.2.1.1
2.5.2.1.14
2.7.2.1.1","Level: Evolving
Level: Advancing
Level: Evolving
Level: Evolving
Level: Evolving
Level: Evolving
Level: Advancing
Level: Evolving",,,"FFIEC-BCM-04.01
FFIEC-BCM-04.02
FFIEC-BCM-04.03
FFIEC-BCM-05.03
FFIEC-BCM-06.04
FFIEC-BCM-10.22","Rationale: Semantic; Relationship: Intersects; Alignment Strength: 7
Rationale: Semantic; Relationship: Subset; Alignment Strength: 9
Rationale: Semantic; Relationship: Superset; Alignment Strength: 9
Rationale: Semantic; Relationship: Subset; Alignment Strength: 9
Rationale: Functional; Relationship: Intersects; Alignment Strength: 6
Rationale: Functional; Relationship: Intersects; Alignment Strength: 4",OSFI B-13-09,Rationale: Semantic; Relationship: Intersects; Alignment Strength: 9,"DORA-06-02
DORA-08-01
DORA-08-04
DORA-08-05
DORA-10-01
DORA-11-05","Rationale: Semantic; Relationship: Superset; Alignment Strength: 7
Rationale: Semantic; Relationship: Superset; Alignment Strength: 9
Rationale: Semantic; Relationship: Superset; Alignment Strength: 6
Rationale: Semantic; Relationship: Superset; Alignment Strength: 8
Rationale: Semantic; Relationship: Superset; Alignment Strength: 7
Rationale: Semantic; Relationship: Subset; Alignment Strength: 9",,,"TR-3.3.1
TR-8.1.2
TR-8.3.3","Type: Full Summarily
Type: Full Summarily
Type: Full Summarily","D3.PC.Se.A.2
D4.C.Co.B.1
D4.C.Co.E.1","Level: Advanced; Type: Full
Level: Baseline; Type: Full
Level: Evolving; Type: Full Summarily",007.011,Level: Ds,,,"CP-02
PM-08
PM-11
PM-30","Rationale: Semantic; Relationship: Superset; Alignment Strength: 9
Rationale: Semantic; Relationship: Intersects; Alignment Strength: 8
Rationale: Semantic; Relationship: Intersects; Alignment Strength: 8
Rationale: Semantic; Relationship: Intersects; Alignment Strength: 8",ASIC-GP03.RM,Rationale: Semantic; Relationship: Superset,"EBA-15
EBA-16
EBA-17
EBA-78","Rationale: Semantic; Relationship: Superset; Alignment Strength: 8
Rationale: Semantic; Relationship: Subset; Alignment Strength: 8
Rationale: Semantic; Relationship: Subset; Alignment Strength: 8
Rationale: Semantic; Relationship: Superset; Alignment Strength: 9","JFSA-05
JFSA-48
JFSA-49","Rationale: Semantic; Relationship: Superset; Alignment Strength: 8
Rationale: Functional; Relationship: Intersects; Alignment Strength: 6
Rationale: Functional; Relationship: Intersects; Alignment Strength: 5","15.3
15.5","Rationale: Semantic; Relationship: Intersects
Rationale: Semantic; Relationship: Subset",,
GV.OC-05.02,7.012,GOVERN,Organizational Context,Organizational Service Dependencies,10.0,"Tier: 1
Tier: 2
Tier: 3","GV.OC-05.02: The organization has prioritized its external dependencies according to their criticality to the supported enterprise mission, business functions, and to the financial services sector.",GV.OC-05,,"#asset_management
#business_impact_analysis
#dependency_management
#supply_chain_management
#third_party_risk_management",,,,,,,ID.BE-4.CR,,APRA CPG 234-33,Rationale: Semantic; Relationship: Superset; Alignment Strength: 9; Functional Coverage Strength: 10,,,"2.1.2.1.1
2.2.2.1
2.2.2.2
2.2.2.3
2.5.2.1.1
2.5.2.1.14
2.5.2.3.33","Level: Evolving
Level: Evolving
Level: Evolving
Level: Evolving
Level: Evolving
Level: Advancing
Level: Evolving",,,"FFIEC-BCM-04.01
FFIEC-BCM-04.03
FFIEC-BCM-06.05","Rationale: Semantic; Relationship: Intersects; Alignment Strength: 7
Rationale: Semantic; Relationship: Superset; Alignment Strength: 8
Rationale: Functional; Relationship: Intersects; Alignment Strength: 7",OSFI B-13-09,Rationale: Semantic; Relationship: Intersects; Alignment Strength: 8,"DORA-06-02
DORA-08-01
DORA-08-05
DORA-11-05
DORA-16-01
DORA-28-01","Rationale: Semantic; Relationship: Superset; Alignment Strength: 7
Rationale: Semantic; Relationship: Superset; Alignment Strength: 9
Rationale: Semantic; Relationship: Superset; Alignment Strength: 8
Rationale: Semantic; Relationship: Subset; Alignment Strength: 7
Rationale: Semantic; Relationship: Intersects; Alignment Strength: 9
Rationale: Semantic; Relationship: Intersects; Alignment Strength: 8",,,,,,,007.012,Level: Ds,,,"CP-02
PM-11
PM-30","Rationale: Semantic; Relationship: Superset; Alignment Strength: 8
Rationale: Semantic; Relationship: Intersects; Alignment Strength: 8
Rationale: Semantic; Relationship: Intersects; Alignment Strength: 7",ASIC-GP03.RM,Rationale: Semantic; Relationship: Superset,"EBA-05
EBA-15
EBA-78
EBA-80","Rationale: Semantic; Relationship: Superset; Alignment Strength: 9
Rationale: Semantic; Relationship: Superset; Alignment Strength: 9
Rationale: Semantic; Relationship: Superset; Alignment Strength: 8
Rationale: Semantic; Relationship: Intersects; Alignment Strength: 7",JFSA-05,Rationale: Semantic; Relationship: Superset; Alignment Strength: 8,15.3,Rationale: Semantic; Relationship: Superset,,
GV.OC-05.03,7.013,GOVERN,Organizational Context,Organizational Service Dependencies,10.0,"Tier: 1
Tier: 2
Tier: 3
Tier: 4","GV.OC-05.03: The organization defines objectives (e.g., Recovery Time Objective, Maximum Tolerable Downtime, Impact Tolerance) for the resumption of critical operations in alignment with business imperatives, stakeholder obligations, and critical infrastructure dependencies.",GV.OC-05,,"#architecture
#asset_management
#business_impact_analysis
#critical_infrastructure
#data_backup
#data_flow
#data_integrity
#disaster_recovery
#network_diagrams
#resilience
#roles_and_responsibilities
#security_logging_monitoring_and_alerting
#technology_availability",,,,,,,,,,,"NYDFS-15
NYDFS-30
NYDFS-36
NYDFS-37
NYDFS-41","Rationale: Semantic; Relationship: Intersects; Alignment Strength: 8
Rationale: Semantic; Relationship: Intersects; Alignment Strength: 8
Rationale: Semantic; Relationship: Intersects; Alignment Strength: 5
Rationale: Semantic; Relationship: Intersects; Alignment Strength: 5
Rationale: Semantic; Relationship: Intersects; Alignment Strength: 7","2.5.2.1.1
2.5.2.1.11","Level: Evolving
Level: Advancing",FFIEC-AIO-03.03,Rationale: Semantic; Relationship: Superset; Alignment Strength: 8,"FFIEC-BCM-04.04
FFIEC-BCM-04.05
FFIEC-BCM-10.19","Rationale: Semantic; Relationship: Superset; Alignment Strength: 8
Rationale: Semantic; Relationship: Subset; Alignment Strength: 10
Rationale: Semantic; Relationship: Subset; Alignment Strength: 9",OSFI B-13-28,Rationale: Semantic; Relationship: Superset; Alignment Strength: 9,"DORA-11-05
DORA-12-06","Rationale: Semantic; Relationship: Subset; Alignment Strength: 8
Rationale: Semantic; Relationship: Subset; Alignment Strength: 9",,,TR-8.2.1,Type: Full Summarily,"D5.DR.Re.E.2
D5.IR.Pl.E.1","Level: Evolving; Type: Full Summarily
Level: Evolving; Type: Full Summarily",007.013,Level: Ds,,,"CP-02
CP-10
PM-11","Rationale: Semantic; Relationship: Superset; Alignment Strength: 9
Rationale: Semantic; Relationship: Intersects; Alignment Strength: 8
Rationale: Semantic; Relationship: Intersects; Alignment Strength: 7",,,"EBA-78
EBA-80
EBA-81
EBA-84","Rationale: Semantic; Relationship: Superset; Alignment Strength: 8
Rationale: Functional; Relationship: Intersects; Alignment Strength: 6
Rationale: Semantic; Relationship: Superset; Alignment Strength: 9
Rationale: Functional; Relationship: Intersects; Alignment Strength: 5","JFSA-02
JFSA-47","Rationale: Semantic; Relationship: Superset; Alignment Strength: 7
Rationale: Functional; Relationship: Intersects; Alignment Strength: 5",,,,
GV.OC-05.04,7.014,GOVERN,Organizational Context,Organizational Service Dependencies,10.0,"Tier: 1
Tier: 2
Tier: 3","GV.OC-05.04: Recovery point objectives to support data integrity are consistent with the organization's recovery time objectives, information flow dependencies between systems, and business obligations.",GV.OC-05,,"#architecture
#data_backup
#data_flow
#data_integrity
#dependency_management
#disaster_recovery
#network_diagrams
#resilience",,,,,,,,,,,"NYDFS-15
NYDFS-36
NYDFS-37
NYDFS-41","Rationale: Semantic; Relationship: Intersects; Alignment Strength: 8
Rationale: Semantic; Relationship: Intersects; Alignment Strength: 5
Rationale: Semantic; Relationship: Intersects; Alignment Strength: 7
Rationale: Semantic; Relationship: Intersects; Alignment Strength: 7",2.5.2.1.1,Level: Evolving,"FFIEC-AIO-03.03
FFIEC-AIO-15.04","Rationale: Semantic; Relationship: Superset; Alignment Strength: 8
Rationale: Semantic; Relationship: Superset; Alignment Strength: 6","FFIEC-BCM-04.04
FFIEC-BCM-04.05","Rationale: Semantic; Relationship: Superset; Alignment Strength: 8
Rationale: Semantic; Relationship: Subset; Alignment Strength: 9",OSFI B-13-28,Rationale: Semantic; Relationship: Superset; Alignment Strength: 9,DORA-12-06,Rationale: Semantic; Relationship: Intersects; Alignment Strength: 8,,,TR-8.2.1,Type: Full Summarily,"D5.IR.Pl.E.1
D5.IR.Te.E.1","Level: Evolving; Type: Full Summarily
Level: Evolving; Type: Full Summarily",007.014,Level: Ds,,,"CP-09
PM-11","Rationale: Semantic; Relationship: Superset; Alignment Strength: 9
Rationale: Semantic; Relationship: Intersects; Alignment Strength: 7",,,EBA-81,Rationale: Semantic; Relationship: Superset; Alignment Strength: 8,JFSA-02,Rationale: Semantic; Relationship: Superset; Alignment Strength: 7,,,,
GV.RM-01.01,9.015,GOVERN,Risk Management Strategy,Risk Management Objectives Agreement,10.0,"Tier: 1
Tier: 2
Tier: 3
Tier: 4","GV.RM-01.01: Technology and cybersecurity risk management strategies and frameworks are approved by the governing authority (e.g., the Board or one of its committees) and incorporated into the overall business strategy and enterprise risk management framework.",GV.RM-01,,"#board_or_committee_oversight
#enterprise_risk_management
#metrics_and_reporting
#mission_and_strategy
#risk_management
#risk_oversight",APRA CPS 234-13,Rationale: Semantic; Relationship: Superset; Alignment Strength: 7,"OSFI CSSA-01
OSFI CSSA-02
OSFI CSSA-81","Rationale: Functional; Relationship: Intersects; Alignment Strength: 9
Rationale: Functional; Relationship: Superset; Alignment Strength: 8
Rationale: Functional; Relationship: Superset; Alignment Strength: 8",HK-SFC-3.01,Rationale: Functional; Relationship: Superset,ID.GV-4.CR,,"APRA CPG 234-10
APRA CPG 234-20
APRA CPG 234-22","Rationale: Semantic; Relationship: Superset; Alignment Strength: 8; Functional Coverage Strength: 10
Rationale: Semantic; Relationship: Superset; Alignment Strength: 7; Functional Coverage Strength: 10
Rationale: Semantic; Relationship: Superset; Alignment Strength: 8; Functional Coverage Strength: 10",NYDFS-11,Rationale: Semantic; Relationship: Superset; Alignment Strength: 7,"2.1.2.1.10
2.1.2.1.13
2.1.2.1.15
2.1.2.1.3
2.1.2.1.4
2.1.2.1.6
2.1.2.1.7
2.1.2.2.17
2.2.2.4","Level: Evolving
Level: Advancing
Level: Innovating
Level: Evolving
Level: Evolving
Level: Evolving
Level: Evolving
Level: Evolving
Level: Evolving","FFIEC-AIO-02.02
FFIEC-AIO-02.05
FFIEC-AIO-02.08","Rationale: Semantic; Relationship: Superset; Alignment Strength: 7
Rationale: Semantic; Relationship: Superset; Alignment Strength: 7
Rationale: Semantic; Relationship: Superset; Alignment Strength: 8",,,"OSFI B-13-02
OSFI B-13-04","Rationale: Semantic; Relationship: Superset; Alignment Strength: 9
Rationale: Semantic; Relationship: Superset; Alignment Strength: 9","DORA-05-01
DORA-05-02
DORA-06-01
DORA-06-02
DORA-06-03
DORA-06-08
DORA-16-01","Rationale: Semantic; Relationship: Superset; Alignment Strength: 8
Rationale: Semantic; Relationship: Superset; Alignment Strength: 9
Rationale: Semantic; Relationship: Superset; Alignment Strength: 9
Rationale: Semantic; Relationship: Superset; Alignment Strength: 9
Rationale: Semantic; Relationship: Superset; Alignment Strength: 8
Rationale: Semantic; Relationship: Superset; Alignment Strength: 8
Rationale: Semantic; Relationship: Intersects; Alignment Strength: 9","SEC-03.I.A.3
SEC-07.I.A.7
SEC-12.II.C.1.a","Rationale: Semantic; Relationship: Superset; Alignment Strength: 8
Rationale: Semantic; Relationship: Superset; Alignment Strength: 8
Rationale: Semantic; Relationship: Superset; Alignment Strength: 7","TR-3.1.4
TR-3.1.7
TR-3.1.8
TR-4.1.1","Type: Full Summarily
Type: Full Summarily
Type: Full Summarily
Type: Full Summarily","D1.G.SP.B.1
D1.G.SP.B.7","Level: Baseline; Type: Full Summarily
Level: Baseline; Type: Full",009.015,Level: Ds,FFIEC-DAM-02.03,Rationale: Semantic; Relationship: Intersects,"PM-01
PM-09","Rationale: Semantic; Relationship: Intersects; Alignment Strength: 8
Rationale: Semantic; Relationship: Superset; Alignment Strength: 9","ASIC-GP01.PR
ASIC-KQ01","Rationale: Semantic; Relationship: Superset
Rationale: Semantic; Relationship: Superset","EBA-02
EBA-04
EBA-05
EBA-14","Rationale: Semantic; Relationship: Superset; Alignment Strength: 9
Rationale: Semantic; Relationship: Superset; Alignment Strength: 9
Rationale: Semantic; Relationship: Superset; Alignment Strength: 9
Rationale: Semantic; Relationship: Intersects; Alignment Strength: 5",JFSA-31,Rationale: Semantic; Relationship: Superset; Alignment Strength: 7,,,"NAIC-IDSML-01
NAIC-IDSML-04","Rationale: Semantic; Relationship: Superset
Rationale: Semantic; Relationship: Superset"
GV.RM-01.02,9.016,GOVERN,Risk Management Strategy,Risk Management Objectives Agreement,10.0,"Tier: 1
Tier: 2
Tier: 3
Tier: 4","GV.RM-01.02: Technology and cybersecurity risk management strategies and frameworks are informed by applicable international, national, and financial services industry standards and guidelines.",GV.RM-01,,"#compliance
#industry_standards
#risk_management",,,"OSFI CSSA-02
OSFI CSSA-03
OSFI CSSA-58","Rationale: Functional; Relationship: Superset; Alignment Strength: 9
Rationale: Functional; Relationship: Intersects; Alignment Strength: 8
Rationale: Functional; Relationship: Intersects; Alignment Strength: 9",,,"ID.GV-4.CR
ID.RM-1.RM","
",APRA CPG 234-38,Rationale: Semantic; Relationship: Intersects; Alignment Strength: 8; Functional Coverage Strength: 8,NYDFS-18,Rationale: Semantic; Relationship: Intersects; Alignment Strength: 7,"2.1.2.1.6
2.1.2.1.8
2.1.2.2.29
2.2.2.4
2.3.2.1.52
2.3.2.1.6","Level: Evolving
Level: Evolving
Level: Evolving
Level: Evolving
Level: Advancing
Level: Advancing",,,,,OSFI B-13-42,Rationale: Semantic; Relationship: Intersects; Alignment Strength: 9,"DORA-06-01
DORA-06-02
DORA-06-03
DORA-16-01","Rationale: Semantic; Relationship: Superset; Alignment Strength: 7
Rationale: Semantic; Relationship: Superset; Alignment Strength: 7
Rationale: Semantic; Relationship: Superset; Alignment Strength: 8
Rationale: Semantic; Relationship: Intersects; Alignment Strength: 8",,,"TR-3.2.1
TR-4.1.1","Type: Full Summarily
Type: Full Summarily","D1.G.SP.A.2
D1.G.SP.E.2
D1.RM.RA.Int.1","Level: Advanced; Type: Full
Level: Evolving; Type: Full
Level: Intermediate; Type: Full",009.016,Level: Ds,"FFIEC-DAM-02.01
FFIEC-DAM-07.01
FFIEC-DAM-10.01
FFIEC-DAM-10.02","Rationale: Semantic; Relationship: Intersects
Rationale: Semantic; Relationship: Intersects
Rationale: Semantic; Relationship: Intersects
Rationale: Semantic; Relationship: Intersects","PM-09
PM-28
SA-08","Rationale: Semantic; Relationship: Superset; Alignment Strength: 8
Rationale: Semantic; Relationship: Superset; Alignment Strength: 9
Rationale: Semantic; Relationship: Intersects; Alignment Strength: 9",,,EBA-10,Rationale: Functional; Relationship: Intersects; Alignment Strength: 6,,,,,NAIC-IDSML-01,Rationale: Semantic; Relationship: Intersects
GV.RM-01.03,9.017,GOVERN,Risk Management Strategy,Risk Management Objectives Agreement,10.0,"Tier: 1
Tier: 2
Tier: 3
Tier: 4","GV.RM-01.03: The organization has established, and maintains, technology and cybersecurity programs designed to protect the confidentiality, integrity and availability of its information and operational systems, commensurate with the organization's risk appetite and business needs.",GV.RM-01,,"#data_integrity
#data_protection
#improvements
#mission_and_strategy
#program_transformation
#risk_appetite_/_tolerance
#risk_management
#system_integrity
#technology_availability",APRA CPS 234-15,Rationale: Semantic; Relationship: Superset; Alignment Strength: 7,OSFI CSSA-01,Rationale: Functional; Relationship: Intersects; Alignment Strength: 8,,,ID.GV-4.CR,,"APRA CPG 234-16
APRA CPG 234-51","Rationale: Semantic; Relationship: Superset; Alignment Strength: 6; Functional Coverage Strength: 10
Rationale: Semantic; Relationship: Intersects; Alignment Strength: 6; Functional Coverage Strength: 10","NYDFS-01
NYDFS-02","Rationale: Semantic; Relationship: Equal; Alignment Strength: 10
Rationale: Semantic; Relationship: Superset; Alignment Strength: 9","2.1.2.1.2
2.1.2.1.7
2.2.2.4
2.3.2.1.1","Level: Evolving
Level: Evolving
Level: Evolving
Level: Evolving",,,FFIEC-BCM-06.03,Rationale: Semantic; Relationship: Intersects; Alignment Strength: 7,OSFI B-13-03,Rationale: Semantic; Relationship: Intersects; Alignment Strength: 9,"DORA-05-01
DORA-06-01
DORA-09-02
DORA-09-03
DORA-09-04","Rationale: Semantic; Relationship: Superset; Alignment Strength: 7
Rationale: Semantic; Relationship: Superset; Alignment Strength: 9
Rationale: Semantic; Relationship: Superset; Alignment Strength: 8
Rationale: Semantic; Relationship: Superset; Alignment Strength: 7
Rationale: Semantic; Relationship: Superset; Alignment Strength: 8",,,"TR-4.1.1
TR-4.1.2","Type: Full Summarily
Type: Full Summarily",D1.RM.RMP.B.1,Level: Baseline; Type: Full Summarily,009.017,Level: Ds,,,"PM-01
PM-09
PM-28","Rationale: Semantic; Relationship: Equal; Alignment Strength: 10
Rationale: Semantic; Relationship: Superset; Alignment Strength: 9
Rationale: Semantic; Relationship: Intersects; Alignment Strength: 9",,,"EBA-05
EBA-06
EBA-10
EBA-18
EBA-28
EBA-29","Rationale: Semantic; Relationship: Superset; Alignment Strength: 9
Rationale: Functional; Relationship: Intersects; Alignment Strength: 6
Rationale: Semantic; Relationship: Superset; Alignment Strength: 8
Rationale: Functional; Relationship: Intersects; Alignment Strength: 6
Rationale: Functional; Relationship: Intersects; Alignment Strength: 6
Rationale: Functional; Relationship: Intersects; Alignment Strength: 6","JFSA-06
JFSA-21
JFSA-32","Rationale: Semantic; Relationship: Superset; Alignment Strength: 5
Rationale: Semantic; Relationship: Superset; Alignment Strength: 9
Rationale: Semantic; Relationship: Superset; Alignment Strength: 6",,,"NAIC-IDSML-01
NAIC-IDSML-02
NAIC-IDSML-03","Rationale: Semantic; Relationship: Superset
Rationale: Semantic; Relationship: Superset
Rationale: Semantic; Relationship: Superset"
GV.RM-01.04,9.018,GOVERN,Risk Management Strategy,Risk Management Objectives Agreement,10.0,"Tier: 1
Tier: 2
Tier: 3
Tier: 4","GV.RM-01.04: Technology and cybersecurity risk management programs incorporate risk identification, measurement, monitoring, and reporting.",GV.RM-01,,"#enterprise_risk_management
#risk_management",,,"OSFI CSSA-02
OSFI CSSA-09
OSFI CSSA-61","Rationale: Functional; Relationship: Superset; Alignment Strength: 8
Rationale: Functional; Relationship: Superset; Alignment Strength: 8
Rationale: Functional; Relationship: Intersects; Alignment Strength: 7",,,ID.GV-4.CR,,,,"NYDFS-02
NYDFS-07
NYDFS-22
NYDFS-23","Rationale: Semantic; Relationship: Superset; Alignment Strength: 8
Rationale: Semantic; Relationship: Superset; Alignment Strength: 8
Rationale: Semantic; Relationship: Superset; Alignment Strength: 7
Rationale: Semantic; Relationship: Superset; Alignment Strength: 7","2.1.2.1.6
2.2.2.4","Level: Evolving
Level: Evolving",,,,,OSFI B-13-03,Rationale: Semantic; Relationship: Intersects; Alignment Strength: 9,"DORA-05-01
DORA-06-01
DORA-06-08
DORA-09-01
DORA-13-07","Rationale: Semantic; Relationship: Superset; Alignment Strength: 8
Rationale: Semantic; Relationship: Superset; Alignment Strength: 9
Rationale: Semantic; Relationship: Intersects; Alignment Strength: 8
Rationale: Semantic; Relationship: Intersects; Alignment Strength: 8
Rationale: Semantic; Relationship: Intersects; Alignment Strength: 8",,,"TR-4.1.1
TR-4.1.4
TR-4.5.2","Type: Full Summarily
Type: Full Summarily
Type: Full Summarily",D1.RM.RMP.E.1,Level: Evolving; Type: Full,009.018,Level: Ds,,,"PM-09
RA-03","Rationale: Semantic; Relationship: Superset; Alignment Strength: 9
Rationale: Semantic; Relationship: Subset; Alignment Strength: 9",ASIC-KQ01,Rationale: Semantic; Relationship: Superset,"EBA-10
EBA-13","Rationale: Semantic; Relationship: Superset; Alignment Strength: 10
Rationale: Functional; Relationship: Intersects; Alignment Strength: 5",,,,,NAIC-IDSML-01,Rationale: Semantic; Relationship: Superset
GV.RM-01.05,9.019,GOVERN,Risk Management Strategy,Risk Management Objectives Agreement,10.0,"Tier: 1
Tier: 2
Tier: 3","GV.RM-01.05: The organization's technology, cybersecurity, resilience, and third-party risk management programs, policies, resources, and priorities are aligned and mutually supporting.",GV.RM-01,,"#dependency_management
#program_transformation
#resilience
#risk_management
#supply_chain_management
#third_party_risk_management",,,,,,,ID.GV-4.CR,,,,,,2.1.2.1.7,Level: Evolving,"FFIEC-AIO-02.02
FFIEC-AIO-02.04","Rationale: Semantic; Relationship: Superset; Alignment Strength: 7
Rationale: Semantic; Relationship: Superset; Alignment Strength: 9",,,OSFI B-13-53,Rationale: Semantic; Relationship: Intersects; Alignment Strength: 8,"DORA-05-01
DORA-06-01
DORA-06-03
DORA-07-01
DORA-09-02
DORA-09-04
DORA-16-01
DORA-28-02","Rationale: Semantic; Relationship: Superset; Alignment Strength: 7
Rationale: Semantic; Relationship: Superset; Alignment Strength: 8
Rationale: Semantic; Relationship: Superset; Alignment Strength: 7
Rationale: Semantic; Relationship: Subset; Alignment Strength: 7
Rationale: Semantic; Relationship: Superset; Alignment Strength: 8
Rationale: Semantic; Relationship: Superset; Alignment Strength: 8
Rationale: Semantic; Relationship: Intersects; Alignment Strength: 9
Rationale: Semantic; Relationship: Intersects; Alignment Strength: 8",,,TR-4.1.2,Type: Full Summarily,D1.G.SP.E.1,Level: Evolving; Type: Full,009.019,Level: Ds,"FFIEC-DAM-02.01
FFIEC-DAM-02.03
FFIEC-DAM-12.03","Rationale: Semantic; Relationship: Intersects
Rationale: Semantic; Relationship: Intersects
Rationale: Semantic; Relationship: Intersects","PM-09
PM-11
PM-30
SR-02","Rationale: Semantic; Relationship: Intersects; Alignment Strength: 8
Rationale: Semantic; Relationship: Intersects; Alignment Strength: 9
Rationale: Semantic; Relationship: Intersects; Alignment Strength: 9
Rationale: Semantic; Relationship: Intersects; Alignment Strength: 9",ASIC-GP02.GF,Rationale: Semantic; Relationship: Intersects,,,JFSA-43,Rationale: Semantic; Relationship: Superset; Alignment Strength: 5,15.2,Rationale: Semantic; Relationship: Subset,NAIC-IDSML-01,Rationale: Semantic; Relationship: Intersects
GV.RM-02.01,10.02,GOVERN,Risk Management Strategy,Risk Appetite & Risk Tolerance Statements,10.0,"Tier: 1
Tier: 2
Tier: 3
Tier: 4","GV.RM-02.01: The governing authority (e.g., the Board or one of its committees) endorses and regularly reviews technology and cybersecurity risk appetite and is regularly informed about the status of, and material changes to, the organization's inherent risk profile.",GV.RM-02,,"#board_or_committee_oversight
#risk_appetite_/_tolerance
#risk_management
#risk_oversight
#roles_and_responsibilities
#threat_management",APRA CPS 234-13,Rationale: Semantic; Relationship: Superset; Alignment Strength: 7,"OSFI CSSA-02
OSFI CSSA-81","Rationale: Functional; Relationship: Intersects; Alignment Strength: 8
Rationale: Functional; Relationship: Superset; Alignment Strength: 9",HK-SFC-3.01,Rationale: Functional; Relationship: Superset,ID.RM-2.RT,,APRA CPG 234-10,Rationale: Semantic; Relationship: Superset; Alignment Strength: 7; Functional Coverage Strength: 10,"NYDFS-09
NYDFS-11","Rationale: Semantic; Relationship: Intersects; Alignment Strength: 8
Rationale: Semantic; Relationship: Superset; Alignment Strength: 7","2.1.2.1.4
2.1.2.1.5
2.1.2.2.17
2.1.2.2.42","Level: Evolving
Level: Evolving
Level: Evolving
Level: Innovating",FFIEC-AIO-02.02,Rationale: Semantic; Relationship: Superset; Alignment Strength: 8,FFIEC-BCM-12.01,Rationale: Functional; Relationship: Intersects; Alignment Strength: 5,"OSFI B-13-02
OSFI B-13-05
OSFI B-13-39","Rationale: Semantic; Relationship: Superset; Alignment Strength: 9
Rationale: Semantic; Relationship: Superset; Alignment Strength: 9
Rationale: Semantic; Relationship: Intersects; Alignment Strength: 8","DORA-05-01
DORA-05-02
DORA-06-08","Rationale: Semantic; Relationship: Superset; Alignment Strength: 7
Rationale: Semantic; Relationship: Superset; Alignment Strength: 9
Rationale: Semantic; Relationship: Superset; Alignment Strength: 7","SEC-03.I.A.3
SEC-07.I.A.7
SEC-13.II.C.2.a","Rationale: Semantic; Relationship: Superset; Alignment Strength: 8
Rationale: Semantic; Relationship: Superset; Alignment Strength: 8
Rationale: Semantic; Relationship: Superset; Alignment Strength: 7","TR-3.1.7
TR-3.1.8","Type: Full Summarily
Type: Full Summarily","D1.G.Ov.A.1
D1.G.Ov.Int.3","Level: Advanced; Type: Full Summarily
Level: Intermediate; Type: Full",010.020,Level: Ds,,,PM-09,Rationale: Semantic; Relationship: Superset; Alignment Strength: 7,ASIC-KQ01,Rationale: Semantic; Relationship: Superset,"EBA-02
EBA-10
EBA-13","Rationale: Semantic; Relationship: Superset; Alignment Strength: 9
Rationale: Semantic; Relationship: Superset; Alignment Strength: 8
Rationale: Semantic; Relationship: Superset; Alignment Strength: 8",JFSA-01,Rationale: Semantic; Relationship: Intersects; Alignment Strength: 6,,,"NAIC-IDSML-04
NAIC-IDSML-06","Rationale: Semantic; Relationship: Superset
Rationale: Semantic; Relationship: Intersects"
GV.RM-02.02,10.021,GOVERN,Risk Management Strategy,Risk Appetite & Risk Tolerance Statements,10.0,"Tier: 1
Tier: 2
Tier: 3","GV.RM-02.02: The organization has established statements of technology and cybersecurity risk tolerance consistent with its risk appetite, and has integrated them into technology, cybersecurity, operational, and enterprise risk management practices.",GV.RM-02,,"#enterprise_risk_management
#risk_appetite_/_tolerance
#risk_management",,,OSFI CSSA-02,Rationale: Functional; Relationship: Intersects; Alignment Strength: 7,,,ID.RM-2.RT,,,,,,"2.1.2.1.1
2.1.2.2.17","Level: Evolving
Level: Evolving",FFIEC-AIO-02.08,Rationale: Semantic; Relationship: Superset; Alignment Strength: 8,,,"OSFI B-13-04
OSFI B-13-05","Rationale: Semantic; Relationship: Superset; Alignment Strength: 9
Rationale: Semantic; Relationship: Superset; Alignment Strength: 8",DORA-06-08,Rationale: Semantic; Relationship: Superset; Alignment Strength: 9,,,TR-3.1.7,Type: Full Summarily,,,010.021,Level: Ds,,,"PM-09
PM-28","Rationale: Semantic; Relationship: Superset; Alignment Strength: 7
Rationale: Semantic; Relationship: Superset; Alignment Strength: 9",,,"EBA-10
EBA-13","Rationale: Semantic; Relationship: Superset; Alignment Strength: 8
Rationale: Semantic; Relationship: Superset; Alignment Strength: 8",,,,,,
GV.RM-02.03,10.022,GOVERN,Risk Management Strategy,Risk Appetite & Risk Tolerance Statements,10.0,"Tier: 1
Tier: 2
Tier: 3","GV.RM-02.03: Determination of the organization's risk appetite and tolerance includes consideration of the organization's stakeholder obligations, role in critical infrastructure, and sector-specific risk analysis.",GV.RM-02,,"#business_impact_analysis
#critical_infrastructure
#enterprise_risk_management
#risk_appetite_/_tolerance
#risk_management
#roles_and_responsibilities",,,,,,,"ID.RM-2.RT
ID.RM-3.CI","
",,,NYDFS-22,Rationale: Semantic; Relationship: Intersects; Alignment Strength: 7,2.1.2.1.2,Level: Evolving,,,,,OSFI B-13-05,Rationale: Semantic; Relationship: Superset; Alignment Strength: 8,"DORA-06-08
DORA-08-02","Rationale: Semantic; Relationship: Superset; Alignment Strength: 8
Rationale: Semantic; Relationship: Superset; Alignment Strength: 8",,,,,D1.G.SP.A.4,Level: Advanced; Type: Full,010.022,Level: Ds,,,"PM-09
PM-28","Rationale: Semantic; Relationship: Superset; Alignment Strength: 7
Rationale: Semantic; Relationship: Superset; Alignment Strength: 9",,,"EBA-13
EBA-78","Rationale: Semantic; Relationship: Superset; Alignment Strength: 8
Rationale: Semantic; Relationship: Superset; Alignment Strength: 7",,,,,,
GV.RM-03.01,11.023,GOVERN,Risk Management Strategy,Enterprise Risk Integration,10.0,"Tier: 1
Tier: 2
Tier: 3
Tier: 4",GV.RM-03.01: Technology and cybersecurity risk management frameworks and programs are integrated into the enterprise risk management framework.,GV.RM-03,,"#enterprise_risk_management
#risk_management",APRA CPS 234-18,Rationale: Semantic; Relationship: Superset; Alignment Strength: 8,OSFI CSSA-07,Rationale: Functional; Relationship: Intersects; Alignment Strength: 8,,,ID.GV-4.CR,,APRA CPG 234-22,Rationale: Semantic; Relationship: Superset; Alignment Strength: 8; Functional Coverage Strength: 10,"NYDFS-02
NYDFS-22","Rationale: Semantic; Relationship: Superset; Alignment Strength: 8
Rationale: Semantic; Relationship: Superset; Alignment Strength: 5","2.1.2.1.9
2.3.2.1.1
2.6.2.21","Level: Evolving
Level: Evolving
Level: Advancing",FFIEC-AIO-02.08,Rationale: Semantic; Relationship: Superset; Alignment Strength: 8,,,"OSFI B-13-03
OSFI B-13-04","Rationale: Semantic; Relationship: Intersects; Alignment Strength: 8
Rationale: Semantic; Relationship: Superset; Alignment Strength: 9","DORA-05-01
DORA-06-01
DORA-06-04","Rationale: Semantic; Relationship: Intersects; Alignment Strength: 7
Rationale: Semantic; Relationship: Subset; Alignment Strength: 8
Rationale: Semantic; Relationship: Superset; Alignment Strength: 8",SEC-12.II.C.1.a,Rationale: Semantic; Relationship: Superset; Alignment Strength: 7,,,"D1.G.SP.Int.3
D1.RM.RA.A.1","Level: Intermediate; Type: Full
Level: Advanced; Type: Full Summarily",011.023,Level: Ds,,,"PM-01
PM-09
PM-28","Rationale: Semantic; Relationship: Equal; Alignment Strength: 10
Rationale: Semantic; Relationship: Intersects; Alignment Strength: 8
Rationale: Semantic; Relationship: Intersects; Alignment Strength: 9",ASIC-KQ01,Rationale: Semantic; Relationship: Superset,EBA-12,Rationale: Semantic; Relationship: Intersects; Alignment Strength: 9,,,,,,
GV.RM-03.02,11.024,GOVERN,Risk Management Strategy,Enterprise Risk Integration,10.0,"Tier: 1
Tier: 2",GV.RM-03.02: The organization's business continuity and resilience strategy and program align with and support the overall enterprise risk management framework.,GV.RM-03,,"#resilience
#risk_management",,,,,,,,,APRA CPG 234-22,Rationale: Semantic; Relationship: Superset; Alignment Strength: 8; Functional Coverage Strength: 10,,,,,"FFIEC-AIO-02.08
FFIEC-AIO-08.01","Rationale: Semantic; Relationship: Superset; Alignment Strength: 8
Rationale: Semantic; Relationship: Superset; Alignment Strength: 5","FFIEC-BCM-02.04
FFIEC-BCM-05.01
FFIEC-BCM-05.02","Rationale: Semantic; Relationship: Superset; Alignment Strength: 8
Rationale: Semantic; Relationship: Intersects; Alignment Strength: 6
Rationale: Functional; Relationship: Intersects; Alignment Strength: 5",,,"DORA-05-01
DORA-06-01
DORA-06-03
DORA-06-08
DORA-07-01
DORA-11-02","Rationale: Semantic; Relationship: Superset; Alignment Strength: 8
Rationale: Semantic; Relationship: Superset; Alignment Strength: 9
Rationale: Semantic; Relationship: Superset; Alignment Strength: 8
Rationale: Semantic; Relationship: Superset; Alignment Strength: 8
Rationale: Semantic; Relationship: Subset; Alignment Strength: 8
Rationale: Semantic; Relationship: Superset; Alignment Strength: 8",,,,,,,011.024,Level: Ds,,,CP-02,Rationale: Semantic; Relationship: Intersects; Alignment Strength: 9,,,"EBA-80
EBA-81","Rationale: Semantic; Relationship: Intersects; Alignment Strength: 6
Rationale: Semantic; Relationship: Intersects; Alignment Strength: 6",,,,,,
GV.RM-03.03,11.025,GOVERN,Risk Management Strategy,Enterprise Risk Integration,10.0,"Tier: 1
Tier: 2
Tier: 3","GV.RM-03.03: Technology and cybersecurity risk management and risk assessment processes are consistent with the organization's enterprise risk management policies, procedures, and methodologies and include criteria for the evaluation and categorization of enterprise-specific risks and threats.",GV.RM-03,,"#enterprise_risk_management
#policy_management
#review_assessment_and_testing
#risk_management",,,"OSFI CSSA-07
OSFI CSSA-20","Rationale: Functional; Relationship: Intersects; Alignment Strength: 8
Rationale: Functional; Relationship: Intersects; Alignment Strength: 8",,,,,APRA CPG 234-22,Rationale: Semantic; Relationship: Superset; Alignment Strength: 8; Functional Coverage Strength: 10,"NYDFS-22
NYDFS-23","Rationale: Semantic; Relationship: Superset; Alignment Strength: 7
Rationale: Semantic; Relationship: Superset; Alignment Strength: 7","2.1.2.2.32
2.2.2.4","Level: Advancing
Level: Evolving",FFIEC-AIO-02.08,Rationale: Semantic; Relationship: Superset; Alignment Strength: 8,FFIEC-BCM-05.02,Rationale: Functional; Relationship: Intersects; Alignment Strength: 7,OSFI B-13-04,Rationale: Semantic; Relationship: Superset; Alignment Strength: 9,"DORA-06-01
DORA-06-03
DORA-16-01","Rationale: Semantic; Relationship: Intersects; Alignment Strength: 8
Rationale: Semantic; Relationship: Superset; Alignment Strength: 8
Rationale: Semantic; Relationship: Intersects; Alignment Strength: 8",,,TR-4.3.2,Type: Full,D1.RM.RA.A.1,Level: Advanced; Type: Full Summarily,011.025,Level: Ds,"FFIEC-DAM-03.01
FFIEC-DAM-03.02","Rationale: Semantic; Relationship: Intersects
Rationale: Semantic; Relationship: Intersects",PM-09,Rationale: Semantic; Relationship: Intersects; Alignment Strength: 8,ASIC-KQ01,Rationale: Semantic; Relationship: Superset,,,,,,,,
GV.RM-03.04,11.026,GOVERN,Risk Management Strategy,Enterprise Risk Integration,10.0,"Tier: 1
Tier: 2","GV.RM-03.04: Technology and cybersecurity risk management considerations are integrated into daily operations, cultural norms, management discussions, and management decision-making, and are tailored to address enterprise-specific risks (both internal and external).",GV.RM-03,,"#enterprise_risk_management
#risk_management",,,,,,,,,,,,,"2.1.2.1.2
2.1.2.2.26
2.2.2.4
2.3.2.2.67
2.7.2.1.11","Level: Evolving
Level: Evolving
Level: Evolving
Level: Innovating
Level: Advancing",FFIEC-AIO-02.08,Rationale: Semantic; Relationship: Superset; Alignment Strength: 7,,,"OSFI B-13-02
OSFI B-13-04","Rationale: Semantic; Relationship: Superset; Alignment Strength: 8
Rationale: Semantic; Relationship: Intersects; Alignment Strength: 8","DORA-05-01
DORA-06-01","Rationale: Semantic; Relationship: Superset; Alignment Strength: 7
Rationale: Semantic; Relationship: Superset; Alignment Strength: 7",,,,,"D1.G.SP.Int.4
D1.TC.Cu.E.2
D1.TC.Cu.Int.2","Level: Intermediate; Type: Full Summarily
Level: Evolving; Type: Full Summarily
Level: Intermediate; Type: Full Summarily",011.026,Level: Ds,,,PM-09,Rationale: Semantic; Relationship: Intersects; Alignment Strength: 7,"ASIC-GP04.LA
ASIC-GP04.PM","Rationale: Semantic; Relationship: Intersects
Rationale: Semantic; Relationship: Superset",,,,,,,,
GV.RM-04.01,12.027,GOVERN,Risk Management Strategy,Risk Response Strategic Direction,10.0,"Tier: 1
Tier: 2
Tier: 3
Tier: 4","GV.RM-04.01: The governing authority (e.g., the Board or one of its committees) and senior management provide guidance, direction, and credible challenge in the design and implementation of risk management strategies, assessment of identified risks against risk appetite and risk tolerance, and in the selection of risk treatment approaches.",GV.RM-04,,"#board_or_committee_oversight
#metrics_and_reporting
#review_assessment_and_testing
#risk_appetite_/_tolerance
#risk_management
#risk_oversight
#roles_and_responsibilities",APRA CPS 234-13,Rationale: Semantic; Relationship: Superset; Alignment Strength: 6,OSFI CSSA-09,Rationale: Functional; Relationship: Intersects; Alignment Strength: 8,HK-SFC-3.01,Rationale: Functional; Relationship: Superset,,,"APRA CPG 234-10
APRA CPG 234-20","Rationale: Semantic; Relationship: Superset; Alignment Strength: 7; Functional Coverage Strength: 10
Rationale: Semantic; Relationship: Superset; Alignment Strength: 7; Functional Coverage Strength: 10","NYDFS-11
NYDFS-23","Rationale: Semantic; Relationship: Superset; Alignment Strength: 9
Rationale: Semantic; Relationship: Intersects; Alignment Strength: 7","2.1.2.2.32
2.1.2.2.33","Level: Advancing
Level: Advancing","FFIEC-AIO-02.02
FFIEC-AIO-02.13","Rationale: Semantic; Relationship: Superset; Alignment Strength: 8
Rationale: Semantic; Relationship: Intersects; Alignment Strength: 5","FFIEC-BCM-02.04
FFIEC-BCM-12.01","Rationale: Functional; Relationship: Intersects; Alignment Strength: 7
Rationale: Semantic; Relationship: Subset; Alignment Strength: 7",OSFI B-13-02,Rationale: Semantic; Relationship: Superset; Alignment Strength: 8,"DORA-05-01
DORA-05-02
DORA-06-03
DORA-16-01","Rationale: Semantic; Relationship: Superset; Alignment Strength: 7
Rationale: Semantic; Relationship: Superset; Alignment Strength: 7
Rationale: Semantic; Relationship: Superset; Alignment Strength: 7
Rationale: Semantic; Relationship: Intersects; Alignment Strength: 9","SEC-03.I.A.3
SEC-07.I.A.7","Rationale: Semantic; Relationship: Superset; Alignment Strength: 8
Rationale: Semantic; Relationship: Superset; Alignment Strength: 8","TR-3.1.5
TR-3.1.7","Type: Full
Type: Full Summarily",,,012.027,Level: Ds,"FFIEC-DAM-03.01
FFIEC-DAM-03.02","Rationale: Semantic; Relationship: Intersects
Rationale: Semantic; Relationship: Intersects","PM-09
PM-28","Rationale: Semantic; Relationship: Intersects; Alignment Strength: 8
Rationale: Semantic; Relationship: Intersects; Alignment Strength: 8","ASIC-GP01.PR
ASIC-GP02.GF
ASIC-KQ01
ASIC-KQ03","Rationale: Semantic; Relationship: Superset
Rationale: Semantic; Relationship: Intersects
Rationale: Semantic; Relationship: Intersects
Rationale: Semantic; Relationship: Superset","EBA-02
EBA-10","Rationale: Semantic; Relationship: Superset; Alignment Strength: 9
Rationale: Semantic; Relationship: Superset; Alignment Strength: 8","JFSA-01
JFSA-31","Rationale: Semantic; Relationship: Superset; Alignment Strength: 8
Rationale: Semantic; Relationship: Superset; Alignment Strength: 7",,,NAIC-IDSML-04,Rationale: Semantic; Relationship: Superset
GV.RM-05.01,13.028,GOVERN,Risk Management Strategy,Lines of Communication,10.0,"Tier: 1
Tier: 2
Tier: 3
Tier: 4","GV.RM-05.01: The organization has a process for monitoring its technology, cybersecurity, and third-party risks, including escalating those risks that exceed risk appetite to management and identifying risks with the potential to impact multiple operating units.",GV.RM-05,,"#risk_appetite_/_tolerance
#risk_management
#supply_chain_management
#third_party_risk_management",,,"OSFI CSSA-08
OSFI CSSA-09","Rationale: Functional; Relationship: Intersects; Alignment Strength: 8
Rationale: Functional; Relationship: Superset; Alignment Strength: 8",,,,,"APRA CPG 234-10
APRA CPG 234-89","Rationale: Semantic; Relationship: Superset; Alignment Strength: 9; Functional Coverage Strength: 10
Rationale: Semantic; Relationship: Intersects; Alignment Strength: 6; Functional Coverage Strength: 7","NYDFS-09
NYDFS-22
NYDFS-23","Rationale: Semantic; Relationship: Intersects; Alignment Strength: 8
Rationale: Semantic; Relationship: Superset; Alignment Strength: 6
Rationale: Semantic; Relationship: Superset; Alignment Strength: 5",2.2.2.12,Level: Innovating,,,FFIEC-BCM-05.05,Rationale: Semantic; Relationship: Subset; Alignment Strength: 8,OSFI B-13-05,Rationale: Semantic; Relationship: Intersects; Alignment Strength: 7,"DORA-06-01
DORA-09-01
DORA-13-07
DORA-28-02","Rationale: Semantic; Relationship: Superset; Alignment Strength: 8
Rationale: Semantic; Relationship: Subset; Alignment Strength: 9
Rationale: Semantic; Relationship: Intersects; Alignment Strength: 9
Rationale: Semantic; Relationship: Intersects; Alignment Strength: 8","SEC-02.I.A.2
SEC-03.I.A.3
SEC-07.I.A.7","Rationale: Semantic; Relationship: Superset; Alignment Strength: 8
Rationale: Semantic; Relationship: Superset; Alignment Strength: 7
Rationale: Semantic; Relationship: Superset; Alignment Strength: 7","TR-4.4.2
TR-4.5.2","Type: Full Summarily
Type: Full Summarily","D1.G.Ov.B.2
D1.G.Ov.Int.4
D1.TC.Cu.Int.2
D2.MA.Ma.A.4","Level: Baseline; Type: Full
Level: Intermediate; Type: Full
Level: Intermediate; Type: Full Summarily
Level: Advanced; Type: Full Summarily",013.028,Level: Ds,"FFIEC-DAM-03.01
FFIEC-DAM-03.02
FFIEC-DAM-03.03","Rationale: Semantic; Relationship: Intersects
Rationale: Semantic; Relationship: Intersects
Rationale: Semantic; Relationship: Intersects","PM-09
PM-30
PM-31","Rationale: Semantic; Relationship: Superset; Alignment Strength: 8
Rationale: Semantic; Relationship: Intersects; Alignment Strength: 8
Rationale: Semantic; Relationship: Intersects; Alignment Strength: 9",,,"EBA-02
EBA-10
EBA-22","Rationale: Semantic; Relationship: Superset; Alignment Strength: 9
Rationale: Semantic; Relationship: Superset; Alignment Strength: 8
Rationale: Semantic; Relationship: Superset; Alignment Strength: 7",,,,,,
GV.RM-05.02,13.029,GOVERN,Risk Management Strategy,Lines of Communication,10.0,"Tier: 1
Tier: 2
Tier: 3
Tier: 4","GV.RM-05.02: The organization establishes minimum requirements for its third-parties that include how the organizations will communicate and coordinate in times of emergency, including:
1) Joint maintenance of contingency plans;
2) Responsibilities for responding to incidents, including forensic investigations;
3) Planning and testing strategies that address severe events in order to identify single points of failure that would cause wide-scale disruption; and
4) Incorporating the potential impact of an incident into their BCM process and ensure resilience capabilities are in place.",GV.RM-05,,"#contract_management
#dependency_management
#supply_chain_management
#third_party_risk_management",,,"OSFI CSSA-66
OSFI CSSA-86","Rationale: Functional; Relationship: Subset; Alignment Strength: 8
Rationale: Functional; Relationship: Superset; Alignment Strength: 9",,,ID.SC-1.TP,,"APRA CPG 234-75
APRA CPG 234-76","Rationale: Semantic; Relationship: Superset; Alignment Strength: 8; Functional Coverage Strength: 9
Rationale: Semantic; Relationship: Intersects; Alignment Strength: 6; Functional Coverage Strength: 10","NYDFS-26
NYDFS-27","Rationale: Semantic; Relationship: Superset; Alignment Strength: 7
Rationale: Semantic; Relationship: Superset; Alignment Strength: 7",2.1.2.1.16,Level: Innovating,,,"FFIEC-BCM-06.05
FFIEC-BCM-08.02
FFIEC-BCM-08.13
FFIEC-BCM-10.08
FFIEC-BCM-10.09
FFIEC-BCM-10.21
FFIEC-BCM-10.22","Rationale: Semantic; Relationship: Subset; Alignment Strength: 8
Rationale: Functional; Relationship: Intersects; Alignment Strength: 6
Rationale: Functional; Relationship: Intersects; Alignment Strength: 6
Rationale: Functional; Relationship: Intersects; Alignment Strength: 8
Rationale: Functional; Relationship: Intersects; Alignment Strength: 5
Rationale: Semantic; Relationship: Intersects; Alignment Strength: 8
Rationale: Semantic; Relationship: Subset; Alignment Strength: 7","OSFI B-13-52
OSFI B-13-56","Rationale: Semantic; Relationship: Intersects; Alignment Strength: 8
Rationale: Semantic; Relationship: Intersects; Alignment Strength: 9",,,,,TR-8.3.4,Type: Full Summarily,"D4.RM.Co.B.5
D5.DR.Re.E.5","Level: Baseline; Type: Full Summarily
Level: Evolving; Type: Full Summarily",013.029,Level: Ds,FFIEC-DAM-09.02,Rationale: Semantic; Relationship: Intersects,"CP-02
CP-04
IR-04
SR-08","Rationale: Semantic; Relationship: Intersects; Alignment Strength: 9
Rationale: Semantic; Relationship: Intersects; Alignment Strength: 9
Rationale: Semantic; Relationship: Intersects; Alignment Strength: 9
Rationale: Semantic; Relationship: Intersects; Alignment Strength: 9",,,EBA-08,Rationale: Functional; Relationship: Intersects; Alignment Strength: 6,"JFSA-22
JFSA-42
JFSA-46
JFSA-53","Rationale: Functional; Relationship: Intersects; Alignment Strength: 6
Rationale: Semantic; Relationship: Superset; Alignment Strength: 8
Rationale: Semantic; Relationship: Superset; Alignment Strength: 9
Rationale: Functional; Relationship: Intersects; Alignment Strength: 5",17.6,Rationale: Semantic; Relationship: Subset,"NAIC-IDSML-11
NAIC-IDSML-16","Rationale: Semantic; Relationship: Intersects
Rationale: Semantic; Relationship: Intersects"
GV.RM-06.01,14.03,GOVERN,Risk Management Strategy,Standardized Risk Management Method,10.0,"Tier: 1
Tier: 2
Tier: 3
Tier: 4","GV.RM-06.01: Technology and cybersecurity risk management and risk assessment processes and methodologies are documented and regularly reviewed and updated to address changes in the risk profile and risk appetite, the evolving threat environment, and new technologies, products, services, and interdependencies.",GV.RM-06,,"#enterprise_risk_management
#review_assessment_and_testing
#risk_appetite_/_tolerance
#risk_management
#threat_management",,,"OSFI CSSA-02
OSFI CSSA-04
OSFI CSSA-09
OSFI CSSA-20","Rationale: Functional; Relationship: Superset; Alignment Strength: 9
Rationale: Functional; Relationship: Intersects; Alignment Strength: 9
Rationale: Functional; Relationship: Superset; Alignment Strength: 8
Rationale: Functional; Relationship: Superset; Alignment Strength: 8",,,,,APRA CPG 234-20,Rationale: Semantic; Relationship: Superset; Alignment Strength: 9; Functional Coverage Strength: 10,NYDFS-22,Rationale: Semantic; Relationship: Superset; Alignment Strength: 7,"2.1.2.1.2
2.3.2.1.3
2.6.2.22","Level: Evolving
Level: Evolving
Level: Advancing",FFIEC-AIO-02.02,Rationale: Semantic; Relationship: Superset; Alignment Strength: 9,,,"OSFI B-13-05
OSFI B-13-39
OSFI B-13-42","Rationale: Semantic; Relationship: Superset; Alignment Strength: 9
Rationale: Semantic; Relationship: Intersects; Alignment Strength: 8
Rationale: Semantic; Relationship: Intersects; Alignment Strength: 9","DORA-05-01
DORA-06-01
DORA-06-05
DORA-13-01
DORA-16-01
DORA-16-02","Rationale: Semantic; Relationship: Superset; Alignment Strength: 7
Rationale: Semantic; Relationship: Superset; Alignment Strength: 8
Rationale: Semantic; Relationship: Subset; Alignment Strength: 9
Rationale: Semantic; Relationship: Superset; Alignment Strength: 6
Rationale: Semantic; Relationship: Intersects; Alignment Strength: 8
Rationale: Semantic; Relationship: Subset; Alignment Strength: 9","SEC-02.I.A.2
SEC-12.II.C.1.a","Rationale: Semantic; Relationship: Superset; Alignment Strength: 8
Rationale: Semantic; Relationship: Superset; Alignment Strength: 7","TR-4.1.1
TR-4.1.5
TR-4.5.2","Type: Full Summarily
Type: Full Summarily
Type: Full Summarily",,,014.030,Level: Ds,"FFIEC-DAM-03.01
FFIEC-DAM-03.02","Rationale: Semantic; Relationship: Intersects
Rationale: Semantic; Relationship: Intersects","PM-09
PM-28
RA-03","Rationale: Semantic; Relationship: Superset; Alignment Strength: 9
Rationale: Semantic; Relationship: Intersects; Alignment Strength: 8
Rationale: Semantic; Relationship: Subset; Alignment Strength: 9","ASIC-GP02.RG
ASIC-KQ02","Rationale: Semantic; Relationship: Superset
Rationale: Semantic; Relationship: Equal","EBA-13
EBA-14
EBA-21
EBA-45","Rationale: Semantic; Relationship: Superset; Alignment Strength: 8
Rationale: Semantic; Relationship: Superset; Alignment Strength: 8
Rationale: Semantic; Relationship: Superset; Alignment Strength: 7
Rationale: Functional; Relationship: Intersects; Alignment Strength: 7","JFSA-01
JFSA-08
JFSA-32","Rationale: Semantic; Relationship: Superset; Alignment Strength: 9
Rationale: Semantic; Relationship: Superset; Alignment Strength: 8
Rationale: Semantic; Relationship: Superset; Alignment Strength: 7",,,NAIC-IDSML-06,Rationale: Semantic; Relationship: Intersects
GV.RM-07.01,15.031,GOVERN,Risk Management Strategy,Strategic Opportunities,10.0,"Tier: 1
Tier: 2","GV.RM-07.01: The organization has mechanisms in place to ensure that strategies, initiatives, opportunities, and emerging technologies (e.g., artificial intelligence, quantum computing, etc.) are evaluated both in terms of risks and uncertainties that are potentially detrimental to the organization, as well as potentially advantageous to the organization (i.e., positive risks).",GV.RM-07,,"#emerging_technologies
#mission_and_strategy
#risk_management
#threat_management",,,"OSFI CSSA-09
OSFI CSSA-19
OSFI CSSA-77","Rationale: Functional; Relationship: Intersects; Alignment Strength: 7
Rationale: Functional; Relationship: Intersects; Alignment Strength: 8
Rationale: Functional; Relationship: Intersects; Alignment Strength: 9",,,,,"APRA CPG 234-20
APRA CPG 234-60
APRA CPG 234-62","Rationale: Semantic; Relationship: Superset; Alignment Strength: 7; Functional Coverage Strength: 10
Rationale: Semantic; Relationship: Intersects; Alignment Strength: 8; Functional Coverage Strength: 10
Rationale: Semantic; Relationship: Intersects; Alignment Strength: 8; Functional Coverage Strength: 9",,,,,"FFIEC-AIO-02.05
FFIEC-AIO-12.01
FFIEC-AIO-12.02
FFIEC-AIO-13.04","Rationale: Semantic; Relationship: Superset; Alignment Strength: 7
Rationale: Semantic; Relationship: Superset; Alignment Strength: 7
Rationale: Semantic; Relationship: Superset; Alignment Strength: 8
Rationale: Semantic; Relationship: Superset; Alignment Strength: 6",,,"OSFI B-13-05
OSFI B-13-42","Rationale: Semantic; Relationship: Intersects; Alignment Strength: 8
Rationale: Semantic; Relationship: Intersects; Alignment Strength: 8","DORA-06-03
DORA-13-07","Rationale: Semantic; Relationship: Superset; Alignment Strength: 8
Rationale: Semantic; Relationship: Intersects; Alignment Strength: 9",,,,,,,015.031,Level: Ds,FFIEC-DAM-02.01,Rationale: Semantic; Relationship: Intersects,"PM-09
PM-28","Rationale: Semantic; Relationship: Intersects; Alignment Strength: 7
Rationale: Semantic; Relationship: Intersects; Alignment Strength: 8","ASIC-GP01.MT
ASIC-GP04.IN","Rationale: Semantic; Relationship: Superset
Rationale: Semantic; Relationship: Superset",EBA-37,Rationale: Functional; Relationship: Intersects; Alignment Strength: 7,JFSA-10,Rationale: Semantic; Relationship: Superset; Alignment Strength: 9,,,NAIC-IDSML-06,Rationale: Semantic; Relationship: Intersects
GV.RM-08.01,16.032,GOVERN,Risk Management Strategy,Technology Assimilation & Implementations,10.0,"Tier: 1
Tier: 2
Tier: 3
Tier: 4","GV.RM-08.01: Technology and cybersecurity risk management frameworks are applied to, and are adapted as needed by, the organization's innovations in technology use and adoption of emerging technologies.",None,,"#emerging_technologies
#mission_and_strategy
#risk_management
#threat_management",APRA CPS 234-18,Rationale: Semantic; Relationship: Superset; Alignment Strength: 8,"OSFI CSSA-02
OSFI CSSA-19
OSFI CSSA-77","Rationale: Functional; Relationship: Intersects; Alignment Strength: 8
Rationale: Functional; Relationship: Intersects; Alignment Strength: 8
Rationale: Functional; Relationship: Intersects; Alignment Strength: 9",,,,,"APRA CPG 234-60
APRA CPG 234-62","Rationale: Semantic; Relationship: Superset; Alignment Strength: 9; Functional Coverage Strength: 10
Rationale: Semantic; Relationship: Intersects; Alignment Strength: 8; Functional Coverage Strength: 9",,,"2.1.2.1.15
2.1.2.1.2
2.2.2.6
2.3.2.1.4
2.3.2.1.9","Level: Innovating
Level: Evolving
Level: Evolving
Level: Evolving
Level: Innovating","FFIEC-AIO-12.01
FFIEC-AIO-12.02
FFIEC-AIO-12.04
FFIEC-AIO-12.05
FFIEC-AIO-13.04","Rationale: Semantic; Relationship: Superset; Alignment Strength: 7
Rationale: Semantic; Relationship: Superset; Alignment Strength: 8
Rationale: Semantic; Relationship: Superset; Alignment Strength: 8
Rationale: Semantic; Relationship: Superset; Alignment Strength: 8
Rationale: Semantic; Relationship: Superset; Alignment Strength: 7",,,"OSFI B-13-03
OSFI B-13-04
OSFI B-13-05
OSFI B-13-06
OSFI B-13-42","Rationale: Semantic; Relationship: Intersects; Alignment Strength: 8
Rationale: Semantic; Relationship: Superset; Alignment Strength: 8
Rationale: Semantic; Relationship: Superset; Alignment Strength: 8
Rationale: Semantic; Relationship: Superset; Alignment Strength: 8
Rationale: Semantic; Relationship: Intersects; Alignment Strength: 8","DORA-06-01
DORA-13-07
DORA-16-01","Rationale: Semantic; Relationship: Superset; Alignment Strength: 7
Rationale: Semantic; Relationship: Intersects; Alignment Strength: 9
Rationale: Semantic; Relationship: Intersects; Alignment Strength: 9",,,,,"D1.RM.RA.B.3
D1.RM.RA.E.1","Level: Baseline; Type: Full
Level: Evolving; Type: Full Summarily",016.032,Level: Ds,"FFIEC-DAM-02.01
FFIEC-DAM-12.04","Rationale: Semantic; Relationship: Intersects
Rationale: Semantic; Relationship: Intersects",,,ASIC-GP04.IN,Rationale: Semantic; Relationship: Superset,"EBA-05
EBA-21","Rationale: Semantic; Relationship: Superset; Alignment Strength: 8
Rationale: Semantic; Relationship: Superset; Alignment Strength: 7",JFSA-10,Rationale: Semantic; Relationship: Superset; Alignment Strength: 9,,,"NAIC-IDSML-01
NAIC-IDSML-06","Rationale: Semantic; Relationship: Intersects
Rationale: Semantic; Relationship: Intersects"
GV.RM-08.02,16.033,GOVERN,Risk Management Strategy,Technology Assimilation & Implementations,10.0,"Tier: 1
Tier: 2
Tier: 3
Tier: 4","GV.RM-08.02: Technology and cybersecurity risk management frameworks are applied to all technology projects and procurements to ensure that security requirements (e.g., data confidentiality, access control, event logging, etc.) are addressed consistently from project onset.",None,,"#change_management
#review_assessment_and_testing
#risk_management
#security_baselines",,,OSFI CSSA-19,Rationale: Functional; Relationship: Intersects; Alignment Strength: 9,,,,,,,NYDFS-20,Rationale: Semantic; Relationship: Intersects; Alignment Strength: 6,"2.2.2.6
2.3.2.1.4
2.3.2.1.7
2.3.2.1.9
2.5.2.2.30","Level: Evolving
Level: Evolving
Level: Advancing
Level: Innovating
Level: Innovating","FFIEC-AIO-12.01
FFIEC-AIO-12.02
FFIEC-AIO-12.05
FFIEC-AIO-13.04
FFIEC-AIO-13.05","Rationale: Semantic; Relationship: Superset; Alignment Strength: 7
Rationale: Semantic; Relationship: Superset; Alignment Strength: 8
Rationale: Semantic; Relationship: Superset; Alignment Strength: 8
Rationale: Semantic; Relationship: Superset; Alignment Strength: 7
Rationale: Semantic; Relationship: Superset; Alignment Strength: 7",,,"OSFI B-13-05
OSFI B-13-06
OSFI B-13-13
OSFI B-13-40","Rationale: Semantic; Relationship: Intersects; Alignment Strength: 7
Rationale: Semantic; Relationship: Intersects; Alignment Strength: 9
Rationale: Semantic; Relationship: Superset; Alignment Strength: 9
Rationale: Semantic; Relationship: Intersects; Alignment Strength: 8",DORA-06-02,Rationale: Semantic; Relationship: Superset; Alignment Strength: 7,,,"TR-11.3.7
TR-5.1.1
TR-5.4.2
TR-5.4.3","Type: Partial
Type: Full Summarily
Type: Full Summarily
Type: Full Summarily","D1.G.IT.A.1
D1.G.IT.E.2
D1.RM.RA.E.1","Level: Advanced; Type: Full Summarily
Level: Evolving; Type: Full Summarily
Level: Evolving; Type: Full Summarily",016.033,Level: Ds,"FFIEC-DAM-02.01
FFIEC-DAM-03.01
FFIEC-DAM-03.02
FFIEC-DAM-04.05
FFIEC-DAM-05.01
FFIEC-DAM-06.02
FFIEC-DAM-12.04
FFIEC-DAM-14.05","Rationale: Semantic; Relationship: Intersects
Rationale: Semantic; Relationship: Intersects
Rationale: Semantic; Relationship: Intersects
Rationale: Semantic; Relationship: Intersects
Rationale: Semantic; Relationship: Intersects
Rationale: Semantic; Relationship: Superset
Rationale: Semantic; Relationship: Intersects
Rationale: Semantic; Relationship: Intersects","SA-02
SA-03
SA-04","Rationale: Semantic; Relationship: Intersects; Alignment Strength: 9
Rationale: Semantic; Relationship: Intersects; Alignment Strength: 9
Rationale: Semantic; Relationship: Intersects; Alignment Strength: 8",,,"EBA-62
EBA-63
EBA-67
EBA-76","Rationale: Semantic; Relationship: Intersects; Alignment Strength: 6
Rationale: Semantic; Relationship: Intersects; Alignment Strength: 7
Rationale: Semantic; Relationship: Intersects; Alignment Strength: 7
Rationale: Functional; Relationship: Intersects; Alignment Strength: 7","JFSA-10
JFSA-33","Rationale: Semantic; Relationship: Superset; Alignment Strength: 9
Rationale: Semantic; Relationship: Superset; Alignment Strength: 7",,,,
GV.RM-08.03,16.034,GOVERN,Risk Management Strategy,Technology Assimilation & Implementations,10.0,"Tier: 1
Tier: 2
Tier: 3","GV.RM-08.03: The organization defines, maintains, and uses technical security standards, architectures, processes or practices (including automated tools when practical) to ensure the security of its applications and infrastructure.",None,,"#ciso
#compliance
#industry_standards
#policy_management
#review_assessment_and_testing
#security_baselines",,,OSFI CSSA-58,Rationale: Functional; Relationship: Intersects; Alignment Strength: 9,,,,,APRA CPG 234-16,Rationale: Semantic; Relationship: Superset; Alignment Strength: 7; Functional Coverage Strength: 10,NYDFS-20,Rationale: Semantic; Relationship: Intersects; Alignment Strength: 8,"2.1.2.1.2
2.2.2.8
2.3.2.1.13
2.3.2.1.4
2.3.2.1.7
2.3.2.1.9","Level: Evolving
Level: Advancing
Level: Evolving
Level: Evolving
Level: Advancing
Level: Innovating","FFIEC-AIO-12.01
FFIEC-AIO-12.02
FFIEC-AIO-12.04
FFIEC-AIO-12.05","Rationale: Semantic; Relationship: Superset; Alignment Strength: 4
Rationale: Semantic; Relationship: Superset; Alignment Strength: 8
Rationale: Semantic; Relationship: Superset; Alignment Strength: 8
Rationale: Semantic; Relationship: Superset; Alignment Strength: 8",,,"OSFI B-13-06
OSFI B-13-40
OSFI B-13-42","Rationale: Semantic; Relationship: Intersects; Alignment Strength: 8
Rationale: Semantic; Relationship: Intersects; Alignment Strength: 8
Rationale: Semantic; Relationship: Intersects; Alignment Strength: 9","DORA-06-02
DORA-09-02
DORA-16-01","Rationale: Semantic; Relationship: Superset; Alignment Strength: 7
Rationale: Semantic; Relationship: Intersects; Alignment Strength: 7
Rationale: Semantic; Relationship: Intersects; Alignment Strength: 8",,,"TR-5.4.2
TR-5.4.3","Type: Full Summarily
Type: Full Summarily",D1.G.IT.A.2,Level: Advanced; Type: Partial,016.034,Level: Ds,FFIEC-DAM-04.10,Rationale: Semantic; Relationship: Intersects,"PL-08
PM-07
SA-08
SA-17","Rationale: Semantic; Relationship: Intersects; Alignment Strength: 8
Rationale: Semantic; Relationship: Intersects; Alignment Strength: 9
Rationale: Semantic; Relationship: Intersects; Alignment Strength: 9
Rationale: Semantic; Relationship: Intersects; Alignment Strength: 8",,,,,JFSA-47,Rationale: Functional; Relationship: Intersects; Alignment Strength: 6,"12.4
16.11","Rationale: Semantic; Relationship: Subset
Rationale: Semantic; Relationship: Intersects",,
GV.RM-08.04,16.035,GOVERN,Risk Management Strategy,Technology Assimilation & Implementations,10.0,"Tier: 1
Tier: 2
Tier: 3","GV.RM-08.04: The organization integrates the use of technology architecture in its governance processes to support consistent approaches to security and technology design, integration of third party services, consideration and adoption of new technologies, and investment and procurement decisioning.",None,,"#architecture
#mission_and_strategy",,,"OSFI CSSA-04
OSFI CSSA-19","Rationale: Functional; Relationship: Intersects; Alignment Strength: 8
Rationale: Functional; Relationship: Intersects; Alignment Strength: 8",,,,,"APRA CPG 234-16
APRA CPG 234-60
APRA CPG 234-61
APRA CPG 234-62","Rationale: Semantic; Relationship: Superset; Alignment Strength: 7; Functional Coverage Strength: 10
Rationale: Semantic; Relationship: Superset; Alignment Strength: 8; Functional Coverage Strength: 10
Rationale: Semantic; Relationship: Intersects; Alignment Strength: 9; Functional Coverage Strength: 10
Rationale: Semantic; Relationship: Intersects; Alignment Strength: 9; Functional Coverage Strength: 9",,,"2.1.2.1.2
2.2.2.6
2.3.2.1.20
2.3.2.1.7","Level: Evolving
Level: Evolving
Level: Advancing
Level: Advancing","FFIEC-AIO-02.01
FFIEC-AIO-02.02
FFIEC-AIO-02.04
FFIEC-AIO-02.07
FFIEC-AIO-05.02
FFIEC-AIO-08.02
FFIEC-AIO-12.01
FFIEC-AIO-12.02
FFIEC-AIO-12.04
FFIEC-AIO-12.05
FFIEC-AIO-13.04
FFIEC-AIO-13.05","Rationale: Semantic; Relationship: Superset; Alignment Strength: 6
Rationale: Semantic; Relationship: Superset; Alignment Strength: 9
Rationale: Semantic; Relationship: Intersects; Alignment Strength: 6
Rationale: Semantic; Relationship: Superset; Alignment Strength: 8
Rationale: Semantic; Relationship: Superset; Alignment Strength: 7
Rationale: Semantic; Relationship: Superset; Alignment Strength: 7
Rationale: Semantic; Relationship: Superset; Alignment Strength: 6
Rationale: Semantic; Relationship: Superset; Alignment Strength: 4
Rationale: Semantic; Relationship: Superset; Alignment Strength: 4
Rationale: Semantic; Relationship: Superset; Alignment Strength: 8
Rationale: Semantic; Relationship: Superset; Alignment Strength: 7
Rationale: Semantic; Relationship: Superset; Alignment Strength: 7",,,"OSFI B-13-06
OSFI B-13-07
OSFI B-13-40
OSFI B-13-42","Rationale: Semantic; Relationship: Superset; Alignment Strength: 9
Rationale: Semantic; Relationship: Superset; Alignment Strength: 9
Rationale: Semantic; Relationship: Intersects; Alignment Strength: 9
Rationale: Semantic; Relationship: Intersects; Alignment Strength: 8",,,,,"TR-11.2.8
TR-5.6.1","Type: Full Summarily
Type: Full Summarily",,,016.035,Level: Ds,"FFIEC-DAM-02.01
FFIEC-DAM-04.05
FFIEC-DAM-04.10
FFIEC-DAM-05.01
FFIEC-DAM-07.01
FFIEC-DAM-09.01
FFIEC-DAM-12.04","Rationale: Semantic; Relationship: Intersects
Rationale: Semantic; Relationship: Intersects
Rationale: Semantic; Relationship: Intersects
Rationale: Semantic; Relationship: Intersects
Rationale: Semantic; Relationship: Intersects
Rationale: Semantic; Relationship: Intersects
Rationale: Semantic; Relationship: Intersects","PL-02
PL-08
PM-07
PM-30
SA-08","Rationale: Semantic; Relationship: Intersects; Alignment Strength: 5
Rationale: Semantic; Relationship: Intersects; Alignment Strength: 8
Rationale: Semantic; Relationship: Intersects; Alignment Strength: 8
Rationale: Semantic; Relationship: Intersects; Alignment Strength: 8
Rationale: Semantic; Relationship: Intersects; Alignment Strength: 8","ASIC-GP03.RM
ASIC-GP04.IN
ASIC-KQ01","Rationale: Semantic; Relationship: Superset
Rationale: Semantic; Relationship: Superset
Rationale: Semantic; Relationship: Superset","EBA-05
EBA-06
EBA-62
EBA-63
EBA-67","Rationale: Semantic; Relationship: Superset; Alignment Strength: 8
Rationale: Functional; Relationship: Intersects; Alignment Strength: 7
Rationale: Semantic; Relationship: Intersects; Alignment Strength: 6
Rationale: Semantic; Relationship: Intersects; Alignment Strength: 7
Rationale: Semantic; Relationship: Intersects; Alignment Strength: 7","JFSA-10
JFSA-33
JFSA-41","Rationale: Semantic; Relationship: Superset; Alignment Strength: 9
Rationale: Semantic; Relationship: Superset; Alignment Strength: 7
Rationale: Semantic; Relationship: Superset; Alignment Strength: 9","12.2
16.10","Rationale: Semantic; Relationship: Intersects
Rationale: Semantic; Relationship: Intersects",,
GV.RM-08.05,16.036,GOVERN,Risk Management Strategy,Technology Assimilation & Implementations,10.0,"Tier: 1
Tier: 2","GV.RM-08.05: The technology architecture and associated management processes should be comprehensive (e.g., consider the full life cycle of infrastructure, applications, emerging technologies, and relevant data) and designed to achieve security and resilience commensurate with business needs.",None,,"#architecture
#mission_and_strategy",,,,,,,,,,,,,2.3.2.1.7,Level: Advancing,"FFIEC-AIO-02.02
FFIEC-AIO-02.04
FFIEC-AIO-02.05
FFIEC-AIO-05.02
FFIEC-AIO-08.02
FFIEC-AIO-12.01
FFIEC-AIO-12.02
FFIEC-AIO-12.03
FFIEC-AIO-12.04
FFIEC-AIO-12.05
FFIEC-AIO-12.06
FFIEC-AIO-13.04","Rationale: Semantic; Relationship: Superset; Alignment Strength: 9
Rationale: Semantic; Relationship: Superset; Alignment Strength: 7
Rationale: Semantic; Relationship: Superset; Alignment Strength: 8
Rationale: Semantic; Relationship: Superset; Alignment Strength: 7
Rationale: Semantic; Relationship: Superset; Alignment Strength: 7
Rationale: Semantic; Relationship: Superset; Alignment Strength: 6
Rationale: Semantic; Relationship: Superset; Alignment Strength: 3
Rationale: Semantic; Relationship: Superset; Alignment Strength: 4
Rationale: Semantic; Relationship: Superset; Alignment Strength: 4
Rationale: Semantic; Relationship: Superset; Alignment Strength: 8
Rationale: Semantic; Relationship: Superset; Alignment Strength: 5
Rationale: Semantic; Relationship: Superset; Alignment Strength: 7",FFIEC-BCM-02.03,Rationale: Functional; Relationship: Intersects; Alignment Strength: 7,"OSFI B-13-06
OSFI B-13-07
OSFI B-13-40
OSFI B-13-42","Rationale: Semantic; Relationship: Superset; Alignment Strength: 9
Rationale: Semantic; Relationship: Equal; Alignment Strength: 10
Rationale: Semantic; Relationship: Intersects; Alignment Strength: 9
Rationale: Semantic; Relationship: Intersects; Alignment Strength: 8","DORA-06-08
DORA-09-04","Rationale: Semantic; Relationship: Superset; Alignment Strength: 8
Rationale: Semantic; Relationship: Intersects; Alignment Strength: 8",,,"TR-5.4.2
TR-5.4.3
TR-5.6.1
TR-5.6.3
TR-8.1.2","Type: Full Summarily
Type: Full Summarily
Type: Full Summarily
Type: Full Summarily
Type: Full Summarily",D2.MA.Ma.A.5,Level: Advanced; Type: Partial,016.036,Level: Ds,FFIEC-DAM-04.05,Rationale: Semantic; Relationship: Intersects,"PL-08
PM-07","Rationale: Semantic; Relationship: Intersects; Alignment Strength: 8
Rationale: Semantic; Relationship: Superset; Alignment Strength: 9",,,EBA-79,Rationale: Semantic; Relationship: Intersects; Alignment Strength: 8,,,"12.2
16.10","Rationale: Semantic; Relationship: Intersects
Rationale: Semantic; Relationship: Intersects",NAIC-IDSML-06,Rationale: Semantic; Relationship: Intersects
GV.RM-08.06,16.037,GOVERN,Risk Management Strategy,Technology Assimilation & Implementations,10.0,"Tier: 1
Tier: 2
Tier: 3
Tier: 4","GV.RM-08.06: Technology programs and projects are formally governed and stakeholder engagement is managed to facilitate effective communication, awareness, credible challenge, and decision-making.",None,,"#organizational_structure
#staffing_and_resource_management
#training_and_awareness",,,OSFI CSSA-19,Rationale: Functional; Relationship: Intersects; Alignment Strength: 9,,,,,,,,,,,"FFIEC-AIO-02.05
FFIEC-AIO-02.06
FFIEC-AIO-02.12
FFIEC-AIO-12.02
FFIEC-AIO-12.04
FFIEC-AIO-12.05
FFIEC-AIO-13.04","Rationale: Semantic; Relationship: Superset; Alignment Strength: 6
Rationale: Semantic; Relationship: Superset; Alignment Strength: 8
Rationale: Semantic; Relationship: Superset; Alignment Strength: 7
Rationale: Semantic; Relationship: Superset; Alignment Strength: 8
Rationale: Semantic; Relationship: Superset; Alignment Strength: 8
Rationale: Semantic; Relationship: Superset; Alignment Strength: 8
Rationale: Semantic; Relationship: Superset; Alignment Strength: 7",,,OSFI B-13-13,Rationale: Semantic; Relationship: Superset; Alignment Strength: 9,,,,,"TR-5.1.2
TR-5.2.1
TR-5.2.2
TR-5.6.3
TR-5.7.5","Type: Full Summarily
Type: Full
Type: Full
Type: Full Summarily
Type: Full Summarily",,,016.037,Level: Ds,"FFIEC-DAM-02.01
FFIEC-DAM-02.04
FFIEC-DAM-03.01
FFIEC-DAM-03.02
FFIEC-DAM-03.03
FFIEC-DAM-04.10
FFIEC-DAM-04.11
FFIEC-DAM-05.01
FFIEC-DAM-07.01
FFIEC-DAM-07.02
FFIEC-DAM-12.04
FFIEC-DAM-14.05","Rationale: Semantic; Relationship: Intersects
Rationale: Semantic; Relationship: Intersects
Rationale: Semantic; Relationship: Intersects
Rationale: Semantic; Relationship: Intersects
Rationale: Semantic; Relationship: Intersects
Rationale: Semantic; Relationship: Intersects
Rationale: Semantic; Relationship: Intersects
Rationale: Semantic; Relationship: Superset
Rationale: Semantic; Relationship: Intersects
Rationale: Semantic; Relationship: Intersects
Rationale: Semantic; Relationship: Intersects
Rationale: Semantic; Relationship: Intersects",,,,,"EBA-06
EBA-51
EBA-61
EBA-62
EBA-63
EBA-65
EBA-66","Rationale: Functional; Relationship: Intersects; Alignment Strength: 7
Rationale: Semantic; Relationship: Intersects; Alignment Strength: 8
Rationale: Functional; Relationship: Intersects; Alignment Strength: 9
Rationale: Semantic; Relationship: Intersects; Alignment Strength: 8
Rationale: Semantic; Relationship: Superset; Alignment Strength: 8
Rationale: Semantic; Relationship: Superset; Alignment Strength: 9
Rationale: Semantic; Relationship: Intersects; Alignment Strength: 8",JFSA-33,Rationale: Semantic; Relationship: Superset; Alignment Strength: 7,,,,
GV.RM-08.07,16.038,GOVERN,Risk Management Strategy,Technology Assimilation & Implementations,10.0,"Tier: 1
Tier: 2
Tier: 3
Tier: 4","GV.RM-08.07: Technology projects follow an established project management methodology to manage delivery and delivery risks, produce consistent quality, and achieve business objectives and value.",None,,"#mission_and_strategy
#risk_management",,,,,,,,,,,,,,,"FFIEC-AIO-02.05
FFIEC-AIO-02.06
FFIEC-AIO-12.04
FFIEC-AIO-13.04","Rationale: Semantic; Relationship: Superset; Alignment Strength: 6
Rationale: Semantic; Relationship: Superset; Alignment Strength: 7
Rationale: Semantic; Relationship: Superset; Alignment Strength: 8
Rationale: Semantic; Relationship: Superset; Alignment Strength: 7",,,OSFI B-13-13,Rationale: Semantic; Relationship: Superset; Alignment Strength: 9,,,,,"TR-5.1.1
TR-5.1.2
TR-5.1.3
TR-5.1.4
TR-5.7.5","Type: Full Summarily
Type: Full Summarily
Type: Full
Type: Full
Type: Full Summarily",,,016.038,Level: Ds,"FFIEC-DAM-02.04
FFIEC-DAM-03.01
FFIEC-DAM-03.02
FFIEC-DAM-03.03
FFIEC-DAM-04.10
FFIEC-DAM-04.11
FFIEC-DAM-04.13
FFIEC-DAM-05.01
FFIEC-DAM-07.01
FFIEC-DAM-07.02
FFIEC-DAM-07.03
FFIEC-DAM-12.04
FFIEC-DAM-14.05","Rationale: Semantic; Relationship: Intersects
Rationale: Semantic; Relationship: Intersects
Rationale: Semantic; Relationship: Intersects
Rationale: Semantic; Relationship: Intersects
Rationale: Semantic; Relationship: Intersects
Rationale: Semantic; Relationship: Intersects
Rationale: Semantic; Relationship: Intersects
Rationale: Semantic; Relationship: Superset
Rationale: Semantic; Relationship: Intersects
Rationale: Semantic; Relationship: Intersects
Rationale: Semantic; Relationship: Intersects
Rationale: Semantic; Relationship: Intersects
Rationale: Semantic; Relationship: Intersects","PM-10
SA-03","Rationale: Semantic; Relationship: Superset; Alignment Strength: 5
Rationale: Semantic; Relationship: Intersects; Alignment Strength: 9",,,"EBA-51
EBA-61
EBA-62
EBA-63
EBA-65","Rationale: Semantic; Relationship: Intersects; Alignment Strength: 8
Rationale: Functional; Relationship: Intersects; Alignment Strength: 9
Rationale: Semantic; Relationship: Intersects; Alignment Strength: 8
Rationale: Semantic; Relationship: Superset; Alignment Strength: 9
Rationale: Semantic; Relationship: Intersects; Alignment Strength: 9","JFSA-33
JFSA-34","Rationale: Semantic; Relationship: Superset; Alignment Strength: 7
Rationale: Functional; Relationship: Superset; Alignment Strength: 5",,,,
GV.RM-09.01,17.039,GOVERN,Risk Management Strategy,Business Continuity & Resilience Risk Management,10.0,"Tier: 1
Tier: 2
Tier: 3
Tier: 4","GV.RM-09.01: The organization has an enterprise-wide resilience strategy and program, including architecture, cyber resilience, business continuity, disaster recovery, and incident response, which support its mission, stakeholder obligations, critical infrastructure role, and risk appetite.",None,,"#business_impact_analysis
#critical_infrastructure
#mission_and_strategy
#risk_appetite_/_tolerance
#risk_management",,,"OSFI CSSA-40
OSFI CSSA-72","Rationale: Functional; Relationship: Subset; Alignment Strength: 8
Rationale: Functional; Relationship: Subset; Alignment Strength: 9",HK-SFC-2.09,Rationale: Functional; Relationship: Subset,ID.RM-3.CI,,,,NYDFS-02,Rationale: Semantic; Relationship: Intersects; Alignment Strength: 8,"2.1.2.1.2
2.3.2.1.1
2.5.2.1.4
2.5.2.1.5","Level: Evolving
Level: Evolving
Level: Evolving
Level: Evolving","FFIEC-AIO-02.02
FFIEC-AIO-02.05
FFIEC-AIO-08.01
FFIEC-AIO-08.02
FFIEC-AIO-12.01
FFIEC-AIO-12.06","Rationale: Semantic; Relationship: Intersects; Alignment Strength: 7
Rationale: Semantic; Relationship: Superset; Alignment Strength: 6
Rationale: Semantic; Relationship: Superset; Alignment Strength: 7
Rationale: Semantic; Relationship: Superset; Alignment Strength: 8
Rationale: Semantic; Relationship: Superset; Alignment Strength: 7
Rationale: Semantic; Relationship: Superset; Alignment Strength: 5","FFIEC-BCM-02.03
FFIEC-BCM-06.03
FFIEC-BCM-06.06
FFIEC-BCM-08.01
FFIEC-BCM-08.10","Rationale: Functional; Relationship: Intersects; Alignment Strength: 6
Rationale: Semantic; Relationship: Subset; Alignment Strength: 8
Rationale: Semantic; Relationship: Intersects; Alignment Strength: 7
Rationale: Semantic; Relationship: Subset; Alignment Strength: 9
Rationale: Semantic; Relationship: Subset; Alignment Strength: 9","OSFI B-13-04
OSFI B-13-06
OSFI B-13-28
OSFI B-13-53","Rationale: Semantic; Relationship: Intersects; Alignment Strength: 8
Rationale: Semantic; Relationship: Intersects; Alignment Strength: 8
Rationale: Semantic; Relationship: Superset; Alignment Strength: 9
Rationale: Semantic; Relationship: Superset; Alignment Strength: 9","DORA-05-01
DORA-06-01
DORA-06-02
DORA-06-03
DORA-06-08
DORA-07-01
DORA-11-03
DORA-11-07
DORA-18-02","Rationale: Semantic; Relationship: Superset; Alignment Strength: 8
Rationale: Semantic; Relationship: Superset; Alignment Strength: 9
Rationale: Semantic; Relationship: Superset; Alignment Strength: 9
Rationale: Semantic; Relationship: Superset; Alignment Strength: 8
Rationale: Semantic; Relationship: Superset; Alignment Strength: 8
Rationale: Semantic; Relationship: Subset; Alignment Strength: 9
Rationale: Semantic; Relationship: Superset; Alignment Strength: 9
Rationale: Semantic; Relationship: Intersects; Alignment Strength: 8
Rationale: Semantic; Relationship: Subset; Alignment Strength: 6",SEC-12.II.C.1.a,Rationale: Semantic; Relationship: Superset; Alignment Strength: 7,,,"D1.G.SP.B.6
D1.RM.RMP.B.1
D5.DR.Re.Inn.2
D5.IR.Pl.A.1
D5.IR.Pl.A.2","Level: Baseline; Type: Full
Level: Baseline; Type: Full Summarily
Level: Innovative; Type: Partial
Level: Advanced; Type: Full Summarily
Level: Advanced; Type: Full Summarily",017.039,Level: Ds,,,"CP-02
IR-04
PM-08
PM-09","Rationale: Semantic; Relationship: Intersects; Alignment Strength: 9
Rationale: Semantic; Relationship: Intersects; Alignment Strength: 9
Rationale: Semantic; Relationship: Intersects; Alignment Strength: 9
Rationale: Semantic; Relationship: Intersects; Alignment Strength: 9",,,"EBA-77
EBA-78","Rationale: Semantic; Relationship: Subset; Alignment Strength: 7
Rationale: Functional; Relationship: Intersects; Alignment Strength: 5","JFSA-06
JFSA-21
JFSA-46
JFSA-47
JFSA-58","Rationale: Semantic; Relationship: Superset; Alignment Strength: 5
Rationale: Semantic; Relationship: Superset; Alignment Strength: 9
Rationale: Semantic; Relationship: Superset; Alignment Strength: 8
Rationale: Functional; Relationship: Intersects; Alignment Strength: 5
Rationale: Semantic; Relationship: Subset; Alignment Strength: 7",17.4,Rationale: Semantic; Relationship: Intersects,"NAIC-IDSML-01
NAIC-IDSML-07","Rationale: Semantic; Relationship: Intersects
Rationale: Semantic; Relationship: Intersects"
GV.RM-09.02,17.04,GOVERN,Risk Management Strategy,Business Continuity & Resilience Risk Management,10.0,Tier: 1,"GV.RM-09.02: The resilience program ensures that the organization can continue operating critical business functions and deliver services to stakeholders, to include critical infrastructure partners, during adverse incidents and cyber attacks (e.g., propagation of malware or extended system outages).",None,,"#asset_inventory
#asset_management
#business_impact_analysis
#critical_infrastructure
#resilience
#security_logging_monitoring_and_alerting
#technology_availability
#threat_landscape",APRA CPS 234-15,Rationale: Semantic; Relationship: Intersects; Alignment Strength: 6,OSFI CSSA-72,Rationale: Functional; Relationship: Superset; Alignment Strength: 9,,,"ID.BE-5.RR
ID.RM-3.CI","
",APRA CPG 234-39,Rationale: Semantic; Relationship: Intersects; Alignment Strength: 7; Functional Coverage Strength: 10,"NYDFS-15
NYDFS-36
NYDFS-37","Rationale: Semantic; Relationship: Intersects; Alignment Strength: 7
Rationale: Semantic; Relationship: Intersects; Alignment Strength: 7
Rationale: Semantic; Relationship: Superset; Alignment Strength: 8","2.1.2.1.1
2.5.2.1.11
2.5.2.1.12
2.5.2.1.3","Level: Evolving
Level: Advancing
Level: Advancing
Level: Evolving","FFIEC-AIO-08.01
FFIEC-AIO-08.02
FFIEC-AIO-15.04","Rationale: Semantic; Relationship: Superset; Alignment Strength: 8
Rationale: Semantic; Relationship: Superset; Alignment Strength: 8
Rationale: Semantic; Relationship: Intersects; Alignment Strength: 2","FFIEC-BCM-02.01
FFIEC-BCM-02.03
FFIEC-BCM-05.01
FFIEC-BCM-06.03
FFIEC-BCM-06.04
FFIEC-BCM-06.06
FFIEC-BCM-06.07
FFIEC-BCM-08.01
FFIEC-BCM-08.04
FFIEC-BCM-08.05
FFIEC-BCM-08.08
FFIEC-BCM-08.09
FFIEC-BCM-08.13
FFIEC-BCM-10.07
FFIEC-BCM-10.25","Rationale: Semantic; Relationship: Subset; Alignment Strength: 6
Rationale: Functional; Relationship: Intersects; Alignment Strength: 6
Rationale: Semantic; Relationship: Intersects; Alignment Strength: 7
Rationale: Semantic; Relationship: Subset; Alignment Strength: 9
Rationale: Semantic; Relationship: Intersects; Alignment Strength: 6
Rationale: Semantic; Relationship: Intersects; Alignment Strength: 7
Rationale: Functional; Relationship: Intersects; Alignment Strength: 6
Rationale: Semantic; Relationship: Subset; Alignment Strength: 9
Rationale: Semantic; Relationship: Subset; Alignment Strength: 6
Rationale: Semantic; Relationship: Subset; Alignment Strength: 9
Rationale: Functional; Relationship: Intersects; Alignment Strength: 3
Rationale: Semantic; Relationship: Intersects; Alignment Strength: 2
Rationale: Semantic; Relationship: Intersects; Alignment Strength: 5
Rationale: Semantic; Relationship: Subset; Alignment Strength: 8
Rationale: Functional; Relationship: Intersects; Alignment Strength: 4","OSFI B-13-28
OSFI B-13-53","Rationale: Semantic; Relationship: Intersects; Alignment Strength: 9
Rationale: Semantic; Relationship: Superset; Alignment Strength: 9","DORA-05-01
DORA-06-02
DORA-07-01
DORA-11-02
DORA-12-01
DORA-12-03
DORA-12-05
DORA-24-03","Rationale: Semantic; Relationship: Superset; Alignment Strength: 8
Rationale: Semantic; Relationship: Superset; Alignment Strength: 8
Rationale: Semantic; Relationship: Subset; Alignment Strength: 8
Rationale: Semantic; Relationship: Superset; Alignment Strength: 8
Rationale: Semantic; Relationship: Intersects; Alignment Strength: 8
Rationale: Semantic; Relationship: Superset; Alignment Strength: 6
Rationale: Semantic; Relationship: Subset; Alignment Strength: 7
Rationale: Semantic; Relationship: Intersects; Alignment Strength: 9",,,,,"D1.G.Ov.A.6
D5.DR.Re.E.2
D5.DR.Re.Inn.1
D5.IR.Pl.A.1
D5.IR.Pl.Int.2
D5.IR.Te.Int.4","Level: Advanced; Type: Full Summarily
Level: Evolving; Type: Full Summarily
Level: Innovative; Type: Full
Level: Advanced; Type: Full Summarily
Level: Intermediate; Type: Full Summarily
Level: Intermediate; Type: Full Summarily",017.040,Level: Ds,,,"CP-02
CP-04
CP-10
PM-08
PM-09","Rationale: Semantic; Relationship: Intersects; Alignment Strength: 9
Rationale: Semantic; Relationship: Intersects; Alignment Strength: 9
Rationale: Semantic; Relationship: Intersects; Alignment Strength: 8
Rationale: Semantic; Relationship: Intersects; Alignment Strength: 8
Rationale: Semantic; Relationship: Intersects; Alignment Strength: 8",ASIC-GP01.AP,Rationale: Semantic; Relationship: Intersects,"EBA-54
EBA-77
EBA-78","Rationale: Functional; Relationship: Intersects; Alignment Strength: 5
Rationale: Functional; Relationship: Intersects; Alignment Strength: 5
Rationale: Functional; Relationship: Superset; Alignment Strength: 5","JFSA-24
JFSA-46
JFSA-47
JFSA-51
JFSA-52
JFSA-58","Rationale: Semantic; Relationship: Superset; Alignment Strength: 7
Rationale: Semantic; Relationship: Superset; Alignment Strength: 9
Rationale: Functional; Relationship: Intersects; Alignment Strength: 6
Rationale: Semantic; Relationship: Superset; Alignment Strength: 8
Rationale: Semantic; Relationship: Superset; Alignment Strength: 8
Rationale: Semantic; Relationship: Intersects; Alignment Strength: 8",,,"NAIC-IDSML-02
NAIC-IDSML-03
NAIC-IDSML-07","Rationale: Semantic; Relationship: Superset
Rationale: Semantic; Relationship: Superset
Rationale: Semantic; Relationship: Intersects"
GV.RR-01.01,19.041,GOVERN,"Roles, Responsibilities, and Authorities",Organizational Leadership Responsibility,10.0,"Tier: 1
Tier: 2
Tier: 3
Tier: 4","GV.RR-01.01: The governing authority (e.g., the Board or one of its committees) oversees and holds senior management accountable for implementing the organization’s technology and cybersecurity risk management strategies and frameworks.",GV.RR-01,,"#board_or_committee_oversight
#risk_management
#risk_oversight
#roles_and_responsibilities","APRA CPS 234-13
APRA CPS 234-14","Rationale: Semantic; Relationship: Superset; Alignment Strength: 8
Rationale: Semantic; Relationship: Superset; Alignment Strength: 7","OSFI CSSA-02
OSFI CSSA-05
OSFI CSSA-81","Rationale: Functional; Relationship: Superset; Alignment Strength: 8
Rationale: Functional; Relationship: Superset; Alignment Strength: 8
Rationale: Functional; Relationship: Superset; Alignment Strength: 8",HK-SFC-3.01,Rationale: Functional; Relationship: Superset,,,"APRA CPG 234-10
APRA CPG 234-11","Rationale: Semantic; Relationship: Superset; Alignment Strength: 8; Functional Coverage Strength: 10
Rationale: Semantic; Relationship: Superset; Alignment Strength: 7; Functional Coverage Strength: 9",NYDFS-11,Rationale: Semantic; Relationship: Superset; Alignment Strength: 8,2.1.2.2.35,Level: Advancing,"FFIEC-AIO-02.01
FFIEC-AIO-02.02
FFIEC-AIO-02.05","Rationale: Semantic; Relationship: Superset; Alignment Strength: 9
Rationale: Semantic; Relationship: Superset; Alignment Strength: 8
Rationale: Semantic; Relationship: Superset; Alignment Strength: 8",,,"OSFI B-13-01
OSFI B-13-02","Rationale: Semantic; Relationship: Superset; Alignment Strength: 7
Rationale: Semantic; Relationship: Superset; Alignment Strength: 9","DORA-05-01
DORA-05-02
DORA-06-02
DORA-06-03","Rationale: Semantic; Relationship: Superset; Alignment Strength: 8
Rationale: Semantic; Relationship: Superset; Alignment Strength: 9
Rationale: Semantic; Relationship: Superset; Alignment Strength: 8
Rationale: Semantic; Relationship: Superset; Alignment Strength: 8","SEC-03.I.A.3
SEC-07.I.A.7
SEC-13.II.C.2.a","Rationale: Semantic; Relationship: Superset; Alignment Strength: 8
Rationale: Semantic; Relationship: Superset; Alignment Strength: 8
Rationale: Semantic; Relationship: Superset; Alignment Strength: 7","TR-3.1.4
TR-3.1.8","Type: Full Summarily
Type: Full Summarily","D1.G.Ov.A.4
D1.G.Ov.B.1","Level: Advanced; Type: Full
Level: Baseline; Type: Full Summarily",019.041,Level: Ds,"FFIEC-DAM-02.02
FFIEC-DAM-02.03","Rationale: Semantic; Relationship: Intersects
Rationale: Semantic; Relationship: Superset",PM-09,Rationale: Semantic; Relationship: Superset; Alignment Strength: 8,"ASIC-GP01.PR
ASIC-KQ01","Rationale: Semantic; Relationship: Superset
Rationale: Semantic; Relationship: Superset","EBA-02
EBA-04
EBA-12","Rationale: Semantic; Relationship: Superset; Alignment Strength: 8
Rationale: Semantic; Relationship: Superset; Alignment Strength: 9
Rationale: Semantic; Relationship: Intersects; Alignment Strength: 9","JFSA-01
JFSA-03
JFSA-31","Rationale: Semantic; Relationship: Superset; Alignment Strength: 8
Rationale: Semantic; Relationship: Superset; Alignment Strength: 7
Rationale: Semantic; Relationship: Superset; Alignment Strength: 7",,,"NAIC-IDSML-03
NAIC-IDSML-04","Rationale: Semantic; Relationship: Superset
Rationale: Semantic; Relationship: Superset"
GV.RR-01.02,19.042,GOVERN,"Roles, Responsibilities, and Authorities",Organizational Leadership Responsibility,10.0,"Tier: 1
Tier: 2
Tier: 3
Tier: 4","GV.RR-01.02: The governing authority (e.g., the Board or one of its committees) regularly reviews, oversees, and holds senior management accountable for implementing the organization’s third-party risk management strategy and program and for managing the organization's ongoing risks associated with the aggregate and specific use of third parties.",GV.RR-01,,"#board_or_committee_oversight
#dependency_management
#metrics_and_reporting
#risk_management
#risk_oversight
#supply_chain_management
#third_party_risk_management",APRA CPS 234-13,Rationale: Semantic; Relationship: Superset; Alignment Strength: 7,,,HK-SFC-3.01,Rationale: Functional; Relationship: Superset,,,"APRA CPG 234-10
APRA CPG 234-11","Rationale: Semantic; Relationship: Superset; Alignment Strength: 8; Functional Coverage Strength: 10
Rationale: Semantic; Relationship: Superset; Alignment Strength: 7; Functional Coverage Strength: 9",NYDFS-26,Rationale: Semantic; Relationship: Intersects; Alignment Strength: 7,2.1.2.1.10,Level: Evolving,"FFIEC-AIO-02.01
FFIEC-AIO-02.02
FFIEC-AIO-07.01
FFIEC-AIO-07.05","Rationale: Semantic; Relationship: Superset; Alignment Strength: 9
Rationale: Semantic; Relationship: Superset; Alignment Strength: 7
Rationale: Semantic; Relationship: Superset; Alignment Strength: 6
Rationale: Functional; Relationship: Superset; Alignment Strength: 4",,,"OSFI B-13-01
OSFI B-13-02","Rationale: Semantic; Relationship: Superset; Alignment Strength: 7
Rationale: Semantic; Relationship: Superset; Alignment Strength: 9","DORA-05-01
DORA-05-02
DORA-05-03
DORA-06-03
DORA-28-01
DORA-28-02","Rationale: Semantic; Relationship: Superset; Alignment Strength: 8
Rationale: Semantic; Relationship: Superset; Alignment Strength: 8
Rationale: Semantic; Relationship: Superset; Alignment Strength: 8
Rationale: Semantic; Relationship: Superset; Alignment Strength: 8
Rationale: Semantic; Relationship: Intersects; Alignment Strength: 8
Rationale: Semantic; Relationship: Superset; Alignment Strength: 9","SEC-03.I.A.3
SEC-07.I.A.7
SEC-13.II.C.2.a","Rationale: Semantic; Relationship: Superset; Alignment Strength: 8
Rationale: Semantic; Relationship: Superset; Alignment Strength: 8
Rationale: Semantic; Relationship: Superset; Alignment Strength: 8",TR-3.4.1,Type: Full Summarily,D4.RM.Dd.E.2,Level: Evolving; Type: Full,019.042,Level: Ds,"FFIEC-DAM-02.02
FFIEC-DAM-02.03
FFIEC-DAM-08.01","Rationale: Semantic; Relationship: Intersects
Rationale: Semantic; Relationship: Superset
Rationale: Semantic; Relationship: Intersects","PM-09
PM-30
SR-02","Rationale: Semantic; Relationship: Superset; Alignment Strength: 8
Rationale: Semantic; Relationship: Intersects; Alignment Strength: 9
Rationale: Semantic; Relationship: Intersects; Alignment Strength: 9","ASIC-GP01.PR
ASIC-KQ01","Rationale: Semantic; Relationship: Superset
Rationale: Semantic; Relationship: Superset","EBA-04
EBA-07","Rationale: Semantic; Relationship: Superset; Alignment Strength: 9
Rationale: Semantic; Relationship: Superset; Alignment Strength: 8","JFSA-01
JFSA-31
JFSA-43","Rationale: Semantic; Relationship: Superset; Alignment Strength: 6
Rationale: Semantic; Relationship: Superset; Alignment Strength: 7
Rationale: Semantic; Relationship: Superset; Alignment Strength: 5",,,NAIC-IDSML-04,Rationale: Semantic; Relationship: Superset
GV.RR-01.03,19.043,GOVERN,"Roles, Responsibilities, and Authorities",Organizational Leadership Responsibility,10.0,"Tier: 1
Tier: 2
Tier: 3
Tier: 4","GV.RR-01.03: The governing authority (e.g., the Board or one of its committees) regularly reviews, oversees, and holds senior management accountable for implementing the organization’s resilience strategy and program and for managing the organization's ongoing resilience risks.",GV.RR-01,,"#board_or_committee_oversight
#resilience
#risk_oversight",,,,,"HK-SFC-2.09
HK-SFC-3.01","Rationale: Functional; Relationship: Subset
Rationale: Functional; Relationship: Superset",,,"APRA CPG 234-10
APRA CPG 234-11","Rationale: Semantic; Relationship: Superset; Alignment Strength: 8; Functional Coverage Strength: 10
Rationale: Semantic; Relationship: Superset; Alignment Strength: 7; Functional Coverage Strength: 9",NYDFS-11,Rationale: Semantic; Relationship: Intersects; Alignment Strength: 8,2.1.2.1.10,Level: Evolving,"FFIEC-AIO-02.01
FFIEC-AIO-02.02
FFIEC-AIO-08.02","Rationale: Semantic; Relationship: Superset; Alignment Strength: 8
Rationale: Semantic; Relationship: Superset; Alignment Strength: 8
Rationale: Semantic; Relationship: Superset; Alignment Strength: 6","FFIEC-BCM-02.01
FFIEC-BCM-02.02
FFIEC-BCM-02.03
FFIEC-BCM-02.05
FFIEC-BCM-10.07","Rationale: Semantic; Relationship: Subset; Alignment Strength: 8
Rationale: Semantic; Relationship: Superset; Alignment Strength: 9
Rationale: Semantic; Relationship: Superset; Alignment Strength: 9
Rationale: Semantic; Relationship: Subset; Alignment Strength: 7
Rationale: Semantic; Relationship: Subset; Alignment Strength: 8","OSFI B-13-01
OSFI B-13-02
OSFI B-13-28","Rationale: Semantic; Relationship: Superset; Alignment Strength: 7
Rationale: Semantic; Relationship: Superset; Alignment Strength: 9
Rationale: Semantic; Relationship: Superset; Alignment Strength: 9",DORA-05-02,Rationale: Semantic; Relationship: Superset; Alignment Strength: 9,"SEC-03.I.A.3
SEC-07.I.A.7
SEC-13.II.C.2.a","Rationale: Semantic; Relationship: Superset; Alignment Strength: 7
Rationale: Semantic; Relationship: Superset; Alignment Strength: 7
Rationale: Semantic; Relationship: Superset; Alignment Strength: 8",,,D1.G.Ov.B.1,Level: Baseline; Type: Full Summarily,019.043,Level: Ds,,,CP-02,Rationale: Semantic; Relationship: Intersects; Alignment Strength: 9,"ASIC-GP01.CR
ASIC-GP01.MT
ASIC-GP01.PR
ASIC-KQ01","Rationale: Semantic; Relationship: Intersects
Rationale: Semantic; Relationship: Intersects
Rationale: Semantic; Relationship: Superset
Rationale: Semantic; Relationship: Superset",EBA-04,Rationale: Semantic; Relationship: Superset; Alignment Strength: 9,"JFSA-01
JFSA-31","Rationale: Semantic; Relationship: Intersects; Alignment Strength: 6
Rationale: Semantic; Relationship: Superset; Alignment Strength: 7",,,,
GV.RR-01.04,19.044,GOVERN,"Roles, Responsibilities, and Authorities",Organizational Leadership Responsibility,10.0,"Tier: 1
Tier: 2
Tier: 3
Tier: 4","GV.RR-01.04: The organization has designated a qualified Cybersecurity Officer (e.g., CISO) who is responsible and accountable for developing a cybersecurity strategy, overseeing and implementing its cybersecurity program, and enforcing its cybersecurity policy.",GV.RR-01,,"#ciso
#mission_and_strategy
#roles_and_responsibilities
#staffing_and_resource_management",APRA CPS 234-15,Rationale: Semantic; Relationship: Superset; Alignment Strength: 6,OSFI CSSA-13,Rationale: Functional; Relationship: Superset; Alignment Strength: 8,HK-SFC-3.01,Rationale: Functional; Relationship: Superset,ID.GV-2.CR,,"APRA CPG 234-11
APRA CPG 234-20","Rationale: Semantic; Relationship: Superset; Alignment Strength: 9; Functional Coverage Strength: 9
Rationale: Semantic; Relationship: Superset; Alignment Strength: 8; Functional Coverage Strength: 10","NYDFS-08
NYDFS-21
NYDFS-29","Rationale: Semantic; Relationship: Superset; Alignment Strength: 10
Rationale: Semantic; Relationship: Intersects; Alignment Strength: 6
Rationale: Semantic; Relationship: Intersects; Alignment Strength: 6","2.1.2.1.2
2.1.2.2.19
2.1.2.2.20","Level: Evolving
Level: Evolving
Level: Evolving","FFIEC-AIO-02.01
FFIEC-AIO-02.10","Rationale: Semantic; Relationship: Superset; Alignment Strength: 8
Rationale: Semantic; Relationship: Superset; Alignment Strength: 6",,,"OSFI B-13-01
OSFI B-13-02","Rationale: Semantic; Relationship: Superset; Alignment Strength: 9
Rationale: Semantic; Relationship: Superset; Alignment Strength: 9",,,,,TR-3.1.3,Type: Full,D1.R.St.E.2,Level: Evolving; Type: Full,019.044,Level: Ds,FFIEC-DAM-02.03,Rationale: Semantic; Relationship: Superset,"PM-02
PM-29","Rationale: Semantic; Relationship: Equal; Alignment Strength: 10
Rationale: Semantic; Relationship: Intersects; Alignment Strength: 7","ASIC-GP01.PR
ASIC-GP04.RI","Rationale: Semantic; Relationship: Superset
Rationale: Semantic; Relationship: Superset","EBA-02
EBA-06
EBA-12
EBA-29","Rationale: Semantic; Relationship: Superset; Alignment Strength: 8
Rationale: Functional; Relationship: Intersects; Alignment Strength: 7
Rationale: Semantic; Relationship: Intersects; Alignment Strength: 9
Rationale: Semantic; Relationship: Superset; Alignment Strength: 8","JFSA-03
JFSA-12","Rationale: Semantic; Relationship: Superset; Alignment Strength: 9
Rationale: Semantic; Relationship: Superset; Alignment Strength: 9",,,NAIC-IDSML-03,Rationale: Semantic; Relationship: Superset
GV.RR-01.05,19.045,GOVERN,"Roles, Responsibilities, and Authorities",Organizational Leadership Responsibility,10.0,"Tier: 1
Tier: 2
Tier: 3
Tier: 4","GV.RR-01.05: The organization designates a qualified Technology Officer (e.g., CIO or CTO) who is responsible and accountable for developing technology strategy, overseeing and implementing its technology program, and enforcing its technology policy.",GV.RR-01,,"#mission_and_strategy
#policy_management
#risk_oversight
#technology_officer",APRA CPS 234-15,Rationale: Semantic; Relationship: Intersects; Alignment Strength: 7,OSFI CSSA-13,Rationale: Functional; Relationship: Superset; Alignment Strength: 8,,,,,APRA CPG 234-11,Rationale: Semantic; Relationship: Superset; Alignment Strength: 9; Functional Coverage Strength: 9,,,2.1.2.2.20,Level: Evolving,"FFIEC-AIO-02.01
FFIEC-AIO-02.05
FFIEC-AIO-02.10","Rationale: Semantic; Relationship: Superset; Alignment Strength: 8
Rationale: Semantic; Relationship: Superset; Alignment Strength: 8
Rationale: Semantic; Relationship: Superset; Alignment Strength: 6",,,"OSFI B-13-01
OSFI B-13-02","Rationale: Semantic; Relationship: Superset; Alignment Strength: 9
Rationale: Semantic; Relationship: Superset; Alignment Strength: 9",,,,,,,,,019.045,Level: Ds,FFIEC-DAM-02.03,Rationale: Semantic; Relationship: Superset,PM-29,Rationale: Semantic; Relationship: Intersects; Alignment Strength: 7,ASIC-GP01.PR,Rationale: Semantic; Relationship: Superset,"EBA-06
EBA-12
EBA-29","Rationale: Functional; Relationship: Intersects; Alignment Strength: 7
Rationale: Semantic; Relationship: Intersects; Alignment Strength: 9
Rationale: Semantic; Relationship: Superset; Alignment Strength: 8","JFSA-03
JFSA-12","Rationale: Semantic; Relationship: Superset; Alignment Strength: 7
Rationale: Semantic; Relationship: Superset; Alignment Strength: 9",,,,
GV.RR-02.01,20.046,GOVERN,"Roles, Responsibilities, and Authorities",Risk Management Roles & Responsibilities,10.0,"Tier: 1
Tier: 2
Tier: 3
Tier: 4","GV.RR-02.01: The roles, responsibilities, qualifications, and skill requirements for personnel (employees and third parties) that implement, manage, and oversee the technology, cybersecurity, and resilience programs are defined, aligned, coordinated, and holistically managed.",GV.RR-02,,"#roles_and_responsibilities
#staffing_and_resource_management","APRA CPS 234-14
APRA CPS 234-30
APRA CPS 234-33","Rationale: Semantic; Relationship: Superset; Alignment Strength: 8
Rationale: Semantic; Relationship: Intersects; Alignment Strength: 5
Rationale: Semantic; Relationship: Intersects; Alignment Strength: 8","OSFI CSSA-06
OSFI CSSA-13","Rationale: Functional; Relationship: Intersects; Alignment Strength: 9
Rationale: Functional; Relationship: Intersects; Alignment Strength: 8",HK-SFC-3.01,Rationale: Functional; Relationship: Superset,ID.GV-2.CR,,"APRA CPG 234-11
APRA CPG 234-12","Rationale: Semantic; Relationship: Superset; Alignment Strength: 9; Functional Coverage Strength: 9
Rationale: Semantic; Relationship: Superset; Alignment Strength: 8; Functional Coverage Strength: 10",NYDFS-24,Rationale: Semantic; Relationship: Superset; Alignment Strength: 8,"2.1.2.1.1
2.1.2.1.11
2.1.2.2.20
2.1.2.2.29
2.1.2.2.30
2.1.2.2.38
2.1.2.2.39","Level: Evolving
Level: Evolving
Level: Evolving
Level: Evolving
Level: Evolving
Level: Advancing
Level: Advancing","FFIEC-AIO-02.01
FFIEC-AIO-02.05
FFIEC-AIO-02.09
FFIEC-AIO-02.11
FFIEC-AIO-02.12
FFIEC-AIO-07.01
FFIEC-AIO-14.04","Rationale: Semantic; Relationship: Superset; Alignment Strength: 8
Rationale: Semantic; Relationship: Superset; Alignment Strength: 8
Rationale: Semantic; Relationship: Superset; Alignment Strength: 8
Rationale: Semantic; Relationship: Intersects; Alignment Strength: 4
Rationale: Semantic; Relationship: Superset; Alignment Strength: 5
Rationale: Semantic; Relationship: Superset; Alignment Strength: 6
Rationale: Semantic; Relationship: Intersects; Alignment Strength: 3","FFIEC-BCM-02.04
FFIEC-BCM-08.02","Rationale: Functional; Relationship: Intersects; Alignment Strength: 6
Rationale: Functional; Relationship: Intersects; Alignment Strength: 5",OSFI B-13-01,Rationale: Semantic; Relationship: Superset; Alignment Strength: 8,"DORA-05-02
DORA-17-03","Rationale: Semantic; Relationship: Superset; Alignment Strength: 8
Rationale: Semantic; Relationship: Subset; Alignment Strength: 7",,,"TR-3.1.8
TR-4.1.1
TR-4.1.3","Type: Full Summarily
Type: Full Summarily
Type: Full Summarily","D1.R.St.A.2
D1.R.St.B.1
D1.R.St.B.2
D1.R.St.E.3
D1.R.St.Int.1","Level: Advanced; Type: Full Summarily
Level: Baseline; Type: Full
Level: Baseline; Type: Full Summarily
Level: Evolving; Type: Full Summarily
Level: Intermediate; Type: Full Summarily",020.046,Level: Ds,"FFIEC-DAM-02.02
FFIEC-DAM-02.03
FFIEC-DAM-02.04
FFIEC-DAM-02.05
FFIEC-DAM-07.01
FFIEC-DAM-14.01","Rationale: Semantic; Relationship: Intersects
Rationale: Semantic; Relationship: Intersects
Rationale: Semantic; Relationship: Intersects
Rationale: Semantic; Relationship: Intersects
Rationale: Semantic; Relationship: Intersects
Rationale: Semantic; Relationship: Intersects","PS-07
SA-03","Rationale: Semantic; Relationship: Intersects; Alignment Strength: 9
Rationale: Semantic; Relationship: Intersects; Alignment Strength: 7",ASIC-KQ01,Rationale: Semantic; Relationship: Superset,"EBA-02
EBA-12
EBA-29","Rationale: Semantic; Relationship: Superset; Alignment Strength: 6
Rationale: Functional; Relationship: Superset; Alignment Strength: 9
Rationale: Functional; Relationship: Intersects; Alignment Strength: 6","JFSA-12
JFSA-30
JFSA-36
JFSA-55","Rationale: Semantic; Relationship: Superset; Alignment Strength: 9
Rationale: Semantic; Relationship: Superset; Alignment Strength: 8
Rationale: Functional; Relationship: Intersects; Alignment Strength: 7
Rationale: Functional; Relationship: Intersects; Alignment Strength: 4",17.5,Rationale: Semantic; Relationship: Subset,,
GV.RR-02.02,20.047,GOVERN,"Roles, Responsibilities, and Authorities",Risk Management Roles & Responsibilities,10.0,"Tier: 1
Tier: 2
Tier: 3","GV.RR-02.02: The organization has established and assigned roles and responsibilities for systematic cybersecurity threat identification, monitoring, detection, and event reporting processes, and ensures adequate coverage and organizational alignment for these functions.",GV.RR-02,,"#incident_management
#roles_and_responsibilities
#security_logging_monitoring_and_alerting
#threat_management","APRA CPS 234-14
APRA CPS 234-17
APRA CPS 234-19
APRA CPS 234-23
APRA CPS 234-35
APRA CPS 234-36","Rationale: Semantic; Relationship: Intersects; Alignment Strength: 7
Rationale: Semantic; Relationship: Superset; Alignment Strength: 8
Rationale: Semantic; Relationship: Superset; Alignment Strength: 8
Rationale: Semantic; Relationship: Superset; Alignment Strength: 6
Rationale: Semantic; Relationship: Superset; Alignment Strength: 9
Rationale: Semantic; Relationship: Superset; Alignment Strength: 6","OSFI CSSA-13
OSFI CSSA-32","Rationale: Functional; Relationship: Superset; Alignment Strength: 7
Rationale: Functional; Relationship: Intersects; Alignment Strength: 9",,,DE.DP-2.ED,,"APRA CPG 234-11
APRA CPG 234-12
APRA CPG 234-13
APRA CPG 234-21
APRA CPG 234-66
APRA CPG 234-67
APRA CPG 234-69
APRA CPG 234-72
APRA CPG 234-87
APRA CPG 234-88
APRA CPG 234-89","Rationale: Semantic; Relationship: Superset; Alignment Strength: 9; Functional Coverage Strength: 9
Rationale: Semantic; Relationship: Superset; Alignment Strength: 7; Functional Coverage Strength: 10
Rationale: Semantic; Relationship: Superset; Alignment Strength: 6; Functional Coverage Strength: 10
Rationale: Semantic; Relationship: Intersects; Alignment Strength: 9; Functional Coverage Strength: 10
Rationale: Semantic; Relationship: Superset; Alignment Strength: 7; Functional Coverage Strength: 10
Rationale: Semantic; Relationship: Superset; Alignment Strength: 7; Functional Coverage Strength: 10
Rationale: Semantic; Relationship: Superset; Alignment Strength: 10; Functional Coverage Strength: 10
Rationale: Semantic; Relationship: Intersects; Alignment Strength: 5; Functional Coverage Strength: 10
Rationale: Semantic; Relationship: Intersects; Alignment Strength: 9; Functional Coverage Strength: 10
Rationale: Semantic; Relationship: Intersects; Alignment Strength: 6; Functional Coverage Strength: 9
Rationale: Semantic; Relationship: Intersects; Alignment Strength: 6; Functional Coverage Strength: 7",NYDFS-39,Rationale: Semantic; Relationship: Intersects; Alignment Strength: 9,"2.4.2.13
2.4.2.15
2.4.2.7
2.5.2.1.20
2.5.2.1.6
2.5.2.3.37
2.7.2.1.14","Level: Advancing
Level: Advancing
Level: Evolving
Level: Innovating
Level: Evolving
Level: Evolving
Level: Innovating","FFIEC-AIO-02.01
FFIEC-AIO-02.09","Rationale: Semantic; Relationship: Superset; Alignment Strength: 8
Rationale: Semantic; Relationship: Superset; Alignment Strength: 8",FFIEC-BCM-08.12,Rationale: Semantic; Relationship: Subset; Alignment Strength: 7,"OSFI B-13-32
OSFI B-13-36
OSFI B-13-52
OSFI B-13-53
OSFI B-13-56","Rationale: Semantic; Relationship: Superset; Alignment Strength: 8
Rationale: Semantic; Relationship: Intersects; Alignment Strength: 8
Rationale: Semantic; Relationship: Superset; Alignment Strength: 9
Rationale: Semantic; Relationship: Superset; Alignment Strength: 9
Rationale: Semantic; Relationship: Intersects; Alignment Strength: 9","DORA-05-02
DORA-10-03
DORA-13-01
DORA-17-01
DORA-17-03","Rationale: Semantic; Relationship: Superset; Alignment Strength: 7
Rationale: Semantic; Relationship: Intersects; Alignment Strength: 9
Rationale: Semantic; Relationship: Superset; Alignment Strength: 8
Rationale: Semantic; Relationship: Superset; Alignment Strength: 8
Rationale: Semantic; Relationship: Subset; Alignment Strength: 7","SEC-02.I.A.2
SEC-05.I.A.5
SEC-08.I.A.8","Rationale: Semantic; Relationship: Superset; Alignment Strength: 7
Rationale: Semantic; Relationship: Subset; Alignment Strength: 6
Rationale: Semantic; Relationship: Subset; Alignment Strength: 3","TR-12.2.1
TR-7.7.2","Type: Full
Type: Full Summarily","D2.MA.Ma.A.1
D2.MA.Ma.E.2
D2.MA.Ma.E.3
D2.MA.Ma.Int.1
D3.DC.Ev.B.4","Level: Advanced; Type: Full Summarily
Level: Evolving; Type: Full
Level: Evolving; Type: Full
Level: Intermediate; Type: Full
Level: Baseline; Type: Full",020.047,Level: Ds,,,"PM-16
RA-10
SI-04","Rationale: Semantic; Relationship: Intersects; Alignment Strength: 9
Rationale: Semantic; Relationship: Intersects; Alignment Strength: 8
Rationale: Semantic; Relationship: Superset; Alignment Strength: 9","ASIC-GP03.FC
ASIC-GP05.IS","Rationale: Semantic; Relationship: Intersects
Rationale: Semantic; Relationship: Intersects","EBA-02
EBA-21
EBA-29
EBA-39","Rationale: Semantic; Relationship: Superset; Alignment Strength: 9
Rationale: Semantic; Relationship: Superset; Alignment Strength: 8
Rationale: Functional; Relationship: Intersects; Alignment Strength: 6
Rationale: Semantic; Relationship: Superset; Alignment Strength: 8","JFSA-12
JFSA-22
JFSA-55","Rationale: Semantic; Relationship: Superset; Alignment Strength: 9
Rationale: Semantic; Relationship: Intersects; Alignment Strength: 6
Rationale: Semantic; Relationship: Superset; Alignment Strength: 6",17.5,Rationale: Semantic; Relationship: Subset,NAIC-IDSML-03,Rationale: Semantic; Relationship: Superset
GV.RR-02.03,20.048,GOVERN,"Roles, Responsibilities, and Authorities",Risk Management Roles & Responsibilities,10.0,"Tier: 1
Tier: 2
Tier: 3
Tier: 4","GV.RR-02.03: Resilience program roles and responsibilities are assigned to management across the organization to ensure risk assessment, planning, testing, and execution coverage for all critical business functions.",GV.RR-02,,"#asset_inventory
#asset_management
#business_impact_analysis
#critical_infrastructure
#resilience
#review_assessment_and_testing
#risk_management
#roles_and_responsibilities
#technology_availability
#threat_management","APRA CPS 234-14
APRA CPS 234-19","Rationale: Semantic; Relationship: Intersects; Alignment Strength: 7
Rationale: Semantic; Relationship: Superset; Alignment Strength: 8",OSFI CSSA-66,Rationale: Functional; Relationship: Equal; Alignment Strength: 10,HK-SFC-3.01,Rationale: Functional; Relationship: Superset,,,APRA CPG 234-11,Rationale: Semantic; Relationship: Superset; Alignment Strength: 8; Functional Coverage Strength: 9,"NYDFS-36
NYDFS-37
NYDFS-39","Rationale: Semantic; Relationship: Superset; Alignment Strength: 7
Rationale: Semantic; Relationship: Superset; Alignment Strength: 8
Rationale: Semantic; Relationship: Intersects; Alignment Strength: 9","2.5.2.1.6
2.5.2.3.37
2.8.2.1.4","Level: Evolving
Level: Evolving
Level: Evolving","FFIEC-AIO-02.01
FFIEC-AIO-02.02","Rationale: Semantic; Relationship: Superset; Alignment Strength: 8
Rationale: Semantic; Relationship: Superset; Alignment Strength: 9","FFIEC-BCM-02.03
FFIEC-BCM-06.01
FFIEC-BCM-08.01
FFIEC-BCM-08.12
FFIEC-BCM-10.04
FFIEC-BCM-10.05
FFIEC-BCM-10.08","Rationale: Semantic; Relationship: Superset; Alignment Strength: 9
Rationale: Functional; Relationship: Intersects; Alignment Strength: 7
Rationale: Semantic; Relationship: Subset; Alignment Strength: 8
Rationale: Functional; Relationship: Intersects; Alignment Strength: 9
Rationale: Semantic; Relationship: Subset; Alignment Strength: 8
Rationale: Semantic; Relationship: Subset; Alignment Strength: 6
Rationale: Functional; Relationship: Intersects; Alignment Strength: 6","OSFI B-13-01
OSFI B-13-28
OSFI B-13-53
OSFI B-13-56","Rationale: Semantic; Relationship: Superset; Alignment Strength: 7
Rationale: Semantic; Relationship: Superset; Alignment Strength: 9
Rationale: Semantic; Relationship: Superset; Alignment Strength: 9
Rationale: Semantic; Relationship: Superset; Alignment Strength: 9","DORA-06-08
DORA-08-01
DORA-17-03
DORA-24-02
DORA-24-03
DORA-25-01","Rationale: Semantic; Relationship: Superset; Alignment Strength: 7
Rationale: Semantic; Relationship: Intersects; Alignment Strength: 8
Rationale: Semantic; Relationship: Subset; Alignment Strength: 7
Rationale: Semantic; Relationship: Intersects; Alignment Strength: 8
Rationale: Semantic; Relationship: Intersects; Alignment Strength: 7
Rationale: Semantic; Relationship: Subset; Alignment Strength: 8",SEC-13.II.C.2.a,Rationale: Semantic; Relationship: Superset; Alignment Strength: 7,TR-13.3.2,Type: Full Summarily,,,020.048,Level: Ds,FFIEC-DAM-02.03,Rationale: Semantic; Relationship: Intersects,"CP-02
PM-08","Rationale: Semantic; Relationship: Superset; Alignment Strength: 9
Rationale: Semantic; Relationship: Intersects; Alignment Strength: 8",ASIC-GP01.AP,Rationale: Semantic; Relationship: Superset,"EBA-02
EBA-12
EBA-89","Rationale: Semantic; Relationship: Superset; Alignment Strength: 9
Rationale: Functional; Relationship: Superset; Alignment Strength: 9
Rationale: Semantic; Relationship: Intersects; Alignment Strength: 5","JFSA-12
JFSA-54
JFSA-55","Rationale: Semantic; Relationship: Superset; Alignment Strength: 9
Rationale: Semantic; Relationship: Superset; Alignment Strength: 5
Rationale: Functional; Relationship: Intersects; Alignment Strength: 4","17.1
17.4","Rationale: Semantic; Relationship: Subset
Rationale: Semantic; Relationship: Intersects",,
GV.RR-02.04,20.049,GOVERN,"Roles, Responsibilities, and Authorities",Risk Management Roles & Responsibilities,10.0,"Tier: 1
Tier: 2
Tier: 3
Tier: 4",GV.RR-02.04: Roles and responsibilities for the Third-Party Risk Management Program and for each third-party engagement are defined and assigned.,GV.RR-02,,"#roles_and_responsibilities
#supply_chain_management
#third_party_risk_management","APRA CPS 234-14
APRA CPS 234-19","Rationale: Semantic; Relationship: Intersects; Alignment Strength: 7
Rationale: Semantic; Relationship: Superset; Alignment Strength: 8",,,HK-SFC-3.01,Rationale: Functional; Relationship: Superset,,,APRA CPG 234-11,Rationale: Semantic; Relationship: Superset; Alignment Strength: 8; Functional Coverage Strength: 9,,,,,FFIEC-AIO-07.01,Rationale: Semantic; Relationship: Intersects; Alignment Strength: 4,,,,,DORA-05-03,Rationale: Semantic; Relationship: Subset; Alignment Strength: 9,,,,,,,020.049,Level: Ds,"FFIEC-DAM-02.02
FFIEC-DAM-02.03
FFIEC-DAM-02.06
FFIEC-DAM-08.01
FFIEC-DAM-12.01
FFIEC-DAM-12.03","Rationale: Semantic; Relationship: Intersects
Rationale: Semantic; Relationship: Intersects
Rationale: Semantic; Relationship: Equivalent
Rationale: Semantic; Relationship: Intersects
Rationale: Semantic; Relationship: Intersects
Rationale: Semantic; Relationship: Superset","PM-30
SA-09","Rationale: Semantic; Relationship: Intersects; Alignment Strength: 9
Rationale: Semantic; Relationship: Intersects; Alignment Strength: 8",,,,,,,,,NAIC-IDSML-05,Rationale: Semantic; Relationship: Superset
GV.RR-02.05,20.05,GOVERN,"Roles, Responsibilities, and Authorities",Risk Management Roles & Responsibilities,10.0,"Tier: 1
Tier: 2
Tier: 3
Tier: 4",GV.RR-02.05: Personnel (employees and third parties) who fulfill the organization’s physical security and cybersecurity objectives understand their roles and responsibilities.,GV.RR-02,,"#facilities_management
#physical_security
#roles_and_responsibilities","APRA CPS 234-14
APRA CPS 234-19","Rationale: Semantic; Relationship: Intersects; Alignment Strength: 7
Rationale: Semantic; Relationship: Superset; Alignment Strength: 8","OSFI CSSA-06
OSFI CSSA-13","Rationale: Functional; Relationship: Intersects; Alignment Strength: 8
Rationale: Functional; Relationship: Intersects; Alignment Strength: 7",,,,,"APRA CPG 234-11
APRA CPG 234-12","Rationale: Semantic; Relationship: Superset; Alignment Strength: 7; Functional Coverage Strength: 9
Rationale: Semantic; Relationship: Superset; Alignment Strength: 8; Functional Coverage Strength: 10",,,"2.1.2.2.20
2.3.2.2.56
2.3.2.2.62","Level: Evolving
Level: Evolving
Level: Evolving","FFIEC-AIO-02.01
FFIEC-AIO-02.09
FFIEC-AIO-02.12
FFIEC-AIO-14.04","Rationale: Semantic; Relationship: Superset; Alignment Strength: 8
Rationale: Semantic; Relationship: Superset; Alignment Strength: 8
Rationale: Semantic; Relationship: Superset; Alignment Strength: 7
Rationale: Semantic; Relationship: Intersects; Alignment Strength: 3","FFIEC-BCM-02.05
FFIEC-BCM-08.12
FFIEC-BCM-09.01","Rationale: Functional; Relationship: Intersects; Alignment Strength: 5
Rationale: Functional; Relationship: Intersects; Alignment Strength: 5
Rationale: Functional; Relationship: Intersects; Alignment Strength: 5",OSFI B-13-49,Rationale: Semantic; Relationship: Superset; Alignment Strength: 8,,,,,,,,,020.050,Level: Ds,"FFIEC-DAM-02.02
FFIEC-DAM-02.03","Rationale: Semantic; Relationship: Intersects
Rationale: Semantic; Relationship: Intersects",,,,,,,JFSA-12,Rationale: Semantic; Relationship: Superset; Alignment Strength: 9,14.9,Rationale: Semantic; Relationship: Superset,,
GV.RR-02.06,20.051,GOVERN,"Roles, Responsibilities, and Authorities",Risk Management Roles & Responsibilities,10.0,"Tier: 1
Tier: 2
Tier: 3","GV.RR-02.06: Roles and responsibilities for the inventory, ownership, and custodianship of applications, data and other technology assets are established and maintained.",GV.RR-02,,"#asset_management
#asset_ownership
#critical_infrastructure
#data_classification
#data_lifecycle
#data_protection
#roles_and_responsibilities","APRA CPS 234-14
APRA CPS 234-19","Rationale: Semantic; Relationship: Intersects; Alignment Strength: 7
Rationale: Semantic; Relationship: Superset; Alignment Strength: 8",,,HK-SFC-3.01,Rationale: Functional; Relationship: Intersects,,,"APRA CPG 234-11
APRA CPG 234-12
APRA CPG 234-34
APRA CPG 234-50
APRA CPG 234-51","Rationale: Semantic; Relationship: Superset; Alignment Strength: 7; Functional Coverage Strength: 9
Rationale: Semantic; Relationship: Superset; Alignment Strength: 8; Functional Coverage Strength: 10
Rationale: Semantic; Relationship: Superset; Alignment Strength: 8; Functional Coverage Strength: 10
Rationale: Semantic; Relationship: Intersects; Alignment Strength: 7; Functional Coverage Strength: 10
Rationale: Semantic; Relationship: Intersects; Alignment Strength: 7; Functional Coverage Strength: 10",NYDFS-30,Rationale: Semantic; Relationship: Superset; Alignment Strength: 8,,,"FFIEC-AIO-02.01
FFIEC-AIO-02.09
FFIEC-AIO-02.12
FFIEC-AIO-03.03
FFIEC-AIO-03.04
FFIEC-AIO-03.05
FFIEC-AIO-03.06
FFIEC-AIO-03.09
FFIEC-AIO-04.01
FFIEC-AIO-04.02
FFIEC-AIO-04.06
FFIEC-AIO-13.02","Rationale: Semantic; Relationship: Superset; Alignment Strength: 8
Rationale: Semantic; Relationship: Superset; Alignment Strength: 8
Rationale: Semantic; Relationship: Superset; Alignment Strength: 6
Rationale: Semantic; Relationship: Superset; Alignment Strength: 7
Rationale: Semantic; Relationship: Superset; Alignment Strength: 6
Rationale: Semantic; Relationship: Superset; Alignment Strength: 8
Rationale: Semantic; Relationship: Superset; Alignment Strength: 7
Rationale: Semantic; Relationship: Superset; Alignment Strength: 8
Rationale: Semantic; Relationship: Superset; Alignment Strength: 8
Rationale: Semantic; Relationship: Superset; Alignment Strength: 8
Rationale: Functional; Relationship: Intersects; Alignment Strength: 4
Rationale: Semantic; Relationship: Superset; Alignment Strength: 8",,,,,"DORA-06-02
DORA-08-01","Rationale: Semantic; Relationship: Superset; Alignment Strength: 7
Rationale: Semantic; Relationship: Intersects; Alignment Strength: 7",,,"TR-3.3.1
TR-4.1.3","Type: Full Summarily
Type: Full Summarily",D1.G.IT.B.3,Level: Baseline; Type: Full,020.051,Level: Ds,"FFIEC-DAM-02.02
FFIEC-DAM-02.04
FFIEC-DAM-13.01
FFIEC-DAM-14.01","Rationale: Semantic; Relationship: Intersects
Rationale: Semantic; Relationship: Intersects
Rationale: Semantic; Relationship: Intersects
Rationale: Semantic; Relationship: Intersects","AC-02
AC-24
CM-08
PL-02
PM-05","Rationale: Semantic; Relationship: Superset; Alignment Strength: 9
Rationale: Semantic; Relationship: Intersects; Alignment Strength: 9
Rationale: Semantic; Relationship: Intersects; Alignment Strength: 5
Rationale: Semantic; Relationship: Intersects; Alignment Strength: 5
Rationale: Semantic; Relationship: Intersects; Alignment Strength: 8",,,"EBA-15
EBA-17
EBA-18","Rationale: Semantic; Relationship: Superset; Alignment Strength: 6
Rationale: Semantic; Relationship: Subset; Alignment Strength: 9
Rationale: Semantic; Relationship: Superset; Alignment Strength: 8","JFSA-11
JFSA-12","Rationale: Semantic; Relationship: Superset; Alignment Strength: 8
Rationale: Semantic; Relationship: Superset; Alignment Strength: 9",3.1,Rationale: Semantic; Relationship: Intersects,,
GV.RR-02.07,20.052,GOVERN,"Roles, Responsibilities, and Authorities",Risk Management Roles & Responsibilities,10.0,"Tier: 1
Tier: 2","GV.RR-02.07: Technology and cybersecurity risk management frameworks provide for segregation of duties between policy development, implementation, and oversight.",GV.RR-02,,"#risk_management
#staffing_and_resource_management",,,,,,,,,APRA CPG 234-12,Rationale: Semantic; Relationship: Superset; Alignment Strength: 7; Functional Coverage Strength: 10,,,,,"FFIEC-AIO-02.01
FFIEC-AIO-02.09","Rationale: Semantic; Relationship: Superset; Alignment Strength: 8
Rationale: Semantic; Relationship: Superset; Alignment Strength: 7",,,,,"DORA-06-03
DORA-06-04","Rationale: Semantic; Relationship: Superset; Alignment Strength: 7
Rationale: Semantic; Relationship: Superset; Alignment Strength: 8",,,,,"D1.R.St.A.2
D1.RM.RMP.Int.1","Level: Advanced; Type: Full Summarily
Level: Intermediate; Type: Full",020.052,Level: Ds,,,,,,,,,,,,,,
GV.RR-03.01,21.053,GOVERN,"Roles, Responsibilities, and Authorities",Resource Adequacy,10.0,"Tier: 1
Tier: 2
Tier: 3
Tier: 4","GV.RR-03.01: The organization's budgeting and resourcing processes identify, prioritize, and address resource needs to manage identified technology and cybersecurity risks (e.g., skill shortages, headcount, new tools, incident-related expenses, and unsupported systems).",GV.RR-03,,"#enterprise_risk_management
#staffing_and_resource_management",,,"OSFI CSSA-04
OSFI CSSA-13","Rationale: Functional; Relationship: Superset; Alignment Strength: 8
Rationale: Functional; Relationship: Intersects; Alignment Strength: 8",HK-SFC-3.01,Rationale: Functional; Relationship: Intersects,,,"APRA CPG 234-13
APRA CPG 234-15","Rationale: Semantic; Relationship: Superset; Alignment Strength: 7; Functional Coverage Strength: 10
Rationale: Semantic; Relationship: Superset; Alignment Strength: 9; Functional Coverage Strength: 10",NYDFS-11,Rationale: Semantic; Relationship: Intersects; Alignment Strength: 9,"2.1.2.1.1
2.1.2.1.2
2.1.2.2.23
2.1.2.2.30
2.1.2.2.33
2.1.2.2.38
2.1.2.2.39","Level: Evolving
Level: Evolving
Level: Evolving
Level: Evolving
Level: Advancing
Level: Advancing
Level: Advancing","FFIEC-AIO-02.01
FFIEC-AIO-02.03
FFIEC-AIO-02.06
FFIEC-AIO-02.07
FFIEC-AIO-04.04
FFIEC-AIO-13.05
FFIEC-AIO-15.05
FFIEC-AIO-15.06","Rationale: Semantic; Relationship: Superset; Alignment Strength: 8
Rationale: Semantic; Relationship: Superset; Alignment Strength: 9
Rationale: Semantic; Relationship: Superset; Alignment Strength: 9
Rationale: Semantic; Relationship: Superset; Alignment Strength: 8
Rationale: Semantic; Relationship: Superset; Alignment Strength: 7
Rationale: Semantic; Relationship: Intersects; Alignment Strength: 1
Rationale: Functional; Relationship: Intersects; Alignment Strength: 1
Rationale: Semantic; Relationship: Subset; Alignment Strength: 7","FFIEC-BCM-02.04
FFIEC-BCM-02.05
FFIEC-BCM-06.01
FFIEC-BCM-06.04","Rationale: Functional; Relationship: Intersects; Alignment Strength: 5
Rationale: Functional; Relationship: Intersects; Alignment Strength: 5
Rationale: Functional; Relationship: Intersects; Alignment Strength: 8
Rationale: Functional; Relationship: Intersects; Alignment Strength: 4","OSFI B-13-02
OSFI B-13-03
OSFI B-13-12","Rationale: Semantic; Relationship: Superset; Alignment Strength: 9
Rationale: Semantic; Relationship: Intersects; Alignment Strength: 9
Rationale: Semantic; Relationship: Intersects; Alignment Strength: 8","DORA-05-02
DORA-10-03","Rationale: Semantic; Relationship: Superset; Alignment Strength: 8
Rationale: Semantic; Relationship: Intersects; Alignment Strength: 9",,,,,"D1.G.Ov.A.3
D1.G.Ov.B.4
D1.G.Ov.E.3
D1.G.Ov.E.4
D1.G.Ov.Int.6
D1.G.Ov.Int.8
D1.R.St.A.1
D1.R.St.B.2
D1.R.St.E.1
D1.R.St.Int.1
D1.RM.RMP.A.1","Level: Advanced; Type: Partial
Level: Baseline; Type: Full
Level: Evolving; Type: Full
Level: Evolving; Type: Full
Level: Intermediate; Type: Full Summarily
Level: Intermediate; Type: Full
Level: Advanced; Type: Partial
Level: Baseline; Type: Full Summarily
Level: Evolving; Type: Full
Level: Intermediate; Type: Full Summarily
Level: Advanced; Type: Full Summarily",021.053,Level: Ds,"FFIEC-DAM-02.01
FFIEC-DAM-02.07
FFIEC-DAM-13.01
FFIEC-DAM-13.02","Rationale: Semantic; Relationship: Intersects
Rationale: Semantic; Relationship: Intersects
Rationale: Semantic; Relationship: Intersects
Rationale: Semantic; Relationship: Intersects","PM-03
PM-13
SA-02
SA-22","Rationale: Semantic; Relationship: Equal; Alignment Strength: 10
Rationale: Semantic; Relationship: Intersects; Alignment Strength: 7
Rationale: Semantic; Relationship: Intersects; Alignment Strength: 9
Rationale: Semantic; Relationship: Intersects; Alignment Strength: 8",ASIC-KQ01,Rationale: Semantic; Relationship: Superset,EBA-03,Rationale: Semantic; Relationship: Superset; Alignment Strength: 9,"JFSA-30
JFSA-32
JFSA-38","Rationale: Semantic; Relationship: Superset; Alignment Strength: 8
Rationale: Semantic; Relationship: Superset; Alignment Strength: 7
Rationale: Functional; Relationship: Intersects; Alignment Strength: 5",,,,
GV.RR-03.02,21.054,GOVERN,"Roles, Responsibilities, and Authorities",Resource Adequacy,10.0,"Tier: 1
Tier: 2
Tier: 3
Tier: 4",GV.RR-03.02: The organization regularly assesses its skill and resource level requirements against its current personnel complement to determine gaps in resource need.,GV.RR-03,,"#human_resources
#staffing_and_resource_management
#training_and_awareness","APRA CPS 234-30
APRA CPS 234-33","Rationale: Semantic; Relationship: Superset; Alignment Strength: 6
Rationale: Semantic; Relationship: Intersects; Alignment Strength: 8","OSFI CSSA-04
OSFI CSSA-13","Rationale: Functional; Relationship: Superset; Alignment Strength: 7
Rationale: Functional; Relationship: Intersects; Alignment Strength: 7",,,,,"APRA CPG 234-15
APRA CPG 234-82","Rationale: Semantic; Relationship: Superset; Alignment Strength: 9; Functional Coverage Strength: 10
Rationale: Semantic; Relationship: Superset; Alignment Strength: 6; Functional Coverage Strength: 7",NYDFS-24,Rationale: Semantic; Relationship: Subset; Alignment Strength: 8,"2.1.2.2.20
2.1.2.2.29
2.1.2.2.30
2.1.2.2.38
2.1.2.2.39","Level: Evolving
Level: Evolving
Level: Evolving
Level: Advancing
Level: Advancing","FFIEC-AIO-02.01
FFIEC-AIO-13.05
FFIEC-AIO-15.05","Rationale: Semantic; Relationship: Superset; Alignment Strength: 8
Rationale: Semantic; Relationship: Intersects; Alignment Strength: 1
Rationale: Functional; Relationship: Intersects; Alignment Strength: 1","FFIEC-BCM-06.01
FFIEC-BCM-06.04
FFIEC-BCM-09.01
FFIEC-BCM-09.02","Rationale: Functional; Relationship: Intersects; Alignment Strength: 8
Rationale: Semantic; Relationship: Intersects; Alignment Strength: 7
Rationale: Semantic; Relationship: Intersects; Alignment Strength: 8
Rationale: Semantic; Relationship: Intersects; Alignment Strength: 8","OSFI B-13-02
OSFI B-13-03","Rationale: Semantic; Relationship: Superset; Alignment Strength: 9
Rationale: Semantic; Relationship: Intersects; Alignment Strength: 8",DORA-10-03,Rationale: Semantic; Relationship: Intersects; Alignment Strength: 9,,,"TR-3.1.7
TR-3.5.1","Type: Full Summarily
Type: Full Summarily",,,021.054,Level: Ds,,,"PM-03
PM-13
PM-14
SA-02","Rationale: Semantic; Relationship: Intersects; Alignment Strength: 8
Rationale: Semantic; Relationship: Intersects; Alignment Strength: 8
Rationale: Semantic; Relationship: Intersects; Alignment Strength: 9
Rationale: Semantic; Relationship: Intersects; Alignment Strength: 9",ASIC-KQ01,Rationale: Semantic; Relationship: Superset,EBA-03,Rationale: Functional; Relationship: Intersects; Alignment Strength: 6,"JFSA-30
JFSA-32
JFSA-36
JFSA-38","Rationale: Semantic; Relationship: Superset; Alignment Strength: 8
Rationale: Semantic; Relationship: Superset; Alignment Strength: 7
Rationale: Functional; Relationship: Intersects; Alignment Strength: 7
Rationale: Functional; Relationship: Intersects; Alignment Strength: 5",17.5,Rationale: Semantic; Relationship: Intersects,,
GV.RR-03.03,21.055,GOVERN,"Roles, Responsibilities, and Authorities",Resource Adequacy,10.0,"Tier: 1
Tier: 2
Tier: 3
Tier: 4","GV.RR-03.03: The organization provides adequate resources, appropriate authority, and access to the governing authority for the designated Cybersecurity Officer (e.g., CISO).",GV.RR-03,,"#ciso
#staffing_and_resource_management",,,,,,,,,,,NYDFS-11,Rationale: Semantic; Relationship: Superset; Alignment Strength: 9,2.1.2.2.33,Level: Advancing,,,,,OSFI B-13-02,Rationale: Semantic; Relationship: Superset; Alignment Strength: 8,,,,,TR-3.1.7,Type: Full Summarily,,,021.055,Level: Ds,,,"PM-02
PM-03","Rationale: Semantic; Relationship: Superset; Alignment Strength: 9
Rationale: Semantic; Relationship: Intersects; Alignment Strength: 8",ASIC-GP04.RI,Rationale: Semantic; Relationship: Superset,EBA-06,Rationale: Functional; Relationship: Intersects; Alignment Strength: 7,JFSA-36,Rationale: Functional; Relationship: Intersects; Alignment Strength: 7,,,,
GV.RR-04.01,22.056,GOVERN,"Roles, Responsibilities, and Authorities",Human Resource Practices,10.0,"Tier: 1
Tier: 2
Tier: 3
Tier: 4","GV.RR-04.01: The organization conducts (or causes the conduct of) background/screening checks on all personnel (employees and third party) upon hire/retention, at regular intervals throughout employment, and upon a change in role commensurate with their access to critical data and systems.",GV.RR-04,,"#background_checks
#business_impact_analysis
#critical_infrastructure
#fraud
#human_resources
#roles_and_responsibilities
#vendor_management",,,OSFI CSSA-11,Rationale: Functional; Relationship: Equal; Alignment Strength: 10,,,,,APRA CPG 234-21,Rationale: Semantic; Relationship: Intersects; Alignment Strength: 9; Functional Coverage Strength: 10,,,2.3.2.2.56,Level: Evolving,FFIEC-AIO-14.04,Rationale: Semantic; Relationship: Superset; Alignment Strength: 4,,,OSFI B-13-46,Rationale: Semantic; Relationship: Intersects; Alignment Strength: 9,,,,,TR-3.5.2,Type: Full Summarily,D1.R.St.E.4,Level: Evolving; Type: Full,022.056,Level: Ds,,,"PS-02
PS-03
PS-07
SA-21","Rationale: Semantic; Relationship: Subset; Alignment Strength: 8
Rationale: Semantic; Relationship: Equal; Alignment Strength: 10
Rationale: Semantic; Relationship: Intersects; Alignment Strength: 7
Rationale: Semantic; Relationship: Subset; Alignment Strength: 9",,,,,,,,,,
GV.RR-04.02,22.057,GOVERN,"Roles, Responsibilities, and Authorities",Human Resource Practices,10.0,"Tier: 1
Tier: 2
Tier: 3
Tier: 4","GV.RR-04.02: The organization establishes processes and controls to mitigate cyber risks related to employment termination, as permitted by law, to include the return or disposition of all organizational assets.",GV.RR-04,,"#access_management
#asset_management
#data_loss_prevention
#identity_and_access_management
#insider_threat
#physical_access
#risk_management
#security_logging_monitoring_and_alerting",,,OSFI CSSA-25,Rationale: Functional; Relationship: Subset; Alignment Strength: 9,,,,,,,NYDFS-17,Rationale: Semantic; Relationship: Superset; Alignment Strength: 8,"2.3.2.2.56
2.3.2.2.57
2.3.2.2.59
2.3.2.2.60","Level: Evolving
Level: Evolving
Level: Advancing
Level: Advancing",FFIEC-AIO-13.02,Rationale: Semantic; Relationship: Intersects; Alignment Strength: 4,,,OSFI B-13-44,Rationale: Semantic; Relationship: Intersects; Alignment Strength: 7,,,,,TR-9.1.7,Type: Full Summarily,D3.PC.Am.Int.4,Level: Intermediate; Type: Full Summarily,022.057,Level: Ds,,,"AC-02
PE-02
PS-04","Rationale: Semantic; Relationship: Superset; Alignment Strength: 9
Rationale: Semantic; Relationship: Intersects; Alignment Strength: 7
Rationale: Semantic; Relationship: Equal; Alignment Strength: 10",,,,,,,6.2,Rationale: Semantic; Relationship: Subset,,
GV.RR-04.03,22.058,GOVERN,"Roles, Responsibilities, and Authorities",Human Resource Practices,10.0,"Tier: 1
Tier: 2
Tier: 3","GV.RR-04.03: The organization integrates insider threat considerations into its human resource, risk management, and control programs to address the potential for malicious or unintentional harm by trusted employees or third parties.",GV.RR-04,,"#background_checks
#fraud
#insider_threat
#physical_access
#risk_management
#security_logging_monitoring_and_alerting",,,,,,,,,,,,,"2.3.2.2.56
2.3.2.2.58
2.3.2.2.61
2.4.2.17","Level: Evolving
Level: Evolving
Level: Innovating
Level: Advancing",FFIEC-AIO-14.04,Rationale: Semantic; Relationship: Intersects; Alignment Strength: 3,,,OSFI B-13-32,Rationale: Semantic; Relationship: Intersects; Alignment Strength: 9,"DORA-09-01
DORA-10-03","Rationale: Semantic; Relationship: Intersects; Alignment Strength: 7
Rationale: Semantic; Relationship: Intersects; Alignment Strength: 8",,,TR-3.5.2,Type: Full Summarily,"D3.DC.An.A.4
D3.DC.An.Inn.2
D3.DC.Th.A.3
D3.DC.Th.E.6
D3.PC.Am.Int.3
D5.DR.De.E.1","Level: Advanced; Type: Full Summarily
Level: Innovative; Type: Partial
Level: Advanced; Type: Full Summarily
Level: Evolving; Type: Full Summarily
Level: Intermediate; Type: Full Summarily
Level: Evolving; Type: Full Summarily",022.058,Level: Ds,,,"PM-12
RA-10","Rationale: Semantic; Relationship: Equal; Alignment Strength: 10
Rationale: Semantic; Relationship: Intersects; Alignment Strength: 8",,,,,JFSA-13,Rationale: Semantic; Relationship: Intersects; Alignment Strength: 3,,,,
GV.PO-01.01,24.059,GOVERN,"Policies, Processes, and Procedures",Establishment of Policies & Procedures,10.0,"Tier: 1
Tier: 2
Tier: 3
Tier: 4","GV.PO-01.01: Technology and cybersecurity policies are documented, maintained and approved by the governing authority (e.g., the Board or one of its committees) or a designated executive.",GV.PO-01,,"#board_or_committee_oversight
#policy_management",APRA CPS 234-18,Rationale: Semantic; Relationship: Superset; Alignment Strength: 8,OSFI CSSA-06,Rationale: Functional; Relationship: Subset; Alignment Strength: 9,HK-SFC-3.01,Rationale: Functional; Relationship: Intersects,,,"APRA CPG 234-10
APRA CPG 234-21","Rationale: Semantic; Relationship: Superset; Alignment Strength: 8; Functional Coverage Strength: 10
Rationale: Semantic; Relationship: Superset; Alignment Strength: 8; Functional Coverage Strength: 10","NYDFS-02
NYDFS-06
NYDFS-07
NYDFS-09
NYDFS-20
NYDFS-21","Rationale: Semantic; Relationship: Superset; Alignment Strength: 9
Rationale: Semantic; Relationship: Superset; Alignment Strength: 9
Rationale: Semantic; Relationship: Superset; Alignment Strength: 9
Rationale: Semantic; Relationship: Intersects; Alignment Strength: 9
Rationale: Semantic; Relationship: Intersects; Alignment Strength: 6
Rationale: Semantic; Relationship: Intersects; Alignment Strength: 8","2.1.2.1.7
2.3.2.1.1","Level: Evolving
Level: Evolving","FFIEC-AIO-02.01
FFIEC-AIO-02.02
FFIEC-AIO-02.10","Rationale: Semantic; Relationship: Superset; Alignment Strength: 6
Rationale: Semantic; Relationship: Superset; Alignment Strength: 7
Rationale: Semantic; Relationship: Superset; Alignment Strength: 9",,,OSFI B-13-05,Rationale: Semantic; Relationship: Superset; Alignment Strength: 9,"DORA-05-02
DORA-06-02","Rationale: Semantic; Relationship: Superset; Alignment Strength: 9
Rationale: Semantic; Relationship: Superset; Alignment Strength: 8",SEC-13.II.C.2.a,Rationale: Semantic; Relationship: Superset; Alignment Strength: 7,"TR-3.1.8
TR-3.2.1","Type: Full Summarily
Type: Full Summarily","D1.G.Ov.E.1
D1.G.SP.B.2
D1.G.SP.B.4","Level: Evolving; Type: Full Summarily
Level: Baseline; Type: Full
Level: Baseline; Type: Full",024.059,Level: Ds,"FFIEC-DAM-02.02
FFIEC-DAM-03.01
FFIEC-DAM-03.02","Rationale: Semantic; Relationship: Intersects
Rationale: Semantic; Relationship: Intersects
Rationale: Semantic; Relationship: Intersects","AC-01
AT-01
AU-01
CA-01
CM-01
CP-01
IA-01
IR-01
MA-01
MP-01
PE-01
PL-01
PM-01
PS-01
PT-01
RA-01
SA-01
SC-01
SI-01
SR-01","Rationale: Semantic; Relationship: Subset; Alignment Strength: 9
Rationale: Semantic; Relationship: Subset; Alignment Strength: 9
Rationale: Semantic; Relationship: Subset; Alignment Strength: 9
Rationale: Semantic; Relationship: Subset; Alignment Strength: 9
Rationale: Semantic; Relationship: Subset; Alignment Strength: 9
Rationale: Semantic; Relationship: Subset; Alignment Strength: 9
Rationale: Semantic; Relationship: Subset; Alignment Strength: 9
Rationale: Semantic; Relationship: Subset; Alignment Strength: 9
Rationale: Semantic; Relationship: Subset; Alignment Strength: 9
Rationale: Semantic; Relationship: Subset; Alignment Strength: 9
Rationale: Semantic; Relationship: Subset; Alignment Strength: 9
Rationale: Semantic; Relationship: Subset; Alignment Strength: 9
Rationale: Semantic; Relationship: Equal; Alignment Strength: 10
Rationale: Semantic; Relationship: Equal; Alignment Strength: 10
Rationale: Semantic; Relationship: Equal; Alignment Strength: 10
Rationale: Semantic; Relationship: Equal; Alignment Strength: 10
Rationale: Semantic; Relationship: Equal; Alignment Strength: 10
Rationale: Semantic; Relationship: Equal; Alignment Strength: 10
Rationale: Semantic; Relationship: Equal; Alignment Strength: 10
Rationale: Semantic; Relationship: Equal; Alignment Strength: 10",,,"EBA-10
EBA-28","Rationale: Semantic; Relationship: Superset; Alignment Strength: 8
Rationale: Semantic; Relationship: Superset; Alignment Strength: 9","JFSA-01
JFSA-06","Rationale: Semantic; Relationship: Superset; Alignment Strength: 7
Rationale: Semantic; Relationship: Superset; Alignment Strength: 6",,,"NAIC-IDSML-01
NAIC-IDSML-04","Rationale: Semantic; Relationship: Superset
Rationale: Semantic; Relationship: Intersects"
GV.PO-01.02,24.06,GOVERN,"Policies, Processes, and Procedures",Establishment of Policies & Procedures,10.0,"Tier: 1
Tier: 2","GV.PO-01.02: The accountable governing body, and applicable cybersecurity program and policies, for any given organizational unit, affiliate, or merged entity are clearly established, applied, and communicated.",GV.PO-01,,"#board_or_committee_oversight
#policy_management",,,,,,,,,,,"NYDFS-04
NYDFS-05
NYDFS-07
NYDFS-11","Rationale: Semantic; Relationship: Intersects; Alignment Strength: 10
Rationale: Semantic; Relationship: Intersects; Alignment Strength: 10
Rationale: Semantic; Relationship: Superset; Alignment Strength: 9
Rationale: Semantic; Relationship: Intersects; Alignment Strength: 7",,,FFIEC-AIO-02.10,Rationale: Semantic; Relationship: Superset; Alignment Strength: 9,,,,,"DORA-05-02
DORA-06-10","Rationale: Semantic; Relationship: Superset; Alignment Strength: 7
Rationale: Semantic; Relationship: Intersects; Alignment Strength: 7",,,,,,,024.060,Level: Ds,,,"AC-01
AT-01
AU-01
CA-01
CM-01
CP-01
IA-01
IR-01
MA-01
MP-01
PE-01
PL-01
PM-01
PS-01
PT-01
RA-01
SA-01
SC-01
SI-01
SR-01","Rationale: Semantic; Relationship: Subset; Alignment Strength: 8
Rationale: Semantic; Relationship: Subset; Alignment Strength: 8
Rationale: Semantic; Relationship: Subset; Alignment Strength: 8
Rationale: Semantic; Relationship: Subset; Alignment Strength: 7
Rationale: Semantic; Relationship: Intersects; Alignment Strength: 9
Rationale: Semantic; Relationship: Subset; Alignment Strength: 9
Rationale: Semantic; Relationship: Subset; Alignment Strength: 9
Rationale: Semantic; Relationship: Subset; Alignment Strength: 9
Rationale: Semantic; Relationship: Subset; Alignment Strength: 8
Rationale: Semantic; Relationship: Subset; Alignment Strength: 9
Rationale: Semantic; Relationship: Subset; Alignment Strength: 9
Rationale: Semantic; Relationship: Subset; Alignment Strength: 9
Rationale: Semantic; Relationship: Intersects; Alignment Strength: 8
Rationale: Semantic; Relationship: Intersects; Alignment Strength: 7
Rationale: Semantic; Relationship: Intersects; Alignment Strength: 8
Rationale: Semantic; Relationship: Intersects; Alignment Strength: 7
Rationale: Semantic; Relationship: Intersects; Alignment Strength: 7
Rationale: Semantic; Relationship: Subset; Alignment Strength: 8
Rationale: Semantic; Relationship: Subset; Alignment Strength: 8
Rationale: Semantic; Relationship: Subset; Alignment Strength: 8",,,"EBA-04
EBA-28
EBA-29","Rationale: Semantic; Relationship: Superset; Alignment Strength: 8
Rationale: Semantic; Relationship: Superset; Alignment Strength: 7
Rationale: Semantic; Relationship: Superset; Alignment Strength: 8",,,,,NAIC-IDSML-04,Rationale: Semantic; Relationship: Superset
GV.PO-01.03,24.061,GOVERN,"Policies, Processes, and Procedures",Establishment of Policies & Procedures,10.0,"Tier: 1
Tier: 2
Tier: 3
Tier: 4","GV.PO-01.03: The organization's incentive programs are consistent with cyber risk management objectives, and technology and cybersecurity policies integrate with an employee accountability policy to ensure that all personnel are held accountable for complying with policies.",GV.PO-01,,"#policy_management
#review_assessment_and_testing
#staffing_and_resource_management",,,"OSFI CSSA-06
OSFI CSSA-59","Rationale: Functional; Relationship: Superset; Alignment Strength: 9
Rationale: Functional; Relationship: Intersects; Alignment Strength: 7",,,,,"APRA CPG 234-21
APRA CPG 234-23","Rationale: Semantic; Relationship: Superset; Alignment Strength: 8; Functional Coverage Strength: 10
Rationale: Semantic; Relationship: Superset; Alignment Strength: 9; Functional Coverage Strength: 10",,,"2.1.2.2.34
2.1.2.2.35
2.1.2.2.40
2.3.2.2.56
2.3.2.2.66","Level: Advancing
Level: Advancing
Level: Advancing
Level: Evolving
Level: Advancing",FFIEC-AIO-02.10,Rationale: Semantic; Relationship: Superset; Alignment Strength: 6,,,,,,,,,TR-3.2.3,Type: Full Summarily,"D1.TC.Cu.B.1
D1.TC.Cu.E.1
D1.TC.Cu.Int.1","Level: Baseline; Type: Full
Level: Evolving; Type: Full
Level: Intermediate; Type: Full",024.061,Level: Ds,,,"PL-04
PS-06
PS-08","Rationale: Semantic; Relationship: Intersects; Alignment Strength: 9
Rationale: Semantic; Relationship: Subset; Alignment Strength: 8
Rationale: Semantic; Relationship: Intersects; Alignment Strength: 10",,,EBA-29,Rationale: Semantic; Relationship: Superset; Alignment Strength: 8,,,,,,
GV.PO-01.04,24.062,GOVERN,"Policies, Processes, and Procedures",Establishment of Policies & Procedures,10.0,"Tier: 1
Tier: 2
Tier: 3
Tier: 4","GV.PO-01.04: All personnel (employees and third party) consent to policies addressing acceptable technology use, social media use, personal device use (e.g., BYOD), confidentiality, and/or other security-related policies and agreements as warranted by their position.",GV.PO-01,,"#end_user_security
#policy_management
#review_assessment_and_testing
#social_media",,,"OSFI CSSA-06
OSFI CSSA-39","Rationale: Functional; Relationship: Superset; Alignment Strength: 9
Rationale: Functional; Relationship: Intersects; Alignment Strength: 7",,,,,"APRA CPG 234-21
APRA CPG 234-59","Rationale: Semantic; Relationship: Superset; Alignment Strength: 8; Functional Coverage Strength: 10
Rationale: Semantic; Relationship: Intersects; Alignment Strength: 6; Functional Coverage Strength: 9",,,"2.1.2.2.35
2.3.2.2.56","Level: Advancing
Level: Evolving",FFIEC-AIO-10.01,Rationale: Semantic; Relationship: Intersects; Alignment Strength: 2,,,,,,,,,TR-B.1,Type: Full Summarily,,,024.062,Level: Ds,"FFIEC-DAM-04.03
FFIEC-DAM-04.04","Rationale: Semantic; Relationship: Intersects
Rationale: Semantic; Relationship: Intersects","CM-10
PL-04
PS-06
PS-07","Rationale: Semantic; Relationship: Intersects; Alignment Strength: 4
Rationale: Semantic; Relationship: Intersects; Alignment Strength: 9
Rationale: Semantic; Relationship: Subset; Alignment Strength: 9
Rationale: Semantic; Relationship: Intersects; Alignment Strength: 8",,,EBA-29,Rationale: Semantic; Relationship: Superset; Alignment Strength: 8,,,,,,
GV.PO-01.05,24.063,GOVERN,"Policies, Processes, and Procedures",Establishment of Policies & Procedures,10.0,"Tier: 1
Tier: 2
Tier: 3
Tier: 4","GV.PO-01.05: Technology and cybersecurity processes, procedures, and controls are established in alignment with cybersecurity policy.",GV.PO-01,,#policy_management,APRA CPS 234-18,Rationale: Semantic; Relationship: Superset; Alignment Strength: 8,,,,,,,APRA CPG 234-21,Rationale: Semantic; Relationship: Superset; Alignment Strength: 7; Functional Coverage Strength: 10,"NYDFS-06
NYDFS-21
NYDFS-23","Rationale: Semantic; Relationship: Superset; Alignment Strength: 9
Rationale: Semantic; Relationship: Intersects; Alignment Strength: 7
Rationale: Semantic; Relationship: Intersects; Alignment Strength: 7",,,FFIEC-AIO-02.10,Rationale: Semantic; Relationship: Superset; Alignment Strength: 9,,,,,DORA-06-08,Rationale: Semantic; Relationship: Superset; Alignment Strength: 7,,,TR-3.2.1,Type: Full Summarily,,,024.063,Level: Ds,FFIEC-DAM-02.02,Rationale: Semantic; Relationship: Intersects,"AC-01
AT-01
AU-01
CA-01
CM-01
CP-01
IA-01
IR-01
MA-01
MP-01
PE-01
PL-01
PM-01
PS-01
PT-01
RA-01
SA-01
SC-01
SI-01
SR-01","Rationale: Semantic; Relationship: Subset; Alignment Strength: 9
Rationale: Semantic; Relationship: Subset; Alignment Strength: 9
Rationale: Semantic; Relationship: Subset; Alignment Strength: 9
Rationale: Semantic; Relationship: Subset; Alignment Strength: 9
Rationale: Semantic; Relationship: Intersects; Alignment Strength: 9
Rationale: Semantic; Relationship: Subset; Alignment Strength: 9
Rationale: Semantic; Relationship: Subset; Alignment Strength: 9
Rationale: Semantic; Relationship: Subset; Alignment Strength: 9
Rationale: Semantic; Relationship: Subset; Alignment Strength: 9
Rationale: Semantic; Relationship: Subset; Alignment Strength: 9
Rationale: Semantic; Relationship: Subset; Alignment Strength: 9
Rationale: Semantic; Relationship: Subset; Alignment Strength: 9
Rationale: Semantic; Relationship: Equal; Alignment Strength: 10
Rationale: Semantic; Relationship: Equal; Alignment Strength: 10
Rationale: Semantic; Relationship: Equal; Alignment Strength: 10
Rationale: Semantic; Relationship: Equal; Alignment Strength: 10
Rationale: Semantic; Relationship: Equal; Alignment Strength: 10
Rationale: Semantic; Relationship: Equal; Alignment Strength: 10
Rationale: Semantic; Relationship: Equal; Alignment Strength: 10
Rationale: Semantic; Relationship: Equal; Alignment Strength: 10",,,"EBA-10
EBA-28
EBA-29
EBA-30
EBA-50","Rationale: Semantic; Relationship: Superset; Alignment Strength: 8
Rationale: Semantic; Relationship: Superset; Alignment Strength: 8
Rationale: Semantic; Relationship: Superset; Alignment Strength: 7
Rationale: Functional; Relationship: Intersects; Alignment Strength: 5
Rationale: Semantic; Relationship: Intersects; Alignment Strength: 7",,,,,NAIC-IDSML-01,Rationale: Semantic; Relationship: Superset
GV.PO-01.06,24.064,GOVERN,"Policies, Processes, and Procedures",Establishment of Policies & Procedures,10.0,"Tier: 1
Tier: 2
Tier: 3
Tier: 4",GV.PO-01.06: Physical and environmental security policies are implemented and managed.,GV.PO-01,,"#facilities_management
#physical_security
#policy_management",,,,,HK-SFC-2.07,Rationale: Functional; Relationship: Equal,DE.CM-2.PA,,,,NYDFS-07,Rationale: Semantic; Relationship: Superset; Alignment Strength: 7,2.3.2.1.2,Level: Evolving,"FFIEC-AIO-02.01
FFIEC-AIO-02.10
FFIEC-AIO-13.08
FFIEC-AIO-13.09
FFIEC-AIO-14.01","Rationale: Semantic; Relationship: Superset; Alignment Strength: 8
Rationale: Semantic; Relationship: Superset; Alignment Strength: 7
Rationale: Semantic; Relationship: Superset; Alignment Strength: 5
Rationale: Semantic; Relationship: Subset; Alignment Strength: 2
Rationale: Semantic; Relationship: Subset; Alignment Strength: 2",,,OSFI B-13-49,Rationale: Semantic; Relationship: Superset; Alignment Strength: 9,"DORA-06-02
DORA-09-04
DORA-16-01","Rationale: Semantic; Relationship: Superset; Alignment Strength: 9
Rationale: Semantic; Relationship: Superset; Alignment Strength: 8
Rationale: Semantic; Relationship: Intersects; Alignment Strength: 9",,,TR-8.5.6,Type: Full Summarily,,,024.064,Level: Ds,,,PE-01,Rationale: Semantic; Relationship: Equal; Alignment Strength: 10,,,"EBA-28
EBA-30
EBA-33
EBA-35","Rationale: Functional; Relationship: Intersects; Alignment Strength: 7
Rationale: Semantic; Relationship: Superset; Alignment Strength: 9
Rationale: Semantic; Relationship: Superset; Alignment Strength: 9
Rationale: Semantic; Relationship: Superset; Alignment Strength: 9",JFSA-18,Rationale: Semantic; Relationship: Superset; Alignment Strength: 7,,,NAIC-IDSML-01,Rationale: Semantic; Relationship: Superset
GV.PO-01.07,24.065,GOVERN,"Policies, Processes, and Procedures",Establishment of Policies & Procedures,10.0,"Tier: 1
Tier: 2
Tier: 3
Tier: 4","GV.PO-01.07: The organization maintains documented business continuity and resilience program policies and procedures approved by the governing authority (e.g., the Board or one of its committees).",GV.PO-01,,"#board_or_committee_oversight
#policy_management
#resilience
#risk_oversight","APRA CPS 234-15
APRA CPS 234-18","Rationale: Semantic; Relationship: Intersects; Alignment Strength: 6
Rationale: Semantic; Relationship: Intersects; Alignment Strength: 8",,,HK-SFC-2.09,Rationale: Functional; Relationship: Intersects,PR.IP-9.RP,,APRA CPG 234-21,Rationale: Semantic; Relationship: Superset; Alignment Strength: 8; Functional Coverage Strength: 10,"NYDFS-02
NYDFS-06
NYDFS-07
NYDFS-36
NYDFS-37","Rationale: Semantic; Relationship: Intersects; Alignment Strength: 8
Rationale: Semantic; Relationship: Intersects; Alignment Strength: 8
Rationale: Semantic; Relationship: Superset; Alignment Strength: 9
Rationale: Semantic; Relationship: Intersects; Alignment Strength: 7
Rationale: Semantic; Relationship: Intersects; Alignment Strength: 8",2.3.2.1.1,Level: Evolving,"FFIEC-AIO-02.01
FFIEC-AIO-02.02
FFIEC-AIO-02.10
FFIEC-AIO-08.01
FFIEC-AIO-08.02","Rationale: Semantic; Relationship: Superset; Alignment Strength: 8
Rationale: Semantic; Relationship: Superset; Alignment Strength: 7
Rationale: Semantic; Relationship: Superset; Alignment Strength: 8
Rationale: Semantic; Relationship: Superset; Alignment Strength: 6
Rationale: Semantic; Relationship: Superset; Alignment Strength: 6","FFIEC-BCM-02.01
FFIEC-BCM-02.02
FFIEC-BCM-02.03
FFIEC-BCM-02.04
FFIEC-BCM-02.05
FFIEC-BCM-08.04
FFIEC-BCM-10.07","Rationale: Semantic; Relationship: Subset; Alignment Strength: 8
Rationale: Semantic; Relationship: Superset; Alignment Strength: 9
Rationale: Semantic; Relationship: Superset; Alignment Strength: 8
Rationale: Semantic; Relationship: Superset; Alignment Strength: 9
Rationale: Functional; Relationship: Intersects; Alignment Strength: 7
Rationale: Semantic; Relationship: Intersects; Alignment Strength: 7
Rationale: Semantic; Relationship: Subset; Alignment Strength: 8",OSFI B-13-28,Rationale: Semantic; Relationship: Superset; Alignment Strength: 9,"DORA-05-02
DORA-09-02
DORA-11-01
DORA-11-02","Rationale: Semantic; Relationship: Superset; Alignment Strength: 8
Rationale: Semantic; Relationship: Superset; Alignment Strength: 9
Rationale: Semantic; Relationship: Equal; Alignment Strength: 10
Rationale: Semantic; Relationship: Superset; Alignment Strength: 9",,,,,,,024.065,Level: Ds,,,"CP-01
CP-02
PM-09","Rationale: Semantic; Relationship: Equal; Alignment Strength: 10
Rationale: Semantic; Relationship: Superset; Alignment Strength: 10
Rationale: Semantic; Relationship: Intersects; Alignment Strength: 8",,,"EBA-28
EBA-77
EBA-80
EBA-81","Rationale: Functional; Relationship: Intersects; Alignment Strength: 7
Rationale: Semantic; Relationship: Subset; Alignment Strength: 7
Rationale: Semantic; Relationship: Superset; Alignment Strength: 9
Rationale: Semantic; Relationship: Intersects; Alignment Strength: 7","JFSA-01
JFSA-06","Rationale: Semantic; Relationship: Superset; Alignment Strength: 7
Rationale: Functional; Relationship: Superset; Alignment Strength: 5",17.4,Rationale: Semantic; Relationship: Intersects,"NAIC-IDSML-01
NAIC-IDSML-07","Rationale: Semantic; Relationship: Intersects
Rationale: Semantic; Relationship: Intersects"
GV.PO-01.08,24.066,GOVERN,"Policies, Processes, and Procedures",Establishment of Policies & Procedures,10.0,"Tier: 1
Tier: 2
Tier: 3
Tier: 4","GV.PO-01.08: The organization maintains documented third-party risk management program policies and procedures approved by the governing authority (e.g., the Board or one of its committees).",GV.PO-01,,"#board_or_committee_oversight
#policy_management
#risk_oversight
#supply_chain_management
#third_party_risk_management","APRA CPS 234-15
APRA CPS 234-18","Rationale: Semantic; Relationship: Intersects; Alignment Strength: 6
Rationale: Semantic; Relationship: Intersects; Alignment Strength: 8",,,,,,,APRA CPG 234-21,Rationale: Semantic; Relationship: Superset; Alignment Strength: 8; Functional Coverage Strength: 10,"NYDFS-02
NYDFS-06
NYDFS-07
NYDFS-26","Rationale: Semantic; Relationship: Intersects; Alignment Strength: 8
Rationale: Semantic; Relationship: Intersects; Alignment Strength: 8
Rationale: Semantic; Relationship: Superset; Alignment Strength: 9
Rationale: Semantic; Relationship: Intersects; Alignment Strength: 8","2.3.2.1.1
2.3.2.2.69","Level: Evolving
Level: Evolving","FFIEC-AIO-02.01
FFIEC-AIO-02.02
FFIEC-AIO-02.10","Rationale: Semantic; Relationship: Superset; Alignment Strength: 8
Rationale: Semantic; Relationship: Superset; Alignment Strength: 7
Rationale: Semantic; Relationship: Superset; Alignment Strength: 7",,,,,"DORA-05-02
DORA-28-01
DORA-28-02","Rationale: Semantic; Relationship: Superset; Alignment Strength: 9
Rationale: Semantic; Relationship: Superset; Alignment Strength: 9
Rationale: Semantic; Relationship: Superset; Alignment Strength: 9",SEC-12.II.C.1.a,Rationale: Semantic; Relationship: Superset; Alignment Strength: 7,,,D1.G.SP.B.5,Level: Baseline; Type: Full,024.066,Level: Ds,"FFIEC-DAM-02.02
FFIEC-DAM-03.01
FFIEC-DAM-03.02
FFIEC-DAM-08.01
FFIEC-DAM-09.02
FFIEC-DAM-12.01
FFIEC-DAM-12.02
FFIEC-DAM-12.03","Rationale: Semantic; Relationship: Intersects
Rationale: Semantic; Relationship: Intersects
Rationale: Semantic; Relationship: Intersects
Rationale: Semantic; Relationship: Intersects
Rationale: Semantic; Relationship: Intersects
Rationale: Semantic; Relationship: Intersects
Rationale: Semantic; Relationship: Superset
Rationale: Semantic; Relationship: Superset","PM-09
SA-01
SR-01","Rationale: Semantic; Relationship: Superset; Alignment Strength: 8
Rationale: Semantic; Relationship: Equal; Alignment Strength: 10
Rationale: Semantic; Relationship: Equal; Alignment Strength: 10",,,"EBA-07
EBA-28","Rationale: Semantic; Relationship: Superset; Alignment Strength: 8
Rationale: Functional; Relationship: Intersects; Alignment Strength: 7","JFSA-01
JFSA-06","Rationale: Semantic; Relationship: Superset; Alignment Strength: 7
Rationale: Functional; Relationship: Superset; Alignment Strength: 5",15.2,Rationale: Semantic; Relationship: Subset,"NAIC-IDSML-01
NAIC-IDSML-05","Rationale: Semantic; Relationship: Superset
Rationale: Semantic; Relationship: Superset"
GV.PO-02.01,25.067,GOVERN,"Policies, Processes, and Procedures",Policy & Procedure Review & Update,10.0,"Tier: 1
Tier: 2
Tier: 3
Tier: 4","GV.PO-02.01: The cybersecurity policy is regularly reviewed, revised, and communicated under the leadership of a designated Cybersecurity Officer (e.g., CISO) to address changes in the risk profile and risk appetite, the evolving threat environment, and new technologies, products, services, and interdependencies.",GV.PO-02,,"#policy_management
#risk_appetite_/_tolerance
#risk_management",APRA CPS 234-18,Rationale: Semantic; Relationship: Superset; Alignment Strength: 8,"OSFI CSSA-04
OSFI CSSA-05","Rationale: Functional; Relationship: Intersects; Alignment Strength: 8
Rationale: Functional; Relationship: Superset; Alignment Strength: 8",,,,,"APRA CPG 234-20
APRA CPG 234-21
APRA CPG 234-25","Rationale: Semantic; Relationship: Superset; Alignment Strength: 8; Functional Coverage Strength: 10
Rationale: Semantic; Relationship: Superset; Alignment Strength: 7; Functional Coverage Strength: 10
Rationale: Semantic; Relationship: Superset; Alignment Strength: 9; Functional Coverage Strength: 10","NYDFS-19
NYDFS-21
NYDFS-29","Rationale: Semantic; Relationship: Intersects; Alignment Strength: 7
Rationale: Semantic; Relationship: Intersects; Alignment Strength: 9
Rationale: Semantic; Relationship: Intersects; Alignment Strength: 6","2.1.2.1.13
2.3.2.1.3","Level: Advancing
Level: Evolving",FFIEC-AIO-02.10,Rationale: Semantic; Relationship: Superset; Alignment Strength: 9,,,"OSFI B-13-01
OSFI B-13-04
OSFI B-13-39","Rationale: Semantic; Relationship: Superset; Alignment Strength: 8
Rationale: Semantic; Relationship: Intersects; Alignment Strength: 9
Rationale: Semantic; Relationship: Intersects; Alignment Strength: 8","DORA-06-03
DORA-06-05
DORA-06-08
DORA-09-04
DORA-16-02","Rationale: Semantic; Relationship: Superset; Alignment Strength: 8
Rationale: Semantic; Relationship: Subset; Alignment Strength: 6
Rationale: Semantic; Relationship: Superset; Alignment Strength: 9
Rationale: Semantic; Relationship: Superset; Alignment Strength: 9
Rationale: Semantic; Relationship: Subset; Alignment Strength: 9",SEC-02.I.A.2,Rationale: Semantic; Relationship: Superset; Alignment Strength: 8,TR-3.2.1,Type: Full Summarily,"D1.G.SP.E.3
D1.G.SP.Int.5","Level: Evolving; Type: Full
Level: Intermediate; Type: Partial",025.067,Level: Ds,,,"AC-01
AT-01
AU-01
CA-01
CM-01
CP-01
IA-01
IR-01
MA-01
MP-01
PE-01
PL-01
PM-01
PS-01
PT-01
RA-01
SA-01
SC-01
SI-01
SR-01","Rationale: Semantic; Relationship: Subset; Alignment Strength: 8
Rationale: Semantic; Relationship: Subset; Alignment Strength: 8
Rationale: Semantic; Relationship: Subset; Alignment Strength: 8
Rationale: Semantic; Relationship: Subset; Alignment Strength: 9
Rationale: Semantic; Relationship: Intersects; Alignment Strength: 9
Rationale: Semantic; Relationship: Subset; Alignment Strength: 9
Rationale: Semantic; Relationship: Subset; Alignment Strength: 9
Rationale: Semantic; Relationship: Subset; Alignment Strength: 9
Rationale: Semantic; Relationship: Subset; Alignment Strength: 9
Rationale: Semantic; Relationship: Subset; Alignment Strength: 9
Rationale: Semantic; Relationship: Subset; Alignment Strength: 9
Rationale: Semantic; Relationship: Subset; Alignment Strength: 9
Rationale: Semantic; Relationship: Intersects; Alignment Strength: 7
Rationale: Semantic; Relationship: Equal; Alignment Strength: 10
Rationale: Semantic; Relationship: Equal; Alignment Strength: 10
Rationale: Semantic; Relationship: Equal; Alignment Strength: 10
Rationale: Semantic; Relationship: Equal; Alignment Strength: 10
Rationale: Semantic; Relationship: Equal; Alignment Strength: 10
Rationale: Semantic; Relationship: Equal; Alignment Strength: 10
Rationale: Semantic; Relationship: Equal; Alignment Strength: 10",ASIC-GP02.RG,Rationale: Semantic; Relationship: Superset,"EBA-13
EBA-28
EBA-29
EBA-30","Rationale: Semantic; Relationship: Superset; Alignment Strength: 8
Rationale: Semantic; Relationship: Superset; Alignment Strength: 7
Rationale: Semantic; Relationship: Superset; Alignment Strength: 7
Rationale: Semantic; Relationship: Superset; Alignment Strength: 8","JFSA-03
JFSA-32","Rationale: Semantic; Relationship: Superset; Alignment Strength: 9
Rationale: Semantic; Relationship: Superset; Alignment Strength: 7",,,"NAIC-IDSML-01
NAIC-IDSML-06","Rationale: Semantic; Relationship: Superset
Rationale: Semantic; Relationship: Intersects"
GV.OV-01.01,27.068,GOVERN,Oversight,Risk Management Strategy Outcomes Review,10.0,"Tier: 1
Tier: 2
Tier: 3
Tier: 4","GV.OV-01.01: The governing authority (e.g., the Board or one of its committees) regularly reviews and evaluates the organization's ability to manage its technology, cybersecurity, third-party, and resilience risks.",GV.OV-01,,"#board_or_committee_oversight
#risk_management
#risk_oversight
#roles_and_responsibilities",APRA CPS 234-13,Rationale: Semantic; Relationship: Superset; Alignment Strength: 7,OSFI CSSA-81,Rationale: Functional; Relationship: Superset; Alignment Strength: 9,,,,,APRA CPG 234-10,Rationale: Semantic; Relationship: Superset; Alignment Strength: 8; Functional Coverage Strength: 10,"NYDFS-09
NYDFS-11","Rationale: Semantic; Relationship: Intersects; Alignment Strength: 7
Rationale: Semantic; Relationship: Superset; Alignment Strength: 7","2.1.2.1.5
2.1.2.2.33","Level: Evolving
Level: Advancing",FFIEC-AIO-02.02,Rationale: Semantic; Relationship: Superset; Alignment Strength: 9,"FFIEC-BCM-02.02
FFIEC-BCM-12.01","Rationale: Semantic; Relationship: Superset; Alignment Strength: 8
Rationale: Semantic; Relationship: Subset; Alignment Strength: 7",,,"DORA-05-01
DORA-05-02
DORA-06-01
DORA-06-08
DORA-13-05","Rationale: Semantic; Relationship: Superset; Alignment Strength: 8
Rationale: Semantic; Relationship: Superset; Alignment Strength: 8
Rationale: Semantic; Relationship: Superset; Alignment Strength: 8
Rationale: Semantic; Relationship: Superset; Alignment Strength: 8
Rationale: Semantic; Relationship: Intersects; Alignment Strength: 9","SEC-03.I.A.3
SEC-07.I.A.7
SEC-13.II.C.2.a","Rationale: Semantic; Relationship: Superset; Alignment Strength: 8
Rationale: Semantic; Relationship: Superset; Alignment Strength: 8
Rationale: Semantic; Relationship: Superset; Alignment Strength: 7","TR-3.1.7
TR-3.1.8
TR-4.1.5","Type: Full Summarily
Type: Full Summarily
Type: Full Summarily","D1.G.Ov.E.1
D1.G.Ov.Int.5
D1.G.Ov.Int.6
D1.G.Ov.Int.7","Level: Evolving; Type: Full Summarily
Level: Intermediate; Type: Full Summarily
Level: Intermediate; Type: Full Summarily
Level: Intermediate; Type: Full",027.068,Level: Ds,"FFIEC-DAM-02.01
FFIEC-DAM-03.01
FFIEC-DAM-03.02","Rationale: Semantic; Relationship: Intersects
Rationale: Semantic; Relationship: Intersects
Rationale: Semantic; Relationship: Intersects","PM-09
PM-30","Rationale: Semantic; Relationship: Superset; Alignment Strength: 7
Rationale: Semantic; Relationship: Intersects; Alignment Strength: 9","ASIC-KQ01
ASIC-KQ08","Rationale: Semantic; Relationship: Superset
Rationale: Semantic; Relationship: Superset","EBA-02
EBA-04","Rationale: Semantic; Relationship: Superset; Alignment Strength: 9
Rationale: Semantic; Relationship: Superset; Alignment Strength: 9",JFSA-01,Rationale: Semantic; Relationship: Intersects; Alignment Strength: 7,,,NAIC-IDSML-04,Rationale: Semantic; Relationship: Superset
GV.OV-01.02,27.069,GOVERN,Oversight,Risk Management Strategy Outcomes Review,10.0,"Tier: 1
Tier: 2
Tier: 3
Tier: 4","GV.OV-01.02: The designated Cybersecurity Officer (e.g., CISO) periodically reports to the appropriate governing authority (e.g., the Board or one of its committees) or equivalent governing body on the status of cybersecurity within the organization.",GV.OV-01,,"#board_or_committee_oversight
#ciso
#metrics_and_reporting","APRA CPS 234-13
APRA CPS 234-29","Rationale: Semantic; Relationship: Superset; Alignment Strength: 7
Rationale: Semantic; Relationship: Superset; Alignment Strength: 7","OSFI CSSA-05
OSFI CSSA-61
OSFI CSSA-81","Rationale: Functional; Relationship: Superset; Alignment Strength: 8
Rationale: Functional; Relationship: Intersects; Alignment Strength: 7
Rationale: Functional; Relationship: Superset; Alignment Strength: 8",,,,,"APRA CPG 234-10
APRA CPG 234-14","Rationale: Semantic; Relationship: Superset; Alignment Strength: 8; Functional Coverage Strength: 10
Rationale: Semantic; Relationship: Intersects; Alignment Strength: 7; Functional Coverage Strength: 8","NYDFS-09
NYDFS-10
NYDFS-11
NYDFS-29","Rationale: Semantic; Relationship: Superset; Alignment Strength: 9
Rationale: Semantic; Relationship: Intersects; Alignment Strength: 9
Rationale: Semantic; Relationship: Superset; Alignment Strength: 6
Rationale: Semantic; Relationship: Intersects; Alignment Strength: 3","2.1.2.2.21
2.1.2.2.42","Level: Evolving
Level: Innovating","FFIEC-AIO-02.01
FFIEC-AIO-02.13","Rationale: Semantic; Relationship: Superset; Alignment Strength: 7
Rationale: Semantic; Relationship: Superset; Alignment Strength: 7",,,"OSFI B-13-01
OSFI B-13-02","Rationale: Semantic; Relationship: Superset; Alignment Strength: 8
Rationale: Semantic; Relationship: Superset; Alignment Strength: 9",,,"SEC-03.I.A.3
SEC-07.I.A.7
SEC-13.II.C.2.a","Rationale: Semantic; Relationship: Superset; Alignment Strength: 8
Rationale: Semantic; Relationship: Superset; Alignment Strength: 8
Rationale: Semantic; Relationship: Superset; Alignment Strength: 7",,,"D1.G.Ov.B.3
D1.G.Ov.Int.5","Level: Baseline; Type: Full Summarily
Level: Intermediate; Type: Full Summarily",027.069,Level: Ds,,,"PM-02
PM-09","Rationale: Semantic; Relationship: Superset; Alignment Strength: 9
Rationale: Semantic; Relationship: Superset; Alignment Strength: 8","ASIC-GP01.PR
ASIC-KQ01","Rationale: Semantic; Relationship: Superset
Rationale: Semantic; Relationship: Superset",,,JFSA-01,Rationale: Semantic; Relationship: Superset; Alignment Strength: 8,,,NAIC-IDSML-04,Rationale: Semantic; Relationship: Superset
GV.OV-01.03,27.07,GOVERN,Oversight,Risk Management Strategy Outcomes Review,10.0,"Tier: 1
Tier: 2
Tier: 3
Tier: 4","GV.OV-01.03: The designated Technology Officer (e.g., CIO or CTO) regularly reports to the governing authority (e.g., the Board or one of its committees) on the status of technology use and risks within the organization.",GV.OV-01,,"#metrics_and_reporting
#mission_and_strategy
#policy_management
#risk_oversight
#technology_officer",APRA CPS 234-13,Rationale: Semantic; Relationship: Superset; Alignment Strength: 7,OSFI CSSA-81,Rationale: Functional; Relationship: Superset; Alignment Strength: 8,,,,,APRA CPG 234-10,Rationale: Semantic; Relationship: Superset; Alignment Strength: 8; Functional Coverage Strength: 10,,,"2.1.2.2.21
2.1.2.2.22","Level: Evolving
Level: Evolving","FFIEC-AIO-02.01
FFIEC-AIO-02.13","Rationale: Semantic; Relationship: Superset; Alignment Strength: 7
Rationale: Semantic; Relationship: Superset; Alignment Strength: 7",,,"OSFI B-13-01
OSFI B-13-02","Rationale: Semantic; Relationship: Superset; Alignment Strength: 8
Rationale: Semantic; Relationship: Superset; Alignment Strength: 9",,,,,,,,,027.070,Level: Ds,,,PM-09,Rationale: Semantic; Relationship: Superset; Alignment Strength: 8,"ASIC-GP01.PR
ASIC-KQ01","Rationale: Semantic; Relationship: Superset
Rationale: Semantic; Relationship: Superset",EBA-24,Rationale: Functional; Relationship: Intersects; Alignment Strength: 7,JFSA-01,Rationale: Semantic; Relationship: Superset; Alignment Strength: 9,,,NAIC-IDSML-04,Rationale: Semantic; Relationship: Superset
GV.OV-02.01,28.071,GOVERN,Oversight,Risk Management Strategy Review & Adjustment,10.0,"Tier: 1
Tier: 2
Tier: 3
Tier: 4","GV.OV-02.01: The organization regularly assesses its inherent technology and cybersecurity risks and ensures that changes to the business and threat environment lead to updates to the organization's strategies, programs, risk appetite and risk tolerance.",GV.OV-02,,"#enterprise_risk_management
#mission_and_strategy
#risk_appetite_/_tolerance
#risk_management
#threat_management","APRA CPS 234-17
APRA CPS 234-31","Rationale: Semantic; Relationship: Superset; Alignment Strength: 9
Rationale: Semantic; Relationship: Superset; Alignment Strength: 8","OSFI CSSA-01
OSFI CSSA-02
OSFI CSSA-04
OSFI CSSA-20","Rationale: Functional; Relationship: Intersects; Alignment Strength: 8
Rationale: Functional; Relationship: Superset; Alignment Strength: 8
Rationale: Functional; Relationship: Intersects; Alignment Strength: 9
Rationale: Functional; Relationship: Superset; Alignment Strength: 8",,,ID.RM-2.RT,,APRA CPG 234-20,Rationale: Semantic; Relationship: Superset; Alignment Strength: 9; Functional Coverage Strength: 10,NYDFS-22,Rationale: Semantic; Relationship: Intersects; Alignment Strength: 7,2.1.2.1.6,Level: Evolving,"FFIEC-AIO-02.02
FFIEC-AIO-02.05","Rationale: Semantic; Relationship: Superset; Alignment Strength: 9
Rationale: Semantic; Relationship: Superset; Alignment Strength: 8",,,"OSFI B-13-03
OSFI B-13-05
OSFI B-13-33","Rationale: Semantic; Relationship: Intersects; Alignment Strength: 9
Rationale: Semantic; Relationship: Superset; Alignment Strength: 9
Rationale: Semantic; Relationship: Intersects; Alignment Strength: 7","DORA-06-02
DORA-06-03
DORA-06-08
DORA-08-03","Rationale: Semantic; Relationship: Superset; Alignment Strength: 8
Rationale: Semantic; Relationship: Superset; Alignment Strength: 7
Rationale: Semantic; Relationship: Superset; Alignment Strength: 8
Rationale: Semantic; Relationship: Intersects; Alignment Strength: 8","SEC-02.I.A.2
SEC-12.II.C.1.a","Rationale: Semantic; Relationship: Superset; Alignment Strength: 8
Rationale: Semantic; Relationship: Superset; Alignment Strength: 8",,,"D1.G.Ov.A.1
D1.G.SP.Int.2","Level: Advanced; Type: Full Summarily
Level: Intermediate; Type: Full",028.071,Level: Ds,,,"PM-09
PM-28
RA-07","Rationale: Semantic; Relationship: Superset; Alignment Strength: 8
Rationale: Semantic; Relationship: Superset; Alignment Strength: 9
Rationale: Semantic; Relationship: Intersects; Alignment Strength: 8",ASIC-GP02.RG,Rationale: Semantic; Relationship: Superset,"EBA-05
EBA-13
EBA-14
EBA-21
EBA-22
EBA-39","Rationale: Functional; Relationship: Intersects; Alignment Strength: 5
Rationale: Semantic; Relationship: Superset; Alignment Strength: 8
Rationale: Semantic; Relationship: Superset; Alignment Strength: 6
Rationale: Semantic; Relationship: Superset; Alignment Strength: 8
Rationale: Semantic; Relationship: Superset; Alignment Strength: 6
Rationale: Semantic; Relationship: Superset; Alignment Strength: 8",JFSA-32,Rationale: Semantic; Relationship: Superset; Alignment Strength: 7,,,NAIC-IDSML-06,Rationale: Semantic; Relationship: Intersects
GV.OV-02.02,28.072,GOVERN,Oversight,Risk Management Strategy Review & Adjustment,10.0,"Tier: 1
Tier: 2
Tier: 3","GV.OV-02.02: The organization determines and articulates how it intends to maintain an acceptable level of residual technology and cybersecurity risk as set by the governing authority (e.g., the Board or one of its committees).",GV.OV-02,,"#enterprise_risk_management
#improvements
#program_transformation
#risk_management
#risk_response",APRA CPS 234-13,Rationale: Semantic; Relationship: Superset; Alignment Strength: 7,,,,,,,APRA CPG 234-10,Rationale: Semantic; Relationship: Superset; Alignment Strength: 8; Functional Coverage Strength: 10,,,2.1.2.1.6,Level: Evolving,FFIEC-AIO-02.02,Rationale: Semantic; Relationship: Superset; Alignment Strength: 8,FFIEC-BCM-05.05,Rationale: Semantic; Relationship: Subset; Alignment Strength: 9,"OSFI B-13-05
OSFI B-13-39","Rationale: Semantic; Relationship: Superset; Alignment Strength: 8
Rationale: Semantic; Relationship: Intersects; Alignment Strength: 8","DORA-05-01
DORA-05-02
DORA-06-08","Rationale: Semantic; Relationship: Superset; Alignment Strength: 7
Rationale: Semantic; Relationship: Superset; Alignment Strength: 8
Rationale: Semantic; Relationship: Intersects; Alignment Strength: 7",,,,,,,028.072,Level: Ds,,,"PM-09
RA-07","Rationale: Semantic; Relationship: Superset; Alignment Strength: 7
Rationale: Semantic; Relationship: Intersects; Alignment Strength: 8",,,"EBA-04
EBA-22","Rationale: Semantic; Relationship: Superset; Alignment Strength: 9
Rationale: Semantic; Relationship: Superset; Alignment Strength: 6",JFSA-32,Rationale: Semantic; Relationship: Superset; Alignment Strength: 6,,,,
GV.OV-03.01,29.073,GOVERN,Oversight,Risk Management Performance Measurement,10.0,"Tier: 1
Tier: 2
Tier: 3","GV.OV-03.01: The organization develops, implements, and reports to management and the governing body (e.g., the Board or one of its committees) key technology and cybersecurity risk and performance indicators and metrics to measure, monitor, and report actionable indicators.",GV.OV-03,,"#board_or_committee_oversight
#metrics_and_reporting",APRA CPS 234-13,Rationale: Semantic; Relationship: Superset; Alignment Strength: 8,"OSFI CSSA-05
OSFI CSSA-61","Rationale: Functional; Relationship: Superset; Alignment Strength: 8
Rationale: Functional; Relationship: Intersects; Alignment Strength: 8",,,,,"APRA CPG 234-10
APRA CPG 234-14","Rationale: Semantic; Relationship: Superset; Alignment Strength: 8; Functional Coverage Strength: 10
Rationale: Semantic; Relationship: Superset; Alignment Strength: 8; Functional Coverage Strength: 8","NYDFS-09
NYDFS-10
NYDFS-11","Rationale: Semantic; Relationship: Intersects; Alignment Strength: 8
Rationale: Semantic; Relationship: Intersects; Alignment Strength: 9
Rationale: Semantic; Relationship: Intersects; Alignment Strength: 6","2.1.2.1.13
2.1.2.1.2
2.1.2.2.21
2.1.2.2.22
2.1.2.2.33
2.1.2.2.37
2.1.2.2.42
2.6.2.33
2.8.2.1.7","Level: Advancing
Level: Evolving
Level: Evolving
Level: Evolving
Level: Advancing
Level: Advancing
Level: Innovating
Level: Innovating
Level: Evolving","FFIEC-AIO-02.01
FFIEC-AIO-02.03
FFIEC-AIO-02.06
FFIEC-AIO-02.13
FFIEC-AIO-17.01
FFIEC-AIO-17.02","Rationale: Semantic; Relationship: Superset; Alignment Strength: 7
Rationale: Semantic; Relationship: Superset; Alignment Strength: 8
Rationale: Semantic; Relationship: Superset; Alignment Strength: 8
Rationale: Semantic; Relationship: Superset; Alignment Strength: 7
Rationale: Semantic; Relationship: Superset; Alignment Strength: 8
Rationale: Semantic; Relationship: Subset; Alignment Strength: 4",FFIEC-BCM-11.01,Rationale: Functional; Relationship: Intersects; Alignment Strength: 5,OSFI B-13-02,Rationale: Semantic; Relationship: Intersects; Alignment Strength: 8,DORA-06-08,Rationale: Semantic; Relationship: Superset; Alignment Strength: 8,SEC-13.II.C.2.a,Rationale: Semantic; Relationship: Superset; Alignment Strength: 8,"TR-3.1.8
TR-4.5.3","Type: Full Summarily
Type: Full","D1.G.Ov.Int.2
D1.RM.RMP.A.1
D1.TC.Tr.Inn.1
D5.ER.Es.A.2
D5.ER.Es.B.3","Level: Intermediate; Type: Full
Level: Advanced; Type: Full Summarily
Level: Innovative; Type: Partial
Level: Advanced; Type: Full Summarily
Level: Baseline; Type: Full",029.073,Level: Ds,"FFIEC-DAM-02.01
FFIEC-DAM-03.01
FFIEC-DAM-03.02
FFIEC-DAM-03.03","Rationale: Semantic; Relationship: Intersects
Rationale: Semantic; Relationship: Intersects
Rationale: Semantic; Relationship: Intersects
Rationale: Semantic; Relationship: Intersects","PM-06
PM-31","Rationale: Semantic; Relationship: Superset; Alignment Strength: 9
Rationale: Semantic; Relationship: Equal; Alignment Strength: 9",,,EBA-13,Rationale: Semantic; Relationship: Superset; Alignment Strength: 8,,,,,NAIC-IDSML-04,Rationale: Semantic; Relationship: Intersects
GV.OV-03.02,29.074,GOVERN,Oversight,Risk Management Performance Measurement,10.0,"Tier: 1
Tier: 2
Tier: 3
Tier: 4","GV.OV-03.02: Resilience program performance is measured and regularly reported to senior executives and the governing authority (e.g., the Board or one of its committees).",GV.OV-03,,"#board_or_committee_oversight
#metrics_and_reporting
#resilience",APRA CPS 234-13,Rationale: Semantic; Relationship: Superset; Alignment Strength: 8,,,,,PR.IP-9.RP,,APRA CPG 234-10,Rationale: Semantic; Relationship: Superset; Alignment Strength: 8; Functional Coverage Strength: 10,NYDFS-09,Rationale: Semantic; Relationship: Intersects; Alignment Strength: 8,2.1.2.2.21,Level: Evolving,"FFIEC-AIO-02.02
FFIEC-AIO-02.13","Rationale: Semantic; Relationship: Superset; Alignment Strength: 8
Rationale: Semantic; Relationship: Superset; Alignment Strength: 6","FFIEC-BCM-02.02
FFIEC-BCM-02.03
FFIEC-BCM-02.04
FFIEC-BCM-02.05
FFIEC-BCM-10.07
FFIEC-BCM-10.08
FFIEC-BCM-10.12
FFIEC-BCM-10.19
FFIEC-BCM-10.28
FFIEC-BCM-12.01","Rationale: Semantic; Relationship: Superset; Alignment Strength: 9
Rationale: Semantic; Relationship: Superset; Alignment Strength: 8
Rationale: Semantic; Relationship: Superset; Alignment Strength: 8
Rationale: Semantic; Relationship: Subset; Alignment Strength: 8
Rationale: Semantic; Relationship: Subset; Alignment Strength: 8
Rationale: Semantic; Relationship: Subset; Alignment Strength: 7
Rationale: Semantic; Relationship: Subset; Alignment Strength: 7
Rationale: Semantic; Relationship: Subset; Alignment Strength: 9
Rationale: Semantic; Relationship: Subset; Alignment Strength: 6
Rationale: Semantic; Relationship: Subset; Alignment Strength: 7",OSFI B-13-02,Rationale: Semantic; Relationship: Superset; Alignment Strength: 8,"DORA-13-04
DORA-13-05","Rationale: Semantic; Relationship: Superset; Alignment Strength: 9
Rationale: Semantic; Relationship: Superset; Alignment Strength: 9","SEC-03.I.A.3
SEC-07.I.A.7
SEC-13.II.C.2.a","Rationale: Semantic; Relationship: Superset; Alignment Strength: 7
Rationale: Semantic; Relationship: Superset; Alignment Strength: 7
Rationale: Semantic; Relationship: Superset; Alignment Strength: 7",,,D1.G.Ov.B.3,Level: Baseline; Type: Full Summarily,029.074,Level: Ds,,,"CP-02
PM-06
PM-31","Rationale: Semantic; Relationship: Intersects; Alignment Strength: 8
Rationale: Semantic; Relationship: Superset; Alignment Strength: 9
Rationale: Semantic; Relationship: Intersects; Alignment Strength: 9",,,,,,,,,NAIC-IDSML-04,Rationale: Semantic; Relationship: Intersects
GV.SC-01.01,31.075,GOVERN,Supply Chain Risk Management,Supply Chain Risk Management Program,10.0,"Tier: 1
Tier: 2
Tier: 3
Tier: 4","GV.SC-01.01: The organization maintains a third-party risk management strategy and program to identify and manage the risks associated with third parties throughout their lifecycles in a timely manner, including in support of sector-critical systems and operations, to ensure alignment within risk appetite.",GV.SC-01,,"#critical_infrastructure
#risk_appetite_/_tolerance
#risk_management
#supply_chain_management
#third_party_risk_management","APRA CPS 234-16
APRA CPS 234-22","Rationale: Semantic; Relationship: Superset; Alignment Strength: 9
Rationale: Semantic; Relationship: Superset; Alignment Strength: 7",OSFI CSSA-82,Rationale: Functional; Relationship: Superset; Alignment Strength: 9,,,ID.SC-1.TP,,APRA CPG 234-63,Rationale: Semantic; Relationship: Intersects; Alignment Strength: 7; Functional Coverage Strength: 10,"NYDFS-02
NYDFS-26","Rationale: Semantic; Relationship: Intersects; Alignment Strength: 8
Rationale: Semantic; Relationship: Intersects; Alignment Strength: 8","2.3.2.1.1
2.3.2.2.69","Level: Evolving
Level: Evolving",,,FFIEC-BCM-08.02,Rationale: Functional; Relationship: Intersects; Alignment Strength: 5,,,"DORA-05-02
DORA-06-02
DORA-06-03
DORA-28-01
DORA-28-02","Rationale: Semantic; Relationship: Superset; Alignment Strength: 8
Rationale: Semantic; Relationship: Superset; Alignment Strength: 8
Rationale: Semantic; Relationship: Superset; Alignment Strength: 8
Rationale: Semantic; Relationship: Superset; Alignment Strength: 9
Rationale: Semantic; Relationship: Superset; Alignment Strength: 9",SEC-12.II.C.1.a,Rationale: Semantic; Relationship: Superset; Alignment Strength: 8,TR-3.4.1,Type: Full Summarily,,,031.075,Level: Ds,"FFIEC-DAM-08.01
FFIEC-DAM-09.02
FFIEC-DAM-12.01
FFIEC-DAM-12.02
FFIEC-DAM-12.03","Rationale: Semantic; Relationship: Intersects
Rationale: Semantic; Relationship: Intersects
Rationale: Semantic; Relationship: Intersects
Rationale: Semantic; Relationship: Superset
Rationale: Semantic; Relationship: Intersects","PM-30
SR-02
SR-03","Rationale: Semantic; Relationship: Intersects; Alignment Strength: 9
Rationale: Semantic; Relationship: Equal; Alignment Strength: 10
Rationale: Semantic; Relationship: Superset; Alignment Strength: 9",ASIC-GP03.RM,Rationale: Semantic; Relationship: Superset,EBA-07,Rationale: Semantic; Relationship: Superset; Alignment Strength: 8,"JFSA-06
JFSA-21
JFSA-41
JFSA-43","Rationale: Semantic; Relationship: Superset; Alignment Strength: 6
Rationale: Semantic; Relationship: Superset; Alignment Strength: 8
Rationale: Semantic; Relationship: Superset; Alignment Strength: 9
Rationale: Semantic; Relationship: Superset; Alignment Strength: 5",15.2,Rationale: Semantic; Relationship: Subset,"NAIC-IDSML-01
NAIC-IDSML-06","Rationale: Semantic; Relationship: Intersects
Rationale: Semantic; Relationship: Intersects"
GV.SC-01.02,31.076,GOVERN,Supply Chain Risk Management,Supply Chain Risk Management Program,10.0,"Tier: 1
Tier: 2","GV.SC-01.02: The organization regularly assesses the risk of its ongoing use of third parties in aggregate, considering factors such as critical service dependencies, vendor concentration, geographical/geopolitical exposure, fourth-party impacts, and financial sector co-dependencies.",GV.SC-01,,"#business_impact_analysis
#critical_infrastructure
#dependency_management
#due_diligence
#fourth_party
#supply_chain_management
#third_party_risk_management
#vendor_management",APRA CPS 234-16,Rationale: Semantic; Relationship: Superset; Alignment Strength: 9,OSFI CSSA-82,Rationale: Functional; Relationship: Superset; Alignment Strength: 8,,,ID.BE-4.CR,,,,,,"2.1.2.1.14
2.3.2.2.69","Level: Advancing
Level: Evolving",FFIEC-AIO-17.01,Rationale: Semantic; Relationship: Superset; Alignment Strength: 4,"FFIEC-BCM-04.03
FFIEC-BCM-05.01
FFIEC-BCM-05.02
FFIEC-BCM-05.03","Rationale: Semantic; Relationship: Superset; Alignment Strength: 7
Rationale: Semantic; Relationship: Intersects; Alignment Strength: 7
Rationale: Functional; Relationship: Intersects; Alignment Strength: 6
Rationale: Semantic; Relationship: Subset; Alignment Strength: 9",,,"DORA-05-02
DORA-06-09
DORA-08-05
DORA-11-05
DORA-28-01
DORA-28-04
DORA-29-01
DORA-31-12","Rationale: Semantic; Relationship: Superset; Alignment Strength: 8
Rationale: Semantic; Relationship: Intersects; Alignment Strength: 9
Rationale: Semantic; Relationship: Superset; Alignment Strength: 8
Rationale: Semantic; Relationship: Subset; Alignment Strength: 6
Rationale: Semantic; Relationship: Superset; Alignment Strength: 7
Rationale: Semantic; Relationship: Intersects; Alignment Strength: 8
Rationale: Semantic; Relationship: Subset; Alignment Strength: 8
Rationale: Semantic; Relationship: Intersects; Alignment Strength: 6",,,"TR-3.4.1
TR-4.2.1","Type: Full Summarily
Type: Full Summarily",,,031.076,Level: Ds,"FFIEC-DAM-08.01
FFIEC-DAM-09.01","Rationale: Semantic; Relationship: Intersects
Rationale: Semantic; Relationship: Intersects","PM-30
SR-02
SR-03","Rationale: Semantic; Relationship: Intersects; Alignment Strength: 8
Rationale: Semantic; Relationship: Superset; Alignment Strength: 8
Rationale: Semantic; Relationship: Superset; Alignment Strength: 8","ASIC-GP03.RM
ASIC-GP04.IN
ASIC-GP04.TP","Rationale: Semantic; Relationship: Superset
Rationale: Semantic; Relationship: Superset
Rationale: Semantic; Relationship: Intersects",EBA-78,Rationale: Functional; Relationship: Intersects; Alignment Strength: 6,JFSA-43,Rationale: Semantic; Relationship: Superset; Alignment Strength: 7,,,,
GV.SC-02.01,32.077,GOVERN,Supply Chain Risk Management,Third Party Roles & Responsibilities,10.0,"Tier: 1
Tier: 2
Tier: 3
Tier: 4","GV.SC-02.01: The organization clearly defines, and includes in contractual agreements, the division of cybersecurity and technology risk management responsibilities between the organization and its third parties (e.g., a Shared Responsibilities Model).",GV.SC-02,,"#contract_management
#risk_management
#roles_and_responsibilities
#supply_chain_management
#third_party_risk_management
#vendor_management",APRA CPS 234-22,Rationale: Semantic; Relationship: Superset; Alignment Strength: 7,"OSFI CSSA-15
OSFI CSSA-89","Rationale: Functional; Relationship: Equal; Alignment Strength: 8
Rationale: Functional; Relationship: Equal; Alignment Strength: 10",,,,,"APRA CPG 234-12
APRA CPG 234-63
APRA CPG 234-65","Rationale: Semantic; Relationship: Superset; Alignment Strength: 7; Functional Coverage Strength: 10
Rationale: Semantic; Relationship: Intersects; Alignment Strength: 7; Functional Coverage Strength: 10
Rationale: Semantic; Relationship: Superset; Alignment Strength: 8; Functional Coverage Strength: 10","NYDFS-25
NYDFS-27","Rationale: Semantic; Relationship: Intersects; Alignment Strength: 8
Rationale: Semantic; Relationship: Superset; Alignment Strength: 7",,,"FFIEC-AIO-02.01
FFIEC-AIO-02.09
FFIEC-AIO-02.12
FFIEC-AIO-07.01
FFIEC-AIO-16.01","Rationale: Semantic; Relationship: Superset; Alignment Strength: 6
Rationale: Semantic; Relationship: Superset; Alignment Strength: 7
Rationale: Semantic; Relationship: Superset; Alignment Strength: 5
Rationale: Semantic; Relationship: Superset; Alignment Strength: 7
Rationale: Semantic; Relationship: Superset; Alignment Strength: 5",,,,,"DORA-06-10
DORA-30-01
DORA-30-02
DORA-30-03","Rationale: Semantic; Relationship: Intersects; Alignment Strength: 7
Rationale: Semantic; Relationship: Subset; Alignment Strength: 9
Rationale: Semantic; Relationship: Superset; Alignment Strength: 7
Rationale: Semantic; Relationship: Intersects; Alignment Strength: 8",,,,,"D4.RM.Co.B.2
D4.RM.Co.E.1","Level: Baseline; Type: Full Summarily
Level: Evolving; Type: Full",032.077,Level: Ds,"FFIEC-DAM-02.03
FFIEC-DAM-08.01
FFIEC-DAM-09.02
FFIEC-DAM-12.01
FFIEC-DAM-12.05","Rationale: Semantic; Relationship: Intersects
Rationale: Semantic; Relationship: Intersects
Rationale: Semantic; Relationship: Intersects
Rationale: Semantic; Relationship: Superset
Rationale: Semantic; Relationship: Superset","PS-07
SA-04
SA-09
SR-03
SR-05","Rationale: Semantic; Relationship: Intersects; Alignment Strength: 9
Rationale: Semantic; Relationship: Superset; Alignment Strength: 9
Rationale: Semantic; Relationship: Intersects; Alignment Strength: 8
Rationale: Semantic; Relationship: Superset; Alignment Strength: 9
Rationale: Semantic; Relationship: Superset; Alignment Strength: 9",,,,,"JFSA-12
JFSA-42","Rationale: Semantic; Relationship: Superset; Alignment Strength: 9
Rationale: Semantic; Relationship: Superset; Alignment Strength: 8",15.4,Rationale: Semantic; Relationship: Superset,,
GV.SC-03.01,33.078,GOVERN,Supply Chain Risk Management,Supply Chain Risk Management Integration,10.0,"Tier: 1
Tier: 2
Tier: 3
Tier: 4","GV.SC-03.01: The organization's third-party risk management strategy and program aligns with and supports its enterprise, technology, cybersecurity, and resilience risk management frameworks and programs.",GV.SC-03,,"#mission_and_strategy
#risk_management
#supply_chain_management
#third_party_risk_management",,,,,,,ID.SC-1.TP,,APRA CPG 234-22,Rationale: Semantic; Relationship: Superset; Alignment Strength: 8; Functional Coverage Strength: 10,,,,,,,,,,,"DORA-05-02
DORA-06-03
DORA-28-01","Rationale: Semantic; Relationship: Superset; Alignment Strength: 8
Rationale: Semantic; Relationship: Superset; Alignment Strength: 7
Rationale: Semantic; Relationship: Superset; Alignment Strength: 8",,,TR-3.4.1,Type: Full Summarily,,,033.078,Level: Ds,"FFIEC-DAM-09.01
FFIEC-DAM-12.03","Rationale: Semantic; Relationship: Intersects
Rationale: Semantic; Relationship: Intersects","PM-09
PM-30
SR-02","Rationale: Semantic; Relationship: Intersects; Alignment Strength: 7
Rationale: Semantic; Relationship: Subset; Alignment Strength: 9
Rationale: Semantic; Relationship: Intersects; Alignment Strength: 9",,,,,JFSA-43,Rationale: Semantic; Relationship: Superset; Alignment Strength: 5,,,,
GV.SC-04.01,34.079,GOVERN,Supply Chain Risk Management,Supplier Identification & Prioritization,10.0,"Tier: 1
Tier: 2
Tier: 3
Tier: 4","GV.SC-04.01: The organization regularly identifies, inventories, and risk-ranks third-party relationships that are in place, and addresses any identified relationships that were established without formal approval.",GV.SC-04,,"#dependency_management
#supply_chain_management
#third_party_risk_management",,,OSFI CSSA-82,Rationale: Functional; Relationship: Superset; Alignment Strength: 8,,,,,,,,,2.3.2.2.68,Level: Evolving,,,"FFIEC-BCM-05.03
FFIEC-BCM-10.21","Rationale: Functional; Relationship: Intersects; Alignment Strength: 8
Rationale: Semantic; Relationship: Subset; Alignment Strength: 8",,,"DORA-08-05
DORA-08-06
DORA-28-03","Rationale: Semantic; Relationship: Superset; Alignment Strength: 8
Rationale: Semantic; Relationship: Superset; Alignment Strength: 8
Rationale: Semantic; Relationship: Subset; Alignment Strength: 9",,,"TR-3.4.1
TR-4.2.1","Type: Full Summarily
Type: Full Summarily","D4.RM.Dd.B.2
D4.RM.Dd.B.3
D4.RM.Om.E.1","Level: Baseline; Type: Full
Level: Baseline; Type: Full
Level: Evolving; Type: Full",034.079,Level: Ds,,,"PM-05
RA-09
SR-06","Rationale: Semantic; Relationship: Intersects; Alignment Strength: 8
Rationale: Semantic; Relationship: Intersects; Alignment Strength: 9
Rationale: Semantic; Relationship: Superset; Alignment Strength: 9",,,,,,,"15.1
15.3","Rationale: Semantic; Relationship: Intersects
Rationale: Semantic; Relationship: Subset",,
GV.SC-08.01,35.08,GOVERN,Supply Chain Risk Management,Third Party Incident Management Integration,10.0,"Tier: 1
Tier: 2
Tier: 3
Tier: 4","GV.SC-08.01: The organization's resilience strategy, plans, tests, and exercises incorporate its external dependencies and critical business partners.",GV.SC-08,,"#business_impact_analysis
#dependency_management
#mission_and_strategy
#review_assessment_and_testing
#threat_landscape",,,OSFI CSSA-66,Rationale: Functional; Relationship: Subset; Alignment Strength: 8,HK-SFC-2.09,Rationale: Functional; Relationship: Intersects,"ID.SC-1.TP
PR.IP-10.RT
PR.IP-9.RP","

","APRA CPG 234-75
APRA CPG 234-77","Rationale: Semantic; Relationship: Superset; Alignment Strength: 8; Functional Coverage Strength: 9
Rationale: Semantic; Relationship: Intersects; Alignment Strength: 8; Functional Coverage Strength: 10","NYDFS-36
NYDFS-37
NYDFS-40","Rationale: Semantic; Relationship: Intersects; Alignment Strength: 8
Rationale: Semantic; Relationship: Intersects; Alignment Strength: 7
Rationale: Semantic; Relationship: Superset; Alignment Strength: 9","2.1.2.1.16
2.3.2.2.75
2.5.2.1.16
2.5.2.1.19
2.5.2.3.33
2.5.2.3.34
2.5.2.3.35
2.5.2.3.38
2.6.2.34","Level: Innovating
Level: Innovating
Level: Advancing
Level: Innovating
Level: Evolving
Level: Evolving
Level: Advancing
Level: Evolving
Level: Innovating",FFIEC-AIO-08.02,Rationale: Semantic; Relationship: Superset; Alignment Strength: 7,"FFIEC-BCM-02.05
FFIEC-BCM-04.03
FFIEC-BCM-06.06
FFIEC-BCM-10.01
FFIEC-BCM-10.08
FFIEC-BCM-10.09
FFIEC-BCM-10.11
FFIEC-BCM-10.12
FFIEC-BCM-10.21
FFIEC-BCM-10.22
FFIEC-BCM-10.26
FFIEC-BCM-10.27","Rationale: Semantic; Relationship: Superset; Alignment Strength: 7
Rationale: Semantic; Relationship: Superset; Alignment Strength: 8
Rationale: Functional; Relationship: Intersects; Alignment Strength: 6
Rationale: Semantic; Relationship: Intersects; Alignment Strength: 7
Rationale: Functional; Relationship: Intersects; Alignment Strength: 7
Rationale: Functional; Relationship: Intersects; Alignment Strength: 5
Rationale: Semantic; Relationship: Intersects; Alignment Strength: 7
Rationale: Semantic; Relationship: Intersects; Alignment Strength: 7
Rationale: Semantic; Relationship: Intersects; Alignment Strength: 8
Rationale: Semantic; Relationship: Subset; Alignment Strength: 7
Rationale: Functional; Relationship: Intersects; Alignment Strength: 7
Rationale: Functional; Relationship: Superset; Alignment Strength: 7","OSFI B-13-23
OSFI B-13-24
OSFI B-13-28
OSFI B-13-53","Rationale: Semantic; Relationship: Superset; Alignment Strength: 9
Rationale: Semantic; Relationship: Superset; Alignment Strength: 9
Rationale: Semantic; Relationship: Superset; Alignment Strength: 9
Rationale: Semantic; Relationship: Superset; Alignment Strength: 9","DORA-11-04
DORA-11-05","Rationale: Semantic; Relationship: Superset; Alignment Strength: 9
Rationale: Semantic; Relationship: Subset; Alignment Strength: 7",,,"TR-8.3.3
TR-8.3.4","Type: Full Summarily
Type: Full Summarily","D5.DR.Re.E.5
D5.IR.Pl.Int.1
D5.IR.Te.B.2","Level: Evolving; Type: Full Summarily
Level: Intermediate; Type: Full Summarily
Level: Baseline; Type: Full Summarily",035.080,Level: Ds,,,"CP-02
CP-04
PM-08
SR-02
SR-03","Rationale: Semantic; Relationship: Intersects; Alignment Strength: 9
Rationale: Semantic; Relationship: Intersects; Alignment Strength: 9
Rationale: Semantic; Relationship: Intersects; Alignment Strength: 9
Rationale: Semantic; Relationship: Intersects; Alignment Strength: 9
Rationale: Semantic; Relationship: Superset; Alignment Strength: 9",ASIC-GP04.IN,Rationale: Semantic; Relationship: Intersects,"EBA-80
EBA-86
EBA-89","Rationale: Semantic; Relationship: Superset; Alignment Strength: 7
Rationale: Semantic; Relationship: Intersects; Alignment Strength: 9
Rationale: Semantic; Relationship: Intersects; Alignment Strength: 7","JFSA-02
JFSA-05
JFSA-29
JFSA-46
JFSA-50","Rationale: Semantic; Relationship: Superset; Alignment Strength: 7
Rationale: Semantic; Relationship: Intersects; Alignment Strength: 5
Rationale: Semantic; Relationship: Superset; Alignment Strength: 8
Rationale: Semantic; Relationship: Superset; Alignment Strength: 7
Rationale: Functional; Relationship: Intersects; Alignment Strength: 7","17.4
17.7","Rationale: Semantic; Relationship: Intersects
Rationale: Semantic; Relationship: Intersects",NAIC-IDSML-11,Rationale: Semantic; Relationship: Intersects
GV.SC-09.01,36.081,GOVERN,Supply Chain Risk Management,Supply Chain Security Practice Integration,10.0,"Tier: 1
Tier: 2
Tier: 3","GV.SC-09.01: Consideration is specifically given to the implications of organizational third-party dependence, requirements, contracts, and interactions in the design, operation, monitoring, and improvement of policies, procedures, and controls to ensure the fulfillment of business requirements within risk appetite.",GV.SC-09,,"#contract_management
#dependency_management
#policy_management
#risk_appetite_/_tolerance
#supply_chain_management
#third_party_risk_management",,,OSFI CSSA-82,Rationale: Functional; Relationship: Superset; Alignment Strength: 8,,,ID.SC-1.TP,,,,,,,,FFIEC-AIO-16.01,Rationale: Semantic; Relationship: Superset; Alignment Strength: 5,,,,,DORA-08-05,Rationale: Semantic; Relationship: Intersects; Alignment Strength: 4,,,,,,,036.081,Level: Ds,"FFIEC-DAM-08.01
FFIEC-DAM-12.03","Rationale: Semantic; Relationship: Intersects
Rationale: Semantic; Relationship: Intersects","PM-28
PM-30
SR-02
SR-03
SR-06","Rationale: Semantic; Relationship: Intersects; Alignment Strength: 8
Rationale: Semantic; Relationship: Intersects; Alignment Strength: 8
Rationale: Semantic; Relationship: Intersects; Alignment Strength: 8
Rationale: Semantic; Relationship: Superset; Alignment Strength: 9
Rationale: Semantic; Relationship: Superset; Alignment Strength: 9",ASIC-GP03.RM,Rationale: Semantic; Relationship: Superset,,,"JFSA-41
JFSA-44","Rationale: Semantic; Relationship: Superset; Alignment Strength: 9
Rationale: Semantic; Relationship: Superset; Alignment Strength: 7",,,NAIC-IDSML-06,Rationale: Semantic; Relationship: Intersects
GV.IR-01.01,38.082,GOVERN,Independent Risk Management Function,Independent Risk Management Function,10.0,"Tier: 1
Tier: 2
Tier: 3",GV.IR-01.01: The organization's enterprise-wide technology and cybersecurity risk management frameworks align with and support an independent risk management function that provides assurance that the frameworks are implemented consistently and as intended.,None,,"#enterprise_risk_management
#risk_management",,,OSFI CSSA-07,Rationale: Functional; Relationship: Intersects; Alignment Strength: 9,,,ID.GV-4.AS,,APRA CPG 234-22,Rationale: Semantic; Relationship: Superset; Alignment Strength: 8; Functional Coverage Strength: 10,,,,,FFIEC-AIO-02.08,Rationale: Semantic; Relationship: Superset; Alignment Strength: 8,,,OSFI B-13-04,Rationale: Semantic; Relationship: Superset; Alignment Strength: 8,"DORA-06-04
DORA-16-01
DORA-24-04","Rationale: Semantic; Relationship: Superset; Alignment Strength: 8
Rationale: Semantic; Relationship: Intersects; Alignment Strength: 8
Rationale: Semantic; Relationship: Intersects; Alignment Strength: 5",,,TR-3.1.7,Type: Full Summarily,,,038.082,Level: Ds,,,,,"ASIC-GP02.GF
ASIC-KQ01","Rationale: Semantic; Relationship: Superset
Rationale: Semantic; Relationship: Superset",EBA-11,Rationale: Semantic; Relationship: Superset; Alignment Strength: 8,,,,,,
GV.IR-01.02,38.083,GOVERN,Independent Risk Management Function,Independent Risk Management Function,10.0,"Tier: 1
Tier: 2
Tier: 3","GV.IR-01.02: The independent risk management function has sufficient independence, stature, authority, resources, and access to the governing body (e.g., the Board or one of its committees), including reporting lines, to ensure consistency with the organization's risk management frameworks.",None,,"#board_or_committee_oversight
#enterprise_risk_management
#risk_management
#risk_oversight",,,"OSFI CSSA-07
OSFI CSSA-61","Rationale: Functional; Relationship: Intersects; Alignment Strength: 9
Rationale: Functional; Relationship: Intersects; Alignment Strength: 8",,,,,APRA CPG 234-82,Rationale: Semantic; Relationship: Intersects; Alignment Strength: 8; Functional Coverage Strength: 7,NYDFS-11,Rationale: Semantic; Relationship: Intersects; Alignment Strength: 8,,,,,,,,,"DORA-05-01
DORA-05-02
DORA-06-04","Rationale: Semantic; Relationship: Intersects; Alignment Strength: 7
Rationale: Semantic; Relationship: Superset; Alignment Strength: 7
Rationale: Semantic; Relationship: Superset; Alignment Strength: 8",,,,,,,038.083,Level: Ds,,,PM-29,Rationale: Semantic; Relationship: Intersects; Alignment Strength: 7,,,"EBA-11
EBA-12","Rationale: Semantic; Relationship: Superset; Alignment Strength: 8
Rationale: Semantic; Relationship: Subset; Alignment Strength: 7",,,,,,
GV.IR-01.03,38.084,GOVERN,Independent Risk Management Function,Independent Risk Management Function,10.0,"Tier: 1
Tier: 2
Tier: 3","GV.IR-01.03: The independent risk management function has an understanding of the organization's structure, technology and cybersecurity strategies and programs, and relevant risks and threats.",None,,"#enterprise_risk_management
#mission_and_strategy
#risk_management
#threat_management",,,,,,,,,,,,,,,FFIEC-AIO-02.08,Rationale: Semantic; Relationship: Superset; Alignment Strength: 8,,,,,"DORA-05-02
DORA-06-04","Rationale: Semantic; Relationship: Intersects; Alignment Strength: 7
Rationale: Semantic; Relationship: Superset; Alignment Strength: 8",,,,,,,038.084,Level: Ds,,,,,ASIC-KQ03,Rationale: Semantic; Relationship: Superset,EBA-11,Rationale: Semantic; Relationship: Superset; Alignment Strength: 8,,,,,,
GV.IR-02.01,39.085,GOVERN,Independent Risk Management Function,Independent Risk Management Evaluation,10.0,"Tier: 1
Tier: 2
Tier: 3",GV.IR-02.01: The independent risk management function regularly evaluates the appropriateness of the technology and cybersecurity risk management programs to the organization's risk appetite and inherent risk environment,None,,"#enterprise_risk_management
#risk_appetite_/_tolerance
#risk_management",,,"OSFI CSSA-10
OSFI CSSA-20","Rationale: Functional; Relationship: Intersects; Alignment Strength: 9
Rationale: Functional; Relationship: Intersects; Alignment Strength: 8",,,,,,,,,2.3.2.1.8,Level: Innovating,FFIEC-AIO-02.08,Rationale: Semantic; Relationship: Superset; Alignment Strength: 8,,,,,"DORA-06-04
DORA-06-08","Rationale: Semantic; Relationship: Superset; Alignment Strength: 8
Rationale: Semantic; Relationship: Superset; Alignment Strength: 8",,,,,"D1.G.Ov.A.2
D1.RM.RMP.A.2","Level: Advanced; Type: Full Summarily
Level: Advanced; Type: Full Summarily",039.085,Level: Ds,,,,,,,EBA-11,Rationale: Semantic; Relationship: Superset; Alignment Strength: 8,,,,,,
GV.IR-02.02,39.086,GOVERN,Independent Risk Management Function,Independent Risk Management Evaluation,10.0,"Tier: 1
Tier: 2
Tier: 3","GV.IR-02.02: The independent risk management function regularly assesses the organization's controls and cybersecurity risk exposure, identifies opportunities for improvement based on assessment results, and recommends program improvements",None,,"#enterprise_risk_management
#improvements
#program_transformation
#review_assessment_and_testing
#risk_management",,,"OSFI CSSA-10
OSFI CSSA-20","Rationale: Functional; Relationship: Superset; Alignment Strength: 9
Rationale: Functional; Relationship: Intersects; Alignment Strength: 8",,,,,"APRA CPG 234-15
APRA CPG 234-82","Rationale: Semantic; Relationship: Superset; Alignment Strength: 9; Functional Coverage Strength: 10
Rationale: Semantic; Relationship: Intersects; Alignment Strength: 8; Functional Coverage Strength: 7",,,"2.1.2.1.13
2.3.2.1.3
2.6.2.21","Level: Advancing
Level: Evolving
Level: Advancing","FFIEC-AIO-02.08
FFIEC-AIO-17.04","Rationale: Semantic; Relationship: Superset; Alignment Strength: 8
Rationale: Semantic; Relationship: Subset; Alignment Strength: 6",,,OSFI B-13-04,Rationale: Semantic; Relationship: Intersects; Alignment Strength: 7,"DORA-06-04
DORA-06-05
DORA-24-04","Rationale: Semantic; Relationship: Superset; Alignment Strength: 8
Rationale: Semantic; Relationship: Intersects; Alignment Strength: 8
Rationale: Semantic; Relationship: Superset; Alignment Strength: 7",SEC-12.II.C.1.a,Rationale: Semantic; Relationship: Superset; Alignment Strength: 7,,,"D1.RM.RMP.A.2
D3.PC.Se.Int.4","Level: Advanced; Type: Full Summarily
Level: Intermediate; Type: Partial",039.086,Level: Ds,,,,,ASIC-KQ01,Rationale: Semantic; Relationship: Superset,EBA-11,Rationale: Semantic; Relationship: Superset; Alignment Strength: 8,"JFSA-01
JFSA-07","Rationale: Semantic; Relationship: Intersects; Alignment Strength: 7
Rationale: Semantic; Relationship: Superset; Alignment Strength: 7",,,,
GV.IR-03.01,40.087,GOVERN,Independent Risk Management Function,Independent Risk Management Reporting,10.0,"Tier: 1
Tier: 2
Tier: 3","GV.IR-03.01: The independent risk management function reports to the governing authority (e.g., the Board or one of its committees) and to the designated risk management officer within the organization on the implementation of the technology and cybersecurity risk management frameworks throughout the organization and its independent assessment of risk posture.",None,,"#board_or_committee_oversight
#enterprise_risk_management
#metrics_and_reporting
#risk_management
#risk_oversight",,,"OSFI CSSA-10
OSFI CSSA-61","Rationale: Functional; Relationship: Superset; Alignment Strength: 9
Rationale: Functional; Relationship: Superset; Alignment Strength: 8",,,,,,,NYDFS-11,Rationale: Semantic; Relationship: Superset; Alignment Strength: 8,2.1.2.2.21,Level: Evolving,"FFIEC-AIO-02.01
FFIEC-AIO-02.04
FFIEC-AIO-02.08","Rationale: Semantic; Relationship: Superset; Alignment Strength: 6
Rationale: Semantic; Relationship: Superset; Alignment Strength: 7
Rationale: Semantic; Relationship: Superset; Alignment Strength: 8",,,,,"DORA-05-02
DORA-06-04
DORA-06-05","Rationale: Semantic; Relationship: Superset; Alignment Strength: 8
Rationale: Semantic; Relationship: Superset; Alignment Strength: 8
Rationale: Semantic; Relationship: Intersects; Alignment Strength: 8",SEC-13.II.C.2.a,Rationale: Semantic; Relationship: Superset; Alignment Strength: 7,,,"D1.RM.RMP.A.3
D1.TC.Cu.Int.3","Level: Advanced; Type: Full
Level: Intermediate; Type: Full",040.087,Level: Ds,,,,,,,"EBA-11
EBA-12","Rationale: Semantic; Relationship: Superset; Alignment Strength: 8
Rationale: Semantic; Relationship: Subset; Alignment Strength: 9",,,,,,
GV.AU-01.01,42.088,GOVERN,Independent Audit Function,Independent Audit Compliance Assessment,10.0,"Tier: 1
Tier: 2
Tier: 3
Tier: 4","GV.AU-01.01: The organization has an independent audit function (i.e., internal audit group or external auditor) that follows generally accepted audit practices and approved audit policies and procedures.",None,,"#audit_planning_and_testing
#organizational_structure",,,OSFI CSSA-07,Rationale: Functional; Relationship: Intersects; Alignment Strength: 9,,,,,"APRA CPG 234-21
APRA CPG 234-82
APRA CPG 234-83
APRA CPG 234-84","Rationale: Semantic; Relationship: Intersects; Alignment Strength: 8; Functional Coverage Strength: 10
Rationale: Semantic; Relationship: Intersects; Alignment Strength: 8; Functional Coverage Strength: 7
Rationale: Semantic; Relationship: Superset; Alignment Strength: 8; Functional Coverage Strength: 9
Rationale: Semantic; Relationship: Intersects; Alignment Strength: 8; Functional Coverage Strength: 9",NYDFS-03,Rationale: Semantic; Relationship: Superset; Alignment Strength: 9,,,FFIEC-AIO-02.11,Rationale: Semantic; Relationship: Superset; Alignment Strength: 8,FFIEC-BCM-03.04,Rationale: Semantic; Relationship: Intersects; Alignment Strength: 9,,,"DORA-05-01
DORA-06-04
DORA-06-06","Rationale: Semantic; Relationship: Intersects; Alignment Strength: 7
Rationale: Semantic; Relationship: Superset; Alignment Strength: 8
Rationale: Semantic; Relationship: Superset; Alignment Strength: 9",,,TR-15.1.1,Type: Full Summarily,,,042.088,Level: Ds,,,,,,,"EBA-11
EBA-25","Rationale: Semantic; Relationship: Superset; Alignment Strength: 8
Rationale: Semantic; Relationship: Superset; Alignment Strength: 9","JFSA-37
JFSA-39","Rationale: Semantic; Relationship: Superset; Alignment Strength: 8
Rationale: Semantic; Relationship: Superset; Alignment Strength: 8",,,,
GV.AU-01.02,42.089,GOVERN,Independent Audit Function,Independent Audit Compliance Assessment,10.0,"Tier: 1
Tier: 2
Tier: 3
Tier: 4","GV.AU-01.02: The organization has an independent audit plan that provides for the evaluation of technology and cybersecurity risk, including compliance with the approved risk management framework, policies, and processes for technology, cybersecurity, and resilience; and how well the organization adapts to the evolving risk environment while remaining within its stated risk appetite and tolerance.",None,,"#audit_planning_and_testing
#risk_appetite_/_tolerance
#risk_oversight",,,OSFI CSSA-59,Rationale: Functional; Relationship: Intersects; Alignment Strength: 8,,,ID.GV-4.AS,,"APRA CPG 234-83
APRA CPG 234-84","Rationale: Semantic; Relationship: Superset; Alignment Strength: 8; Functional Coverage Strength: 9
Rationale: Semantic; Relationship: Superset; Alignment Strength: 8; Functional Coverage Strength: 9",NYDFS-03,Rationale: Semantic; Relationship: Superset; Alignment Strength: 9,,,"FFIEC-AIO-02.11
FFIEC-AIO-04.05","Rationale: Semantic; Relationship: Superset; Alignment Strength: 8
Rationale: Functional; Relationship: Intersects; Alignment Strength: 3","FFIEC-BCM-03.01
FFIEC-BCM-03.05","Rationale: Functional; Relationship: Intersects; Alignment Strength: 7
Rationale: Semantic; Relationship: Subset; Alignment Strength: 9",,,"DORA-06-04
DORA-06-06","Rationale: Semantic; Relationship: Superset; Alignment Strength: 8
Rationale: Semantic; Relationship: Superset; Alignment Strength: 9",SEC-02.I.A.2,Rationale: Semantic; Relationship: Superset; Alignment Strength: 8,"TR-15.1.2
TR-15.1.3","Type: Full
Type: Full","D1.RM.Au.A.2
D1.RM.Au.E.1
D1.RM.Au.Int.3","Level: Advanced; Type: Full
Level: Evolving; Type: Full
Level: Intermediate; Type: Full",042.089,Level: Ds,"FFIEC-DAM-02.01
FFIEC-DAM-02.08","Rationale: Semantic; Relationship: Intersects
Rationale: Semantic; Relationship: Intersects",,,ASIC-GP04.RI,Rationale: Semantic; Relationship: Superset,"EBA-11
EBA-25
EBA-26","Rationale: Semantic; Relationship: Superset; Alignment Strength: 8
Rationale: Semantic; Relationship: Superset; Alignment Strength: 9
Rationale: Semantic; Relationship: Superset; Alignment Strength: 7","JFSA-37
JFSA-39","Rationale: Semantic; Relationship: Superset; Alignment Strength: 8
Rationale: Semantic; Relationship: Superset; Alignment Strength: 8",,,,
GV.AU-01.03,42.09,GOVERN,Independent Audit Function,Independent Audit Compliance Assessment,10.0,"Tier: 1
Tier: 2
Tier: 3
Tier: 4","GV.AU-01.03: The independent audit function tests technology management, cybersecurity, incident response, and resilience policies and controls.",None,,"#audit_planning_and_testing
#review_assessment_and_testing","APRA CPS 234-26
APRA CPS 234-32","Rationale: Semantic; Relationship: Superset; Alignment Strength: 8
Rationale: Semantic; Relationship: Superset; Alignment Strength: 9",,,,,ID.GV-4.AS,,"APRA CPG 234-74
APRA CPG 234-82
APRA CPG 234-84","Rationale: Semantic; Relationship: Superset; Alignment Strength: 8; Functional Coverage Strength: 10
Rationale: Semantic; Relationship: Intersects; Alignment Strength: 8; Functional Coverage Strength: 7
Rationale: Semantic; Relationship: Superset; Alignment Strength: 7; Functional Coverage Strength: 9",NYDFS-03,Rationale: Semantic; Relationship: Superset; Alignment Strength: 9,"2.3.2.1.3
2.3.2.1.8","Level: Evolving
Level: Innovating","FFIEC-AIO-02.11
FFIEC-AIO-16.04","Rationale: Semantic; Relationship: Superset; Alignment Strength: 8
Rationale: Semantic; Relationship: Superset; Alignment Strength: 4","FFIEC-BCM-03.01
FFIEC-BCM-03.05
FFIEC-BCM-10.07","Rationale: Functional; Relationship: Intersects; Alignment Strength: 8
Rationale: Semantic; Relationship: Subset; Alignment Strength: 8
Rationale: Semantic; Relationship: Subset; Alignment Strength: 8",,,"DORA-06-04
DORA-06-06
DORA-11-03
DORA-11-06
DORA-16-01
DORA-24-04","Rationale: Semantic; Relationship: Superset; Alignment Strength: 8
Rationale: Semantic; Relationship: Superset; Alignment Strength: 9
Rationale: Semantic; Relationship: Superset; Alignment Strength: 8
Rationale: Semantic; Relationship: Intersects; Alignment Strength: 8
Rationale: Semantic; Relationship: Intersects; Alignment Strength: 8
Rationale: Semantic; Relationship: Intersects; Alignment Strength: 9",,,TR-3.1.7,Type: Full Summarily,"D1.G.RM.Au.B.1
D1.RM.Au.A.3
D1.RM.Au.B.2
D1.RM.Au.E.2
D1.RM.Au.E.3
D1.RM.Au.E.5
D1.RM.Au.Int.2","Level: Baseline; Type: Full Summarily
Level: Advanced; Type: Full Summarily
Level: Baseline; Type: Full
Level: Evolving; Type: Full Summarily
Level: Evolving; Type: Full Summarily
Level: Evolving; Type: Full Summarily
Level: Intermediate; Type: Full Summarily",042.090,Level: Ds,"FFIEC-DAM-02.01
FFIEC-DAM-02.08","Rationale: Semantic; Relationship: Intersects
Rationale: Semantic; Relationship: Superset",,,,,"EBA-11
EBA-25","Rationale: Semantic; Relationship: Superset; Alignment Strength: 8
Rationale: Semantic; Relationship: Superset; Alignment Strength: 9","JFSA-37
JFSA-38
JFSA-39","Rationale: Semantic; Relationship: Superset; Alignment Strength: 8
Rationale: Functional; Relationship: Intersects; Alignment Strength: 4
Rationale: Semantic; Relationship: Superset; Alignment Strength: 8",,,,
GV.AU-01.04,42.091,GOVERN,Independent Audit Function,Independent Audit Compliance Assessment,10.0,"Tier: 1
Tier: 2
Tier: 3
Tier: 4","GV.AU-01.04: The independent audit function evaluates and tests third-party risk management policies and controls, identifies weaknesses and gaps, and recommends improvements to senior management and the governing authority (e.g., the Board or one of its committees).",None,,"#audit_planning_and_testing
#board_or_committee_oversight
#metrics_and_reporting
#policy_management
#review_assessment_and_testing
#risk_management
#risk_oversight
#supply_chain_management
#third_party_risk_management","APRA CPS 234-32
APRA CPS 234-34","Rationale: Semantic; Relationship: Superset; Alignment Strength: 9
Rationale: Semantic; Relationship: Superset; Alignment Strength: 8",,,,,,,"APRA CPG 234-84
APRA CPG 234-86","Rationale: Semantic; Relationship: Superset; Alignment Strength: 7; Functional Coverage Strength: 9
Rationale: Semantic; Relationship: Superset; Alignment Strength: 9; Functional Coverage Strength: 9",NYDFS-03,Rationale: Semantic; Relationship: Superset; Alignment Strength: 9,,,"FFIEC-AIO-02.11
FFIEC-AIO-07.04","Rationale: Semantic; Relationship: Intersects; Alignment Strength: 5
Rationale: Semantic; Relationship: Superset; Alignment Strength: 7",FFIEC-BCM-03.03,Rationale: Semantic; Relationship: Superset; Alignment Strength: 6,,,"DORA-05-02
DORA-06-04
DORA-06-06
DORA-28-06","Rationale: Semantic; Relationship: Superset; Alignment Strength: 7
Rationale: Semantic; Relationship: Superset; Alignment Strength: 8
Rationale: Semantic; Relationship: Superset; Alignment Strength: 7
Rationale: Semantic; Relationship: Intersects; Alignment Strength: 7",,,,,D1.RM.Au.E.4,Level: Evolving; Type: Full,042.091,Level: Ds,"FFIEC-DAM-02.01
FFIEC-DAM-02.08","Rationale: Semantic; Relationship: Intersects
Rationale: Semantic; Relationship: Superset",,,ASIC-GP04.IN,Rationale: Semantic; Relationship: Intersects,EBA-11,Rationale: Semantic; Relationship: Superset; Alignment Strength: 8,"JFSA-37
JFSA-39","Rationale: Semantic; Relationship: Superset; Alignment Strength: 8
Rationale: Semantic; Relationship: Superset; Alignment Strength: 8",,,,
GV.AU-01.05,42.092,GOVERN,Independent Audit Function,Independent Audit Compliance Assessment,10.0,"Tier: 1
Tier: 2
Tier: 3
Tier: 4",GV.AU-01.05: An independent audit function assesses compliance with applicable laws and regulations.,None,,"#audit_planning_and_testing
#review_assessment_and_testing",,,OSFI CSSA-59,Rationale: Functional; Relationship: Intersects; Alignment Strength: 8,,,,,APRA CPG 234-84,Rationale: Semantic; Relationship: Superset; Alignment Strength: 6; Functional Coverage Strength: 9,NYDFS-03,Rationale: Semantic; Relationship: Superset; Alignment Strength: 8,,,FFIEC-AIO-02.11,Rationale: Semantic; Relationship: Intersects; Alignment Strength: 5,,,,,DORA-06-04,Rationale: Semantic; Relationship: Superset; Alignment Strength: 8,,,,,,,042.092,Level: Ds,,,,,,,"EBA-11
EBA-25","Rationale: Semantic; Relationship: Superset; Alignment Strength: 8
Rationale: Semantic; Relationship: Superset; Alignment Strength: 9","JFSA-37
JFSA-38
JFSA-39","Rationale: Semantic; Relationship: Superset; Alignment Strength: 8
Rationale: Functional; Relationship: Intersects; Alignment Strength: 4
Rationale: Semantic; Relationship: Superset; Alignment Strength: 8",,,,
GV.AU-02.01,43.093,GOVERN,Independent Audit Function,Independent Audit Procedures,10.0,"Tier: 1
Tier: 2
Tier: 3
Tier: 4","GV.AU-02.01: A formal process is in place for the independent audit function to review and update its procedures and audit plans regularly or in response to changes in relevant standards, the technology environment, or the business environment.",None,,"#audit_planning_and_testing
#compliance
#industry_standards
#policy_management",APRA CPS 234-31,Rationale: Semantic; Relationship: Superset; Alignment Strength: 6,,,,,,,"APRA CPG 234-83
APRA CPG 234-84
APRA CPG 234-85","Rationale: Semantic; Relationship: Superset; Alignment Strength: 8; Functional Coverage Strength: 9
Rationale: Semantic; Relationship: Superset; Alignment Strength: 8; Functional Coverage Strength: 9
Rationale: Semantic; Relationship: Superset; Alignment Strength: 5; Functional Coverage Strength: 5",,,,,FFIEC-AIO-02.11,Rationale: Semantic; Relationship: Superset; Alignment Strength: 7,FFIEC-BCM-03.05,Rationale: Semantic; Relationship: Subset; Alignment Strength: 7,,,"DORA-05-02
DORA-06-04
DORA-06-06","Rationale: Semantic; Relationship: Superset; Alignment Strength: 7
Rationale: Semantic; Relationship: Superset; Alignment Strength: 8
Rationale: Semantic; Relationship: Superset; Alignment Strength: 7",,,,,D1.RM.Au.A.1,Level: Advanced; Type: Full,043.093,Level: Ds,,,,,,,"EBA-11
EBA-26","Rationale: Semantic; Relationship: Superset; Alignment Strength: 8
Rationale: Semantic; Relationship: Superset; Alignment Strength: 9","JFSA-37
JFSA-39","Rationale: Semantic; Relationship: Superset; Alignment Strength: 8
Rationale: Semantic; Relationship: Superset; Alignment Strength: 8",,,,
GV.AU-02.02,43.094,GOVERN,Independent Audit Function,Independent Audit Procedures,10.0,"Tier: 1
Tier: 2
Tier: 3
Tier: 4","GV.AU-02.02: A formal process is in place for the independent audit function to update its procedures and audit plans based on changes to the organization's risk appetite, risk tolerance, threat environment, and evolving risk profile.",None,,"#audit_planning_and_testing
#policy_management
#risk_appetite_/_tolerance",APRA CPS 234-31,Rationale: Semantic; Relationship: Superset; Alignment Strength: 6,,,,,,,"APRA CPG 234-83
APRA CPG 234-84","Rationale: Semantic; Relationship: Superset; Alignment Strength: 8; Functional Coverage Strength: 9
Rationale: Semantic; Relationship: Superset; Alignment Strength: 8; Functional Coverage Strength: 9",,,,,FFIEC-AIO-02.11,Rationale: Semantic; Relationship: Superset; Alignment Strength: 7,FFIEC-BCM-03.05,Rationale: Semantic; Relationship: Subset; Alignment Strength: 7,,,"DORA-05-02
DORA-06-04
DORA-06-06","Rationale: Semantic; Relationship: Superset; Alignment Strength: 7
Rationale: Semantic; Relationship: Superset; Alignment Strength: 8
Rationale: Semantic; Relationship: Superset; Alignment Strength: 7",,,,,"D1.RM.Au.Inn.1
D1.RM.Au.Int.1","Level: Innovative; Type: Full
Level: Intermediate; Type: Full",043.094,Level: Ds,,,,,,,"EBA-11
EBA-26","Rationale: Semantic; Relationship: Superset; Alignment Strength: 8
Rationale: Semantic; Relationship: Superset; Alignment Strength: 9","JFSA-37
JFSA-39","Rationale: Semantic; Relationship: Superset; Alignment Strength: 8
Rationale: Semantic; Relationship: Superset; Alignment Strength: 8",,,,
GV.AU-03.01,44.095,GOVERN,Independent Audit Function,Independent Audit Reporting,10.0,"Tier: 1
Tier: 2
Tier: 3
Tier: 4",GV.AU-03.01: The independent audit function reviews technology and cybersecurity practices and identifies weaknesses and gaps.,None,,#audit_planning_and_testing,,,,,,,ID.GV-4.AS,,,,NYDFS-03,Rationale: Semantic; Relationship: Superset; Alignment Strength: 9,,,FFIEC-AIO-02.11,Rationale: Semantic; Relationship: Superset; Alignment Strength: 8,"FFIEC-BCM-03.01
FFIEC-BCM-03.05","Rationale: Functional; Relationship: Intersects; Alignment Strength: 7
Rationale: Semantic; Relationship: Subset; Alignment Strength: 7",,,"DORA-06-04
DORA-06-06
DORA-11-03","Rationale: Semantic; Relationship: Superset; Alignment Strength: 8
Rationale: Semantic; Relationship: Superset; Alignment Strength: 8
Rationale: Semantic; Relationship: Intersects; Alignment Strength: 8",,,,,"D1.G.RM.Au.B.1
D1.RM.Au.A.3
D1.RM.Au.E.2
D1.RM.Au.E.3
D1.RM.Au.E.5
D1.RM.Au.Int.2
D1.RM.Au.Int.4","Level: Baseline; Type: Full Summarily
Level: Advanced; Type: Full Summarily
Level: Evolving; Type: Full Summarily
Level: Evolving; Type: Full Summarily
Level: Evolving; Type: Full Summarily
Level: Intermediate; Type: Full Summarily
Level: Intermediate; Type: Full",044.095,Level: Ds,"FFIEC-DAM-02.01
FFIEC-DAM-02.08","Rationale: Semantic; Relationship: Intersects
Rationale: Semantic; Relationship: Superset",,,ASIC-GP04.RI,Rationale: Semantic; Relationship: Superset,EBA-11,Rationale: Semantic; Relationship: Superset; Alignment Strength: 8,"JFSA-37
JFSA-38
JFSA-39","Rationale: Semantic; Relationship: Superset; Alignment Strength: 8
Rationale: Functional; Relationship: Intersects; Alignment Strength: 4
Rationale: Semantic; Relationship: Superset; Alignment Strength: 8",,,,
GV.AU-03.02,44.096,GOVERN,Independent Audit Function,Independent Audit Reporting,10.0,"Tier: 1
Tier: 2
Tier: 3
Tier: 4",GV.AU-03.02: The independent audit function tracks identified issues and corrective actions from internal audits and independent testing/assessments to ensure timely resolution.,None,,#audit_planning_and_testing,,,,,,,,,,,,,,,FFIEC-AIO-02.11,Rationale: Semantic; Relationship: Superset; Alignment Strength: 6,FFIEC-BCM-03.05,Rationale: Semantic; Relationship: Subset; Alignment Strength: 6,,,"DORA-06-04
DORA-06-06
DORA-06-07","Rationale: Semantic; Relationship: Superset; Alignment Strength: 8
Rationale: Semantic; Relationship: Superset; Alignment Strength: 8
Rationale: Semantic; Relationship: Subset; Alignment Strength: 9",,,,,D1.RM.Au.B.4,Level: Baseline; Type: Full Summarily,044.096,Level: Ds,,,,,ASIC-GP04.RI,Rationale: Semantic; Relationship: Superset,"EBA-11
EBA-27","Rationale: Semantic; Relationship: Superset; Alignment Strength: 8
Rationale: Semantic; Relationship: Superset; Alignment Strength: 9",JFSA-37,Rationale: Semantic; Relationship: Superset; Alignment Strength: 8,,,,
GV.AU-03.03,44.097,GOVERN,Independent Audit Function,Independent Audit Reporting,10.0,"Tier: 1
Tier: 2
Tier: 3
Tier: 4","GV.AU-03.03: The independent audit function reports to the governing authority (e.g., the Board or one of its committees) within the organization, including when its assessment differs from that of the organization, or when risk tolerance has been exceeded in any part of the organization.",None,,"#audit_planning_and_testing
#board_or_committee_oversight
#metrics_and_reporting
#review_assessment_and_testing
#risk_appetite_/_tolerance
#risk_management
#risk_oversight","APRA CPS 234-13
APRA CPS 234-29","Rationale: Semantic; Relationship: Superset; Alignment Strength: 8
Rationale: Semantic; Relationship: Superset; Alignment Strength: 7",OSFI CSSA-61,Rationale: Functional; Relationship: Superset; Alignment Strength: 9,,,,,"APRA CPG 234-83
APRA CPG 234-86","Rationale: Semantic; Relationship: Superset; Alignment Strength: 8; Functional Coverage Strength: 9
Rationale: Semantic; Relationship: Intersects; Alignment Strength: 9; Functional Coverage Strength: 9",NYDFS-03,Rationale: Semantic; Relationship: Superset; Alignment Strength: 9,,,"FFIEC-AIO-02.01
FFIEC-AIO-02.03
FFIEC-AIO-02.04
FFIEC-AIO-02.11","Rationale: Semantic; Relationship: Superset; Alignment Strength: 7
Rationale: Semantic; Relationship: Superset; Alignment Strength: 9
Rationale: Semantic; Relationship: Superset; Alignment Strength: 8
Rationale: Semantic; Relationship: Superset; Alignment Strength: 7","FFIEC-BCM-03.01
FFIEC-BCM-03.02
FFIEC-BCM-03.05","Rationale: Semantic; Relationship: Superset; Alignment Strength: 7
Rationale: Semantic; Relationship: Intersects; Alignment Strength: 3
Rationale: Semantic; Relationship: Subset; Alignment Strength: 6",,,"DORA-05-02
DORA-06-04
DORA-06-06","Rationale: Semantic; Relationship: Superset; Alignment Strength: 8
Rationale: Semantic; Relationship: Superset; Alignment Strength: 8
Rationale: Semantic; Relationship: Superset; Alignment Strength: 8",,,TR-15.1.1,Type: Full Summarily,,,044.097,Level: Ds,,,,,ASIC-GP04.RI,Rationale: Semantic; Relationship: Superset,"EBA-11
EBA-26","Rationale: Semantic; Relationship: Superset; Alignment Strength: 8
Rationale: Semantic; Relationship: Intersects; Alignment Strength: 7","JFSA-37
JFSA-39
JFSA-40","Rationale: Semantic; Relationship: Superset; Alignment Strength: 8
Rationale: Semantic; Relationship: Superset; Alignment Strength: 8
Rationale: Semantic; Relationship: Superset; Alignment Strength: 8",,,NAIC-IDSML-04,Rationale: Semantic; Relationship: Intersects
ID.AM-01.01,47.098,IDENTIFY,Asset Management,Hardware Inventory,10.0,"Tier: 1
Tier: 2
Tier: 3
Tier: 4","ID.AM-01.01: The organization maintains a current and complete asset inventory of physical devices, hardware, and information systems.",ID.AM-01,,"#asset_classification_and_criticality
#asset_inventory
#asset_management
#asset_ownership
#critical_infrastructure
#physical_infrastructure",,,"OSFI CSSA-14
OSFI CSSA-16","Rationale: Functional; Relationship: Intersects; Alignment Strength: 8
Rationale: Functional; Relationship: Superset; Alignment Strength: 9",,,ID.AM-1.AI,,"APRA CPG 234-30
APRA CPG 234-32
APRA CPG 234-36","Rationale: Semantic; Relationship: Superset; Alignment Strength: 8; Functional Coverage Strength: 9
Rationale: Functional; Relationship: Superset; Alignment Strength: 7; Functional Coverage Strength: 7
Rationale: Semantic; Relationship: Superset; Alignment Strength: 8; Functional Coverage Strength: 10",NYDFS-30,Rationale: Semantic; Relationship: Superset; Alignment Strength: 10,"2.2.2.11
2.2.2.8","Level: Advancing
Level: Advancing","FFIEC-AIO-03.06
FFIEC-AIO-04.01
FFIEC-AIO-04.02
FFIEC-AIO-04.03
FFIEC-AIO-04.06
FFIEC-AIO-13.02
FFIEC-AIO-13.03","Rationale: Functional; Relationship: Intersects; Alignment Strength: 4
Rationale: Semantic; Relationship: Superset; Alignment Strength: 7
Rationale: Semantic; Relationship: Superset; Alignment Strength: 7
Rationale: Semantic; Relationship: Superset; Alignment Strength: 4
Rationale: Functional; Relationship: Superset; Alignment Strength: 5
Rationale: Semantic; Relationship: Superset; Alignment Strength: 8
Rationale: Semantic; Relationship: Superset; Alignment Strength: 4",,,OSFI B-13-09,Rationale: Semantic; Relationship: Superset; Alignment Strength: 9,"DORA-08-01
DORA-08-04
DORA-08-06","Rationale: Semantic; Relationship: Intersects; Alignment Strength: 8
Rationale: Semantic; Relationship: Superset; Alignment Strength: 8
Rationale: Semantic; Relationship: Superset; Alignment Strength: 8",,,"TR-11.5.1
TR-3.3.1
TR-3.3.2","Type: Full Summarily
Type: Full Summarily
Type: Full Summarily","D1.G.IT.B.1
D1.G.IT.E.1","Level: Baseline; Type: Full Summarily
Level: Evolving; Type: Full Summarily",047.098,Level: Ds,,,"CM-08
PE-20","Rationale: Semantic; Relationship: Intersects; Alignment Strength: 5
Rationale: Semantic; Relationship: Intersects; Alignment Strength: 8",ASIC-GP06.AM,Rationale: Semantic; Relationship: Superset,"EBA-16
EBA-53
EBA-54","Rationale: Semantic; Relationship: Subset; Alignment Strength: 8
Rationale: Semantic; Relationship: Superset; Alignment Strength: 9
Rationale: Semantic; Relationship: Superset; Alignment Strength: 8",JFSA-11,Rationale: Semantic; Relationship: Superset; Alignment Strength: 8,"1.1
1.3
1.4
1.5
12.4","Rationale: Semantic; Relationship: Superset
Rationale: Semantic; Relationship: Subset
Rationale: Semantic; Relationship: Subset
Rationale: Semantic; Relationship: Intersects
Rationale: Semantic; Relationship: Intersects",,
ID.AM-02.01,48.099,IDENTIFY,Asset Management,"Software, Services, & Systems Inventory",10.0,"Tier: 1
Tier: 2
Tier: 3
Tier: 4","ID.AM-02.01: The organization maintains a current and complete inventory of software platforms, business applications, and other software assets (e.g., virtual machines and virtual network devices).",ID.AM-02,,"#asset_classification_and_criticality
#asset_inventory
#asset_management
#asset_ownership
#critical_infrastructure
#physical_infrastructure",,,"OSFI CSSA-14
OSFI CSSA-16","Rationale: Functional; Relationship: Intersects; Alignment Strength: 8
Rationale: Functional; Relationship: Superset; Alignment Strength: 9",,,ID.AM-2.SI,,"APRA CPG 234-30
APRA CPG 234-62","Rationale: Semantic; Relationship: Superset; Alignment Strength: 8; Functional Coverage Strength: 9
Rationale: Semantic; Relationship: Intersects; Alignment Strength: 9; Functional Coverage Strength: 9",NYDFS-30,Rationale: Semantic; Relationship: Superset; Alignment Strength: 9,"2.2.2.11
2.2.2.8","Level: Advancing
Level: Advancing","FFIEC-AIO-03.06
FFIEC-AIO-04.01
FFIEC-AIO-04.02
FFIEC-AIO-04.03
FFIEC-AIO-04.06
FFIEC-AIO-13.02
FFIEC-AIO-13.03
FFIEC-AIO-13.04","Rationale: Functional; Relationship: Intersects; Alignment Strength: 4
Rationale: Semantic; Relationship: Superset; Alignment Strength: 7
Rationale: Semantic; Relationship: Superset; Alignment Strength: 7
Rationale: Semantic; Relationship: Superset; Alignment Strength: 4
Rationale: Functional; Relationship: Superset; Alignment Strength: 5
Rationale: Semantic; Relationship: Superset; Alignment Strength: 8
Rationale: Semantic; Relationship: Superset; Alignment Strength: 3
Rationale: Semantic; Relationship: Superset; Alignment Strength: 5",,,OSFI B-13-09,Rationale: Semantic; Relationship: Superset; Alignment Strength: 9,"DORA-08-01
DORA-08-04
DORA-08-06","Rationale: Semantic; Relationship: Intersects; Alignment Strength: 8
Rationale: Semantic; Relationship: Superset; Alignment Strength: 8
Rationale: Semantic; Relationship: Superset; Alignment Strength: 8",,,"TR-11.5.1
TR-3.3.1
TR-3.3.2","Type: Full Summarily
Type: Full Summarily
Type: Full Summarily","D1.G.IT.A.2
D1.G.IT.B.1
D1.G.IT.E.1","Level: Advanced; Type: Partial
Level: Baseline; Type: Full Summarily
Level: Evolving; Type: Full Summarily",048.099,Level: Ds,"FFIEC-DAM-07.05
FFIEC-DAM-13.02","Rationale: Semantic; Relationship: Intersects
Rationale: Semantic; Relationship: Intersects","CM-08
PM-05","Rationale: Semantic; Relationship: Intersects; Alignment Strength: 5
Rationale: Semantic; Relationship: Intersects; Alignment Strength: 9",ASIC-GP06.AM,Rationale: Semantic; Relationship: Superset,"EBA-16
EBA-53
EBA-54","Rationale: Semantic; Relationship: Subset; Alignment Strength: 8
Rationale: Semantic; Relationship: Superset; Alignment Strength: 9
Rationale: Semantic; Relationship: Superset; Alignment Strength: 8",JFSA-11,Rationale: Semantic; Relationship: Superset; Alignment Strength: 8,"1.1
1.4
1.5
12.4
16.4
2.1
2.4
6.6","Rationale: Semantic; Relationship: Superset
Rationale: Semantic; Relationship: Subset
Rationale: Semantic; Relationship: Intersects
Rationale: Semantic; Relationship: Intersects
Rationale: Semantic; Relationship: Intersects
Rationale: Semantic; Relationship: Intersects
Rationale: Semantic; Relationship: Subset
Rationale: Semantic; Relationship: Intersects",,
ID.AM-03.01,49.1,IDENTIFY,Asset Management,Network Communications & Data Flows,10.0,"Tier: 1
Tier: 2
Tier: 3
Tier: 4","ID.AM-03.01: The organization maintains current maps of network resources, mobile resources, external connections, network-connected third parties, and network data flows.",ID.AM-03,,"#asset_inventory
#data_flow
#network_diagrams
#remote_access",,,"OSFI CSSA-16
OSFI CSSA-30
OSFI CSSA-31","Rationale: Functional; Relationship: Superset; Alignment Strength: 7
Rationale: Functional; Relationship: Intersects; Alignment Strength: 7
Rationale: Functional; Relationship: Intersects; Alignment Strength: 7",,,"ID.AM-1.AI
ID.AM-3.DF
ID.AM-4.EC","

","APRA CPG 234-21
APRA CPG 234-30","Rationale: Semantic; Relationship: Intersects; Alignment Strength: 5; Functional Coverage Strength: 10
Rationale: Semantic; Relationship: Superset; Alignment Strength: 8; Functional Coverage Strength: 9",,,"2.2.2.10
2.2.2.3
2.2.2.5
2.3.2.1.20","Level: Advancing
Level: Evolving
Level: Evolving
Level: Advancing","FFIEC-AIO-04.01
FFIEC-AIO-04.02
FFIEC-AIO-05.01
FFIEC-AIO-05.02
FFIEC-AIO-13.03","Rationale: Semantic; Relationship: Superset; Alignment Strength: 7
Rationale: Semantic; Relationship: Superset; Alignment Strength: 7
Rationale: Semantic; Relationship: Superset; Alignment Strength: 6
Rationale: Semantic; Relationship: Intersects; Alignment Strength: 8
Rationale: Semantic; Relationship: Superset; Alignment Strength: 4","FFIEC-BCM-04.01
FFIEC-BCM-05.03","Rationale: Semantic; Relationship: Subset; Alignment Strength: 9
Rationale: Semantic; Relationship: Intersects; Alignment Strength: 7",OSFI B-13-09,Rationale: Semantic; Relationship: Intersects; Alignment Strength: 8,DORA-08-04,Rationale: Semantic; Relationship: Superset; Alignment Strength: 8,,,,,"D4.C.Co.B.3
D4.C.Co.E.2
D4.C.Co.Inn.1
D4.C.Co.Int.1","Level: Baseline; Type: Full
Level: Evolving; Type: Full Summarily
Level: Innovative; Type: Partial
Level: Intermediate; Type: Partial",049.100,Level: Ds,FFIEC-DAM-09.01,Rationale: Semantic; Relationship: Intersects,"AC-04
PL-02
SA-09","Rationale: Semantic; Relationship: Intersects; Alignment Strength: 7
Rationale: Semantic; Relationship: Subset; Alignment Strength: 5
Rationale: Semantic; Relationship: Intersects; Alignment Strength: 7",,,"EBA-15
EBA-16
EBA-53
EBA-54","Rationale: Semantic; Relationship: Superset; Alignment Strength: 8
Rationale: Semantic; Relationship: Subset; Alignment Strength: 8
Rationale: Semantic; Relationship: Superset; Alignment Strength: 9
Rationale: Semantic; Relationship: Superset; Alignment Strength: 8",,,"1.3
12.4
3.8","Rationale: Semantic; Relationship: Subset
Rationale: Semantic; Relationship: Equivalent
Rationale: Semantic; Relationship: Intersects",,
ID.AM-04.01,50.101,IDENTIFY,Asset Management,Supplier Services Inventory,10.0,"Tier: 1
Tier: 2
Tier: 3
Tier: 4","ID.AM-04.01: Hardware, software, and data assets maintained by or located at suppliers or other third parties are included in asset management inventories and lifecycle management processes as required for effective management and security.",ID.AM-04,,"#asset_classification_and_criticality
#asset_inventory
#asset_management
#asset_ownership
#critical_infrastructure
#data_lifecycle
#physical_infrastructure","APRA CPS 234-16
APRA CPS 234-20
APRA CPS 234-21
APRA CPS 234-22
APRA CPS 234-28","Rationale: Semantic; Relationship: Superset; Alignment Strength: 9
Rationale: Semantic; Relationship: Intersects; Alignment Strength: 9
Rationale: Semantic; Relationship: Superset; Alignment Strength: 7
Rationale: Semantic; Relationship: Superset; Alignment Strength: 8
Rationale: Semantic; Relationship: Intersects; Alignment Strength: 6",OSFI CSSA-14,Rationale: Functional; Relationship: Intersects; Alignment Strength: 8,,,ID.AM-1.AI,,"APRA CPG 234-27
APRA CPG 234-34
APRA CPG 234-56
APRA CPG 234-63","Rationale: Semantic; Relationship: Superset; Alignment Strength: 7; Functional Coverage Strength: 10
Rationale: Semantic; Relationship: Intersects; Alignment Strength: 8; Functional Coverage Strength: 10
Rationale: Semantic; Relationship: Intersects; Alignment Strength: 7; Functional Coverage Strength: 9
Rationale: Semantic; Relationship: Intersects; Alignment Strength: 6; Functional Coverage Strength: 10",NYDFS-30,Rationale: Semantic; Relationship: Superset; Alignment Strength: 7,,,"FFIEC-AIO-03.05
FFIEC-AIO-03.06
FFIEC-AIO-04.01
FFIEC-AIO-04.02
FFIEC-AIO-04.03
FFIEC-AIO-04.06
FFIEC-AIO-13.02
FFIEC-AIO-13.04","Rationale: Semantic; Relationship: Intersects; Alignment Strength: 5
Rationale: Semantic; Relationship: Superset; Alignment Strength: 3
Rationale: Semantic; Relationship: Superset; Alignment Strength: 7
Rationale: Semantic; Relationship: Superset; Alignment Strength: 7
Rationale: Semantic; Relationship: Superset; Alignment Strength: 4
Rationale: Functional; Relationship: Superset; Alignment Strength: 5
Rationale: Semantic; Relationship: Superset; Alignment Strength: 4
Rationale: Semantic; Relationship: Superset; Alignment Strength: 5",,,"OSFI B-13-08
OSFI B-13-09
OSFI B-13-40","Rationale: Semantic; Relationship: Intersects; Alignment Strength: 9
Rationale: Semantic; Relationship: Intersects; Alignment Strength: 9
Rationale: Semantic; Relationship: Intersects; Alignment Strength: 7","DORA-08-01
DORA-08-04","Rationale: Semantic; Relationship: Intersects; Alignment Strength: 8
Rationale: Semantic; Relationship: Superset; Alignment Strength: 6",,,"TR-3.3.1
TR-3.3.2","Type: Full Summarily
Type: Full Summarily",D1.G.IT.B.1,Level: Baseline; Type: Full Summarily,050.101,Level: Ds,FFIEC-DAM-04.06,Rationale: Semantic; Relationship: Intersects,PM-05,Rationale: Semantic; Relationship: Intersects; Alignment Strength: 8,"ASIC-GP03.RM
ASIC-GP06.AM
ASIC-KQ07","Rationale: Semantic; Relationship: Superset
Rationale: Semantic; Relationship: Superset
Rationale: Semantic; Relationship: Superset","EBA-16
EBA-53
EBA-54","Rationale: Semantic; Relationship: Subset; Alignment Strength: 8
Rationale: Semantic; Relationship: Superset; Alignment Strength: 9
Rationale: Semantic; Relationship: Superset; Alignment Strength: 8","JFSA-11
JFSA-14","Rationale: Semantic; Relationship: Superset; Alignment Strength: 7
Rationale: Semantic; Relationship: Superset; Alignment Strength: 7","1.1
2.4
3.13
3.8
6.6","Rationale: Semantic; Relationship: Superset
Rationale: Semantic; Relationship: Intersects
Rationale: Semantic; Relationship: Intersects
Rationale: Semantic; Relationship: Intersects
Rationale: Semantic; Relationship: Intersects",,
ID.AM-05.01,51.102,IDENTIFY,Asset Management,Asset Protection Prioritization,10.0,"Tier: 1
Tier: 2
Tier: 3","ID.AM-05.01: The organization establishes and maintains risk-based policies and procedures for the classification of hardware, software, and data assets based on sensitivity and criticality.",ID.AM-05,,"#asset_classification_and_criticality
#asset_inventory
#asset_management
#business_impact_analysis
#policy_management",APRA CPS 234-20,Rationale: Semantic; Relationship: Superset; Alignment Strength: 9,"OSFI CSSA-14
OSFI CSSA-17","Rationale: Functional; Relationship: Intersects; Alignment Strength: 8
Rationale: Functional; Relationship: Superset; Alignment Strength: 9",,,ID.AM-5.DI,,"APRA CPG 234-26
APRA CPG 234-27
APRA CPG 234-28
APRA CPG 234-29
APRA CPG 234-33","Rationale: Semantic; Relationship: Superset; Alignment Strength: 8; Functional Coverage Strength: 10
Rationale: Semantic; Relationship: Superset; Alignment Strength: 9; Functional Coverage Strength: 10
Rationale: Semantic; Relationship: Superset; Alignment Strength: 8; Functional Coverage Strength: 9
Rationale: Semantic; Relationship: Equal; Alignment Strength: 10; Functional Coverage Strength: 10
Rationale: Semantic; Relationship: Superset; Alignment Strength: 7; Functional Coverage Strength: 10","NYDFS-23
NYDFS-30","Rationale: Semantic; Relationship: Intersects; Alignment Strength: 9
Rationale: Semantic; Relationship: Intersects; Alignment Strength: 6",,,"FFIEC-AIO-03.01
FFIEC-AIO-03.03
FFIEC-AIO-03.05
FFIEC-AIO-03.06
FFIEC-AIO-04.01
FFIEC-AIO-04.02","Rationale: Semantic; Relationship: Intersects; Alignment Strength: 6
Rationale: Semantic; Relationship: Superset; Alignment Strength: 8
Rationale: Semantic; Relationship: Superset; Alignment Strength: 6
Rationale: Functional; Relationship: Intersects; Alignment Strength: 2
Rationale: Semantic; Relationship: Superset; Alignment Strength: 8
Rationale: Semantic; Relationship: Superset; Alignment Strength: 8",,,"OSFI B-13-08
OSFI B-13-09
OSFI B-13-35","Rationale: Semantic; Relationship: Superset; Alignment Strength: 9
Rationale: Semantic; Relationship: Superset; Alignment Strength: 9
Rationale: Semantic; Relationship: Intersects; Alignment Strength: 7","DORA-08-01
DORA-08-04
DORA-08-06","Rationale: Semantic; Relationship: Intersects; Alignment Strength: 8
Rationale: Semantic; Relationship: Superset; Alignment Strength: 8
Rationale: Semantic; Relationship: Superset; Alignment Strength: 8",,,TR-3.3.1,Type: Full Summarily,D3.PC.Im.Inn.1,Level: Innovative; Type: Partial,051.102,Level: Ds,FFIEC-DAM-04.06,Rationale: Semantic; Relationship: Intersects,"CP-02
PL-10
RA-02
RA-09","Rationale: Semantic; Relationship: Intersects; Alignment Strength: 8
Rationale: Semantic; Relationship: Intersects; Alignment Strength: 7
Rationale: Semantic; Relationship: Equal; Alignment Strength: 9
Rationale: Semantic; Relationship: Intersects; Alignment Strength: 9",ASIC-KQ07,Rationale: Semantic; Relationship: Superset,"EBA-17
EBA-18
EBA-19
EBA-20
EBA-54","Rationale: Semantic; Relationship: Subset; Alignment Strength: 9
Rationale: Functional; Relationship: Superset; Alignment Strength: 6
Rationale: Semantic; Relationship: Subset; Alignment Strength: 5
Rationale: Functional; Relationship: Intersects; Alignment Strength: 5
Rationale: Semantic; Relationship: Superset; Alignment Strength: 8",JFSA-14,Rationale: Semantic; Relationship: Superset; Alignment Strength: 8,"3.1
3.7","Rationale: Semantic; Relationship: Intersects
Rationale: Semantic; Relationship: Subset",,
ID.AM-05.02,51.103,IDENTIFY,Asset Management,Asset Protection Prioritization,10.0,"Tier: 1
Tier: 2
Tier: 3","ID.AM-05.02: The organization's hardware, software, and data assets are prioritized for protection based on their sensitivity, criticality, vulnerability, business value, and dependency role in the delivery of critical services.",ID.AM-05,,"#asset_classification_and_criticality
#asset_inventory
#asset_management
#business_impact_analysis
#dependency_management
#policy_management
#vulnerability_management","APRA CPS 234-17
APRA CPS 234-20
APRA CPS 234-21","Rationale: Semantic; Relationship: Superset; Alignment Strength: 4
Rationale: Semantic; Relationship: Superset; Alignment Strength: 9
Rationale: Semantic; Relationship: Superset; Alignment Strength: 7","OSFI CSSA-14
OSFI CSSA-17
OSFI CSSA-44
OSFI CSSA-73","Rationale: Functional; Relationship: Intersects; Alignment Strength: 8
Rationale: Functional; Relationship: Superset; Alignment Strength: 9
Rationale: Functional; Relationship: Subset; Alignment Strength: 7
Rationale: Functional; Relationship: Intersects; Alignment Strength: 7",,,ID.AM-5.DI,,"APRA CPG 234-26
APRA CPG 234-27
APRA CPG 234-30
APRA CPG 234-31
APRA CPG 234-34
APRA CPG 234-56","Rationale: Semantic; Relationship: Superset; Alignment Strength: 8; Functional Coverage Strength: 10
Rationale: Semantic; Relationship: Superset; Alignment Strength: 9; Functional Coverage Strength: 10
Rationale: Semantic; Relationship: Superset; Alignment Strength: 8; Functional Coverage Strength: 9
Rationale: Functional; Relationship: Superset; Alignment Strength: 6; Functional Coverage Strength: 6
Rationale: Semantic; Relationship: Intersects; Alignment Strength: 7; Functional Coverage Strength: 10
Rationale: Semantic; Relationship: Intersects; Alignment Strength: 7; Functional Coverage Strength: 9",,,"2.2.2.1
2.5.2.1.14","Level: Evolving
Level: Advancing","FFIEC-AIO-03.01
FFIEC-AIO-03.05
FFIEC-AIO-04.01
FFIEC-AIO-04.02","Rationale: Semantic; Relationship: Intersects; Alignment Strength: 6
Rationale: Semantic; Relationship: Superset; Alignment Strength: 6
Rationale: Semantic; Relationship: Superset; Alignment Strength: 8
Rationale: Semantic; Relationship: Superset; Alignment Strength: 8","FFIEC-BCM-04.02
FFIEC-BCM-08.01
FFIEC-BCM-11.04","Rationale: Semantic; Relationship: Subset; Alignment Strength: 9
Rationale: Semantic; Relationship: Subset; Alignment Strength: 8
Rationale: Semantic; Relationship: Intersects; Alignment Strength: 7","OSFI B-13-08
OSFI B-13-09
OSFI B-13-40","Rationale: Semantic; Relationship: Superset; Alignment Strength: 9
Rationale: Semantic; Relationship: Superset; Alignment Strength: 8
Rationale: Semantic; Relationship: Intersects; Alignment Strength: 8","DORA-06-02
DORA-08-01
DORA-08-04","Rationale: Semantic; Relationship: Superset; Alignment Strength: 8
Rationale: Semantic; Relationship: Intersects; Alignment Strength: 8
Rationale: Semantic; Relationship: Superset; Alignment Strength: 8",,,TR-3.3.1,Type: Full Summarily,"D1.G.IT.B.2
D1.G.IT.E.1
D1.RM.RA.B.2
D3.DC.Ev.Int.3
D3.PC.Im.Inn.1
D3.PC.Im.Inn.2","Level: Baseline; Type: Full
Level: Evolving; Type: Full Summarily
Level: Baseline; Type: Full Summarily
Level: Intermediate; Type: Partial
Level: Innovative; Type: Partial
Level: Innovative; Type: Full Summarily",051.103,Level: Ds,"FFIEC-DAM-04.06
FFIEC-DAM-07.05","Rationale: Semantic; Relationship: Intersects
Rationale: Semantic; Relationship: Intersects","PE-20
PL-11
RA-02
RA-09","Rationale: Semantic; Relationship: Intersects; Alignment Strength: 7
Rationale: Semantic; Relationship: Intersects; Alignment Strength: 7
Rationale: Semantic; Relationship: Intersects; Alignment Strength: 8
Rationale: Semantic; Relationship: Intersects; Alignment Strength: 9",ASIC-KQ07,Rationale: Semantic; Relationship: Superset,"EBA-16
EBA-17
EBA-20
EBA-54
EBA-78
EBA-79","Rationale: Semantic; Relationship: Subset; Alignment Strength: 8
Rationale: Semantic; Relationship: Subset; Alignment Strength: 9
Rationale: Functional; Relationship: Intersects; Alignment Strength: 5
Rationale: Semantic; Relationship: Superset; Alignment Strength: 8
Rationale: Functional; Relationship: Intersects; Alignment Strength: 5
Rationale: Functional; Relationship: Intersects; Alignment Strength: 5","JFSA-11
JFSA-25","Rationale: Semantic; Relationship: Superset; Alignment Strength: 7
Rationale: Semantic; Relationship: Superset; Alignment Strength: 8",16.6,Rationale: Semantic; Relationship: Intersects,,
ID.AM-07.01,52.104,IDENTIFY,Asset Management,Data & Metadata Inventory,10.0,"Tier: 1
Tier: 2
Tier: 3","ID.AM-07.01: The organization maintains a current inventory of the data being created, stored, or processed by its information assets and data flow diagrams depicting key internal and external data flows.",ID.AM-07,,"#asset_inventory
#asset_management
#business_impact_analysis
#dependency_management",,,OSFI CSSA-16,Rationale: Functional; Relationship: Intersects; Alignment Strength: 7,,,"ID.AM-3.DF
ID.AM-5.DM","
","APRA CPG 234-27
APRA CPG 234-30","Rationale: Semantic; Relationship: Superset; Alignment Strength: 7; Functional Coverage Strength: 10
Rationale: Semantic; Relationship: Superset; Alignment Strength: 8; Functional Coverage Strength: 9",,,,,"FFIEC-AIO-03.05
FFIEC-AIO-03.06
FFIEC-AIO-03.09
FFIEC-AIO-04.01
FFIEC-AIO-04.02
FFIEC-AIO-04.03
FFIEC-AIO-04.06
FFIEC-AIO-05.01
FFIEC-AIO-05.02","Rationale: Semantic; Relationship: Superset; Alignment Strength: 8
Rationale: Semantic; Relationship: Superset; Alignment Strength: 4
Rationale: Semantic; Relationship: Superset; Alignment Strength: 7
Rationale: Semantic; Relationship: Superset; Alignment Strength: 7
Rationale: Semantic; Relationship: Superset; Alignment Strength: 7
Rationale: Semantic; Relationship: Superset; Alignment Strength: 4
Rationale: Functional; Relationship: Superset; Alignment Strength: 5
Rationale: Semantic; Relationship: Superset; Alignment Strength: 6
Rationale: Semantic; Relationship: Intersects; Alignment Strength: 3",FFIEC-BCM-04.01,Rationale: Semantic; Relationship: Subset; Alignment Strength: 9,"OSFI B-13-09
OSFI B-13-35","Rationale: Semantic; Relationship: Intersects; Alignment Strength: 9
Rationale: Semantic; Relationship: Intersects; Alignment Strength: 7","DORA-08-01
DORA-08-04
DORA-08-06","Rationale: Semantic; Relationship: Intersects; Alignment Strength: 8
Rationale: Semantic; Relationship: Superset; Alignment Strength: 8
Rationale: Semantic; Relationship: Superset; Alignment Strength: 9",,,"TR-3.3.1
TR-3.3.2","Type: Full Summarily
Type: Full Summarily","D1.G.IT.B.1
D1.G.IT.E.1
D4.C.Co.B.4
D4.C.Co.Int.1","Level: Baseline; Type: Full Summarily
Level: Evolving; Type: Full Summarily
Level: Baseline; Type: Full
Level: Intermediate; Type: Partial",052.104,Level: Ds,FFIEC-DAM-04.06,Rationale: Semantic; Relationship: Intersects,"AC-04
CM-12
CM-13","Rationale: Semantic; Relationship: Intersects; Alignment Strength: 7
Rationale: Semantic; Relationship: Subset; Alignment Strength: 9
Rationale: Semantic; Relationship: Subset; Alignment Strength: 10",ASIC-GP06.AM,Rationale: Semantic; Relationship: Superset,"EBA-53
EBA-54","Rationale: Semantic; Relationship: Superset; Alignment Strength: 9
Rationale: Semantic; Relationship: Superset; Alignment Strength: 8","JFSA-11
JFSA-14","Rationale: Semantic; Relationship: Superset; Alignment Strength: 8
Rationale: Semantic; Relationship: Superset; Alignment Strength: 7","12.4
3.13
3.2
3.8","Rationale: Semantic; Relationship: Intersects
Rationale: Semantic; Relationship: Intersects
Rationale: Semantic; Relationship: Subset
Rationale: Semantic; Relationship: Subset",,
ID.AM-08.01,53.105,IDENTIFY,Asset Management,Asset Life Cycle Management,10.0,"Tier: 1
Tier: 2
Tier: 3","ID.AM-08.01: The organization establishes and maintains asset lifecycle management policies and procedures to ensure that assets are acquired, tracked, implemented, used, decommissioned, and protected commensurate with their sensitivity, criticality, and business value.",ID.AM-08,,"#asset_inventory
#asset_management
#critical_infrastructure
#data_classification
#data_lifecycle
#physical_infrastructure
#policy_management","APRA CPS 234-20
APRA CPS 234-21","Rationale: Semantic; Relationship: Intersects; Alignment Strength: 9
Rationale: Semantic; Relationship: Superset; Alignment Strength: 8","OSFI CSSA-14
OSFI CSSA-18","Rationale: Functional; Relationship: Intersects; Alignment Strength: 8
Rationale: Functional; Relationship: Subset; Alignment Strength: 8",,,,,"APRA CPG 234-21
APRA CPG 234-26
APRA CPG 234-27
APRA CPG 234-28
APRA CPG 234-34
APRA CPG 234-35
APRA CPG 234-41
APRA CPG 234-43
APRA CPG 234-56","Rationale: Semantic; Relationship: Intersects; Alignment Strength: 9; Functional Coverage Strength: 10
Rationale: Semantic; Relationship: Superset; Alignment Strength: 8; Functional Coverage Strength: 10
Rationale: Semantic; Relationship: Superset; Alignment Strength: 8; Functional Coverage Strength: 10
Rationale: Semantic; Relationship: Superset; Alignment Strength: 8; Functional Coverage Strength: 9
Rationale: Semantic; Relationship: Intersects; Alignment Strength: 6; Functional Coverage Strength: 10
Rationale: Semantic; Relationship: Superset; Alignment Strength: 8; Functional Coverage Strength: 10
Rationale: Semantic; Relationship: Intersects; Alignment Strength: 8; Functional Coverage Strength: 10
Rationale: Semantic; Relationship: Intersects; Alignment Strength: 7; Functional Coverage Strength: 10
Rationale: Semantic; Relationship: Intersects; Alignment Strength: 8; Functional Coverage Strength: 9","NYDFS-07
NYDFS-30","Rationale: Semantic; Relationship: Superset; Alignment Strength: 8
Rationale: Semantic; Relationship: Intersects; Alignment Strength: 8",2.2.2.11,Level: Advancing,"FFIEC-AIO-03.01
FFIEC-AIO-03.05
FFIEC-AIO-04.01
FFIEC-AIO-04.02
FFIEC-AIO-13.02
FFIEC-AIO-13.04","Rationale: Semantic; Relationship: Intersects; Alignment Strength: 6
Rationale: Semantic; Relationship: Superset; Alignment Strength: 8
Rationale: Semantic; Relationship: Superset; Alignment Strength: 7
Rationale: Semantic; Relationship: Superset; Alignment Strength: 7
Rationale: Semantic; Relationship: Superset; Alignment Strength: 4
Rationale: Semantic; Relationship: Superset; Alignment Strength: 5",,,"OSFI B-13-08
OSFI B-13-09
OSFI B-13-40","Rationale: Semantic; Relationship: Superset; Alignment Strength: 9
Rationale: Semantic; Relationship: Intersects; Alignment Strength: 8
Rationale: Semantic; Relationship: Intersects; Alignment Strength: 7","DORA-06-02
DORA-07-01
DORA-08-04
DORA-08-06","Rationale: Semantic; Relationship: Superset; Alignment Strength: 8
Rationale: Semantic; Relationship: Intersects; Alignment Strength: 8
Rationale: Semantic; Relationship: Superset; Alignment Strength: 7
Rationale: Semantic; Relationship: Superset; Alignment Strength: 9",,,,,"D1.G.IT.E.2
D3.PC.Im.E.7
D3.PC.Im.E.8","Level: Evolving; Type: Full Summarily
Level: Evolving; Type: Full Summarily
Level: Evolving; Type: Full Summarily",053.105,Level: Ds,"FFIEC-DAM-07.05
FFIEC-DAM-13.01
FFIEC-DAM-13.02","Rationale: Semantic; Relationship: Intersects
Rationale: Semantic; Relationship: Intersects
Rationale: Semantic; Relationship: Intersects","CM-09
MA-02
MA-06
SI-12
SR-12","Rationale: Semantic; Relationship: Subset; Alignment Strength: 4
Rationale: Semantic; Relationship: Intersects; Alignment Strength: 9
Rationale: Semantic; Relationship: Intersects; Alignment Strength: 7
Rationale: Semantic; Relationship: Subset; Alignment Strength: 8
Rationale: Semantic; Relationship: Subset; Alignment Strength: 9",ASIC-KQ07,Rationale: Semantic; Relationship: Superset,"EBA-20
EBA-50
EBA-54
EBA-55","Rationale: Functional; Relationship: Intersects; Alignment Strength: 5
Rationale: Semantic; Relationship: Intersects; Alignment Strength: 7
Rationale: Semantic; Relationship: Superset; Alignment Strength: 8
Rationale: Semantic; Relationship: Superset; Alignment Strength: 9",JFSA-11,Rationale: Semantic; Relationship: Superset; Alignment Strength: 8,,,NAIC-IDSML-02,Rationale: Semantic; Relationship: Superset
ID.AM-08.02,53.106,IDENTIFY,Asset Management,Asset Life Cycle Management,10.0,"Tier: 1
Tier: 2
Tier: 3","ID.AM-08.02: The organization establishes policies, and employs methods to identify, assess, and manage technology solutions that are acquired, managed, or used outside of established, governed technology and cybersecurity processes (i.e., ""Shadow IT"").",ID.AM-08,,"#asset_inventory
#asset_management
#policy_management",,,,,HK-SFC-2.06,Rationale: Functional; Relationship: Intersects,DE.CM-7.ST,,,,,,"2.2.2.11
2.3.2.1.19","Level: Advancing
Level: Evolving","FFIEC-AIO-04.01
FFIEC-AIO-04.02
FFIEC-AIO-04.03
FFIEC-AIO-04.05
FFIEC-AIO-04.06
FFIEC-AIO-12.04
FFIEC-AIO-13.06","Rationale: Semantic; Relationship: Superset; Alignment Strength: 7
Rationale: Semantic; Relationship: Superset; Alignment Strength: 7
Rationale: Semantic; Relationship: Superset; Alignment Strength: 7
Rationale: Semantic; Relationship: Superset; Alignment Strength: 9
Rationale: Semantic; Relationship: Superset; Alignment Strength: 5
Rationale: Semantic; Relationship: Superset; Alignment Strength: 4
Rationale: Semantic; Relationship: Subset; Alignment Strength: 9",,,,,DORA-07-01,Rationale: Semantic; Relationship: Intersects; Alignment Strength: 8,,,"TR-6.5.1
TR-6.5.2","Type: Full Summarily
Type: Full",,,053.106,Level: Ds,"FFIEC-DAM-04.01
FFIEC-DAM-04.03
FFIEC-DAM-04.04","Rationale: Semantic; Relationship: Intersects
Rationale: Semantic; Relationship: Intersects
Rationale: Semantic; Relationship: Intersects","CM-11
SA-22","Rationale: Semantic; Relationship: Intersects; Alignment Strength: 9
Rationale: Semantic; Relationship: Intersects; Alignment Strength: 8",,,EBA-74,Rationale: Semantic; Relationship: Superset; Alignment Strength: 9,,,"1.2
2.3","Rationale: Semantic; Relationship: Intersects
Rationale: Semantic; Relationship: Intersects",,
ID.AM-08.03,53.107,IDENTIFY,Asset Management,Asset Life Cycle Management,10.0,"Tier: 1
Tier: 2
Tier: 3","ID.AM-08.03: The organization establishes policies, standards, and procedures for data governance, data management, and data retention consistent with its legal obligations and the value of data as an organizational asset.",ID.AM-08,,"#compliance
#data_protection
#data_retention
#policy_management",APRA CPS 234-20,Rationale: Semantic; Relationship: Intersects; Alignment Strength: 9,,,,,ID.AM-5.DM,,APRA CPG 234-50,Rationale: Semantic; Relationship: Superset; Alignment Strength: 7; Functional Coverage Strength: 10,"NYDFS-07
NYDFS-16
NYDFS-31
NYDFS-43","Rationale: Semantic; Relationship: Superset; Alignment Strength: 7
Rationale: Semantic; Relationship: Intersects; Alignment Strength: 6
Rationale: Semantic; Relationship: Intersects; Alignment Strength: 6
Rationale: Semantic; Relationship: Intersects; Alignment Strength: 5",,,"FFIEC-AIO-03.01
FFIEC-AIO-03.04
FFIEC-AIO-03.05
FFIEC-AIO-03.06
FFIEC-AIO-03.09","Rationale: Semantic; Relationship: Intersects; Alignment Strength: 6
Rationale: Semantic; Relationship: Superset; Alignment Strength: 6
Rationale: Semantic; Relationship: Superset; Alignment Strength: 7
Rationale: Semantic; Relationship: Superset; Alignment Strength: 7
Rationale: Semantic; Relationship: Superset; Alignment Strength: 6",,,"OSFI B-13-08
OSFI B-13-35
OSFI B-13-44","Rationale: Semantic; Relationship: Superset; Alignment Strength: 9
Rationale: Semantic; Relationship: Intersects; Alignment Strength: 9
Rationale: Semantic; Relationship: Intersects; Alignment Strength: 9","DORA-05-02
DORA-06-02
DORA-09-03","Rationale: Semantic; Relationship: Superset; Alignment Strength: 8
Rationale: Semantic; Relationship: Superset; Alignment Strength: 8
Rationale: Semantic; Relationship: Superset; Alignment Strength: 9",,,,,,,053.107,Level: Ds,"FFIEC-DAM-04.06
FFIEC-DAM-07.06","Rationale: Semantic; Relationship: Intersects
Rationale: Semantic; Relationship: Intersects","PM-23
SI-12
SI-18
SR-12","Rationale: Semantic; Relationship: Subset; Alignment Strength: 7
Rationale: Semantic; Relationship: Equal; Alignment Strength: 10
Rationale: Semantic; Relationship: Intersects
Rationale: Semantic; Relationship: Subset; Alignment Strength: 8",,,"EBA-28
EBA-30","Rationale: Semantic; Relationship: Superset; Alignment Strength: 8
Rationale: Semantic; Relationship: Superset; Alignment Strength: 8",,,"3.1
3.13
3.4","Rationale: Semantic; Relationship: Equivalent
Rationale: Semantic; Relationship: Intersects
Rationale: Semantic; Relationship: Subset","NAIC-IDSML-02
NAIC-IDSML-12","Rationale: Semantic; Relationship: Superset
Rationale: Semantic; Relationship: Intersects"
ID.AM-08.04,53.108,IDENTIFY,Asset Management,Asset Life Cycle Management,10.0,"Tier: 1
Tier: 2
Tier: 3
Tier: 4","ID.AM-08.04: The organization's asset management processes ensure the protection of sensitive data throughout removal, transfers, maintenance, end-of-life, and secure disposal or re-use.",ID.AM-08,,"#asset_management
#data_classification
#data_lifecycle
#data_protection",,,"OSFI CSSA-18
OSFI CSSA-73
OSFI CSSA-87","Rationale: Functional; Relationship: Subset; Alignment Strength: 9
Rationale: Functional; Relationship: Superset; Alignment Strength: 7
Rationale: Functional; Relationship: Subset; Alignment Strength: 8",,,"ID.AM-5.DM
PR.DS-1.MP
PR.PT-2.DS","

","APRA CPG 234-34
APRA CPG 234-37
APRA CPG 234-41
APRA CPG 234-50
APRA CPG 234-52","Rationale: Semantic; Relationship: Superset; Alignment Strength: 8; Functional Coverage Strength: 10
Rationale: Semantic; Relationship: Superset; Alignment Strength: 8; Functional Coverage Strength: 10
Rationale: Semantic; Relationship: Intersects; Alignment Strength: 8; Functional Coverage Strength: 10
Rationale: Semantic; Relationship: Superset; Alignment Strength: 7; Functional Coverage Strength: 10
Rationale: Semantic; Relationship: Intersects; Alignment Strength: 7; Functional Coverage Strength: 10",NYDFS-31,Rationale: Semantic; Relationship: Superset; Alignment Strength: 8,,,"FFIEC-AIO-03.01
FFIEC-AIO-03.02
FFIEC-AIO-03.04
FFIEC-AIO-03.05
FFIEC-AIO-04.04
FFIEC-AIO-13.02
FFIEC-AIO-15.01
FFIEC-AIO-15.08","Rationale: Semantic; Relationship: Intersects; Alignment Strength: 6
Rationale: Semantic; Relationship: Superset; Alignment Strength: 9
Rationale: Semantic; Relationship: Superset; Alignment Strength: 5
Rationale: Semantic; Relationship: Superset; Alignment Strength: 6
Rationale: Semantic; Relationship: Superset; Alignment Strength: 4
Rationale: Semantic; Relationship: Superset; Alignment Strength: 8
Rationale: Semantic; Relationship: Superset; Alignment Strength: 2
Rationale: Semantic; Relationship: Subset; Alignment Strength: 4",,,"OSFI B-13-08
OSFI B-13-11
OSFI B-13-44","Rationale: Semantic; Relationship: Superset; Alignment Strength: 8
Rationale: Semantic; Relationship: Superset; Alignment Strength: 9
Rationale: Semantic; Relationship: Superset; Alignment Strength: 9","DORA-06-02
DORA-08-07
DORA-09-03","Rationale: Semantic; Relationship: Superset; Alignment Strength: 8
Rationale: Semantic; Relationship: Intersects; Alignment Strength: 7
Rationale: Semantic; Relationship: Superset; Alignment Strength: 8",,,,,D3.CC.Re.E.1,Level: Evolving; Type: Full Summarily,053.108,Level: Ds,"FFIEC-DAM-04.06
FFIEC-DAM-07.05
FFIEC-DAM-13.01
FFIEC-DAM-13.03","Rationale: Semantic; Relationship: Intersects
Rationale: Semantic; Relationship: Intersects
Rationale: Semantic; Relationship: Intersects
Rationale: Semantic; Relationship: Intersects","MA-02
MP-04
MP-05
MP-06
SI-12
SI-18
SR-12","Rationale: Semantic; Relationship: Intersects; Alignment Strength: 9
Rationale: Semantic; Relationship: Intersects; Alignment Strength: 8
Rationale: Semantic; Relationship: Intersects; Alignment Strength: 9
Rationale: Semantic; Relationship: Intersects; Alignment Strength: 9
Rationale: Semantic; Relationship: Subset; Alignment Strength: 8
Rationale: Semantic; Relationship: Superset
Rationale: Semantic; Relationship: Subset; Alignment Strength: 8",ASIC-KQ07,Rationale: Semantic; Relationship: Superset,EBA-55,Rationale: Semantic; Relationship: Superset; Alignment Strength: 9,,,3.5,Rationale: Semantic; Relationship: Intersects,NAIC-IDSML-02,Rationale: Semantic; Relationship: Superset
ID.AM-08.05,53.109,IDENTIFY,Asset Management,Asset Life Cycle Management,10.0,"Tier: 1
Tier: 2
Tier: 3
Tier: 4","ID.AM-08.05: The organization defines and implements standards and procedures, consistent with its data retention policy, for destroying or securely erasing data, media, and storage devices when the data is no longer needed.",ID.AM-08,,"#data_lifecycle
#data_protection
#data_retention
#policy_management",,,,,,,"ID.AM-5.DM
PR.DS-1.MP
PR.PT-2.DS","

","APRA CPG 234-37
APRA CPG 234-52","Rationale: Semantic; Relationship: Superset; Alignment Strength: 9; Functional Coverage Strength: 10
Rationale: Semantic; Relationship: Superset; Alignment Strength: 7; Functional Coverage Strength: 10",NYDFS-31,Rationale: Semantic; Relationship: Superset; Alignment Strength: 9,,,"FFIEC-AIO-03.01
FFIEC-AIO-03.02
FFIEC-AIO-03.04
FFIEC-AIO-15.04
FFIEC-AIO-15.08","Rationale: Semantic; Relationship: Intersects; Alignment Strength: 6
Rationale: Semantic; Relationship: Superset; Alignment Strength: 9
Rationale: Semantic; Relationship: Superset; Alignment Strength: 6
Rationale: Semantic; Relationship: Superset; Alignment Strength: 8
Rationale: Semantic; Relationship: Subset; Alignment Strength: 4",,,"OSFI B-13-11
OSFI B-13-35
OSFI B-13-44","Rationale: Semantic; Relationship: Superset; Alignment Strength: 9
Rationale: Semantic; Relationship: Intersects; Alignment Strength: 7
Rationale: Semantic; Relationship: Superset; Alignment Strength: 9",DORA-09-03,Rationale: Semantic; Relationship: Superset; Alignment Strength: 7,,,"TR-11.1.7
TR-8.4.2","Type: Full
Type: Full Summarily","D3.CC.Re.E.1
D3.PC.Am.B.18","Level: Evolving; Type: Full Summarily
Level: Baseline; Type: Full",053.109,Level: Ds,"FFIEC-DAM-07.06
FFIEC-DAM-13.03","Rationale: Semantic; Relationship: Intersects
Rationale: Semantic; Relationship: Superset","MA-02
MP-04
MP-06
SI-12
SR-12","Rationale: Semantic; Relationship: Intersects; Alignment Strength: 8
Rationale: Semantic; Relationship: Intersects; Alignment Strength: 8
Rationale: Semantic; Relationship: Equal; Alignment Strength: 10
Rationale: Semantic; Relationship: Subset; Alignment Strength: 8
Rationale: Semantic; Relationship: Superset; Alignment Strength: 9",,,EBA-55,Rationale: Semantic; Relationship: Superset; Alignment Strength: 7,"JFSA-14
JFSA-15
JFSA-18","Rationale: Semantic; Relationship: Superset; Alignment Strength: 8
Rationale: Semantic; Relationship: Superset; Alignment Strength: 9
Rationale: Semantic; Relationship: Superset; Alignment Strength: 8",3.5,Rationale: Semantic; Relationship: Subset,NAIC-IDSML-02,Rationale: Semantic; Relationship: Superset
ID.AM-08.06,53.11,IDENTIFY,Asset Management,Asset Life Cycle Management,10.0,"Tier: 1
Tier: 2
Tier: 3
Tier: 4","ID.AM-08.06: Minimum cybersecurity requirements for third-parties cover the entire relationship lifecycle, from the acquisition of data through the return or destruction of data, to include limitations on data use, access, storage, and geographic location.",ID.AM-08,,"#authentication
#authorization
#data_lifecycle
#data_loss_prevention
#data_protection
#identity_and_access_management
#supply_chain_management
#third_party_risk_management",APRA CPS 234-16,Rationale: Semantic; Relationship: Superset; Alignment Strength: 9,,,,,PR.DS-1.MP,,"APRA CPG 234-19
APRA CPG 234-37","Rationale: Semantic; Relationship: Superset; Alignment Strength: 8; Functional Coverage Strength: 10
Rationale: Semantic; Relationship: Superset; Alignment Strength: 8; Functional Coverage Strength: 10","NYDFS-26
NYDFS-27
NYDFS-31","Rationale: Semantic; Relationship: Superset; Alignment Strength: 6
Rationale: Semantic; Relationship: Intersects; Alignment Strength: 7
Rationale: Semantic; Relationship: Intersects; Alignment Strength: 7",,,"FFIEC-AIO-03.01
FFIEC-AIO-03.02
FFIEC-AIO-03.04
FFIEC-AIO-07.03
FFIEC-AIO-15.08","Rationale: Semantic; Relationship: Intersects; Alignment Strength: 6
Rationale: Semantic; Relationship: Superset; Alignment Strength: 8
Rationale: Semantic; Relationship: Superset; Alignment Strength: 5
Rationale: Semantic; Relationship: Superset; Alignment Strength: 5
Rationale: Semantic; Relationship: Intersects; Alignment Strength: 3",,,"OSFI B-13-35
OSFI B-13-44","Rationale: Semantic; Relationship: Intersects; Alignment Strength: 7
Rationale: Semantic; Relationship: Intersects; Alignment Strength: 9","DORA-09-03
DORA-28-05
DORA-30-02
DORA-30-03","Rationale: Semantic; Relationship: Superset; Alignment Strength: 7
Rationale: Semantic; Relationship: Subset; Alignment Strength: 8
Rationale: Semantic; Relationship: Intersects; Alignment Strength: 7
Rationale: Semantic; Relationship: Intersects; Alignment Strength: 7",,,TR-11.1.2,Type: Full Summarily,"D4.RM.Co.B.6
D4.RM.Co.E.3","Level: Baseline; Type: Full
Level: Evolving; Type: Full Summarily",053.110,Level: Ds,"FFIEC-DAM-04.06
FFIEC-DAM-07.05
FFIEC-DAM-07.06
FFIEC-DAM-09.01
FFIEC-DAM-09.02
FFIEC-DAM-12.03
FFIEC-DAM-13.01
FFIEC-DAM-13.03","Rationale: Semantic; Relationship: Intersects
Rationale: Semantic; Relationship: Intersects
Rationale: Semantic; Relationship: Intersects
Rationale: Semantic; Relationship: Intersects
Rationale: Semantic; Relationship: Intersects
Rationale: Semantic; Relationship: Intersects
Rationale: Semantic; Relationship: Intersects
Rationale: Semantic; Relationship: Intersects","SA-03
SA-04
SI-12
SI-18
SR-05
SR-12","Rationale: Semantic; Relationship: Intersects; Alignment Strength: 8
Rationale: Semantic; Relationship: Intersects; Alignment Strength: 8
Rationale: Semantic; Relationship: Subset; Alignment Strength: 8
Rationale: Semantic; Relationship: Intersects; Alignment Strength: 8
Rationale: Semantic; Relationship: Superset; Alignment Strength: 9
Rationale: Semantic; Relationship: Subset; Alignment Strength: 8",,,,,"JFSA-14
JFSA-15","Rationale: Semantic; Relationship: Superset; Alignment Strength: 7
Rationale: Semantic; Relationship: Superset; Alignment Strength: 8",15.7,Rationale: Semantic; Relationship: Intersects,,
ID.RA-01.01,55.111,IDENTIFY,Risk Assessment,Asset Vulnerability Identification,10.0,"Tier: 1
Tier: 2
Tier: 3
Tier: 4","ID.RA-01.01: The organization identifies, assesses, and documents risks and potential vulnerabilities associated with assets, to include workforce, data, technology, facilities, services, and connections.",ID.RA-01,,"#asset_management
#infrastructure_security
#insider_threat
#physical_security
#risk_management
#staffing_and_resource_management
#vulnerability_management",APRA CPS 234-17,Rationale: Semantic; Relationship: Superset; Alignment Strength: 8,OSFI CSSA-20,Rationale: Functional; Relationship: Superset; Alignment Strength: 8,,,,,,,"NYDFS-13
NYDFS-22
NYDFS-23","Rationale: Semantic; Relationship: Intersects; Alignment Strength: 7
Rationale: Semantic; Relationship: Superset; Alignment Strength: 8
Rationale: Semantic; Relationship: Superset; Alignment Strength: 5","2.2.2.4
2.2.2.6
2.6.2.11
2.7.2.1.1
2.8.2.1.1","Level: Evolving
Level: Evolving
Level: Evolving
Level: Evolving
Level: Evolving","FFIEC-AIO-13.06
FFIEC-AIO-15.03","Rationale: Semantic; Relationship: Subset; Alignment Strength: 5
Rationale: Semantic; Relationship: Superset; Alignment Strength: 5","FFIEC-BCM-05.01
FFIEC-BCM-05.03","Rationale: Semantic; Relationship: Intersects; Alignment Strength: 6
Rationale: Semantic; Relationship: Intersects; Alignment Strength: 7",OSFI B-13-32,Rationale: Semantic; Relationship: Intersects; Alignment Strength: 8,"DORA-08-02
DORA-13-01
DORA-25-01","Rationale: Semantic; Relationship: Superset; Alignment Strength: 9
Rationale: Semantic; Relationship: Superset; Alignment Strength: 9
Rationale: Semantic; Relationship: Subset; Alignment Strength: 8",,,"TR-11.2.8
TR-13.1.1","Type: Full Summarily
Type: Full Summarily","D1.RM.RA.B.1
D1.RM.RA.E.2","Level: Baseline; Type: Full Summarily
Level: Evolving; Type: Full",055.111,Level: Ds,FFIEC-DAM-07.04,Rationale: Semantic; Relationship: Intersects,"CA-02
CA-03
RA-03
RA-05
SA-09","Rationale: Semantic; Relationship: Intersects; Alignment Strength: 7
Rationale: Semantic; Relationship: Subset; Alignment Strength: 7
Rationale: Semantic; Relationship: Superset; Alignment Strength: 9
Rationale: Semantic; Relationship: Intersects; Alignment Strength: 8
Rationale: Semantic; Relationship: Intersects; Alignment Strength: 7",,,"EBA-20
EBA-21
EBA-35
EBA-36
EBA-41
EBA-55
EBA-71","Rationale: Semantic; Relationship: Superset; Alignment Strength: 8
Rationale: Functional; Relationship: Intersects; Alignment Strength: 6
Rationale: Functional; Relationship: Intersects; Alignment Strength: 5
Rationale: Semantic; Relationship: Superset; Alignment Strength: 9
Rationale: Semantic; Relationship: Superset; Alignment Strength: 9
Rationale: Functional; Relationship: Intersects; Alignment Strength: 6
Rationale: Semantic; Relationship: Intersects; Alignment Strength: 7",JFSA-25,Rationale: Semantic; Relationship: Superset; Alignment Strength: 8,"7.1
7.5
7.6","Rationale: Semantic; Relationship: Intersects
Rationale: Semantic; Relationship: Intersects
Rationale: Semantic; Relationship: Intersects",,
ID.RA-01.02,55.112,IDENTIFY,Risk Assessment,Asset Vulnerability Identification,10.0,"Tier: 1
Tier: 2
Tier: 3
Tier: 4","ID.RA-01.02: The organization's business units ensure that information regarding cyber risk is shared with the appropriate level of senior management in a timely manner, so that they can address and respond to emerging cyber risk.",ID.RA-01,,"#emerging_technologies
#risk_management
#threat_management",,,,,,,,,,,"NYDFS-13
NYDFS-22","Rationale: Semantic; Relationship: Intersects; Alignment Strength: 7
Rationale: Semantic; Relationship: Superset; Alignment Strength: 8",,,,,,,"OSFI B-13-05
OSFI B-13-32
OSFI B-13-39","Rationale: Semantic; Relationship: Superset; Alignment Strength: 8
Rationale: Semantic; Relationship: Intersects; Alignment Strength: 8
Rationale: Semantic; Relationship: Intersects; Alignment Strength: 7",DORA-06-03,Rationale: Semantic; Relationship: Intersects; Alignment Strength: 7,,,,,,,055.112,Level: Ds,"FFIEC-DAM-03.01
FFIEC-DAM-03.02
FFIEC-DAM-03.03","Rationale: Semantic; Relationship: Intersects
Rationale: Semantic; Relationship: Intersects
Rationale: Semantic; Relationship: Intersects",IR-06,Rationale: Semantic; Relationship: Intersects; Alignment Strength: 9,ASIC-GP04.LA,Rationale: Semantic; Relationship: Superset,,,,,,,,
ID.RA-01.03,55.113,IDENTIFY,Risk Assessment,Asset Vulnerability Identification,10.0,"Tier: 1
Tier: 2
Tier: 3
Tier: 4","ID.RA-01.03: The organization establishes and maintains standards and capabilities for ongoing vulnerability management, including systematic scans, or reviews reasonably designed to identify known cyber vulnerabilities and upgrade opportunities, across the organization's environments and assets.",ID.RA-01,,"#asset_management
#patch_management
#risk_management
#vulnerability_management",APRA CPS 234-17,Rationale: Semantic; Relationship: Superset; Alignment Strength: 8,"OSFI CSSA-41
OSFI CSSA-43","Rationale: Functional; Relationship: Equal; Alignment Strength: 10
Rationale: Functional; Relationship: Equal; Alignment Strength: 10",,,"DE.CM-8.VS
SA.SD-1.MV","
","APRA CPG 234-16
APRA CPG 234-47","Rationale: Semantic; Relationship: Superset; Alignment Strength: 8; Functional Coverage Strength: 10
Rationale: Semantic; Relationship: Intersects; Alignment Strength: 5; Functional Coverage Strength: 10","NYDFS-12
NYDFS-13","Rationale: Semantic; Relationship: Superset; Alignment Strength: 9
Rationale: Semantic; Relationship: Superset; Alignment Strength: 8","2.3.2.1.18
2.6.2.10
2.6.2.11
2.6.2.12
2.6.2.14
2.6.2.25","Level: Evolving
Level: Evolving
Level: Evolving
Level: Evolving
Level: Evolving
Level: Advancing","FFIEC-AIO-08.02
FFIEC-AIO-15.03","Rationale: Semantic; Relationship: Intersects; Alignment Strength: 5
Rationale: Semantic; Relationship: Superset; Alignment Strength: 5",,,"OSFI B-13-12
OSFI B-13-34
OSFI B-13-45","Rationale: Semantic; Relationship: Intersects; Alignment Strength: 8
Rationale: Semantic; Relationship: Superset; Alignment Strength: 9
Rationale: Semantic; Relationship: Superset; Alignment Strength: 9","DORA-08-02
DORA-09-04
DORA-13-01
DORA-25-01
DORA-25-02","Rationale: Semantic; Relationship: Superset; Alignment Strength: 8
Rationale: Semantic; Relationship: Superset; Alignment Strength: 8
Rationale: Semantic; Relationship: Superset; Alignment Strength: 8
Rationale: Semantic; Relationship: Subset; Alignment Strength: 8
Rationale: Semantic; Relationship: Intersects; Alignment Strength: 8",,,"TR-11.2.8
TR-11.3.5
TR-13.1.1
TR-13.1.2
TR-6.1.4","Type: Full Summarily
Type: Full
Type: Full Summarily
Type: Full
Type: Full Summarily","D3.DC.Th.A.1
D3.DC.Th.B.1
D3.DC.Th.E.5
D3.DC.Th.Inn.2","Level: Advanced; Type: Full
Level: Baseline; Type: Full Summarily
Level: Evolving; Type: Full
Level: Innovative; Type: Full",055.113,Level: Ds,FFIEC-DAM-13.01,Rationale: Semantic; Relationship: Superset,"CA-02
CA-07
RA-05","Rationale: Semantic; Relationship: Intersects; Alignment Strength: 7
Rationale: Semantic; Relationship: Intersects; Alignment Strength: 8
Rationale: Semantic; Relationship: Superset; Alignment Strength: 9",,,"EBA-21
EBA-36
EBA-41
EBA-43","Rationale: Semantic; Relationship: Intersects; Alignment Strength: 8
Rationale: Semantic; Relationship: Superset; Alignment Strength: 8
Rationale: Semantic; Relationship: Superset; Alignment Strength: 9
Rationale: Semantic; Relationship: Superset; Alignment Strength: 8","JFSA-25
JFSA-26","Rationale: Semantic; Relationship: Superset; Alignment Strength: 8
Rationale: Semantic; Relationship: Superset; Alignment Strength: 8","16.2
7.1
7.5
7.6","Rationale: Semantic; Relationship: Subset
Rationale: Semantic; Relationship: Equivalent
Rationale: Semantic; Relationship: Subset
Rationale: Semantic; Relationship: Subset",,
ID.RA-02.01,56.114,IDENTIFY,Risk Assessment,Information Sharing Forums,10.0,"Tier: 1
Tier: 2
Tier: 3","ID.RA-02.01: The organization participates actively (in alignment with its business operations, inherent risk, and complexity) in information-sharing groups and collectives (e.g., cross-industry, cross-government and cross-border groups) to gather, distribute and analyze information about cyber practices, cyber threats, and early warning indicators relating to cyber threats.",ID.RA-02,,"#emerging_technologies
#information_sharing
#mission_and_strategy
#risk_management
#security_logging_monitoring_and_alerting
#threat_management",APRA CPS 234-17,Rationale: Semantic; Relationship: Superset; Alignment Strength: 8,"OSFI CSSA-32
OSFI CSSA-42
OSFI CSSA-58
OSFI CSSA-76","Rationale: Functional; Relationship: Intersects; Alignment Strength: 7
Rationale: Functional; Relationship: Intersects; Alignment Strength: 9
Rationale: Functional; Relationship: Intersects; Alignment Strength: 9
Rationale: Functional; Relationship: Intersects; Alignment Strength: 9",,,ID.RA-2.CT,,"APRA CPG 234-16
APRA CPG 234-38
APRA CPG 234-39","Rationale: Semantic; Relationship: Superset; Alignment Strength: 7; Functional Coverage Strength: 10
Rationale: Semantic; Relationship: Intersects; Alignment Strength: 7; Functional Coverage Strength: 8
Rationale: Semantic; Relationship: Intersects; Alignment Strength: 8; Functional Coverage Strength: 10",,,"2.1.2.1.16
2.1.2.1.2
2.1.2.2.43
2.1.2.2.44
2.1.2.2.46
2.5.2.4.54
2.6.2.35
2.6.2.36
2.7.2.1.2
2.7.2.1.3
2.7.2.2.15
2.7.2.2.20
2.7.2.2.22
2.8.2.1.1
2.8.2.1.6","Level: Innovating
Level: Evolving
Level: Innovating
Level: Innovating
Level: Innovating
Level: Innovating
Level: Innovating
Level: Innovating
Level: Evolving
Level: Evolving
Level: Evolving
Level: Advancing
Level: Advancing
Level: Evolving
Level: Evolving",,,FFIEC-BCM-05.02,Rationale: Functional; Relationship: Intersects; Alignment Strength: 6,"OSFI B-13-32
OSFI B-13-33
OSFI B-13-36
OSFI B-13-38","Rationale: Semantic; Relationship: Intersects; Alignment Strength: 9
Rationale: Semantic; Relationship: Intersects; Alignment Strength: 9
Rationale: Semantic; Relationship: Superset; Alignment Strength: 9
Rationale: Semantic; Relationship: Superset; Alignment Strength: 9","DORA-08-02
DORA-13-01
DORA-13-07
DORA-17-03
DORA-45-01
DORA-45-02
DORA-45-03","Rationale: Semantic; Relationship: Superset; Alignment Strength: 7
Rationale: Semantic; Relationship: Superset; Alignment Strength: 8
Rationale: Semantic; Relationship: Intersects; Alignment Strength: 8
Rationale: Semantic; Relationship: Subset; Alignment Strength: 8
Rationale: Semantic; Relationship: Subset; Alignment Strength: 9
Rationale: Semantic; Relationship: Intersects; Alignment Strength: 5
Rationale: Semantic; Relationship: Intersects; Alignment Strength: 5",,,TR-12.1.2,Type: Full,"D1.G.SP.B.3
D2.IS.Is.A.2
D2.IS.Is.A.3
D2.IS.Is.E.1
D2.IS.Is.E.2
D2.IS.Is.Int.2
D2.IS.Is.Int.3
D2.MA.Ma.E.1
D2.TI.Ti.A.3
D2.TI.Ti.B.1","Level: Baseline; Type: Full Summarily
Level: Advanced; Type: Full Summarily
Level: Advanced; Type: Full Summarily
Level: Evolving; Type: Full Summarily
Level: Evolving; Type: Full
Level: Intermediate; Type: Full Summarily
Level: Intermediate; Type: Full Summarily
Level: Evolving; Type: Full Summarily
Level: Advanced; Type: Full Summarily
Level: Baseline; Type: Full",056.114,Level: Ds,FFIEC-DAM-03.02,Rationale: Semantic; Relationship: Intersects,"PM-15
PM-16
RA-10
SI-05","Rationale: Semantic; Relationship: Equal; Alignment Strength: 10
Rationale: Semantic; Relationship: Equal; Alignment Strength: 9
Rationale: Semantic; Relationship: Intersects; Alignment Strength: 8
Rationale: Semantic; Relationship: Intersects; Alignment Strength: 9",ASIC-GP05.IS,Rationale: Semantic; Relationship: Superset,,,"JFSA-22
JFSA-49
JFSA-55","Rationale: Semantic; Relationship: Superset; Alignment Strength: 7
Rationale: Functional; Relationship: Intersects; Alignment Strength: 5
Rationale: Functional; Relationship: Superset; Alignment Strength: 6",,,NAIC-IDSML-03,Rationale: Semantic; Relationship: Intersects
ID.RA-02.02,56.115,IDENTIFY,Risk Assessment,Information Sharing Forums,10.0,"Tier: 1
Tier: 2
Tier: 3",ID.RA-02.02: The organization shares authorized information on its cyber resilience framework and the effectiveness of protection technologies bilaterally with trusted external stakeholders to promote the understanding of each party’s approach to securing systems.,ID.RA-02,,"#disaster_recovery
#information_sharing
#resilience
#review_assessment_and_testing",,,,,,,RS.CO-5.II,,,,,,"2.1.2.2.43
2.1.2.2.44
2.3.2.1.9
2.5.2.1.16
2.5.2.4.54
2.6.2.38
2.7.2.2.15
2.7.2.2.16
2.7.2.2.17
2.7.2.2.18
2.7.2.2.22
2.7.2.2.23","Level: Innovating
Level: Innovating
Level: Innovating
Level: Advancing
Level: Innovating
Level: Innovating
Level: Evolving
Level: Evolving
Level: Evolving
Level: Evolving
Level: Advancing
Level: Innovating",,,"FFIEC-BCM-05.02
FFIEC-BCM-07.01
FFIEC-BCM-10.07","Rationale: Semantic; Relationship: Subset; Alignment Strength: 8
Rationale: Semantic; Relationship: Subset; Alignment Strength: 9
Rationale: Functional; Relationship: Intersects; Alignment Strength: 7",OSFI B-13-36,Rationale: Semantic; Relationship: Intersects; Alignment Strength: 9,"DORA-13-04
DORA-45-01","Rationale: Semantic; Relationship: Intersects; Alignment Strength: 7
Rationale: Semantic; Relationship: Intersects; Alignment Strength: 9",,,,,"D1.R.St.Inn.1
D1.TC.Cu.Inn.1
D2.IS.Is.A.2
D2.IS.Is.A.3
D2.IS.Is.E.1
D2.IS.Is.Int.2
D3.PC.Am.Inn.4
D4.RM.Co.Inn.1
D4.RM.Dd.Inn.1
D4.RM.Dd.Inn.2
D4.RM.Om.Inn.1","Level: Innovative; Type: Partial
Level: Innovative; Type: Partial
Level: Advanced; Type: Full Summarily
Level: Advanced; Type: Full Summarily
Level: Evolving; Type: Full Summarily
Level: Intermediate; Type: Full Summarily
Level: Innovative; Type: Partial
Level: Innovative; Type: Partial
Level: Innovative; Type: Partial
Level: Innovative; Type: Partial
Level: Innovative; Type: Partial",056.115,Level: Ds,,,"PM-15
PM-16
SI-05","Rationale: Semantic; Relationship: Intersects; Alignment Strength: 9
Rationale: Semantic; Relationship: Intersects; Alignment Strength: 9
Rationale: Semantic; Relationship: Intersects; Alignment Strength: 9",ASIC-GP05.IS,Rationale: Semantic; Relationship: Superset,EBA-80,Rationale: Functional; Relationship: Intersects; Alignment Strength: 7,"JFSA-02
JFSA-22
JFSA-49
JFSA-55","Rationale: Semantic; Relationship: Superset; Alignment Strength: 7
Rationale: Semantic; Relationship: Superset; Alignment Strength: 7
Rationale: Functional; Relationship: Intersects; Alignment Strength: 6
Rationale: Functional; Relationship: Superset; Alignment Strength: 6",,,,
ID.RA-03.01,57.116,IDENTIFY,Risk Assessment,Threat Identification,10.0,"Tier: 1
Tier: 2
Tier: 3
Tier: 4","ID.RA-03.01: The organization, on an ongoing basis, identifies, analyzes, correlates, characterizes, and reports threats that are internal and external to the firm.",ID.RA-03,,"#threat_landscape
#threat_management",APRA CPS 234-17,Rationale: Semantic; Relationship: Superset; Alignment Strength: 8,"OSFI CSSA-20
OSFI CSSA-32
OSFI CSSA-76","Rationale: Functional; Relationship: Superset; Alignment Strength: 8
Rationale: Functional; Relationship: Intersects; Alignment Strength: 8
Rationale: Functional; Relationship: Intersects; Alignment Strength: 8",,,,,APRA CPG 234-39,Rationale: Semantic; Relationship: Superset; Alignment Strength: 8; Functional Coverage Strength: 10,NYDFS-22,Rationale: Semantic; Relationship: Superset; Alignment Strength: 8,"2.1.2.1.13
2.2.2.4
2.5.2.4.45
2.7.2.1.1
2.7.2.1.10
2.7.2.1.11
2.7.2.1.13
2.7.2.1.2
2.7.2.1.3
2.7.2.1.4
2.7.2.2.23
2.8.2.1.1
2.8.2.1.2","Level: Advancing
Level: Evolving
Level: Evolving
Level: Evolving
Level: Advancing
Level: Advancing
Level: Innovating
Level: Evolving
Level: Evolving
Level: Evolving
Level: Innovating
Level: Evolving
Level: Evolving",,,"FFIEC-BCM-05.01
FFIEC-BCM-05.02","Rationale: Semantic; Relationship: Intersects; Alignment Strength: 6
Rationale: Functional; Relationship: Intersects; Alignment Strength: 6","OSFI B-13-32
OSFI B-13-36","Rationale: Semantic; Relationship: Superset; Alignment Strength: 9
Rationale: Semantic; Relationship: Superset; Alignment Strength: 9","DORA-06-05
DORA-08-02
DORA-13-01","Rationale: Semantic; Relationship: Superset; Alignment Strength: 7
Rationale: Semantic; Relationship: Superset; Alignment Strength: 9
Rationale: Semantic; Relationship: Superset; Alignment Strength: 8",,,"TR-12.1.1
TR-4.2.1","Type: Full Summarily
Type: Full Summarily","D1.RM.RA.Inn.1
D2.MA.Ma.A.2
D2.MA.Ma.A.3
D2.MA.Ma.E.1
D2.MA.Ma.Int.2
D2.MA.Ma.Int.3
D2.MA.Ma.Int.4
D2.TI.Th.Int.1","Level: Innovative; Type: Partial
Level: Advanced; Type: Partial
Level: Advanced; Type: Full Summarily
Level: Evolving; Type: Full Summarily
Level: Intermediate; Type: Full Summarily
Level: Intermediate; Type: Full Summarily
Level: Intermediate; Type: Full Summarily
Level: Intermediate; Type: Full Summarily",057.116,Level: Ds,"FFIEC-DAM-03.01
FFIEC-DAM-03.02
FFIEC-DAM-03.03","Rationale: Semantic; Relationship: Intersects
Rationale: Semantic; Relationship: Intersects
Rationale: Semantic; Relationship: Intersects","PM-16
RA-03
RA-10
SI-05","Rationale: Semantic; Relationship: Superset; Alignment Strength: 9
Rationale: Semantic; Relationship: Superset; Alignment Strength: 9
Rationale: Semantic; Relationship: Superset; Alignment Strength: 9
Rationale: Semantic; Relationship: Intersects; Alignment Strength: 9",,,"EBA-20
EBA-21","Rationale: Semantic; Relationship: Superset; Alignment Strength: 8
Rationale: Semantic; Relationship: Superset; Alignment Strength: 8",JFSA-49,Rationale: Functional; Relationship: Intersects; Alignment Strength: 5,,,NAIC-IDSML-03,Rationale: Semantic; Relationship: Superset
ID.RA-03.02,57.117,IDENTIFY,Risk Assessment,Threat Identification,10.0,"Tier: 1
Tier: 2
Tier: 3
Tier: 4","ID.RA-03.02: The organization solicits and considers threat intelligence received from the organization's stakeholders, service and utility providers, and other industry and security organizations.",ID.RA-03,,"#threat_landscape
#threat_management",APRA CPS 234-17,Rationale: Semantic; Relationship: Superset; Alignment Strength: 8,OSFI CSSA-76,Rationale: Functional; Relationship: Superset; Alignment Strength: 9,,,ID.RA-2.CT,,"APRA CPG 234-38
APRA CPG 234-39","Rationale: Semantic; Relationship: Intersects; Alignment Strength: 7; Functional Coverage Strength: 8
Rationale: Semantic; Relationship: Superset; Alignment Strength: 8; Functional Coverage Strength: 10",NYDFS-22,Rationale: Semantic; Relationship: Superset; Alignment Strength: 5,"2.1.2.1.13
2.7.2.1.13
2.7.2.1.2
2.7.2.1.3
2.8.2.1.1
2.8.2.1.2","Level: Advancing
Level: Innovating
Level: Evolving
Level: Evolving
Level: Evolving
Level: Evolving",,,FFIEC-BCM-05.02,Rationale: Functional; Relationship: Intersects; Alignment Strength: 6,"OSFI B-13-32
OSFI B-13-33
OSFI B-13-36
OSFI B-13-38","Rationale: Semantic; Relationship: Intersects; Alignment Strength: 9
Rationale: Semantic; Relationship: Superset; Alignment Strength: 9
Rationale: Semantic; Relationship: Superset; Alignment Strength: 9
Rationale: Semantic; Relationship: Superset; Alignment Strength: 9","DORA-08-02
DORA-13-01","Rationale: Semantic; Relationship: Superset; Alignment Strength: 7
Rationale: Semantic; Relationship: Superset; Alignment Strength: 8",,,,,"D1.G.SP.Int.1
D2.MA.Ma.E.1
D2.MA.Ma.Int.3
D2.TI.Th.Int.1
D2.TI.Ti.A.3
D2.TI.Ti.E.1
D2.TI.Ti.Int.2","Level: Intermediate; Type: Full Summarily
Level: Evolving; Type: Full Summarily
Level: Intermediate; Type: Full Summarily
Level: Intermediate; Type: Full Summarily
Level: Advanced; Type: Full Summarily
Level: Evolving; Type: Full
Level: Intermediate; Type: Full Summarily",057.117,Level: Ds,"FFIEC-DAM-03.02
FFIEC-DAM-09.02","Rationale: Semantic; Relationship: Intersects
Rationale: Semantic; Relationship: Intersects","PM-16
RA-03
RA-10
SI-05","Rationale: Semantic; Relationship: Superset; Alignment Strength: 9
Rationale: Semantic; Relationship: Superset; Alignment Strength: 9
Rationale: Semantic; Relationship: Intersects; Alignment Strength: 9
Rationale: Semantic; Relationship: Intersects; Alignment Strength: 8",ASIC-GP05.IS,Rationale: Semantic; Relationship: Intersects,,,"JFSA-22
JFSA-48
JFSA-49","Rationale: Semantic; Relationship: Superset; Alignment Strength: 7
Rationale: Functional; Relationship: Intersects; Alignment Strength: 3
Rationale: Functional; Relationship: Intersects; Alignment Strength: 7",,,NAIC-IDSML-03,Rationale: Semantic; Relationship: Intersects
ID.RA-03.03,57.118,IDENTIFY,Risk Assessment,Threat Identification,10.0,"Tier: 1
Tier: 2
Tier: 3","ID.RA-03.03: The organization includes in its threat analysis those cyber threats which could trigger extreme but plausible cyber events, even if they are considered unlikely to occur or have never occurred in the past.",ID.RA-03,,"#threat_landscape
#threat_management",APRA CPS 234-17,Rationale: Semantic; Relationship: Superset; Alignment Strength: 8,,,,,,,,,,,"2.7.2.1.1
2.7.2.1.12
2.7.2.1.5
2.8.2.1.2","Level: Evolving
Level: Advancing
Level: Evolving
Level: Evolving",,,FFIEC-BCM-05.04,Rationale: Semantic; Relationship: Subset; Alignment Strength: 9,"OSFI B-13-32
OSFI B-13-33
OSFI B-13-37","Rationale: Semantic; Relationship: Superset; Alignment Strength: 9
Rationale: Semantic; Relationship: Superset; Alignment Strength: 9
Rationale: Semantic; Relationship: Superset; Alignment Strength: 9","DORA-08-02
DORA-13-07","Rationale: Semantic; Relationship: Superset; Alignment Strength: 8
Rationale: Semantic; Relationship: Intersects; Alignment Strength: 8",SEC-02.I.A.2,Rationale: Semantic; Relationship: Superset; Alignment Strength: 8,,,"D2.MA.Ma.E.1
D2.MA.Ma.Inn.2","Level: Evolving; Type: Full Summarily
Level: Innovative; Type: Full Summarily",057.118,Level: Ds,FFIEC-DAM-03.02,Rationale: Semantic; Relationship: Intersects,"PM-16
RA-03
RA-10","Rationale: Semantic; Relationship: Superset; Alignment Strength: 8
Rationale: Semantic; Relationship: Superset; Alignment Strength: 9
Rationale: Semantic; Relationship: Superset; Alignment Strength: 8",,,,,JFSA-49,Rationale: Functional; Relationship: Intersects; Alignment Strength: 7,,,NAIC-IDSML-03,Rationale: Semantic; Relationship: Intersects
ID.RA-03.04,57.119,IDENTIFY,Risk Assessment,Threat Identification,10.0,"Tier: 1
Tier: 2
Tier: 3
Tier: 4","ID.RA-03.04: The organization regularly reviews and updates its threat analysis methodology, threat information sources, and supporting tools.",ID.RA-03,,"#threat_landscape
#threat_management",APRA CPS 234-17,Rationale: Semantic; Relationship: Superset; Alignment Strength: 8,"OSFI CSSA-32
OSFI CSSA-42
OSFI CSSA-76","Rationale: Functional; Relationship: Intersects; Alignment Strength: 8
Rationale: Functional; Relationship: Subset; Alignment Strength: 9
Rationale: Functional; Relationship: Intersects; Alignment Strength: 9",,,ID.RA-2.CT,,"APRA CPG 234-39
APRA CPG 234-68","Rationale: Semantic; Relationship: Intersects; Alignment Strength: 8; Functional Coverage Strength: 10
Rationale: Semantic; Relationship: Superset; Alignment Strength: 10; Functional Coverage Strength: 10",,,"2.4.2.21
2.4.2.22
2.5.2.1.17
2.5.2.1.18
2.6.2.37
2.7.2.1.1
2.7.2.1.2
2.7.2.1.6
2.7.2.2.23
2.7.2.2.24
2.8.2.1.1
2.8.2.1.2","Level: Innovating
Level: Innovating
Level: Advancing
Level: Innovating
Level: Innovating
Level: Evolving
Level: Evolving
Level: Evolving
Level: Innovating
Level: Innovating
Level: Evolving
Level: Evolving",,,FFIEC-BCM-10.13,Rationale: Semantic; Relationship: Intersects; Alignment Strength: 6,"OSFI B-13-32
OSFI B-13-36
OSFI B-13-37
OSFI B-13-51","Rationale: Semantic; Relationship: Superset; Alignment Strength: 9
Rationale: Semantic; Relationship: Superset; Alignment Strength: 9
Rationale: Semantic; Relationship: Superset; Alignment Strength: 9
Rationale: Semantic; Relationship: Intersects; Alignment Strength: 8",,,SEC-02.I.A.2,Rationale: Semantic; Relationship: Superset; Alignment Strength: 8,TR-12.1.1,Type: Full Summarily,"D2.MA.Ma.Int.3
D2.TI.Th.Int.1
D2.TI.Ti.Inn.2
D2.TI.Ti.Int.2","Level: Intermediate; Type: Full Summarily
Level: Intermediate; Type: Full Summarily
Level: Innovative; Type: Full
Level: Intermediate; Type: Full Summarily",057.119,Level: Ds,FFIEC-DAM-03.02,Rationale: Semantic; Relationship: Intersects,"PM-16
RA-10
SI-05","Rationale: Semantic; Relationship: Superset; Alignment Strength: 9
Rationale: Semantic; Relationship: Superset; Alignment Strength: 9
Rationale: Semantic; Relationship: Intersects; Alignment Strength: 8","ASIC-GP05.IS
ASIC-GP09.DA","Rationale: Semantic; Relationship: Superset
Rationale: Semantic; Relationship: Superset",,,"JFSA-22
JFSA-49","Rationale: Semantic; Relationship: Superset; Alignment Strength: 7
Rationale: Functional; Relationship: Intersects; Alignment Strength: 6",,,,
ID.RA-04.01,58.12,IDENTIFY,Risk Assessment,Impact & Likelihood Analysis,10.0,"Tier: 1
Tier: 2
Tier: 3
Tier: 4",ID.RA-04.01: The organization's risk assessment approach includes the analysis and characterization of the likelihood and potential business impact of identified risks being realized.,ID.RA-04,,"#business_impact_analysis
#review_assessment_and_testing
#risk_management
#threat_management",,,OSFI CSSA-20,Rationale: Functional; Relationship: Superset; Alignment Strength: 8,,,ID.RA-5.CR,,,,NYDFS-22,Rationale: Semantic; Relationship: Superset; Alignment Strength: 8,"2.2.2.4
2.7.2.1.4","Level: Evolving
Level: Evolving",,,"FFIEC-BCM-05.01
FFIEC-BCM-05.04","Rationale: Semantic; Relationship: Intersects; Alignment Strength: 6
Rationale: Semantic; Relationship: Intersects; Alignment Strength: 8",OSFI B-13-39,Rationale: Semantic; Relationship: Intersects; Alignment Strength: 7,"DORA-11-05
DORA-13-01","Rationale: Semantic; Relationship: Subset; Alignment Strength: 8
Rationale: Semantic; Relationship: Superset; Alignment Strength: 8",,,TR-4.3.1,Type: Full Summarily,"D1.RM.RA.B.1
D1.RM.RMP.Int.2","Level: Baseline; Type: Full Summarily
Level: Intermediate; Type: Full Summarily",058.120,Level: Ds,"FFIEC-DAM-03.01
FFIEC-DAM-03.02","Rationale: Semantic; Relationship: Intersects
Rationale: Semantic; Relationship: Intersects","PM-09
RA-03","Rationale: Semantic; Relationship: Superset; Alignment Strength: 8
Rationale: Semantic; Relationship: Superset; Alignment Strength: 9",ASIC-KQ01,Rationale: Semantic; Relationship: Superset,"EBA-19
EBA-20
EBA-78","Rationale: Semantic; Relationship: Intersects; Alignment Strength: 5
Rationale: Semantic; Relationship: Superset; Alignment Strength: 8
Rationale: Semantic; Relationship: Intersects; Alignment Strength: 9",,,,,NAIC-IDSML-03,Rationale: Semantic; Relationship: Superset
ID.RA-05.01,59.121,IDENTIFY,Risk Assessment,Risk Exposure Determination & Prioritization,10.0,"Tier: 1
Tier: 2
Tier: 3
Tier: 4","ID.RA-05.01: Threats, vulnerabilities, likelihoods, and impacts are used to determine overall technology, cybersecurity, and resilience risk to the organization.",ID.RA-05,,"#incident_management
#resilience
#risk_management
#threat_management",,,OSFI CSSA-74,Rationale: Functional; Relationship: Intersects; Alignment Strength: 8,,,ID.RA-5.CR,,,,"NYDFS-22
NYDFS-23","Rationale: Semantic; Relationship: Superset; Alignment Strength: 8
Rationale: Semantic; Relationship: Superset; Alignment Strength: 6","2.2.2.4
2.6.2.2
2.7.2.1.5","Level: Evolving
Level: Evolving
Level: Evolving",,,"FFIEC-BCM-05.01
FFIEC-BCM-05.02
FFIEC-BCM-05.04","Rationale: Semantic; Relationship: Intersects; Alignment Strength: 6
Rationale: Functional; Relationship: Intersects; Alignment Strength: 6
Rationale: Semantic; Relationship: Intersects; Alignment Strength: 10",,,"DORA-08-02
DORA-08-07
DORA-13-01
DORA-13-07","Rationale: Semantic; Relationship: Intersects; Alignment Strength: 8
Rationale: Semantic; Relationship: Superset; Alignment Strength: 8
Rationale: Semantic; Relationship: Superset; Alignment Strength: 8
Rationale: Semantic; Relationship: Intersects; Alignment Strength: 8",SEC-02.I.A.2,Rationale: Semantic; Relationship: Superset; Alignment Strength: 8,,,D1.G.SP.Int.1,Level: Intermediate; Type: Full Summarily,059.121,Level: Ds,"FFIEC-DAM-03.01
FFIEC-DAM-03.02","Rationale: Semantic; Relationship: Intersects
Rationale: Semantic; Relationship: Intersects",RA-03,Rationale: Semantic; Relationship: Superset; Alignment Strength: 9,,,"EBA-20
EBA-80","Rationale: Semantic; Relationship: Superset; Alignment Strength: 8
Rationale: Functional; Relationship: Intersects; Alignment Strength: 6",,,,,NAIC-IDSML-03,Rationale: Semantic; Relationship: Superset
ID.RA-05.02,59.122,IDENTIFY,Risk Assessment,Risk Exposure Determination & Prioritization,10.0,"Tier: 1
Tier: 2","ID.RA-05.02: The organization has established threat modeling capabilities to identify how and why critical assets might be compromised by a threat actor, what level of protection is needed for those critical assets, and what the impact would be if that protection failed.",ID.RA-05,,"#critical_infrastructure
#threat_landscape
#threat_management",APRA CPS 234-17,Rationale: Semantic; Relationship: Superset; Alignment Strength: 8,"OSFI CSSA-32
OSFI CSSA-74","Rationale: Functional; Relationship: Intersects; Alignment Strength: 9
Rationale: Functional; Relationship: Equal; Alignment Strength: 10",,,,,,,,,"2.7.2.1.2
2.7.2.1.4
2.7.2.1.5
2.7.2.1.9
2.7.2.2.23
2.8.2.1.2","Level: Evolving
Level: Evolving
Level: Evolving
Level: Advancing
Level: Innovating
Level: Evolving",,,"FFIEC-BCM-05.01
FFIEC-BCM-05.04","Rationale: Semantic; Relationship: Intersects; Alignment Strength: 6
Rationale: Semantic; Relationship: Intersects; Alignment Strength: 7","OSFI B-13-32
OSFI B-13-33
OSFI B-13-36
OSFI B-13-37
OSFI B-13-51","Rationale: Semantic; Relationship: Superset; Alignment Strength: 9
Rationale: Semantic; Relationship: Superset; Alignment Strength: 9
Rationale: Semantic; Relationship: Superset; Alignment Strength: 9
Rationale: Semantic; Relationship: Superset; Alignment Strength: 9
Rationale: Semantic; Relationship: Intersects; Alignment Strength: 8","DORA-13-01
DORA-18-02","Rationale: Semantic; Relationship: Superset; Alignment Strength: 8
Rationale: Semantic; Relationship: Subset; Alignment Strength: 7",,,TR-4.3.1,Type: Full Summarily,"D1.G.SP.Int.1
D1.RM.RA.Inn.2
D2.MA.Ma.A.4
D2.MA.Ma.E.1
D2.MA.Ma.Int.2
D2.MA.Ma.Int.4
D2.TI.Th.Int.1
D2.TI.Ti.A.1
D5.IR.Te.A.3","Level: Intermediate; Type: Full Summarily
Level: Innovative; Type: Partial
Level: Advanced; Type: Full Summarily
Level: Evolving; Type: Full Summarily
Level: Intermediate; Type: Full Summarily
Level: Intermediate; Type: Full Summarily
Level: Intermediate; Type: Full Summarily
Level: Advanced; Type: Full
Level: Advanced; Type: Full Summarily",059.122,Level: Ds,FFIEC-DAM-03.02,Rationale: Semantic; Relationship: Intersects,"PM-16
RA-03
RA-09
RA-10","Rationale: Semantic; Relationship: Superset; Alignment Strength: 9
Rationale: Semantic; Relationship: Superset; Alignment Strength: 9
Rationale: Semantic; Relationship: Intersects; Alignment Strength: 9
Rationale: Semantic; Relationship: Superset; Alignment Strength: 9",ASIC-GP09.DA,Rationale: Semantic; Relationship: Superset,EBA-20,Rationale: Semantic; Relationship: Superset; Alignment Strength: 8,,,16.14,Rationale: Semantic; Relationship: Subset,NAIC-IDSML-03,Rationale: Semantic; Relationship: Superset
ID.RA-05.03,59.123,IDENTIFY,Risk Assessment,Risk Exposure Determination & Prioritization,10.0,"Tier: 1
Tier: 2
Tier: 3","ID.RA-05.03: The organization's business units assess, on an ongoing basis, the technology, cybersecurity, and resilience risks associated with the activities of the business unit.",ID.RA-05,,"#resilience
#review_assessment_and_testing
#risk_management",,,OSFI CSSA-20,Rationale: Functional; Relationship: Superset; Alignment Strength: 8,,,,,,,NYDFS-22,Rationale: Semantic; Relationship: Superset; Alignment Strength: 8,"2.1.2.1.1
2.1.2.1.13","Level: Evolving
Level: Advancing",,,"FFIEC-BCM-05.01
FFIEC-BCM-05.02","Rationale: Semantic; Relationship: Intersects; Alignment Strength: 6
Rationale: Functional; Relationship: Intersects; Alignment Strength: 6",,,"DORA-06-08
DORA-13-07","Rationale: Semantic; Relationship: Intersects; Alignment Strength: 7
Rationale: Semantic; Relationship: Intersects; Alignment Strength: 9",,,,,D1.RM.RA.Inn.1,Level: Innovative; Type: Partial,059.123,Level: Ds,"FFIEC-DAM-03.01
FFIEC-DAM-03.02","Rationale: Semantic; Relationship: Intersects
Rationale: Semantic; Relationship: Intersects","PM-09
RA-03","Rationale: Semantic; Relationship: Superset; Alignment Strength: 7
Rationale: Semantic; Relationship: Superset; Alignment Strength: 9","ASIC-GP04.LA
ASIC-KQ03","Rationale: Semantic; Relationship: Superset
Rationale: Semantic; Relationship: Superset",EBA-80,Rationale: Functional; Relationship: Intersects; Alignment Strength: 6,,,,,,
ID.RA-05.04,59.124,IDENTIFY,Risk Assessment,Risk Exposure Determination & Prioritization,10.0,"Tier: 1
Tier: 2
Tier: 3","ID.RA-05.04: The organization uses scenario planning, table-top-exercises, or similar event analysis techniques to identify vulnerabilities and determine potential impacts to critical infrastructure, technology, and business processes.",ID.RA-05,,"#business_impact_analysis
#critical_infrastructure
#disaster_recovery
#incident_management
#resilience
#scenario_risk_assessment
#vulnerability_management",,,OSFI CSSA-74,Rationale: Functional; Relationship: Intersects; Alignment Strength: 7,,,,,"APRA CPG 234-44
APRA CPG 234-45","Rationale: Semantic; Relationship: Intersects; Alignment Strength: 8; Functional Coverage Strength: 10
Rationale: Semantic; Relationship: Superset; Alignment Strength: 7; Functional Coverage Strength: 8",NYDFS-13,Rationale: Semantic; Relationship: Intersects; Alignment Strength: 5,"2.5.2.1.2
2.6.2.15
2.7.2.1.5","Level: Evolving
Level: Evolving
Level: Evolving",FFIEC-AIO-17.03,Rationale: Semantic; Relationship: Subset; Alignment Strength: 6,"FFIEC-BCM-05.01
FFIEC-BCM-05.02
FFIEC-BCM-05.04
FFIEC-BCM-08.05
FFIEC-BCM-10.13
FFIEC-BCM-10.18","Rationale: Semantic; Relationship: Intersects; Alignment Strength: 6
Rationale: Semantic; Relationship: Subset; Alignment Strength: 8
Rationale: Semantic; Relationship: Subset; Alignment Strength: 8
Rationale: Functional; Relationship: Subset; Alignment Strength: 7
Rationale: Semantic; Relationship: Subset; Alignment Strength: 8
Rationale: Functional; Relationship: Intersects; Alignment Strength: 6",OSFI B-13-34,Rationale: Semantic; Relationship: Superset; Alignment Strength: 8,"DORA-08-02
DORA-11-05
DORA-13-01
DORA-25-01","Rationale: Semantic; Relationship: Superset; Alignment Strength: 8
Rationale: Semantic; Relationship: Subset; Alignment Strength: 8
Rationale: Semantic; Relationship: Superset; Alignment Strength: 9
Rationale: Semantic; Relationship: Subset; Alignment Strength: 8",,,"TR-13.3.1
TR-13.4.1
TR-4.3.1","Type: Full Summarily
Type: Full Summarily
Type: Full Summarily","D1.RM.RMP.Int.2
D3.DC.Th.A.2
D5.IR.Te.A.5
D5.IR.Te.B.1
D5.IR.Te.Int.1","Level: Intermediate; Type: Full Summarily
Level: Advanced; Type: Full Summarily
Level: Advanced; Type: Full Summarily
Level: Baseline; Type: Full Summarily
Level: Intermediate; Type: Full",059.124,Level: Ds,FFIEC-DAM-03.02,Rationale: Semantic; Relationship: Intersects,"IR-03
PM-16
RA-03","Rationale: Semantic; Relationship: Intersects; Alignment Strength: 9
Rationale: Semantic; Relationship: Intersects; Alignment Strength: 8
Rationale: Semantic; Relationship: Intersects; Alignment Strength: 9","ASIC-GP10.RP
ASIC-KQ08","Rationale: Semantic; Relationship: Superset
Rationale: Semantic; Relationship: Superset","EBA-21
EBA-36
EBA-41
EBA-78
EBA-80
EBA-82","Rationale: Semantic; Relationship: Superset; Alignment Strength: 8
Rationale: Semantic; Relationship: Superset; Alignment Strength: 9
Rationale: Semantic; Relationship: Superset; Alignment Strength: 9
Rationale: Functional; Relationship: Intersects; Alignment Strength: 5
Rationale: Functional; Relationship: Intersects; Alignment Strength: 7
Rationale: Semantic; Relationship: Intersects; Alignment Strength: 9","JFSA-08
JFSA-48
JFSA-49
JFSA-50
JFSA-52","Rationale: Semantic; Relationship: Superset; Alignment Strength: 8
Rationale: Functional; Relationship: Intersects; Alignment Strength: 7
Rationale: Functional; Relationship: Intersects; Alignment Strength: 5
Rationale: Functional; Relationship: Intersects; Alignment Strength: 7
Rationale: Semantic; Relationship: Superset; Alignment Strength: 8",,,NAIC-IDSML-03,Rationale: Semantic; Relationship: Superset
ID.RA-06.01,60.125,IDENTIFY,Risk Assessment,Risk Response Determination,10.0,"Tier: 1
Tier: 2
Tier: 3
Tier: 4","ID.RA-06.01: Technology and cybersecurity risk management programs and risk assessment processes produce actionable recommendations that the organization uses to select, design, prioritize, implement, maintain, evaluate, and modify cybersecurity and technology controls.",ID.RA-06,,"#enterprise_risk_management
#improvements
#metrics_and_reporting
#program_transformation
#review_assessment_and_testing
#risk_management
#risk_response",,,OSFI CSSA-20,Rationale: Functional; Relationship: Superset; Alignment Strength: 8,,,"ID.GV-4.CR
ID.RA-6.RR","
",,,"NYDFS-22
NYDFS-23","Rationale: Semantic; Relationship: Superset; Alignment Strength: 8
Rationale: Semantic; Relationship: Superset; Alignment Strength: 9","2.2.2.4
2.2.2.6","Level: Evolving
Level: Evolving",,,"FFIEC-BCM-05.01
FFIEC-BCM-05.02
FFIEC-BCM-05.05","Rationale: Semantic; Relationship: Intersects; Alignment Strength: 6
Rationale: Semantic; Relationship: Subset; Alignment Strength: 8
Rationale: Semantic; Relationship: Subset; Alignment Strength: 8","OSFI B-13-03
OSFI B-13-05
OSFI B-13-42","Rationale: Semantic; Relationship: Intersects; Alignment Strength: 8
Rationale: Semantic; Relationship: Superset; Alignment Strength: 7
Rationale: Semantic; Relationship: Intersects; Alignment Strength: 8",DORA-24-05,Rationale: Semantic; Relationship: Intersects; Alignment Strength: 8,SEC-12.II.C.1.a,Rationale: Semantic; Relationship: Superset; Alignment Strength: 8,"TR-4.1.2
TR-4.4.1","Type: Full Summarily
Type: Full Summarily",D1.G.Ov.Int.6,Level: Intermediate; Type: Full Summarily,060.125,Level: Ds,"FFIEC-DAM-03.01
FFIEC-DAM-03.02","Rationale: Semantic; Relationship: Intersects
Rationale: Semantic; Relationship: Intersects","CA-05
CA-07
PM-04
PM-09
RA-03
RA-07","Rationale: Semantic; Relationship: Superset; Alignment Strength: 9
Rationale: Semantic; Relationship: Intersects; Alignment Strength: 7
Rationale: Semantic; Relationship: Intersects; Alignment Strength: 9
Rationale: Semantic; Relationship: Superset; Alignment Strength: 8
Rationale: Semantic; Relationship: Superset; Alignment Strength: 9
Rationale: Semantic; Relationship: Superset; Alignment Strength: 9",,,,,"JFSA-07
JFSA-08
JFSA-21
JFSA-32","Rationale: Semantic; Relationship: Superset; Alignment Strength: 9
Rationale: Semantic; Relationship: Superset; Alignment Strength: 8
Rationale: Semantic; Relationship: Superset; Alignment Strength: 7
Rationale: Semantic; Relationship: Superset; Alignment Strength: 6",,,,
ID.RA-06.02,60.126,IDENTIFY,Risk Assessment,Risk Response Determination,10.0,"Tier: 1
Tier: 2
Tier: 3
Tier: 4","ID.RA-06.02: The implementation of responses to address identified risks (i.e., risk avoidance, risk mitigation, risk acceptance, or risk transfer (e.g., cyber insurance)) are formulated, assessed, documented, and prioritized based on criticality to the business.",ID.RA-06,,"#enterprise_risk_management
#issue_management
#metrics_and_reporting
#risk_management
#risk_response",,,OSFI CSSA-12,Rationale: Functional; Relationship: Superset; Alignment Strength: 8,,,"ID.GV-4.CR
ID.RA-6.RR","
",,,NYDFS-23,Rationale: Semantic; Relationship: Superset; Alignment Strength: 9,,,FFIEC-AIO-13.06,Rationale: Semantic; Relationship: Subset; Alignment Strength: 5,,,,,"DORA-18-02
DORA-24-05
DORA-26-05","Rationale: Semantic; Relationship: Subset; Alignment Strength: 8
Rationale: Semantic; Relationship: Intersects; Alignment Strength: 8
Rationale: Semantic; Relationship: Intersects; Alignment Strength: 5",,,"TR-4.1.4
TR-4.4.1
TR-4.4.3","Type: Full Summarily
Type: Full Summarily
Type: Full",,,060.126,Level: Ds,"FFIEC-DAM-03.01
FFIEC-DAM-03.02
FFIEC-DAM-12.06","Rationale: Semantic; Relationship: Intersects
Rationale: Semantic; Relationship: Intersects
Rationale: Semantic; Relationship: Intersects","CA-05
PM-04
PM-09
RA-03
RA-07","Rationale: Semantic; Relationship: Superset; Alignment Strength: 9
Rationale: Semantic; Relationship: Intersects; Alignment Strength: 9
Rationale: Semantic; Relationship: Superset; Alignment Strength: 8
Rationale: Semantic; Relationship: Superset; Alignment Strength: 9
Rationale: Semantic; Relationship: Superset; Alignment Strength: 9",ASIC-KQ01,Rationale: Semantic; Relationship: Superset,"EBA-20
EBA-22
EBA-23","Rationale: Semantic; Relationship: Superset; Alignment Strength: 8
Rationale: Semantic; Relationship: Superset; Alignment Strength: 8
Rationale: Semantic; Relationship: Superset; Alignment Strength: 7",,,,,,
ID.RA-06.03,60.127,IDENTIFY,Risk Assessment,Risk Response Determination,10.0,"Tier: 1
Tier: 2
Tier: 3
Tier: 4","ID.RA-06.03: Technology and cybersecurity programs identify and implement controls to manage applicable risks within the risk appetite set by the governing authority (e.g., the Board or one of its committees).",ID.RA-06,,"#board_or_committee_oversight
#enterprise_risk_management
#issue_management
#program_transformation
#risk_appetite_/_tolerance
#risk_management
#risk_oversight",APRA CPS 234-15,Rationale: Semantic; Relationship: Superset; Alignment Strength: 7,"OSFI CSSA-08
OSFI CSSA-14","Rationale: Functional; Relationship: Intersects; Alignment Strength: 8
Rationale: Functional; Relationship: Intersects; Alignment Strength: 7",,,,,,,"NYDFS-22
NYDFS-23","Rationale: Semantic; Relationship: Superset; Alignment Strength: 8
Rationale: Semantic; Relationship: Superset; Alignment Strength: 7","2.1.2.1.2
2.1.2.2.17
2.3.2.1.3","Level: Evolving
Level: Evolving
Level: Evolving",,,FFIEC-BCM-05.05,Rationale: Semantic; Relationship: Subset; Alignment Strength: 9,"OSFI B-13-05
OSFI B-13-39","Rationale: Semantic; Relationship: Superset; Alignment Strength: 8
Rationale: Semantic; Relationship: Intersects; Alignment Strength: 7","DORA-05-01
DORA-05-02
DORA-09-01
DORA-26-05","Rationale: Semantic; Relationship: Superset; Alignment Strength: 7
Rationale: Semantic; Relationship: Superset; Alignment Strength: 8
Rationale: Semantic; Relationship: Intersects; Alignment Strength: 7
Rationale: Semantic; Relationship: Intersects; Alignment Strength: 5",SEC-02.I.A.2,Rationale: Semantic; Relationship: Superset; Alignment Strength: 8,"TR-3.1.1
TR-4.4.1","Type: Full Summarily
Type: Full Summarily","D1.G.SP.B.1
D1.RM.RA.B.1","Level: Baseline; Type: Full Summarily
Level: Baseline; Type: Full Summarily",060.127,Level: Ds,,,"PM-09
RA-07","Rationale: Semantic; Relationship: Superset; Alignment Strength: 8
Rationale: Semantic; Relationship: Intersects; Alignment Strength: 9",,,"EBA-13
EBA-22","Rationale: Semantic; Relationship: Superset; Alignment Strength: 7
Rationale: Semantic; Relationship: Superset; Alignment Strength: 8","JFSA-07
JFSA-21","Rationale: Semantic; Relationship: Superset; Alignment Strength: 7
Rationale: Semantic; Relationship: Superset; Alignment Strength: 8",,,"NAIC-IDSML-01
NAIC-IDSML-02
NAIC-IDSML-03","Rationale: Semantic; Relationship: Superset
Rationale: Semantic; Relationship: Superset
Rationale: Semantic; Relationship: Superset"
ID.RA-06.04,60.128,IDENTIFY,Risk Assessment,Risk Response Determination,10.0,"Tier: 1
Tier: 2
Tier: 3
Tier: 4","ID.RA-06.04: The organization assesses the threats, impacts, and risks that could adversely affect the organization's ability to provide services on an ongoing basis, and develops its resilience requirements and plans to address those risks.",ID.RA-06,,"#mission_and_strategy
#resilience
#risk_management
#threat_management",,,OSFI CSSA-74,Rationale: Functional; Relationship: Intersects; Alignment Strength: 7,,,,,,,NYDFS-22,Rationale: Semantic; Relationship: Superset; Alignment Strength: 8,"2.6.2.22
2.7.2.1.10","Level: Advancing
Level: Advancing",FFIEC-AIO-12.04,Rationale: Semantic; Relationship: Superset; Alignment Strength: 8,"FFIEC-BCM-05.01
FFIEC-BCM-05.02
FFIEC-BCM-10.07
FFIEC-BCM-10.13","Rationale: Semantic; Relationship: Intersects; Alignment Strength: 7
Rationale: Semantic; Relationship: Subset; Alignment Strength: 8
Rationale: Semantic; Relationship: Subset; Alignment Strength: 8
Rationale: Semantic; Relationship: Subset; Alignment Strength: 8","OSFI B-13-03
OSFI B-13-05","Rationale: Semantic; Relationship: Intersects; Alignment Strength: 8
Rationale: Semantic; Relationship: Superset; Alignment Strength: 9","DORA-06-01
DORA-06-08
DORA-08-02
DORA-12-06
DORA-13-01","Rationale: Semantic; Relationship: Superset; Alignment Strength: 8
Rationale: Semantic; Relationship: Superset; Alignment Strength: 8
Rationale: Semantic; Relationship: Superset; Alignment Strength: 8
Rationale: Semantic; Relationship: Intersects; Alignment Strength: 9
Rationale: Semantic; Relationship: Subset; Alignment Strength: 8",,,,,"D1.RM.RMP.Int.2
D2.TI.Th.Int.1
D5.IR.Pl.E.4","Level: Intermediate; Type: Full Summarily
Level: Intermediate; Type: Full Summarily
Level: Evolving; Type: Full Summarily",060.128,Level: Ds,,,"CP-02
PM-04
PM-09
RA-03
RA-07","Rationale: Semantic; Relationship: Superset; Alignment Strength: 9
Rationale: Semantic; Relationship: Intersects; Alignment Strength: 9
Rationale: Semantic; Relationship: Superset; Alignment Strength: 8
Rationale: Semantic; Relationship: Superset; Alignment Strength: 9
Rationale: Semantic; Relationship: Intersects; Alignment Strength: 9",,,"EBA-77
EBA-80","Rationale: Semantic; Relationship: Subset; Alignment Strength: 8
Rationale: Semantic; Relationship: Intersects; Alignment Strength: 8",,,,,NAIC-IDSML-03,Rationale: Semantic; Relationship: Superset
ID.RA-06.05,60.129,IDENTIFY,Risk Assessment,Risk Response Determination,10.0,"Tier: 1
Tier: 2
Tier: 3
Tier: 4","ID.RA-06.05: The organization defines and implements standards and procedures to prioritize and remediate issues identified in vulnerability scanning or penetration testing, including emergency or zero-day threats and vulnerabilities.",ID.RA-06,,"#issue_management
#patch_management
#penetration_testing
#policy_management
#threat_management
#vulnerability_management",APRA CPS 234-17,Rationale: Semantic; Relationship: Superset; Alignment Strength: 8,"OSFI CSSA-41
OSFI CSSA-44","Rationale: Functional; Relationship: Superset; Alignment Strength: 9
Rationale: Functional; Relationship: Equal; Alignment Strength: 10",,,,,"APRA CPG 234-36
APRA CPG 234-39","Rationale: Semantic; Relationship: Superset; Alignment Strength: 9; Functional Coverage Strength: 10
Rationale: Semantic; Relationship: Intersects; Alignment Strength: 8; Functional Coverage Strength: 10",NYDFS-14,Rationale: Semantic; Relationship: Superset; Alignment Strength: 9,"2.6.2.10
2.8.2.1.1","Level: Evolving
Level: Evolving","FFIEC-AIO-08.02
FFIEC-AIO-13.06
FFIEC-AIO-15.03","Rationale: Semantic; Relationship: Intersects; Alignment Strength: 5
Rationale: Semantic; Relationship: Subset; Alignment Strength: 5
Rationale: Semantic; Relationship: Superset; Alignment Strength: 5",,,"OSFI B-13-22
OSFI B-13-33
OSFI B-13-34
OSFI B-13-45","Rationale: Semantic; Relationship: Intersects; Alignment Strength: 7
Rationale: Semantic; Relationship: Superset; Alignment Strength: 9
Rationale: Semantic; Relationship: Superset; Alignment Strength: 9
Rationale: Semantic; Relationship: Superset; Alignment Strength: 9","DORA-16-01
DORA-25-01
DORA-26-05
DORA-26-06","Rationale: Semantic; Relationship: Intersects; Alignment Strength: 9
Rationale: Semantic; Relationship: Subset; Alignment Strength: 8
Rationale: Semantic; Relationship: Intersects; Alignment Strength: 5
Rationale: Semantic; Relationship: Intersects; Alignment Strength: 4",,,"CH-4.2.b
TR-7.5.6","Type: Full Summarily
Type: Full Summarily","D3.CC.Pa.A.2
D3.CC.Re.B.1
D3.CC.Re.E.2
D3.CC.Re.Int.1
D3.PC.Im.Inn.3","Level: Advanced; Type: Full Summarily
Level: Baseline; Type: Full
Level: Evolving; Type: Full
Level: Intermediate; Type: Full
Level: Innovative; Type: Full",060.129,Level: Ds,,,"CA-05
RA-05
RA-07","Rationale: Semantic; Relationship: Subset; Alignment Strength: 9
Rationale: Semantic; Relationship: Superset; Alignment Strength: 9
Rationale: Semantic; Relationship: Intersects; Alignment Strength: 9",,,"EBA-36
EBA-43
EBA-46","Rationale: Semantic; Relationship: Superset; Alignment Strength: 8
Rationale: Semantic; Relationship: Superset; Alignment Strength: 9
Rationale: Semantic; Relationship: Superset; Alignment Strength: 8","JFSA-25
JFSA-26","Rationale: Semantic; Relationship: Superset; Alignment Strength: 8
Rationale: Semantic; Relationship: Superset; Alignment Strength: 8","16.2
16.6
18.3
18.4
7.2
7.7","Rationale: Semantic; Relationship: Intersects
Rationale: Semantic; Relationship: Intersects
Rationale: Semantic; Relationship: Equivalent
Rationale: Semantic; Relationship: Intersects
Rationale: Semantic; Relationship: Intersects
Rationale: Semantic; Relationship: Equivalent",,
ID.RA-06.06,60.13,IDENTIFY,Risk Assessment,Risk Response Determination,10.0,"Tier: 1
Tier: 2
Tier: 3
Tier: 4","ID.RA-06.06: The organization follows documented procedures, consistent with established risk response processes, for mitigating or accepting the risk of vulnerabilities or weaknesses identified in exercises and testing or when responding to incidents.",ID.RA-06,,"#application_security
#application_security_testing
#enterprise_risk_management
#issue_management
#penetration_testing
#policy_management
#vulnerability_management",APRA CPS 234-17,Rationale: Semantic; Relationship: Superset; Alignment Strength: 7,,,,,RS.MI-3.VM,,,,"NYDFS-14
NYDFS-36","Rationale: Semantic; Relationship: Superset; Alignment Strength: 8
Rationale: Semantic; Relationship: Intersects; Alignment Strength: 5",2.8.2.1.2,Level: Evolving,"FFIEC-AIO-13.06
FFIEC-AIO-15.03","Rationale: Semantic; Relationship: Subset; Alignment Strength: 5
Rationale: Semantic; Relationship: Superset; Alignment Strength: 5",,,"OSFI B-13-34
OSFI B-13-39
OSFI B-13-45","Rationale: Semantic; Relationship: Superset; Alignment Strength: 9
Rationale: Semantic; Relationship: Intersects; Alignment Strength: 7
Rationale: Semantic; Relationship: Superset; Alignment Strength: 9","DORA-16-01
DORA-17-01
DORA-25-01
DORA-26-05","Rationale: Semantic; Relationship: Intersects; Alignment Strength: 8
Rationale: Semantic; Relationship: Superset; Alignment Strength: 8
Rationale: Semantic; Relationship: Subset; Alignment Strength: 8
Rationale: Semantic; Relationship: Intersects; Alignment Strength: 6",,,"TR-4.4.2
TR-8.2.3","Type: Full Summarily
Type: Full Summarily",,,060.130,Level: Ds,,,"CA-05
CP-04
RA-05
RA-07","Rationale: Semantic; Relationship: Superset; Alignment Strength: 9
Rationale: Semantic; Relationship: Intersects; Alignment Strength: 9
Rationale: Semantic; Relationship: Intersects; Alignment Strength: 9
Rationale: Semantic; Relationship: Intersects; Alignment Strength: 9",,,"EBA-22
EBA-23
EBA-42
EBA-43
EBA-46
EBA-71","Rationale: Semantic; Relationship: Superset; Alignment Strength: 7
Rationale: Semantic; Relationship: Superset; Alignment Strength: 7
Rationale: Functional; Relationship: Intersects; Alignment Strength: 6
Rationale: Semantic; Relationship: Superset; Alignment Strength: 7
Rationale: Semantic; Relationship: Superset; Alignment Strength: 8
Rationale: Semantic; Relationship: Intersects; Alignment Strength: 7","JFSA-25
JFSA-26","Rationale: Semantic; Relationship: Superset; Alignment Strength: 8
Rationale: Functional; Relationship: Intersects; Alignment Strength: 6",7.7,Rationale: Semantic; Relationship: Intersects,NAIC-IDSML-03,Rationale: Semantic; Relationship: Superset
ID.RA-07.01,61.131,IDENTIFY,Risk Assessment,Change & Exception Management,10.0,"Tier: 1
Tier: 2
Tier: 3
Tier: 4","ID.RA-07.01: The organization defines and implements change management standards and procedures, to include emergency change procedures, that explicitly address risk identified both prior to and during a change, any new risk created post-change, as well as the reviewing and approving authorities (e.g., change advisory boards).",ID.RA-07,,"#change_management
#policy_management
#risk_management
#risk_oversight",,,"OSFI CSSA-47
OSFI CSSA-52","Rationale: Functional; Relationship: Intersects; Alignment Strength: 8
Rationale: Functional; Relationship: Equal; Alignment Strength: 10",,,SA.SD-1.EC,,"APRA CPG 234-36
APRA CPG 234-47","Rationale: Semantic; Relationship: Superset; Alignment Strength: 9; Functional Coverage Strength: 10
Rationale: Semantic; Relationship: Superset; Alignment Strength: 8; Functional Coverage Strength: 10",,,"2.3.2.1.42
2.3.2.1.43
2.3.2.1.46
2.3.2.1.49
2.3.2.1.50
2.3.2.1.52
2.6.2.13","Level: Evolving
Level: Evolving
Level: Evolving
Level: Evolving
Level: Evolving
Level: Advancing
Level: Evolving","FFIEC-AIO-06.01
FFIEC-AIO-06.02
FFIEC-AIO-06.03
FFIEC-AIO-06.04","Rationale: Semantic; Relationship: Superset; Alignment Strength: 6
Rationale: Semantic; Relationship: Superset; Alignment Strength: 5
Rationale: Semantic; Relationship: Superset; Alignment Strength: 5
Rationale: Semantic; Relationship: Superset; Alignment Strength: 5",FFIEC-BCM-06.08,Rationale: Semantic; Relationship: Intersects; Alignment Strength: 9,"OSFI B-13-19
OSFI B-13-20
OSFI B-13-21","Rationale: Semantic; Relationship: Superset; Alignment Strength: 8
Rationale: Semantic; Relationship: Intersects; Alignment Strength: 7
Rationale: Semantic; Relationship: Superset; Alignment Strength: 9","DORA-06-02
DORA-08-03
DORA-09-04","Rationale: Semantic; Relationship: Superset; Alignment Strength: 7
Rationale: Semantic; Relationship: Intersects; Alignment Strength: 8
Rationale: Semantic; Relationship: Superset; Alignment Strength: 8",,,"TR-7.5.1
TR-7.5.2
TR-7.5.3
TR-7.5.4","Type: Full
Type: Full Summarily
Type: Full Summarily
Type: Full","D1.G.IT.B.4
D1.G.IT.E.4
D1.G.IT.Inn.1
D1.G.IT.Int.1
D1.G.IT.Int.2
D5.DR.Re.Int.2","Level: Baseline; Type: Full
Level: Evolving; Type: Full
Level: Innovative; Type: Full Summarily
Level: Intermediate; Type: Full Summarily
Level: Intermediate; Type: Full Summarily
Level: Intermediate; Type: Full Summarily",061.131,Level: Ds,"FFIEC-DAM-07.05
FFIEC-DAM-13.01
FFIEC-DAM-14.01
FFIEC-DAM-14.02
FFIEC-DAM-14.04
FFIEC-DAM-14.06
FFIEC-DAM-14.07","Rationale: Semantic; Relationship: Intersects
Rationale: Semantic; Relationship: Superset
Rationale: Semantic; Relationship: Superset
Rationale: Semantic; Relationship: Superset
Rationale: Semantic; Relationship: Superset
Rationale: Semantic; Relationship: Subset
Rationale: Semantic; Relationship: Subset","CM-03
CM-04
CM-05
SA-10","Rationale: Semantic; Relationship: Equal; Alignment Strength: 10
Rationale: Semantic; Relationship: Superset; Alignment Strength: 9
Rationale: Semantic; Relationship: Subset; Alignment Strength: 8
Rationale: Semantic; Relationship: Intersects; Alignment Strength: 8",,,"EBA-13
EBA-20
EBA-37
EBA-45
EBA-48
EBA-63
EBA-70
EBA-75
EBA-76","Rationale: Semantic; Relationship: Superset; Alignment Strength: 8
Rationale: Semantic; Relationship: Superset; Alignment Strength: 8
Rationale: Functional; Relationship: Intersects; Alignment Strength: 6
Rationale: Semantic; Relationship: Superset; Alignment Strength: 8
Rationale: Semantic; Relationship: Superset; Alignment Strength: 8
Rationale: Semantic; Relationship: Intersects; Alignment Strength: 7
Rationale: Semantic; Relationship: Intersects; Alignment Strength: 7
Rationale: Semantic; Relationship: Superset; Alignment Strength: 9
Rationale: Semantic; Relationship: Intersects; Alignment Strength: 8",,,,,,
ID.RA-07.02,61.132,IDENTIFY,Risk Assessment,Change & Exception Management,10.0,"Tier: 1
Tier: 2
Tier: 3","ID.RA-07.02: Risk-based criteria are used to categorize each system change, to include emergency changes, to determine the necessary change process standards to apply for change planning, rollback planning, pre-change testing, change access control, post-change verification, and change review and approval.",ID.RA-07,,"#change_management
#policy_management
#review_assessment_and_testing
#risk_management",,,"OSFI CSSA-47
OSFI CSSA-52","Rationale: Functional; Relationship: Intersects; Alignment Strength: 8
Rationale: Functional; Relationship: Superset; Alignment Strength: 9",HK-SFC-2.08,Rationale: Functional; Relationship: Intersects,SA.SD-1.EC,,APRA CPG 234-47,Rationale: Semantic; Relationship: Superset; Alignment Strength: 8; Functional Coverage Strength: 10,,,,,"FFIEC-AIO-06.01
FFIEC-AIO-06.02
FFIEC-AIO-06.03
FFIEC-AIO-06.04","Rationale: Semantic; Relationship: Superset; Alignment Strength: 6
Rationale: Semantic; Relationship: Superset; Alignment Strength: 5
Rationale: Semantic; Relationship: Superset; Alignment Strength: 5
Rationale: Semantic; Relationship: Superset; Alignment Strength: 5",,,"OSFI B-13-19
OSFI B-13-20
OSFI B-13-21
OSFI B-13-22","Rationale: Semantic; Relationship: Superset; Alignment Strength: 8
Rationale: Semantic; Relationship: Intersects; Alignment Strength: 7
Rationale: Semantic; Relationship: Superset; Alignment Strength: 9
Rationale: Semantic; Relationship: Intersects; Alignment Strength: 8","DORA-08-03
DORA-09-04","Rationale: Semantic; Relationship: Intersects; Alignment Strength: 8
Rationale: Semantic; Relationship: Superset; Alignment Strength: 7",,,"TR-7.5.2
TR-7.5.3
TR-7.5.5
TR-7.5.6
TR-7.5.7","Type: Full Summarily
Type: Full Summarily
Type: Full
Type: Full Summarily
Type: Partial","D1.G.IT.A.4
D1.G.IT.Int.2
D3.DC.Th.E.2
D5.DR.Re.Int.2","Level: Advanced; Type: Full
Level: Intermediate; Type: Full Summarily
Level: Evolving; Type: Full Summarily
Level: Intermediate; Type: Full Summarily",061.132,Level: Ds,"FFIEC-DAM-14.01
FFIEC-DAM-14.02
FFIEC-DAM-14.04
FFIEC-DAM-14.06
FFIEC-DAM-14.07","Rationale: Semantic; Relationship: Superset
Rationale: Semantic; Relationship: Superset
Rationale: Semantic; Relationship: Superset
Rationale: Semantic; Relationship: Subset
Rationale: Semantic; Relationship: Subset","CM-03
CM-04
SA-10","Rationale: Semantic; Relationship: Superset; Alignment Strength: 9
Rationale: Semantic; Relationship: Superset; Alignment Strength: 9
Rationale: Semantic; Relationship: Intersects; Alignment Strength: 7",,,"EBA-37
EBA-45
EBA-70
EBA-71
EBA-75
EBA-76","Rationale: Functional; Relationship: Intersects; Alignment Strength: 6
Rationale: Semantic; Relationship: Superset; Alignment Strength: 8
Rationale: Semantic; Relationship: Intersects; Alignment Strength: 7
Rationale: Semantic; Relationship: Intersects; Alignment Strength: 7
Rationale: Semantic; Relationship: Superset; Alignment Strength: 9
Rationale: Semantic; Relationship: Intersects; Alignment Strength: 8",,,,,,
ID.RA-07.03,61.133,IDENTIFY,Risk Assessment,Change & Exception Management,10.0,"Tier: 1
Tier: 2
Tier: 3","ID.RA-07.03: Technology projects and system change processes ensure that requisite changes in security posture, data classification and flows, architecture, support documentation, business processes, and business resilience plans are addressed.",ID.RA-07,,"#architecture
#change_management
#data_protection
#policy_management
#resilience
#risk_management
#risk_oversight",,,OSFI CSSA-52,Rationale: Functional; Relationship: Intersects; Alignment Strength: 8,,,,,APRA CPG 234-47,Rationale: Semantic; Relationship: Intersects; Alignment Strength: 8; Functional Coverage Strength: 10,,,"2.3.2.1.42
2.3.2.1.45","Level: Evolving
Level: Evolving","FFIEC-AIO-06.01
FFIEC-AIO-06.02
FFIEC-AIO-06.03
FFIEC-AIO-06.04
FFIEC-AIO-12.01
FFIEC-AIO-12.02
FFIEC-AIO-12.03
FFIEC-AIO-12.06","Rationale: Semantic; Relationship: Superset; Alignment Strength: 6
Rationale: Semantic; Relationship: Superset; Alignment Strength: 5
Rationale: Semantic; Relationship: Superset; Alignment Strength: 5
Rationale: Semantic; Relationship: Superset; Alignment Strength: 5
Rationale: Semantic; Relationship: Superset; Alignment Strength: 4
Rationale: Semantic; Relationship: Superset; Alignment Strength: 7
Rationale: Semantic; Relationship: Superset; Alignment Strength: 3
Rationale: Semantic; Relationship: Superset; Alignment Strength: 4","FFIEC-BCM-06.08
FFIEC-BCM-11.03","Rationale: Semantic; Relationship: Intersects; Alignment Strength: 9
Rationale: Functional; Relationship: Intersects; Alignment Strength: 8","OSFI B-13-07
OSFI B-13-15
OSFI B-13-19
OSFI B-13-21","Rationale: Semantic; Relationship: Intersects; Alignment Strength: 7
Rationale: Semantic; Relationship: Intersects; Alignment Strength: 8
Rationale: Semantic; Relationship: Superset; Alignment Strength: 9
Rationale: Semantic; Relationship: Superset; Alignment Strength: 9","DORA-08-03
DORA-08-06
DORA-09-04","Rationale: Semantic; Relationship: Intersects; Alignment Strength: 9
Rationale: Semantic; Relationship: Superset; Alignment Strength: 8
Rationale: Semantic; Relationship: Superset; Alignment Strength: 7",,,,,D1.G.IT.Inn.1,Level: Innovative; Type: Full Summarily,061.133,Level: Ds,"FFIEC-DAM-04.12
FFIEC-DAM-05.01
FFIEC-DAM-11.01
FFIEC-DAM-13.04
FFIEC-DAM-14.02
FFIEC-DAM-14.04
FFIEC-DAM-14.05
FFIEC-DAM-14.07","Rationale: Semantic; Relationship: Intersects
Rationale: Semantic; Relationship: Superset
Rationale: Semantic; Relationship: Intersects
Rationale: Semantic; Relationship: Intersects
Rationale: Semantic; Relationship: Intersects
Rationale: Semantic; Relationship: Intersects
Rationale: Semantic; Relationship: Intersects
Rationale: Semantic; Relationship: Intersects","CM-03
PL-02
SA-05","Rationale: Semantic; Relationship: Intersects; Alignment Strength: 9
Rationale: Semantic; Relationship: Intersects; Alignment Strength: 6
Rationale: Semantic; Relationship: Intersects; Alignment Strength: 7",,,"EBA-37
EBA-45
EBA-48
EBA-50
EBA-63
EBA-73
EBA-75
EBA-76","Rationale: Functional; Relationship: Intersects; Alignment Strength: 6
Rationale: Semantic; Relationship: Superset; Alignment Strength: 8
Rationale: Semantic; Relationship: Superset; Alignment Strength: 8
Rationale: Functional; Relationship: Intersects; Alignment Strength: 7
Rationale: Semantic; Relationship: Intersects; Alignment Strength: 8
Rationale: Functional; Relationship: Intersects; Alignment Strength: 9
Rationale: Semantic; Relationship: Intersects; Alignment Strength: 9
Rationale: Semantic; Relationship: Intersects; Alignment Strength: 9",JFSA-33,Rationale: Semantic; Relationship: Superset; Alignment Strength: 7,7.1,Rationale: Semantic; Relationship: Intersects,,
ID.RA-07.04,61.134,IDENTIFY,Risk Assessment,Change & Exception Management,10.0,"Tier: 1
Tier: 2
Tier: 3","ID.RA-07.04: Policy exceptions, risk mitigation plans, and risk acceptances resulting from assessments and evaluations, such as testing, exercises, audits, etc., are formally managed, approved, escalated to defined levels of management, and tracked to closure.",ID.RA-07,,"#enterprise_risk_management
#issue_management
#policy_management
#review_assessment_and_testing
#risk_management",APRA CPS 234-29,Rationale: Semantic; Relationship: Superset; Alignment Strength: 7,"OSFI CSSA-09
OSFI CSSA-12
OSFI CSSA-45","Rationale: Functional; Relationship: Superset; Alignment Strength: 8
Rationale: Functional; Relationship: Superset; Alignment Strength: 8
Rationale: Functional; Relationship: Subset; Alignment Strength: 9",,,,,"APRA CPG 234-23
APRA CPG 234-24
APRA CPG 234-47
APRA CPG 234-89","Rationale: Semantic; Relationship: Superset; Alignment Strength: 9; Functional Coverage Strength: 10
Rationale: Semantic; Relationship: Superset; Alignment Strength: 9; Functional Coverage Strength: 10
Rationale: Semantic; Relationship: Intersects; Alignment Strength: 7; Functional Coverage Strength: 10
Rationale: Semantic; Relationship: Intersects; Alignment Strength: 6; Functional Coverage Strength: 7","NYDFS-29
NYDFS-35","Rationale: Semantic; Relationship: Intersects; Alignment Strength: 7
Rationale: Semantic; Relationship: Intersects; Alignment Strength: 9",,,FFIEC-AIO-02.04,Rationale: Semantic; Relationship: Superset; Alignment Strength: 9,,,OSFI B-13-05,Rationale: Semantic; Relationship: Superset; Alignment Strength: 9,"DORA-06-03
DORA-06-07
DORA-24-05","Rationale: Semantic; Relationship: Superset; Alignment Strength: 7
Rationale: Semantic; Relationship: Subset; Alignment Strength: 9
Rationale: Semantic; Relationship: Intersects; Alignment Strength: 9",,,"CH-4.3.c
TR-13.6.1
TR-3.2.2
TR-4.4.2
TR-5.7.5","Type: Full Summarily
Type: Full Summarily
Type: Full
Type: Full Summarily
Type: Full Summarily","D1.RM.Au.B.4
D1.RM.RMP.E.3
D3.CC.Re.A.1
D3.CC.Re.Int.2
D5.IR.Te.A.4","Level: Baseline; Type: Full Summarily
Level: Evolving; Type: Full
Level: Advanced; Type: Full
Level: Intermediate; Type: Full Summarily
Level: Advanced; Type: Full",061.134,Level: Ds,"FFIEC-DAM-02.02
FFIEC-DAM-03.01
FFIEC-DAM-03.02
FFIEC-DAM-11.01","Rationale: Semantic; Relationship: Intersects
Rationale: Semantic; Relationship: Intersects
Rationale: Semantic; Relationship: Intersects
Rationale: Semantic; Relationship: Intersects","CA-05
CA-07
RA-03","Rationale: Semantic; Relationship: Superset; Alignment Strength: 9
Rationale: Semantic; Relationship: Intersects; Alignment Strength: 6
Rationale: Semantic; Relationship: Intersects; Alignment Strength: 9",,,"EBA-22
EBA-23
EBA-24
EBA-27
EBA-45
EBA-46","Rationale: Semantic; Relationship: Intersects; Alignment Strength: 7
Rationale: Semantic; Relationship: Superset; Alignment Strength: 7
Rationale: Semantic; Relationship: Equal; Alignment Strength: 10
Rationale: Semantic; Relationship: Intersects; Alignment Strength: 7
Rationale: Semantic; Relationship: Subset; Alignment Strength: 8
Rationale: Semantic; Relationship: Superset; Alignment Strength: 8",,,,,,
ID.RA-07.05,61.135,IDENTIFY,Risk Assessment,Change & Exception Management,10.0,"Tier: 1
Tier: 2
Tier: 3
Tier: 4",ID.RA-07.05: The organization establishes and maintains an exception management process for identified vulnerabilities that cannot be mitigated within target timeframes.,ID.RA-07,,"#application_security
#application_security_testing
#issue_management
#penetration_testing
#policy_management
#review_assessment_and_testing
#risk_management
#vulnerability_management","APRA CPS 234-17
APRA CPS 234-29","Rationale: Semantic; Relationship: Superset; Alignment Strength: 8
Rationale: Semantic; Relationship: Superset; Alignment Strength: 7","OSFI CSSA-41
OSFI CSSA-44
OSFI CSSA-45","Rationale: Functional; Relationship: Superset; Alignment Strength: 9
Rationale: Functional; Relationship: Superset; Alignment Strength: 9
Rationale: Functional; Relationship: Equal; Alignment Strength: 10",,,,,"APRA CPG 234-43
APRA CPG 234-47
APRA CPG 234-89","Rationale: Semantic; Relationship: Intersects; Alignment Strength: 6; Functional Coverage Strength: 10
Rationale: Semantic; Relationship: Intersects; Alignment Strength: 7; Functional Coverage Strength: 10
Rationale: Semantic; Relationship: Intersects; Alignment Strength: 6; Functional Coverage Strength: 7",,,,,FFIEC-AIO-15.03,Rationale: Semantic; Relationship: Superset; Alignment Strength: 4,,,"OSFI B-13-33
OSFI B-13-45","Rationale: Semantic; Relationship: Superset; Alignment Strength: 9
Rationale: Semantic; Relationship: Intersects; Alignment Strength: 9",,,,,"CH-4.2.b
CH-4.3.c
TR-7.3.3","Type: Full Summarily
Type: Full Summarily
Type: Full Summarily","D3.CC.Pa.A.2
D3.CC.Pa.Int.1","Level: Advanced; Type: Full Summarily
Level: Intermediate; Type: Full Summarily",061.135,Level: Ds,,,"CA-05
CA-07
SI-02","Rationale: Semantic; Relationship: Superset; Alignment Strength: 9
Rationale: Semantic; Relationship: Intersects; Alignment Strength: 6
Rationale: Semantic; Relationship: Subset; Alignment Strength: 8",,,"EBA-22
EBA-48","Rationale: Functional; Relationship: Intersects; Alignment Strength: 5
Rationale: Semantic; Relationship: Superset; Alignment Strength: 7",JFSA-25,Rationale: Semantic; Relationship: Superset; Alignment Strength: 8,"7.1
7.2
7.7","Rationale: Semantic; Relationship: Intersects
Rationale: Semantic; Relationship: Intersects
Rationale: Semantic; Relationship: Intersects",,
ID.RA-08.01,62.136,IDENTIFY,Risk Assessment,Vulnerability Disclosure Response,10.0,"Tier: 1
Tier: 2
Tier: 3
Tier: 4","ID.RA-08.01: The organization has established enterprise processes for soliciting, receiving and appropriately channeling vulnerability disclosures from:
(1) Public sources (e.g., customers and security researchers);
(2) Vulnerability sharing forums (e.g., FS-ISAC); and
(3) Third-parties (e.g., cloud vendors);
(4) Internal sources (e.g., development teams).",ID.RA-08,,"#information_sharing
#issue_management
#supply_chain_management
#third_party_risk_management
#threat_management
#vulnerability_management",APRA CPS 234-17,Rationale: Semantic; Relationship: Superset; Alignment Strength: 7,"OSFI CSSA-42
OSFI CSSA-58
OSFI CSSA-76","Rationale: Functional; Relationship: Subset; Alignment Strength: 9
Rationale: Functional; Relationship: Intersects; Alignment Strength: 9
Rationale: Functional; Relationship: Superset; Alignment Strength: 9",,,RS.AN-5.VM,,,,NYDFS-13,Rationale: Semantic; Relationship: Superset; Alignment Strength: 7,"2.6.2.39
2.7.2.2.18
2.8.2.1.1","Level: Innovating
Level: Evolving
Level: Evolving",FFIEC-AIO-15.03,Rationale: Semantic; Relationship: Superset; Alignment Strength: 5,FFIEC-BCM-07.01,Rationale: Semantic; Relationship: Subset; Alignment Strength: 7,"OSFI B-13-34
OSFI B-13-36
OSFI B-13-38","Rationale: Semantic; Relationship: Superset; Alignment Strength: 8
Rationale: Semantic; Relationship: Superset; Alignment Strength: 9
Rationale: Semantic; Relationship: Superset; Alignment Strength: 9","DORA-08-02
DORA-13-01
DORA-45-01","Rationale: Semantic; Relationship: Superset; Alignment Strength: 8
Rationale: Semantic; Relationship: Superset; Alignment Strength: 8
Rationale: Semantic; Relationship: Intersects; Alignment Strength: 7",,,"TR-13.2.2
TR-14.4.3","Type: Full
Type: Full Summarily",,,062.136,Level: Ds,FFIEC-DAM-09.02,Rationale: Semantic; Relationship: Intersects,"IR-06
RA-05
SI-05","Rationale: Semantic; Relationship: Intersects; Alignment Strength: 9
Rationale: Semantic; Relationship: Intersects; Alignment Strength: 8
Rationale: Semantic; Relationship: Intersects; Alignment Strength: 9",,,,,JFSA-49,Rationale: Functional; Relationship: Intersects; Alignment Strength: 5,"16.2
17.3","Rationale: Semantic; Relationship: Subset
Rationale: Semantic; Relationship: Subset",NAIC-IDSML-03,Rationale: Semantic; Relationship: Superset
ID.RA-08.02,62.137,IDENTIFY,Risk Assessment,Vulnerability Disclosure Response,10.0,"Tier: 1
Tier: 2
Tier: 3
Tier: 4","ID.RA-08.02: The organization has established enterprise processes to analyze disclosed vulnerabilities with a focus on:
(1) Determining its validity;
(2) Assessing its scope (e.g., affected assets);
(3) Determining it's severity and impact;
(4) Identifying affected stakeholders or customers; and
(5) Analyzing options to respond.",ID.RA-08,,"#information_sharing
#threat_management
#vulnerability_management",APRA CPS 234-17,Rationale: Semantic; Relationship: Superset; Alignment Strength: 8,,,,,RS.AN-5.VM,,,,NYDFS-13,Rationale: Semantic; Relationship: Superset; Alignment Strength: 7,"2.6.2.39
2.8.2.1.2","Level: Innovating
Level: Evolving",FFIEC-AIO-15.03,Rationale: Semantic; Relationship: Superset; Alignment Strength: 3,,,"OSFI B-13-34
OSFI B-13-45","Rationale: Semantic; Relationship: Superset; Alignment Strength: 8
Rationale: Semantic; Relationship: Superset; Alignment Strength: 8","DORA-08-02
DORA-13-01
DORA-17-03","Rationale: Semantic; Relationship: Superset; Alignment Strength: 8
Rationale: Semantic; Relationship: Superset; Alignment Strength: 8
Rationale: Semantic; Relationship: Subset; Alignment Strength: 8",,,TR-4.2.1,Type: Full Summarily,,,062.137,Level: Ds,,,RA-05,Rationale: Semantic; Relationship: Intersects; Alignment Strength: 8,,,,,JFSA-25,Rationale: Semantic; Relationship: Superset; Alignment Strength: 8,16.2,Rationale: Semantic; Relationship: Intersects,,
ID.IM-01.01,64.138,IDENTIFY,Improvement,Continuous Improvements Evaluation,10.0,"Tier: 1
Tier: 2
Tier: 3
Tier: 4","ID.IM-01.01: Technology, cybersecurity, and resilience controls are regularly assessed and/or tested for design and operating effectiveness.",ID.IM-01,,"#resilience
#review_assessment_and_testing","APRA CPS 234-27
APRA CPS 234-31
APRA CPS 234-32","Rationale: Semantic; Relationship: Superset; Alignment Strength: 9
Rationale: Semantic; Relationship: Superset; Alignment Strength: 7
Rationale: Semantic; Relationship: Superset; Alignment Strength: 8","OSFI CSSA-14
OSFI CSSA-20
OSFI CSSA-59
OSFI CSSA-60","Rationale: Functional; Relationship: Superset; Alignment Strength: 8
Rationale: Functional; Relationship: Superset; Alignment Strength: 8
Rationale: Functional; Relationship: Intersects; Alignment Strength: 7
Rationale: Functional; Relationship: Intersects; Alignment Strength: 7",,,,,"APRA CPG 234-15
APRA CPG 234-45
APRA CPG 234-78
APRA CPG 234-79
APRA CPG 234-80
APRA CPG 234-90","Rationale: Semantic; Relationship: Superset; Alignment Strength: 9; Functional Coverage Strength: 10
Rationale: Semantic; Relationship: Superset; Alignment Strength: 7; Functional Coverage Strength: 8
Rationale: Semantic; Relationship: Intersects; Alignment Strength: 8; Functional Coverage Strength: 9
Rationale: Semantic; Relationship: Superset; Alignment Strength: 8; Functional Coverage Strength: 8
Rationale: Semantic; Relationship: Superset; Alignment Strength: 8; Functional Coverage Strength: 8
Rationale: Semantic; Relationship: Superset; Alignment Strength: 8; Functional Coverage Strength: 10",NYDFS-40,Rationale: Semantic; Relationship: Intersects; Alignment Strength: 8,"2.3.2.1.3
2.3.2.1.8","Level: Evolving
Level: Innovating","FFIEC-AIO-02.04
FFIEC-AIO-08.02
FFIEC-AIO-17.01
FFIEC-AIO-17.03
FFIEC-AIO-17.04","Rationale: Semantic; Relationship: Superset; Alignment Strength: 8
Rationale: Semantic; Relationship: Superset; Alignment Strength: 7
Rationale: Semantic; Relationship: Superset; Alignment Strength: 8
Rationale: Semantic; Relationship: Subset; Alignment Strength: 7
Rationale: Semantic; Relationship: Subset; Alignment Strength: 6","FFIEC-BCM-10.01
FFIEC-BCM-10.19","Rationale: Semantic; Relationship: Subset; Alignment Strength: 8
Rationale: Semantic; Relationship: Subset; Alignment Strength: 9",OSFI B-13-42,Rationale: Semantic; Relationship: Intersects; Alignment Strength: 8,"DORA-06-08
DORA-24-01
DORA-24-02","Rationale: Semantic; Relationship: Superset; Alignment Strength: 8
Rationale: Semantic; Relationship: Intersects; Alignment Strength: 9
Rationale: Semantic; Relationship: Subset; Alignment Strength: 8",SEC-02.I.A.2,Rationale: Semantic; Relationship: Superset; Alignment Strength: 8,"CH-4.3.b
TR-3.2.3
TR-4.5.1","Type: Full
Type: Full Summarily
Type: Full",,,064.138,Level: Ds,,,"CA-02
CA-07
RA-03","Rationale: Semantic; Relationship: Superset; Alignment Strength: 9
Rationale: Semantic; Relationship: Intersects; Alignment Strength: 8
Rationale: Semantic; Relationship: Intersects; Alignment Strength: 9","ASIC-GP01.AP
ASIC-GP01.PR","Rationale: Semantic; Relationship: Intersects
Rationale: Semantic; Relationship: Superset","EBA-42
EBA-71","Rationale: Semantic; Relationship: Superset; Alignment Strength: 7
Rationale: Semantic; Relationship: Intersects; Alignment Strength: 8",JFSA-21,Rationale: Semantic; Relationship: Superset; Alignment Strength: 8,,,NAIC-IDSML-03,Rationale: Semantic; Relationship: Superset
ID.IM-01.02,64.139,IDENTIFY,Improvement,Continuous Improvements Evaluation,10.0,"Tier: 1
Tier: 2
Tier: 3","ID.IM-01.02: The organization implements a regular process to collect, store, report, benchmark, and assess trends in actionable performance indicators and risk metrics (e.g., threat KRIs, security incident metrics, vulnerability metrics, and operational measures).",ID.IM-01,,"#enterprise_risk_management
#metrics_and_reporting
#risk_management
#risk_oversight",,,OSFI CSSA-08,Rationale: Functional; Relationship: Superset; Alignment Strength: 9,,,,,"APRA CPG 234-13
APRA CPG 234-14
APRA CPG 234-15
APRA CPG 234-16
APRA CPG 234-38","Rationale: Semantic; Relationship: Superset; Alignment Strength: 7; Functional Coverage Strength: 10
Rationale: Semantic; Relationship: Superset; Alignment Strength: 7; Functional Coverage Strength: 8
Rationale: Semantic; Relationship: Superset; Alignment Strength: 8; Functional Coverage Strength: 10
Rationale: Semantic; Relationship: Superset; Alignment Strength: 7; Functional Coverage Strength: 10
Rationale: Semantic; Relationship: Intersects; Alignment Strength: 7; Functional Coverage Strength: 8",,,"2.1.2.1.1
2.1.2.1.12
2.1.2.1.13
2.1.2.1.2
2.1.2.2.37
2.1.2.2.45
2.3.2.1.3
2.3.2.1.8
2.7.2.1.10
2.7.2.1.11
2.8.2.1.7","Level: Evolving
Level: Advancing
Level: Advancing
Level: Evolving
Level: Advancing
Level: Innovating
Level: Evolving
Level: Innovating
Level: Advancing
Level: Advancing
Level: Evolving","FFIEC-AIO-02.03
FFIEC-AIO-02.06
FFIEC-AIO-17.01
FFIEC-AIO-17.02
FFIEC-AIO-17.03
FFIEC-AIO-17.04","Rationale: Semantic; Relationship: Superset; Alignment Strength: 8
Rationale: Semantic; Relationship: Superset; Alignment Strength: 8
Rationale: Semantic; Relationship: Superset; Alignment Strength: 5
Rationale: Semantic; Relationship: Subset; Alignment Strength: 4
Rationale: Semantic; Relationship: Subset; Alignment Strength: 7
Rationale: Semantic; Relationship: Subset; Alignment Strength: 6",,,"OSFI B-13-03
OSFI B-13-04
OSFI B-13-05
OSFI B-13-26
OSFI B-13-39
OSFI B-13-45","Rationale: Semantic; Relationship: Intersects; Alignment Strength: 8
Rationale: Semantic; Relationship: Intersects; Alignment Strength: 8
Rationale: Semantic; Relationship: Superset; Alignment Strength: 9
Rationale: Semantic; Relationship: Intersects; Alignment Strength: 7
Rationale: Semantic; Relationship: Intersects; Alignment Strength: 8
Rationale: Semantic; Relationship: Intersects; Alignment Strength: 8",DORA-06-08,Rationale: Semantic; Relationship: Superset; Alignment Strength: 8,SEC-13.II.C.2.a,Rationale: Semantic; Relationship: Superset; Alignment Strength: 8,,,"D1.RM.RMP.Int.3
D5.ER.Es.A.1
D5.ER.Es.A.2
D5.ER.Es.E.3","Level: Intermediate; Type: Full
Level: Advanced; Type: Full
Level: Advanced; Type: Full Summarily
Level: Evolving; Type: Full",064.139,Level: Ds,FFIEC-DAM-03.03,Rationale: Semantic; Relationship: Intersects,"IR-05
PM-06
PM-31
RA-07","Rationale: Semantic; Relationship: Intersects; Alignment Strength: 8
Rationale: Semantic; Relationship: Superset; Alignment Strength: 9
Rationale: Semantic; Relationship: Superset; Alignment Strength: 9
Rationale: Semantic; Relationship: Intersects; Alignment Strength: 8",ASIC-GP01.PR,Rationale: Semantic; Relationship: Superset,"EBA-10
EBA-40","Rationale: Semantic; Relationship: Superset; Alignment Strength: 8
Rationale: Semantic; Relationship: Superset; Alignment Strength: 7",JFSA-32,Rationale: Semantic; Relationship: Superset; Alignment Strength: 7,,,,
ID.IM-01.03,64.14,IDENTIFY,Improvement,Continuous Improvements Evaluation,10.0,"Tier: 1
Tier: 2
Tier: 3","ID.IM-01.03: The organization establishes specific objectives, performance criteria, benchmarks, and tolerance limits to identify areas that have improved or are in need of improvement over time.",ID.IM-01,,"#enterprise_risk_management
#improvements
#mission_and_strategy
#program_transformation
#review_assessment_and_testing
#risk_management",APRA CPS 234-31,Rationale: Semantic; Relationship: Superset; Alignment Strength: 6,OSFI CSSA-08,Rationale: Functional; Relationship: Superset; Alignment Strength: 8,,,ID.RM-2.RT,,"APRA CPG 234-13
APRA CPG 234-14
APRA CPG 234-15
APRA CPG 234-56","Rationale: Semantic; Relationship: Superset; Alignment Strength: 7; Functional Coverage Strength: 10
Rationale: Semantic; Relationship: Superset; Alignment Strength: 8; Functional Coverage Strength: 8
Rationale: Semantic; Relationship: Superset; Alignment Strength: 9; Functional Coverage Strength: 10
Rationale: Semantic; Relationship: Intersects; Alignment Strength: 8; Functional Coverage Strength: 9",,,"2.1.2.1.1
2.1.2.1.12
2.1.2.1.13
2.1.2.1.2
2.1.2.2.37
2.1.2.2.45
2.3.2.1.3
2.3.2.1.8
2.3.2.2.66
2.8.2.1.7","Level: Evolving
Level: Advancing
Level: Advancing
Level: Evolving
Level: Advancing
Level: Innovating
Level: Evolving
Level: Innovating
Level: Advancing
Level: Evolving","FFIEC-AIO-02.06
FFIEC-AIO-17.01
FFIEC-AIO-17.02
FFIEC-AIO-17.03
FFIEC-AIO-17.04","Rationale: Semantic; Relationship: Superset; Alignment Strength: 8
Rationale: Semantic; Relationship: Superset; Alignment Strength: 5
Rationale: Semantic; Relationship: Subset; Alignment Strength: 6
Rationale: Semantic; Relationship: Subset; Alignment Strength: 7
Rationale: Semantic; Relationship: Subset; Alignment Strength: 6",,,"OSFI B-13-03
OSFI B-13-04
OSFI B-13-05
OSFI B-13-26
OSFI B-13-39","Rationale: Semantic; Relationship: Intersects; Alignment Strength: 8
Rationale: Semantic; Relationship: Intersects; Alignment Strength: 8
Rationale: Semantic; Relationship: Superset; Alignment Strength: 8
Rationale: Semantic; Relationship: Intersects; Alignment Strength: 7
Rationale: Semantic; Relationship: Intersects; Alignment Strength: 8","DORA-06-08
DORA-13-04","Rationale: Semantic; Relationship: Superset; Alignment Strength: 8
Rationale: Semantic; Relationship: Intersects; Alignment Strength: 8",,,,,"D1.G.Ov.A.2
D1.G.Ov.Inn.1
D1.R.St.A.1","Level: Advanced; Type: Full Summarily
Level: Innovative; Type: Partial
Level: Advanced; Type: Partial",064.140,Level: Ds,FFIEC-DAM-04.11,Rationale: Semantic; Relationship: Intersects,"CA-05
PM-06
PM-31","Rationale: Semantic; Relationship: Subset; Alignment Strength: 8
Rationale: Semantic; Relationship: Superset; Alignment Strength: 8
Rationale: Semantic; Relationship: Superset; Alignment Strength: 9",ASIC-GP01.PR,Rationale: Semantic; Relationship: Superset,"EBA-06
EBA-14","Rationale: Functional; Relationship: Intersects; Alignment Strength: 8
Rationale: Semantic; Relationship: Superset; Alignment Strength: 8","JFSA-11
JFSA-32","Rationale: Semantic; Relationship: Superset; Alignment Strength: 8
Rationale: Semantic; Relationship: Superset; Alignment Strength: 7",,,,
ID.IM-01.04,64.141,IDENTIFY,Improvement,Continuous Improvements Evaluation,10.0,"Tier: 1
Tier: 2
Tier: 3
Tier: 4","ID.IM-01.04: Technology and cybersecurity programs include elements designed to assess, manage, and continually improve the quality of program delivery in addressing stakeholder requirements and risk reduction.",ID.IM-01,,"#improvements
#mission_and_strategy
#program_transformation
#review_assessment_and_testing
#risk_management",APRA CPS 234-31,Rationale: Semantic; Relationship: Superset; Alignment Strength: 6,,,,,,,"APRA CPG 234-13
APRA CPG 234-14
APRA CPG 234-15","Rationale: Semantic; Relationship: Superset; Alignment Strength: 7; Functional Coverage Strength: 10
Rationale: Semantic; Relationship: Superset; Alignment Strength: 7; Functional Coverage Strength: 8
Rationale: Semantic; Relationship: Superset; Alignment Strength: 9; Functional Coverage Strength: 10",,,"2.1.2.1.1
2.1.2.1.12
2.1.2.1.13
2.1.2.1.2
2.1.2.2.36
2.1.2.2.45
2.3.2.1.8
2.8.2.1.7","Level: Evolving
Level: Advancing
Level: Advancing
Level: Evolving
Level: Advancing
Level: Innovating
Level: Innovating
Level: Evolving","FFIEC-AIO-02.05
FFIEC-AIO-02.06
FFIEC-AIO-02.07
FFIEC-AIO-06.01
FFIEC-AIO-16.01
FFIEC-AIO-17.02
FFIEC-AIO-17.03
FFIEC-AIO-17.04","Rationale: Semantic; Relationship: Superset; Alignment Strength: 7
Rationale: Semantic; Relationship: Superset; Alignment Strength: 8
Rationale: Semantic; Relationship: Superset; Alignment Strength: 7
Rationale: Semantic; Relationship: Superset; Alignment Strength: 7
Rationale: Semantic; Relationship: Superset; Alignment Strength: 6
Rationale: Semantic; Relationship: Subset; Alignment Strength: 6
Rationale: Semantic; Relationship: Subset; Alignment Strength: 7
Rationale: Semantic; Relationship: Subset; Alignment Strength: 6",,,"OSFI B-13-03
OSFI B-13-04","Rationale: Semantic; Relationship: Intersects; Alignment Strength: 8
Rationale: Semantic; Relationship: Intersects; Alignment Strength: 8",,,,,"TR-5.8.1
TR-5.8.2","Type: Full
Type: Full","D1.G.Ov.A.2
D1.G.Ov.Inn.1
D1.G.SP.A.5
D3.PC.Am.Inn.4","Level: Advanced; Type: Full Summarily
Level: Innovative; Type: Partial
Level: Advanced; Type: Full
Level: Innovative; Type: Partial",064.141,Level: Ds,"FFIEC-DAM-03.03
FFIEC-DAM-04.05
FFIEC-DAM-04.10
FFIEC-DAM-04.11
FFIEC-DAM-04.13
FFIEC-DAM-05.01","Rationale: Semantic; Relationship: Intersects
Rationale: Semantic; Relationship: Intersects
Rationale: Semantic; Relationship: Intersects
Rationale: Semantic; Relationship: Intersects
Rationale: Semantic; Relationship: Intersects
Rationale: Semantic; Relationship: Intersects","AT-06
PM-06
PM-31","Rationale: Semantic; Relationship: Intersects; Alignment Strength: 6
Rationale: Semantic; Relationship: Superset; Alignment Strength: 8
Rationale: Semantic; Relationship: Intersects; Alignment Strength: 8",ASIC-GP01.PR,Rationale: Semantic; Relationship: Superset,"EBA-06
EBA-14
EBA-51","Rationale: Functional; Relationship: Intersects; Alignment Strength: 8
Rationale: Semantic; Relationship: Superset; Alignment Strength: 8
Rationale: Semantic; Relationship: Intersects; Alignment Strength: 8",JFSA-32,Rationale: Semantic; Relationship: Superset; Alignment Strength: 7,,,,
ID.IM-01.05,64.142,IDENTIFY,Improvement,Continuous Improvements Evaluation,10.0,"Tier: 1
Tier: 2
Tier: 3
Tier: 4","ID.IM-01.05: The organization's third-party risk management program is regularly assessed, reported on, and improved.",ID.IM-01,,"#improvements
#mission_and_strategy
#program_transformation
#review_assessment_and_testing
#risk_management
#supply_chain_management
#third_party_risk_management",APRA CPS 234-31,Rationale: Semantic; Relationship: Superset; Alignment Strength: 6,,,,,,,APRA CPG 234-13,Rationale: Semantic; Relationship: Superset; Alignment Strength: 7; Functional Coverage Strength: 10,,,,,"FFIEC-AIO-02.13
FFIEC-AIO-07.05
FFIEC-AIO-17.03
FFIEC-AIO-17.04","Rationale: Semantic; Relationship: Superset; Alignment Strength: 7
Rationale: Semantic; Relationship: Superset; Alignment Strength: 7
Rationale: Semantic; Relationship: Subset; Alignment Strength: 7
Rationale: Semantic; Relationship: Subset; Alignment Strength: 6",,,OSFI B-13-04,Rationale: Semantic; Relationship: Intersects; Alignment Strength: 8,"DORA-05-02
DORA-28-02","Rationale: Semantic; Relationship: Superset; Alignment Strength: 8
Rationale: Semantic; Relationship: Superset; Alignment Strength: 8",,,,,"D4.RM.Dd.A.1
D4.RM.Dd.Inn.1
D4.RM.Dd.Inn.2","Level: Advanced; Type: Full
Level: Innovative; Type: Partial
Level: Innovative; Type: Partial",064.142,Level: Ds,FFIEC-DAM-03.03,Rationale: Semantic; Relationship: Intersects,"PM-06
PM-30
PM-31","Rationale: Semantic; Relationship: Superset; Alignment Strength: 9
Rationale: Semantic; Relationship: Intersects; Alignment Strength: 8
Rationale: Semantic; Relationship: Intersects; Alignment Strength: 9",,,EBA-07,Rationale: Semantic; Relationship: Superset; Alignment Strength: 8,JFSA-43,Rationale: Functional; Relationship: Intersects; Alignment Strength: 4,,,,
ID.IM-02.01,65.143,IDENTIFY,Improvement,Tests & Exercises,10.0,"Tier: 1
Tier: 2
Tier: 3
Tier: 4","ID.IM-02.01: The organization conducts regular, independent penetration testing and red team testing on the organization's network, internet-facing systems, critical applications, and associated controls to identify gaps in cybersecurity defenses.",ID.IM-02,,"#critical_infrastructure
#issue_management
#penetration_testing
#review_assessment_and_testing
#vulnerability_management",APRA CPS 234-17,Rationale: Semantic; Relationship: Superset; Alignment Strength: 7,OSFI CSSA-21,Rationale: Functional; Relationship: Equal; Alignment Strength: 10,,,"DE.CM-8.VS
ID.GV-4.PT","
",APRA CPG 234-16,Rationale: Semantic; Relationship: Superset; Alignment Strength: 9; Functional Coverage Strength: 10,"NYDFS-12
NYDFS-13","Rationale: Semantic; Relationship: Superset; Alignment Strength: 8
Rationale: Semantic; Relationship: Intersects; Alignment Strength: 7","2.1.2.1.13
2.3.2.1.18
2.6.2.10
2.6.2.11
2.6.2.14
2.6.2.19
2.6.2.20
2.6.2.30
2.6.2.31
2.6.2.32
2.6.2.4
2.6.2.42
2.6.2.7","Level: Advancing
Level: Evolving
Level: Evolving
Level: Evolving
Level: Evolving
Level: Evolving
Level: Evolving
Level: Advancing
Level: Advancing
Level: Advancing
Level: Evolving
Level: Innovating
Level: Evolving",FFIEC-AIO-15.03,Rationale: Semantic; Relationship: Superset; Alignment Strength: 4,,,OSFI B-13-33,Rationale: Semantic; Relationship: Superset; Alignment Strength: 9,"DORA-25-01
DORA-26-01
DORA-26-02
DORA-27-02","Rationale: Semantic; Relationship: Subset; Alignment Strength: 8
Rationale: Semantic; Relationship: Intersects; Alignment Strength: 6
Rationale: Semantic; Relationship: Intersects; Alignment Strength: 4
Rationale: Semantic; Relationship: Intersects; Alignment Strength: 4",,,"TR-11.2.8
TR-13.2.1
TR-13.2.3
TR-13.2.4","Type: Full Summarily
Type: Full
Type: Full
Type: Partial","D3.DC.Th.A.2
D3.DC.Th.B.1
D3.DC.Th.E.1
D3.DC.Th.E.2
D3.PC.Se.A.3
D3.PC.Se.Int.4
D5.IR.Te.A.3","Level: Advanced; Type: Full Summarily
Level: Baseline; Type: Full Summarily
Level: Evolving; Type: Full
Level: Evolving; Type: Full Summarily
Level: Advanced; Type: Full Summarily
Level: Intermediate; Type: Partial
Level: Advanced; Type: Full Summarily",065.143,Level: Ds,,,"CA-02
CA-08
RA-05","Rationale: Semantic; Relationship: Superset; Alignment Strength: 9
Rationale: Semantic; Relationship: Equal; Alignment Strength: 10
Rationale: Semantic; Relationship: Intersects; Alignment Strength: 9",ASIC-GP09.RT,Rationale: Semantic; Relationship: Equal,"EBA-41
EBA-42
EBA-43
EBA-44
EBA-47
EBA-71","Rationale: Semantic; Relationship: Superset; Alignment Strength: 9
Rationale: Semantic; Relationship: Superset; Alignment Strength: 7
Rationale: Semantic; Relationship: Superset; Alignment Strength: 9
Rationale: Semantic; Relationship: Superset; Alignment Strength: 6
Rationale: Semantic; Relationship: Superset; Alignment Strength: 7
Rationale: Semantic; Relationship: Intersects; Alignment Strength: 8","JFSA-26
JFSA-38","Rationale: Semantic; Relationship: Superset; Alignment Strength: 8
Rationale: Functional; Relationship: Intersects; Alignment Strength: 4","16.13
18.1
18.2
18.5","Rationale: Semantic; Relationship: Subset
Rationale: Semantic; Relationship: Equivalent
Rationale: Semantic; Relationship: Subset
Rationale: Semantic; Relationship: Subset",,
ID.IM-02.02,65.144,IDENTIFY,Improvement,Tests & Exercises,10.0,"Tier: 1
Tier: 2
Tier: 3",ID.IM-02.02: The thoroughness and results of independent penetration testing are regularly reviewed to help determine the need to rotate testing vendors to obtain fresh independent perspectives.,ID.IM-02,,"#penetration_testing
#review_assessment_and_testing
#vendor_management",,,,,,,,,,,,,"2.6.2.10
2.6.2.4","Level: Evolving
Level: Evolving",,,,,,,"DORA-25-01
DORA-26-03
DORA-26-06
DORA-26-08
DORA-27-01
DORA-27-02","Rationale: Semantic; Relationship: Subset; Alignment Strength: 8
Rationale: Semantic; Relationship: Intersects; Alignment Strength: 3
Rationale: Semantic; Relationship: Intersects; Alignment Strength: 3
Rationale: Semantic; Relationship: Intersects; Alignment Strength: 5
Rationale: Semantic; Relationship: Intersects; Alignment Strength: 3
Rationale: Semantic; Relationship: Intersects; Alignment Strength: 5",,,TR-13.2.4,Type: Partial,D3.DC.Th.Int.1,Level: Intermediate; Type: Full,065.144,Level: Ds,,,,,,,EBA-43,Rationale: Semantic; Relationship: Superset; Alignment Strength: 9,"JFSA-26
JFSA-38","Rationale: Semantic; Relationship: Superset; Alignment Strength: 7
Rationale: Functional; Relationship: Intersects; Alignment Strength: 5","18.1
18.2","Rationale: Semantic; Relationship: Intersects
Rationale: Semantic; Relationship: Intersects",,
ID.IM-02.03,65.145,IDENTIFY,Improvement,Tests & Exercises,10.0,"Tier: 1
Tier: 2
Tier: 3","ID.IM-02.03: The organization tests and validates the effectiveness of the incident detection, reporting, and communication processes and protocols with internal and external stakeholders.",ID.IM-02,,"#incident_management
#mission_and_strategy
#program_maturity
#risk_assessment
#risk_management
#scenario_risk_assessment
#tabletop_exercises","APRA CPS 234-23
APRA CPS 234-26","Rationale: Semantic; Relationship: Superset; Alignment Strength: 8
Rationale: Semantic; Relationship: Superset; Alignment Strength: 8","OSFI CSSA-67
OSFI CSSA-75","Rationale: Functional; Relationship: Equal; Alignment Strength: 10
Rationale: Functional; Relationship: Superset; Alignment Strength: 9",,,"DE.DP-3.ET
PR.IP-10.RT","
","APRA CPG 234-16
APRA CPG 234-66
APRA CPG 234-74","Rationale: Semantic; Relationship: Superset; Alignment Strength: 8; Functional Coverage Strength: 10
Rationale: Semantic; Relationship: Superset; Alignment Strength: 8; Functional Coverage Strength: 10
Rationale: Semantic; Relationship: Superset; Alignment Strength: 8; Functional Coverage Strength: 10",,,"2.4.2.5
2.4.2.6
2.6.2.1
2.6.2.2
2.6.2.3","Level: Evolving
Level: Evolving
Level: Evolving
Level: Evolving
Level: Evolving","FFIEC-AIO-16.04
FFIEC-AIO-17.03","Rationale: Semantic; Relationship: Superset; Alignment Strength: 4
Rationale: Semantic; Relationship: Subset; Alignment Strength: 6","FFIEC-BCM-02.05
FFIEC-BCM-10.13
FFIEC-BCM-10.17
FFIEC-BCM-10.18
FFIEC-BCM-10.23","Rationale: Functional; Relationship: Intersects; Alignment Strength: 5
Rationale: Semantic; Relationship: Subset; Alignment Strength: 8
Rationale: Semantic; Relationship: Subset; Alignment Strength: 6
Rationale: Semantic; Relationship: Subset; Alignment Strength: 6
Rationale: Semantic; Relationship: Subset; Alignment Strength: 7","OSFI B-13-24
OSFI B-13-53","Rationale: Semantic; Relationship: Superset; Alignment Strength: 9
Rationale: Semantic; Relationship: Superset; Alignment Strength: 9","DORA-11-06
DORA-13-02
DORA-17-01","Rationale: Semantic; Relationship: Superset; Alignment Strength: 8
Rationale: Semantic; Relationship: Intersects; Alignment Strength: 9
Rationale: Semantic; Relationship: Intersects; Alignment Strength: 8",,,"TR-13.4.1
TR-13.4.2","Type: Full Summarily
Type: Partial","D3.DC.Ev.Int.2
D5.DR.Re.A.1","Level: Intermediate; Type: Full
Level: Advanced; Type: Full Summarily",065.145,Level: Ds,,,IR-03,Rationale: Semantic; Relationship: Equal; Alignment Strength: 10,,,"EBA-60
EBA-91","Rationale: Functional; Relationship: Intersects; Alignment Strength: 5
Rationale: Functional; Relationship: Intersects; Alignment Strength: 7","JFSA-29
JFSA-50","Rationale: Semantic; Relationship: Superset; Alignment Strength: 8
Rationale: Functional; Relationship: Intersects; Alignment Strength: 7",17.7,Rationale: Semantic; Relationship: Intersects,NAIC-IDSML-07,Rationale: Semantic; Relationship: Intersects
ID.IM-02.04,65.146,IDENTIFY,Improvement,Tests & Exercises,10.0,"Tier: 1
Tier: 2
Tier: 3
Tier: 4","ID.IM-02.04: The organization's testing program validates the effectiveness of its resilience strategy and response, disaster recovery, and resumption plans on a regular basis or upon major changes to business or system functions, and includes external stakeholders as required.",ID.IM-02,,"#critical_infrastructure
#disaster_recovery
#mission_and_strategy
#program_maturity
#resilience
#risk_assessment
#risk_management
#scenario_risk_assessment
#tabletop_exercises","APRA CPS 234-26
APRA CPS 234-27
APRA CPS 234-30
APRA CPS 234-31","Rationale: Semantic; Relationship: Intersects; Alignment Strength: 7
Rationale: Semantic; Relationship: Superset; Alignment Strength: 8
Rationale: Semantic; Relationship: Intersects; Alignment Strength: 5
Rationale: Semantic; Relationship: Superset; Alignment Strength: 6",OSFI CSSA-75,Rationale: Functional; Relationship: Superset; Alignment Strength: 9,HK-SFC-2.09,Rationale: Functional; Relationship: Intersects,"PR.IP-10.RT
PR.IP-9.RP","
","APRA CPG 234-25
APRA CPG 234-36
APRA CPG 234-74
APRA CPG 234-78
APRA CPG 234-79
APRA CPG 234-80
APRA CPG 234-82
APRA CPG 234-90","Rationale: Semantic; Relationship: Superset; Alignment Strength: 8; Functional Coverage Strength: 10
Rationale: Semantic; Relationship: Superset; Alignment Strength: 9; Functional Coverage Strength: 10
Rationale: Semantic; Relationship: Intersects; Alignment Strength: 7; Functional Coverage Strength: 10
Rationale: Semantic; Relationship: Intersects; Alignment Strength: 8; Functional Coverage Strength: 9
Rationale: Semantic; Relationship: Superset; Alignment Strength: 8; Functional Coverage Strength: 8
Rationale: Semantic; Relationship: Superset; Alignment Strength: 8; Functional Coverage Strength: 8
Rationale: Semantic; Relationship: Intersects; Alignment Strength: 5; Functional Coverage Strength: 7
Rationale: Semantic; Relationship: Superset; Alignment Strength: 8; Functional Coverage Strength: 10","NYDFS-37
NYDFS-40","Rationale: Semantic; Relationship: Intersects; Alignment Strength: 8
Rationale: Semantic; Relationship: Superset; Alignment Strength: 9","2.5.2.1.11
2.5.2.1.8
2.6.2.1
2.6.2.2
2.6.2.7
2.6.2.8","Level: Advancing
Level: Evolving
Level: Evolving
Level: Evolving
Level: Evolving
Level: Evolving","FFIEC-AIO-02.12
FFIEC-AIO-16.04
FFIEC-AIO-17.03","Rationale: Semantic; Relationship: Superset; Alignment Strength: 7
Rationale: Semantic; Relationship: Superset; Alignment Strength: 4
Rationale: Semantic; Relationship: Subset; Alignment Strength: 6","FFIEC-BCM-02.03
FFIEC-BCM-02.05
FFIEC-BCM-08.01
FFIEC-BCM-10.01
FFIEC-BCM-10.02
FFIEC-BCM-10.03
FFIEC-BCM-10.05
FFIEC-BCM-10.06
FFIEC-BCM-10.07
FFIEC-BCM-10.09
FFIEC-BCM-10.10
FFIEC-BCM-10.11
FFIEC-BCM-10.12
FFIEC-BCM-10.16
FFIEC-BCM-10.17
FFIEC-BCM-10.18
FFIEC-BCM-10.19
FFIEC-BCM-10.22
FFIEC-BCM-10.23
FFIEC-BCM-10.25
FFIEC-BCM-10.28","Rationale: Functional; Relationship: Intersects; Alignment Strength: 5
Rationale: Functional; Relationship: Intersects; Alignment Strength: 8
Rationale: Semantic; Relationship: Intersects; Alignment Strength: 8
Rationale: Semantic; Relationship: Subset; Alignment Strength: 9
Rationale: Semantic; Relationship: Subset; Alignment Strength: 8
Rationale: Functional; Relationship: Subset; Alignment Strength: 8
Rationale: Semantic; Relationship: Subset; Alignment Strength: 6
Rationale: Functional; Relationship: Subset; Alignment Strength: 8
Rationale: Semantic; Relationship: Subset; Alignment Strength: 9
Rationale: Functional; Relationship: Intersects; Alignment Strength: 5
Rationale: Semantic; Relationship: Subset; Alignment Strength: 9
Rationale: Semantic; Relationship: Subset; Alignment Strength: 8
Rationale: Semantic; Relationship: Subset; Alignment Strength: 7
Rationale: Semantic; Relationship: Subset; Alignment Strength: 8
Rationale: Semantic; Relationship: Subset; Alignment Strength: 6
Rationale: Semantic; Relationship: Subset; Alignment Strength: 7
Rationale: Semantic; Relationship: Subset; Alignment Strength: 9
Rationale: Functional; Relationship: Intersects; Alignment Strength: 4
Rationale: Semantic; Relationship: Subset; Alignment Strength: 7
Rationale: Functional; Relationship: Intersects; Alignment Strength: 4
Rationale: Semantic; Relationship: Subset; Alignment Strength: 10",OSFI B-13-30,Rationale: Semantic; Relationship: Superset; Alignment Strength: 9,"DORA-06-08
DORA-08-03
DORA-11-04
DORA-11-06
DORA-13-04
DORA-16-01
DORA-24-01
DORA-24-02
DORA-24-06
DORA-25-03","Rationale: Semantic; Relationship: Superset; Alignment Strength: 8
Rationale: Semantic; Relationship: Subset; Alignment Strength: 9
Rationale: Semantic; Relationship: Subset; Alignment Strength: 9
Rationale: Semantic; Relationship: Superset; Alignment Strength: 9
Rationale: Semantic; Relationship: Intersects; Alignment Strength: 9
Rationale: Semantic; Relationship: Intersects; Alignment Strength: 9
Rationale: Semantic; Relationship: Superset; Alignment Strength: 9
Rationale: Semantic; Relationship: Subset; Alignment Strength: 8
Rationale: Semantic; Relationship: Subset; Alignment Strength: 9
Rationale: Semantic; Relationship: Intersects; Alignment Strength: 7",,,"TR-8.3.1
TR-8.3.2","Type: Full Summarily
Type: Partial","D5.IR.Te.A.1
D5.IR.Te.B.3","Level: Advanced; Type: Full Summarily
Level: Baseline; Type: Full Summarily",065.146,Level: Ds,,,CP-04,Rationale: Semantic; Relationship: Equal; Alignment Strength: 10,ASIC-GP01.AP,Rationale: Semantic; Relationship: Superset,"EBA-06
EBA-44
EBA-45
EBA-46
EBA-47
EBA-87
EBA-89","Rationale: Functional; Relationship: Intersects; Alignment Strength: 7
Rationale: Semantic; Relationship: Superset; Alignment Strength: 6
Rationale: Semantic; Relationship: Superset; Alignment Strength: 8
Rationale: Semantic; Relationship: Intersects; Alignment Strength: 5
Rationale: Semantic; Relationship: Superset; Alignment Strength: 6
Rationale: Semantic; Relationship: Superset; Alignment Strength: 8
Rationale: Semantic; Relationship: Superset; Alignment Strength: 7","JFSA-02
JFSA-08
JFSA-29","Rationale: Semantic; Relationship: Superset; Alignment Strength: 6
Rationale: Semantic; Relationship: Superset; Alignment Strength: 8
Rationale: Semantic; Relationship: Superset; Alignment Strength: 8",17.7,Rationale: Semantic; Relationship: Subset,NAIC-IDSML-07,Rationale: Semantic; Relationship: Intersects
ID.IM-02.05,65.147,IDENTIFY,Improvement,Tests & Exercises,10.0,"Tier: 1
Tier: 2
Tier: 3
Tier: 4","ID.IM-02.05: The organization establishes testing programs that include a range of scenarios, including severe but plausible scenarios (e.g., disruptive, destructive, corruptive), that could affect the organization's ability to service internal and external stakeholders.",ID.IM-02,,"#critical_infrastructure
#disaster_recovery
#incident_management
#mission_and_strategy
#program_maturity
#resilience
#risk_assessment
#risk_management
#scenario_risk_assessment
#tabletop_exercises
#threat_landscape
#threat_management","APRA CPS 234-24
APRA CPS 234-27","Rationale: Semantic; Relationship: Superset; Alignment Strength: 9
Rationale: Semantic; Relationship: Superset; Alignment Strength: 8",OSFI CSSA-75,Rationale: Functional; Relationship: Superset; Alignment Strength: 9,HK-SFC-2.09,Rationale: Functional; Relationship: Intersects,PR.IP-10.RT,,"APRA CPG 234-44
APRA CPG 234-45
APRA CPG 234-70
APRA CPG 234-78
APRA CPG 234-79
APRA CPG 234-80
APRA CPG 234-90","Rationale: Semantic; Relationship: Equal; Alignment Strength: 10; Functional Coverage Strength: 10
Rationale: Semantic; Relationship: Superset; Alignment Strength: 7; Functional Coverage Strength: 8
Rationale: Semantic; Relationship: Superset; Alignment Strength: 8; Functional Coverage Strength: 10
Rationale: Semantic; Relationship: Intersects; Alignment Strength: 8; Functional Coverage Strength: 9
Rationale: Semantic; Relationship: Superset; Alignment Strength: 8; Functional Coverage Strength: 8
Rationale: Semantic; Relationship: Superset; Alignment Strength: 8; Functional Coverage Strength: 8
Rationale: Semantic; Relationship: Superset; Alignment Strength: 8; Functional Coverage Strength: 10",NYDFS-40,Rationale: Semantic; Relationship: Intersects; Alignment Strength: 9,"2.5.2.1.2
2.5.2.1.8
2.6.2.1
2.6.2.15
2.6.2.17
2.6.2.18
2.6.2.26
2.6.2.27
2.6.2.28
2.6.2.29
2.6.2.30
2.6.2.40","Level: Evolving
Level: Evolving
Level: Evolving
Level: Evolving
Level: Evolving
Level: Evolving
Level: Advancing
Level: Advancing
Level: Advancing
Level: Advancing
Level: Advancing
Level: Innovating",FFIEC-AIO-17.03,Rationale: Semantic; Relationship: Subset; Alignment Strength: 6,"FFIEC-BCM-02.03
FFIEC-BCM-02.05
FFIEC-BCM-05.04
FFIEC-BCM-08.01
FFIEC-BCM-08.05
FFIEC-BCM-10.01
FFIEC-BCM-10.02
FFIEC-BCM-10.07
FFIEC-BCM-10.09
FFIEC-BCM-10.13
FFIEC-BCM-10.14
FFIEC-BCM-10.17
FFIEC-BCM-10.18
FFIEC-BCM-10.25","Rationale: Functional; Relationship: Intersects; Alignment Strength: 5
Rationale: Functional; Relationship: Intersects; Alignment Strength: 8
Rationale: Semantic; Relationship: Subset; Alignment Strength: 9
Rationale: Semantic; Relationship: Intersects; Alignment Strength: 5
Rationale: Functional; Relationship: Subset; Alignment Strength: 7
Rationale: Semantic; Relationship: Subset; Alignment Strength: 9
Rationale: Semantic; Relationship: Intersects; Alignment Strength: 6
Rationale: Functional; Relationship: Intersects; Alignment Strength: 6
Rationale: Functional; Relationship: Intersects; Alignment Strength: 5
Rationale: Semantic; Relationship: Subset; Alignment Strength: 8
Rationale: Semantic; Relationship: Intersects; Alignment Strength: 5
Rationale: Semantic; Relationship: Subset; Alignment Strength: 6
Rationale: Semantic; Relationship: Subset; Alignment Strength: 7
Rationale: Functional; Relationship: Intersects; Alignment Strength: 5","OSFI B-13-24
OSFI B-13-30","Rationale: Semantic; Relationship: Superset; Alignment Strength: 9
Rationale: Semantic; Relationship: Superset; Alignment Strength: 9","DORA-06-08
DORA-08-02
DORA-11-04
DORA-11-06
DORA-24-01
DORA-24-02
DORA-24-03
DORA-25-01
DORA-25-03","Rationale: Semantic; Relationship: Superset; Alignment Strength: 7
Rationale: Semantic; Relationship: Superset; Alignment Strength: 8
Rationale: Semantic; Relationship: Subset; Alignment Strength: 8
Rationale: Semantic; Relationship: Superset; Alignment Strength: 8
Rationale: Semantic; Relationship: Superset; Alignment Strength: 8
Rationale: Semantic; Relationship: Subset; Alignment Strength: 8
Rationale: Semantic; Relationship: Intersects; Alignment Strength: 8
Rationale: Semantic; Relationship: Subset; Alignment Strength: 8
Rationale: Semantic; Relationship: Intersects; Alignment Strength: 7",,,"TR-13.3.1
TR-13.4.2
TR-13.5.1
TR-8.3.1
TR-8.3.3","Type: Full Summarily
Type: Partial
Type: Full
Type: Full Summarily
Type: Full Summarily","D2.MA.Ma.Inn.2
D5.DR.Re.E.3
D5.IR.Pl.Inn.1
D5.IR.Te.A.1
D5.IR.Te.B.1
D5.IR.Te.E.1
D5.IR.Te.Int.3","Level: Innovative; Type: Full Summarily
Level: Evolving; Type: Full Summarily
Level: Innovative; Type: Full Summarily
Level: Advanced; Type: Full Summarily
Level: Baseline; Type: Full Summarily
Level: Evolving; Type: Full Summarily
Level: Intermediate; Type: Full Summarily",065.147,Level: Ds,,,CP-04,Rationale: Semantic; Relationship: Superset; Alignment Strength: 9,"ASIC-GP01.AP
ASIC-GP10.RP
ASIC-KQ08","Rationale: Semantic; Relationship: Superset
Rationale: Semantic; Relationship: Superset
Rationale: Semantic; Relationship: Superset","EBA-21
EBA-42
EBA-43
EBA-44
EBA-47
EBA-82
EBA-87
EBA-89","Rationale: Semantic; Relationship: Superset; Alignment Strength: 8
Rationale: Functional; Relationship: Intersects; Alignment Strength: 6
Rationale: Functional; Relationship: Intersects; Alignment Strength: 6
Rationale: Semantic; Relationship: Superset; Alignment Strength: 7
Rationale: Semantic; Relationship: Superset; Alignment Strength: 7
Rationale: Semantic; Relationship: Superset; Alignment Strength: 9
Rationale: Semantic; Relationship: Superset; Alignment Strength: 8
Rationale: Semantic; Relationship: Superset; Alignment Strength: 9","JFSA-02
JFSA-08
JFSA-29
JFSA-48
JFSA-49
JFSA-50
JFSA-52","Rationale: Semantic; Relationship: Superset; Alignment Strength: 6
Rationale: Semantic; Relationship: Superset; Alignment Strength: 8
Rationale: Semantic; Relationship: Superset; Alignment Strength: 8
Rationale: Functional; Relationship: Intersects; Alignment Strength: 7
Rationale: Functional; Relationship: Intersects; Alignment Strength: 5
Rationale: Functional; Relationship: Intersects; Alignment Strength: 6
Rationale: Semantic; Relationship: Superset; Alignment Strength: 8",17.7,Rationale: Semantic; Relationship: Intersects,,
ID.IM-02.06,65.148,IDENTIFY,Improvement,Tests & Exercises,10.0,"Tier: 1
Tier: 2
Tier: 3
Tier: 4","ID.IM-02.06: The organization designs and tests its systems and processes, and employs third-party support resources (e.g., Sheltered Harbor), to enable recovery of accurate data (e.g., material financial transactions) sufficient to support defined business recovery time and recovery point objectives.",ID.IM-02,,"#critical_infrastructure
#disaster_recovery
#mission_and_strategy
#program_maturity
#resilience
#risk_assessment
#risk_management
#scenario_risk_assessment
#tabletop_exercises",,,,,,,"PR.IP-10.RT
PR.IP-4.DB","
",,,"NYDFS-15
NYDFS-25
NYDFS-37
NYDFS-41","Rationale: Semantic; Relationship: Intersects; Alignment Strength: 6
Rationale: Semantic; Relationship: Intersects; Alignment Strength: 5
Rationale: Semantic; Relationship: Intersects; Alignment Strength: 8
Rationale: Semantic; Relationship: Intersects; Alignment Strength: 7","2.5.2.2.22
2.5.2.2.23
2.5.2.2.24
2.5.2.2.26
2.5.2.2.27
2.5.2.2.29
2.5.2.2.31
2.5.2.2.32
2.6.2.1
2.6.2.9","Level: Evolving
Level: Evolving
Level: Evolving
Level: Advancing
Level: Advancing
Level: Advancing
Level: Innovating
Level: Innovating
Level: Evolving
Level: Evolving","FFIEC-AIO-15.04
FFIEC-AIO-17.03","Rationale: Semantic; Relationship: Superset; Alignment Strength: 6
Rationale: Semantic; Relationship: Subset; Alignment Strength: 6","FFIEC-BCM-04.05
FFIEC-BCM-06.03
FFIEC-BCM-08.01
FFIEC-BCM-08.04
FFIEC-BCM-08.11
FFIEC-BCM-10.01
FFIEC-BCM-10.02
FFIEC-BCM-10.09
FFIEC-BCM-10.10
FFIEC-BCM-10.11
FFIEC-BCM-10.12
FFIEC-BCM-10.13
FFIEC-BCM-10.14
FFIEC-BCM-10.15
FFIEC-BCM-10.16
FFIEC-BCM-10.19
FFIEC-BCM-10.22
FFIEC-BCM-10.24
FFIEC-BCM-10.25
FFIEC-BCM-10.26
FFIEC-BCM-10.27
FFIEC-BCM-10.28","Rationale: Semantic; Relationship: Intersects; Alignment Strength: 7
Rationale: Semantic; Relationship: Intersects; Alignment Strength: 5
Rationale: Semantic; Relationship: Subset; Alignment Strength: 8
Rationale: Functional; Relationship: Intersects; Alignment Strength: 5
Rationale: Semantic; Relationship: Intersects; Alignment Strength: 8
Rationale: Semantic; Relationship: Subset; Alignment Strength: 9
Rationale: Semantic; Relationship: Intersects; Alignment Strength: 6
Rationale: Semantic; Relationship: Subset; Alignment Strength: 7
Rationale: Semantic; Relationship: Subset; Alignment Strength: 8
Rationale: Semantic; Relationship: Subset; Alignment Strength: 9
Rationale: Semantic; Relationship: Subset; Alignment Strength: 7
Rationale: Semantic; Relationship: Subset; Alignment Strength: 8
Rationale: Semantic; Relationship: Intersects; Alignment Strength: 5
Rationale: Semantic; Relationship: Subset; Alignment Strength: 8
Rationale: Semantic; Relationship: Subset; Alignment Strength: 8
Rationale: Semantic; Relationship: Intersects; Alignment Strength: 9
Rationale: Functional; Relationship: Intersects; Alignment Strength: 5
Rationale: Functional; Relationship: Intersects; Alignment Strength: 7
Rationale: Functional; Relationship: Intersects; Alignment Strength: 4
Rationale: Functional; Relationship: Intersects; Alignment Strength: 7
Rationale: Functional; Relationship: Superset; Alignment Strength: 7
Rationale: Semantic; Relationship: Subset; Alignment Strength: 9",OSFI B-13-30,Rationale: Semantic; Relationship: Superset; Alignment Strength: 9,"DORA-06-08
DORA-09-02
DORA-11-04
DORA-11-06
DORA-12-01
DORA-12-02
DORA-12-03
DORA-24-01
DORA-24-02
DORA-24-03
DORA-24-04","Rationale: Semantic; Relationship: Superset; Alignment Strength: 7
Rationale: Semantic; Relationship: Superset; Alignment Strength: 8
Rationale: Semantic; Relationship: Subset; Alignment Strength: 8
Rationale: Semantic; Relationship: Superset; Alignment Strength: 9
Rationale: Semantic; Relationship: Superset; Alignment Strength: 9
Rationale: Semantic; Relationship: Subset; Alignment Strength: 9
Rationale: Semantic; Relationship: Superset; Alignment Strength: 8
Rationale: Semantic; Relationship: Superset; Alignment Strength: 8
Rationale: Semantic; Relationship: Subset; Alignment Strength: 8
Rationale: Semantic; Relationship: Intersects; Alignment Strength: 7
Rationale: Semantic; Relationship: Intersects; Alignment Strength: 7",,,"TR-8.3.1
TR-8.3.2
TR-8.4.3","Type: Full Summarily
Type: Partial
Type: Full Summarily","D5.IR.Pl.Inn.1
D5.IR.Te.B.3
D5.IR.Te.E.1
D5.IR.Te.E.3","Level: Innovative; Type: Full Summarily
Level: Baseline; Type: Full Summarily
Level: Evolving; Type: Full Summarily
Level: Evolving; Type: Full Summarily",065.148,Level: Ds,,,"CP-04
CP-10","Rationale: Semantic; Relationship: Intersects; Alignment Strength: 9
Rationale: Semantic; Relationship: Intersects; Alignment Strength: 8",ASIC-GP01.AP,Rationale: Semantic; Relationship: Superset,"EBA-47
EBA-57
EBA-81
EBA-89","Rationale: Semantic; Relationship: Superset; Alignment Strength: 7
Rationale: Semantic; Relationship: Superset; Alignment Strength: 8
Rationale: Semantic; Relationship: Superset; Alignment Strength: 9
Rationale: Semantic; Relationship: Superset; Alignment Strength: 7","JFSA-02
JFSA-51
JFSA-52","Rationale: Semantic; Relationship: Superset; Alignment Strength: 7
Rationale: Semantic; Relationship: Superset; Alignment Strength: 8
Rationale: Semantic; Relationship: Superset; Alignment Strength: 8","11.1
17.7","Rationale: Semantic; Relationship: Intersects
Rationale: Semantic; Relationship: Intersects",,
ID.IM-02.07,65.149,IDENTIFY,Improvement,Tests & Exercises,10.0,"Tier: 1
Tier: 2","ID.IM-02.07: The organization's governing body (e.g., the Board or one of its committees) and senior management are involved in testing as part of a crisis management team and are informed of test results.",ID.IM-02,,"#critical_infrastructure
#disaster_recovery
#mission_and_strategy
#program_maturity
#resilience
#risk_assessment
#risk_management
#risk_oversight
#scenario_risk_assessment
#tabletop_exercises","APRA CPS 234-13
APRA CPS 234-29","Rationale: Semantic; Relationship: Superset; Alignment Strength: 8
Rationale: Semantic; Relationship: Superset; Alignment Strength: 7",,,,,,,"APRA CPG 234-10
APRA CPG 234-81","Rationale: Semantic; Relationship: Superset; Alignment Strength: 8; Functional Coverage Strength: 10
Rationale: Semantic; Relationship: Superset; Alignment Strength: 8; Functional Coverage Strength: 10",,,"2.6.2.1
2.6.2.16
2.6.2.3","Level: Evolving
Level: Evolving
Level: Evolving",FFIEC-AIO-17.03,Rationale: Semantic; Relationship: Subset; Alignment Strength: 6,"FFIEC-BCM-02.03
FFIEC-BCM-02.05
FFIEC-BCM-10.05
FFIEC-BCM-10.07
FFIEC-BCM-10.12
FFIEC-BCM-10.18
FFIEC-BCM-10.28
FFIEC-BCM-12.01","Rationale: Functional; Relationship: Intersects; Alignment Strength: 6
Rationale: Semantic; Relationship: Subset; Alignment Strength: 8
Rationale: Semantic; Relationship: Subset; Alignment Strength: 7
Rationale: Functional; Relationship: Intersects; Alignment Strength: 6
Rationale: Semantic; Relationship: Subset; Alignment Strength: 7
Rationale: Semantic; Relationship: Subset; Alignment Strength: 6
Rationale: Semantic; Relationship: Subset; Alignment Strength: 6
Rationale: Semantic; Relationship: Intersects; Alignment Strength: 6",OSFI B-13-30,Rationale: Semantic; Relationship: Superset; Alignment Strength: 8,"DORA-13-05
DORA-24-01
DORA-24-02","Rationale: Semantic; Relationship: Intersects; Alignment Strength: 6
Rationale: Semantic; Relationship: Superset; Alignment Strength: 8
Rationale: Semantic; Relationship: Subset; Alignment Strength: 8",,,"TR-13.3.2
TR-8.3.1","Type: Full Summarily
Type: Full Summarily",D5.IR.Te.A.1,Level: Advanced; Type: Full Summarily,065.149,Level: Ds,,,,,ASIC-GP01.CR,Rationale: Semantic; Relationship: Intersects,"EBA-24
EBA-90","Rationale: Semantic; Relationship: Superset; Alignment Strength: 5
Rationale: Semantic; Relationship: Intersects; Alignment Strength: 7","JFSA-02
JFSA-04","Rationale: Semantic; Relationship: Superset; Alignment Strength: 7
Rationale: Semantic; Relationship: Superset; Alignment Strength: 7",17.7,Rationale: Semantic; Relationship: Intersects,,
ID.IM-02.08,65.15,IDENTIFY,Improvement,Tests & Exercises,10.0,Tier: 1,"ID.IM-02.08: The organization tests and exercises, independently and in coordination with other critical sector partners, its ability to support sector-wide resilience in the event of extreme financial stress or the instability of external dependencies, such as connectivity to markets, payment systems, clearing entities, messaging services, etc.",ID.IM-02,,"#critical_infrastructure
#dependency_management
#disaster_recovery
#information_sharing
#mission_and_strategy
#resilience
#risk_assessment
#risk_management
#scenario_risk_assessment
#tabletop_exercises",,,,,,,"ID.RM-3.CI
PR.IP-10.RT
PR.IP-9.RP","

","APRA CPG 234-75
APRA CPG 234-76","Rationale: Semantic; Relationship: Superset; Alignment Strength: 8; Functional Coverage Strength: 9
Rationale: Semantic; Relationship: Intersects; Alignment Strength: 7; Functional Coverage Strength: 10",NYDFS-40,Rationale: Semantic; Relationship: Superset; Alignment Strength: 9,"2.1.2.1.16
2.2.2.13
2.5.2.1.19
2.6.2.1
2.6.2.34
2.6.2.35
2.6.2.36
2.6.2.40
2.6.2.41","Level: Innovating
Level: Innovating
Level: Innovating
Level: Evolving
Level: Innovating
Level: Innovating
Level: Innovating
Level: Innovating
Level: Innovating",FFIEC-AIO-17.03,Rationale: Semantic; Relationship: Subset; Alignment Strength: 6,"FFIEC-BCM-02.05
FFIEC-BCM-04.03
FFIEC-BCM-06.06
FFIEC-BCM-08.04
FFIEC-BCM-08.08
FFIEC-BCM-08.09
FFIEC-BCM-10.01
FFIEC-BCM-10.07
FFIEC-BCM-10.10
FFIEC-BCM-10.11
FFIEC-BCM-10.12
FFIEC-BCM-10.13
FFIEC-BCM-10.15
FFIEC-BCM-10.18
FFIEC-BCM-10.22
FFIEC-BCM-10.23
FFIEC-BCM-10.26
FFIEC-BCM-10.27","Rationale: Functional; Relationship: Intersects; Alignment Strength: 8
Rationale: Semantic; Relationship: Superset; Alignment Strength: 7
Rationale: Semantic; Relationship: Subset; Alignment Strength: 7
Rationale: Semantic; Relationship: Intersects; Alignment Strength: 6
Rationale: Functional; Relationship: Intersects; Alignment Strength: 4
Rationale: Semantic; Relationship: Intersects; Alignment Strength: 3
Rationale: Semantic; Relationship: Subset; Alignment Strength: 9
Rationale: Semantic; Relationship: Subset; Alignment Strength: 9
Rationale: Semantic; Relationship: Intersects; Alignment Strength: 7
Rationale: Semantic; Relationship: Intersects; Alignment Strength: 8
Rationale: Semantic; Relationship: Subset; Alignment Strength: 7
Rationale: Semantic; Relationship: Subset; Alignment Strength: 8
Rationale: Semantic; Relationship: Subset; Alignment Strength: 9
Rationale: Semantic; Relationship: Subset; Alignment Strength: 7
Rationale: Functional; Relationship: Subset; Alignment Strength: 7
Rationale: Semantic; Relationship: Subset; Alignment Strength: 7
Rationale: Functional; Relationship: Intersects; Alignment Strength: 8
Rationale: Functional; Relationship: Intersects; Alignment Strength: 7","OSFI B-13-24
OSFI B-13-30","Rationale: Semantic; Relationship: Superset; Alignment Strength: 9
Rationale: Semantic; Relationship: Superset; Alignment Strength: 9","DORA-06-08
DORA-07-01
DORA-08-05
DORA-11-04
DORA-11-06
DORA-24-01
DORA-24-02
DORA-24-03
DORA-24-04","Rationale: Semantic; Relationship: Superset; Alignment Strength: 7
Rationale: Semantic; Relationship: Subset; Alignment Strength: 9
Rationale: Semantic; Relationship: Intersects; Alignment Strength: 5
Rationale: Semantic; Relationship: Subset; Alignment Strength: 8
Rationale: Semantic; Relationship: Superset; Alignment Strength: 9
Rationale: Semantic; Relationship: Superset; Alignment Strength: 8
Rationale: Semantic; Relationship: Subset; Alignment Strength: 8
Rationale: Semantic; Relationship: Intersects; Alignment Strength: 8
Rationale: Semantic; Relationship: Superset; Alignment Strength: 6",,,TR-8.3.1,Type: Full Summarily,"D5.IR.Te.A.1
D5.IR.Te.A.5
D5.IR.Te.Inn.4
D5.IR.Te.Int.2","Level: Advanced; Type: Full Summarily
Level: Advanced; Type: Full Summarily
Level: Innovative; Type: Full
Level: Intermediate; Type: Full",065.150,Level: Ds,,,CP-04,Rationale: Semantic; Relationship: Intersects; Alignment Strength: 9,,,"EBA-43
EBA-44
EBA-77
EBA-87
EBA-89","Rationale: Semantic; Relationship: Superset; Alignment Strength: 7
Rationale: Semantic; Relationship: Superset; Alignment Strength: 7
Rationale: Semantic; Relationship: Subset; Alignment Strength: 7
Rationale: Semantic; Relationship: Superset; Alignment Strength: 8
Rationale: Functional; Relationship: Superset; Alignment Strength: 6","JFSA-02
JFSA-08
JFSA-29","Rationale: Semantic; Relationship: Superset; Alignment Strength: 6
Rationale: Semantic; Relationship: Superset; Alignment Strength: 8
Rationale: Semantic; Relationship: Superset; Alignment Strength: 8",17.7,Rationale: Semantic; Relationship: Intersects,,
ID.IM-02.09,65.151,IDENTIFY,Improvement,Tests & Exercises,10.0,"Tier: 1
Tier: 2
Tier: 3","ID.IM-02.09: Corrective actions for gaps identified during security-related, incident management, response plan, and disaster recovery testing are retested and validated, or have a formal risk acceptance or risk exception.",ID.IM-02,,"#critical_infrastructure
#disaster_recovery
#issue_management
#mission_and_strategy
#program_transformation
#resilience
#review_assessment_and_testing
#risk_management
#risk_oversight
#tabletop_exercises",APRA CPS 234-31,Rationale: Semantic; Relationship: Superset; Alignment Strength: 6,"OSFI CSSA-12
OSFI CSSA-75","Rationale: Functional; Relationship: Superset; Alignment Strength: 8
Rationale: Functional; Relationship: Superset; Alignment Strength: 8",,,,,"APRA CPG 234-36
APRA CPG 234-81","Rationale: Semantic; Relationship: Superset; Alignment Strength: 8; Functional Coverage Strength: 10
Rationale: Semantic; Relationship: Superset; Alignment Strength: 8; Functional Coverage Strength: 10",,,"2.6.2.1
2.6.2.23
2.6.2.5","Level: Evolving
Level: Advancing
Level: Evolving",FFIEC-AIO-17.03,Rationale: Semantic; Relationship: Subset; Alignment Strength: 7,"FFIEC-BCM-10.07
FFIEC-BCM-10.11
FFIEC-BCM-10.17
FFIEC-BCM-10.18
FFIEC-BCM-10.28
FFIEC-BCM-10.29
FFIEC-BCM-11.02
FFIEC-BCM-11.03
FFIEC-BCM-12.01","Rationale: Semantic; Relationship: Subset; Alignment Strength: 7
Rationale: Semantic; Relationship: Subset; Alignment Strength: 8
Rationale: Functional; Relationship: Intersects; Alignment Strength: 5
Rationale: Semantic; Relationship: Subset; Alignment Strength: 7
Rationale: Semantic; Relationship: Subset; Alignment Strength: 7
Rationale: Semantic; Relationship: Subset; Alignment Strength: 10
Rationale: Semantic; Relationship: Subset; Alignment Strength: 9
Rationale: Functional; Relationship: Intersects; Alignment Strength: 8
Rationale: Semantic; Relationship: Intersects; Alignment Strength: 6","OSFI B-13-24
OSFI B-13-30","Rationale: Semantic; Relationship: Superset; Alignment Strength: 9
Rationale: Semantic; Relationship: Intersects; Alignment Strength: 8","DORA-06-08
DORA-11-06
DORA-24-01
DORA-24-02
DORA-24-05","Rationale: Semantic; Relationship: Superset; Alignment Strength: 7
Rationale: Semantic; Relationship: Superset; Alignment Strength: 9
Rationale: Semantic; Relationship: Superset; Alignment Strength: 7
Rationale: Semantic; Relationship: Subset; Alignment Strength: 8
Rationale: Semantic; Relationship: Intersects; Alignment Strength: 9",,,TR-13.6.1,Type: Full Summarily,,,065.151,Level: Ds,,,CA-02,Rationale: Semantic; Relationship: Intersects; Alignment Strength: 7,,,"EBA-06
EBA-84
EBA-85
EBA-90","Rationale: Functional; Relationship: Intersects; Alignment Strength: 7
Rationale: Semantic; Relationship: Superset; Alignment Strength: 9
Rationale: Functional; Relationship: Intersects; Alignment Strength: 6
Rationale: Functional; Relationship: Intersects; Alignment Strength: 8",JFSA-02,Rationale: Semantic; Relationship: Intersects; Alignment Strength: 5,17.8,Rationale: Semantic; Relationship: Intersects,,
ID.IM-03.01,66.152,IDENTIFY,Improvement,Improvements from Lessons Learned,10.0,"Tier: 1
Tier: 2
Tier: 3
Tier: 4","ID.IM-03.01: A formal process is in place to improve protection controls and processes by integrating recommendations, findings, and lessons learned from exercises, testing, audits, assessments, and incidents.",ID.IM-03,,"#incident_management
#issue_management
#lessons_learned
#risk_management",APRA CPS 234-31,Rationale: Semantic; Relationship: Superset; Alignment Strength: 6,,,,,,,"APRA CPG 234-25
APRA CPG 234-45","Rationale: Semantic; Relationship: Superset; Alignment Strength: 8; Functional Coverage Strength: 10
Rationale: Semantic; Relationship: Superset; Alignment Strength: 7; Functional Coverage Strength: 8",,,"2.1.2.1.13
2.3.2.2.66
2.8.2.1.3","Level: Advancing
Level: Advancing
Level: Evolving","FFIEC-AIO-02.04
FFIEC-AIO-17.03
FFIEC-AIO-17.04","Rationale: Semantic; Relationship: Superset; Alignment Strength: 8
Rationale: Semantic; Relationship: Subset; Alignment Strength: 7
Rationale: Semantic; Relationship: Subset; Alignment Strength: 6","FFIEC-BCM-10.07
FFIEC-BCM-10.30
FFIEC-BCM-11.01
FFIEC-BCM-11.02","Rationale: Semantic; Relationship: Subset; Alignment Strength: 7
Rationale: Semantic; Relationship: Subset; Alignment Strength: 10
Rationale: Semantic; Relationship: Subset; Alignment Strength: 8
Rationale: Semantic; Relationship: Subset; Alignment Strength: 7",OSFI B-13-42,Rationale: Semantic; Relationship: Intersects; Alignment Strength: 8,"DORA-06-02
DORA-06-05
DORA-11-06
DORA-13-02
DORA-13-03
DORA-16-02","Rationale: Semantic; Relationship: Superset; Alignment Strength: 8
Rationale: Semantic; Relationship: Subset; Alignment Strength: 8
Rationale: Semantic; Relationship: Subset; Alignment Strength: 7
Rationale: Semantic; Relationship: Intersects; Alignment Strength: 8
Rationale: Semantic; Relationship: Superset; Alignment Strength: 9
Rationale: Semantic; Relationship: Intersects; Alignment Strength: 8","SEC-11.II.B.1
SEC-12.II.C.1.a","Rationale: Semantic; Relationship: Superset; Alignment Strength: 8
Rationale: Semantic; Relationship: Superset; Alignment Strength: 8","TR-13.4.2
TR-7.8.2","Type: Partial
Type: Full Summarily","D1.RM.RMP.E.2
D1.RM.RMP.Int.4
D1.TC.Cu.A.1
D1.TC.Tr.E.5
D1.TC.Tr.Int.1
D3.DC.An.Inn.2
D3.DC.Ev.Inn.1
D3.DC.Ev.Inn.2
D5.DR.Re.E.8
D5.IR.Pl.Int.4","Level: Evolving; Type: Full
Level: Intermediate; Type: Full
Level: Advanced; Type: Full Summarily
Level: Evolving; Type: Full
Level: Intermediate; Type: Full Summarily
Level: Innovative; Type: Partial
Level: Innovative; Type: Partial
Level: Innovative; Type: Partial
Level: Evolving; Type: Full Summarily
Level: Intermediate; Type: Full Summarily",066.152,Level: Ds,"FFIEC-DAM-04.13
FFIEC-DAM-07.04","Rationale: Semantic; Relationship: Intersects
Rationale: Semantic; Relationship: Intersects",,,ASIC-GP07.ST,Rationale: Semantic; Relationship: Superset,"EBA-14
EBA-88","Rationale: Semantic; Relationship: Superset; Alignment Strength: 8
Rationale: Semantic; Relationship: Intersects; Alignment Strength: 9","JFSA-07
JFSA-21
JFSA-26
JFSA-32
JFSA-52","Rationale: Semantic; Relationship: Superset; Alignment Strength: 9
Rationale: Semantic; Relationship: Superset; Alignment Strength: 9
Rationale: Semantic; Relationship: Superset; Alignment Strength: 7
Rationale: Semantic; Relationship: Superset; Alignment Strength: 7
Rationale: Semantic; Relationship: Superset; Alignment Strength: 8",17.8,Rationale: Semantic; Relationship: Subset,,
ID.IM-03.02,66.153,IDENTIFY,Improvement,Improvements from Lessons Learned,10.0,"Tier: 1
Tier: 2
Tier: 3","ID.IM-03.02: The organization establishes a systematic and comprehensive program to regularly evaluate and improve its monitoring and detection processes and controls as the threat environment changes, tools and techniques evolve, and lessons are learned.",ID.IM-03,,"#issue_management
#lessons_learned
#risk_management
#security_logging_monitoring_and_alerting
#threat_landscape","APRA CPS 234-17
APRA CPS 234-23
APRA CPS 234-27","Rationale: Semantic; Relationship: Superset; Alignment Strength: 8
Rationale: Semantic; Relationship: Superset; Alignment Strength: 9
Rationale: Semantic; Relationship: Superset; Alignment Strength: 8",,,,,"DE.AE-2.AP
DE.DP-2.ED
DE.DP-3.ET","

","APRA CPG 234-15
APRA CPG 234-16
APRA CPG 234-25
APRA CPG 234-36
APRA CPG 234-45
APRA CPG 234-66
APRA CPG 234-67
APRA CPG 234-68
APRA CPG 234-78
APRA CPG 234-79
APRA CPG 234-80
APRA CPG 234-90","Rationale: Semantic; Relationship: Superset; Alignment Strength: 9; Functional Coverage Strength: 10
Rationale: Semantic; Relationship: Superset; Alignment Strength: 9; Functional Coverage Strength: 10
Rationale: Semantic; Relationship: Superset; Alignment Strength: 8; Functional Coverage Strength: 10
Rationale: Semantic; Relationship: Superset; Alignment Strength: 8; Functional Coverage Strength: 10
Rationale: Semantic; Relationship: Superset; Alignment Strength: 7; Functional Coverage Strength: 8
Rationale: Semantic; Relationship: Superset; Alignment Strength: 9; Functional Coverage Strength: 10
Rationale: Semantic; Relationship: Superset; Alignment Strength: 8; Functional Coverage Strength: 10
Rationale: Semantic; Relationship: Superset; Alignment Strength: 10; Functional Coverage Strength: 10
Rationale: Semantic; Relationship: Intersects; Alignment Strength: 8; Functional Coverage Strength: 9
Rationale: Semantic; Relationship: Superset; Alignment Strength: 8; Functional Coverage Strength: 8
Rationale: Semantic; Relationship: Superset; Alignment Strength: 8; Functional Coverage Strength: 8
Rationale: Semantic; Relationship: Superset; Alignment Strength: 8; Functional Coverage Strength: 10",,,"2.2.2.12
2.4.2.21
2.4.2.22
2.5.2.1.15
2.5.2.1.17
2.5.2.1.18
2.5.2.1.7
2.6.2.33
2.7.2.1.5
2.7.2.2.24
2.8.2.1.3","Level: Innovating
Level: Innovating
Level: Innovating
Level: Advancing
Level: Advancing
Level: Innovating
Level: Evolving
Level: Innovating
Level: Evolving
Level: Innovating
Level: Evolving","FFIEC-AIO-17.03
FFIEC-AIO-17.04","Rationale: Semantic; Relationship: Subset; Alignment Strength: 7
Rationale: Semantic; Relationship: Subset; Alignment Strength: 6",FFIEC-BCM-11.01,Rationale: Functional; Relationship: Intersects; Alignment Strength: 5,"OSFI B-13-25
OSFI B-13-33
OSFI B-13-42
OSFI B-13-50
OSFI B-13-51","Rationale: Semantic; Relationship: Superset; Alignment Strength: 8
Rationale: Semantic; Relationship: Intersects; Alignment Strength: 9
Rationale: Semantic; Relationship: Intersects; Alignment Strength: 8
Rationale: Semantic; Relationship: Superset; Alignment Strength: 9
Rationale: Semantic; Relationship: Superset; Alignment Strength: 9","DORA-06-02
DORA-06-05
DORA-09-01
DORA-13-02
DORA-13-03","Rationale: Semantic; Relationship: Superset; Alignment Strength: 7
Rationale: Semantic; Relationship: Subset; Alignment Strength: 8
Rationale: Semantic; Relationship: Superset; Alignment Strength: 9
Rationale: Semantic; Relationship: Intersects; Alignment Strength: 8
Rationale: Semantic; Relationship: Superset; Alignment Strength: 9",SEC-12.II.C.1.a,Rationale: Semantic; Relationship: Superset; Alignment Strength: 7,TR-7.8.2,Type: Full Summarily,"D3.DC.An.Int.5
D5.DR.Re.E.8
D5.IR.Te.Int.5","Level: Intermediate; Type: Full Summarily
Level: Evolving; Type: Full Summarily
Level: Intermediate; Type: Full Summarily",066.153,Level: Ds,,,SI-04,Rationale: Semantic; Relationship: Intersects; Alignment Strength: 9,ASIC-GP02.RG,Rationale: Semantic; Relationship: Superset,"EBA-14
EBA-39","Rationale: Semantic; Relationship: Superset; Alignment Strength: 8
Rationale: Semantic; Relationship: Superset; Alignment Strength: 8","JFSA-07
JFSA-19","Rationale: Semantic; Relationship: Superset; Alignment Strength: 9
Rationale: Semantic; Relationship: Superset; Alignment Strength: 8",17.8,Rationale: Semantic; Relationship: Subset,,
ID.IM-04.01,67.154,IDENTIFY,Improvement,Plans Affecting Operations,10.0,"Tier: 1
Tier: 2
Tier: 3
Tier: 4","ID.IM-04.01: The organization's business continuity, disaster recovery, crisis management, and response plans are in place and managed, aligned with each other, and incorporate considerations of cyber incidents.",ID.IM-04,,"#disaster_recovery
#issue_management
#mission_and_strategy
#program_maturity
#resilience
#risk_assessment
#risk_management
#risk_oversight",APRA CPS 234-24,Rationale: Semantic; Relationship: Superset; Alignment Strength: 9,"OSFI CSSA-71
OSFI CSSA-72","Rationale: Functional; Relationship: Subset; Alignment Strength: 9
Rationale: Functional; Relationship: Equal; Alignment Strength: 10",HK-SFC-2.09,Rationale: Functional; Relationship: Intersects,PR.IP-9.RP,,APRA CPG 234-77,Rationale: Semantic; Relationship: Superset; Alignment Strength: 9; Functional Coverage Strength: 10,"NYDFS-36
NYDFS-37","Rationale: Semantic; Relationship: Superset; Alignment Strength: 8
Rationale: Semantic; Relationship: Superset; Alignment Strength: 8","2.5.2.1.3
2.5.2.3.43","Level: Evolving
Level: Advancing","FFIEC-AIO-08.01
FFIEC-AIO-17.03","Rationale: Semantic; Relationship: Superset; Alignment Strength: 6
Rationale: Semantic; Relationship: Subset; Alignment Strength: 6","FFIEC-BCM-02.01
FFIEC-BCM-02.05
FFIEC-BCM-08.10
FFIEC-BCM-11.01
FFIEC-BCM-11.03","Rationale: Semantic; Relationship: Subset; Alignment Strength: 6
Rationale: Functional; Relationship: Intersects; Alignment Strength: 5
Rationale: Semantic; Relationship: Intersects; Alignment Strength: 7
Rationale: Functional; Relationship: Intersects; Alignment Strength: 5
Rationale: Semantic; Relationship: Subset; Alignment Strength: 7","OSFI B-13-28
OSFI B-13-53
OSFI B-13-55","Rationale: Semantic; Relationship: Superset; Alignment Strength: 9
Rationale: Semantic; Relationship: Superset; Alignment Strength: 9
Rationale: Semantic; Relationship: Superset; Alignment Strength: 9","DORA-05-02
DORA-11-02
DORA-11-03
DORA-11-07
DORA-16-01
DORA-17-03","Rationale: Semantic; Relationship: Superset; Alignment Strength: 8
Rationale: Semantic; Relationship: Superset; Alignment Strength: 6
Rationale: Semantic; Relationship: Superset; Alignment Strength: 9
Rationale: Semantic; Relationship: Intersects; Alignment Strength: 9
Rationale: Semantic; Relationship: Intersects; Alignment Strength: 9
Rationale: Semantic; Relationship: Intersects; Alignment Strength: 8",,,TR-7.7.1,Type: Full,"D5.IR.Pl.A.1
D5.IR.Pl.A.2
D5.IR.Pl.B.1
D5.IR.Pl.B.6
D5.IR.Pl.E.2
D5.IR.Pl.E.4","Level: Advanced; Type: Full Summarily
Level: Advanced; Type: Full Summarily
Level: Baseline; Type: Full
Level: Baseline; Type: Full Summarily
Level: Evolving; Type: Full
Level: Evolving; Type: Full Summarily",067.154,Level: Ds,,,"CP-02
IR-08
PM-08","Rationale: Semantic; Relationship: Intersects; Alignment Strength: 9
Rationale: Semantic; Relationship: Intersects; Alignment Strength: 9
Rationale: Semantic; Relationship: Intersects; Alignment Strength: 9",,,"EBA-77
EBA-80
EBA-81
EBA-83
EBA-84","Rationale: Semantic; Relationship: Subset; Alignment Strength: 8
Rationale: Semantic; Relationship: Superset; Alignment Strength: 9
Rationale: Semantic; Relationship: Intersects; Alignment Strength: 6
Rationale: Semantic; Relationship: Superset; Alignment Strength: 9
Rationale: Semantic; Relationship: Intersects; Alignment Strength: 7","JFSA-02
JFSA-46","Rationale: Semantic; Relationship: Intersects; Alignment Strength: 5
Rationale: Semantic; Relationship: Superset; Alignment Strength: 9",17.4,Rationale: Semantic; Relationship: Subset,"NAIC-IDSML-03
NAIC-IDSML-07","Rationale: Semantic; Relationship: Intersects
Rationale: Semantic; Relationship: Intersects"
ID.IM-04.02,67.155,IDENTIFY,Improvement,Plans Affecting Operations,10.0,"Tier: 1
Tier: 2
Tier: 3
Tier: 4","ID.IM-04.02: The organization's incident response and business continuity plans contain clearly defined roles, responsibilities, and levels of decision-making authority, and include all needed areas of participation and expertise across the organization and key third-parties.",ID.IM-04,,"#incident_management
#policy_management
#resilience
#risk_oversight",APRA CPS 234-14,Rationale: Semantic; Relationship: Intersects; Alignment Strength: 7,"OSFI CSSA-71
OSFI CSSA-72","Rationale: Functional; Relationship: Superset; Alignment Strength: 9
Rationale: Functional; Relationship: Superset; Alignment Strength: 9",HK-SFC-2.09,Rationale: Functional; Relationship: Superset,PR.IP-9.RP,,"APRA CPG 234-75
APRA CPG 234-77","Rationale: Semantic; Relationship: Superset; Alignment Strength: 8; Functional Coverage Strength: 9
Rationale: Semantic; Relationship: Superset; Alignment Strength: 7; Functional Coverage Strength: 10",NYDFS-36,Rationale: Semantic; Relationship: Superset; Alignment Strength: 7,"2.5.2.1.3
2.5.2.1.4
2.5.2.4.50","Level: Evolving
Level: Evolving
Level: Evolving",FFIEC-AIO-08.01,Rationale: Semantic; Relationship: Superset; Alignment Strength: 6,"FFIEC-BCM-02.04
FFIEC-BCM-02.05
FFIEC-BCM-08.01
FFIEC-BCM-08.10
FFIEC-BCM-08.12
FFIEC-BCM-08.13
FFIEC-BCM-10.12","Rationale: Semantic; Relationship: Superset; Alignment Strength: 9
Rationale: Functional; Relationship: Intersects; Alignment Strength: 7
Rationale: Semantic; Relationship: Subset; Alignment Strength: 9
Rationale: Semantic; Relationship: Intersects; Alignment Strength: 7
Rationale: Semantic; Relationship: Subset; Alignment Strength: 9
Rationale: Semantic; Relationship: Intersects; Alignment Strength: 8
Rationale: Functional; Relationship: Intersects; Alignment Strength: 5","OSFI B-13-23
OSFI B-13-24
OSFI B-13-28
OSFI B-13-52
OSFI B-13-53
OSFI B-13-55
OSFI B-13-56","Rationale: Semantic; Relationship: Intersects; Alignment Strength: 9
Rationale: Semantic; Relationship: Superset; Alignment Strength: 9
Rationale: Semantic; Relationship: Superset; Alignment Strength: 9
Rationale: Semantic; Relationship: Intersects; Alignment Strength: 9
Rationale: Semantic; Relationship: Superset; Alignment Strength: 9
Rationale: Semantic; Relationship: Superset; Alignment Strength: 9
Rationale: Semantic; Relationship: Superset; Alignment Strength: 8",DORA-17-01,Rationale: Semantic; Relationship: Superset; Alignment Strength: 9,,,"TR-12.3.1
TR-7.7.3
TR-8.2.2","Type: Full Summarily
Type: Full Summarily
Type: Full Summarily","D5.DR.Re.A.2
D5.ER.Es.Int.1
D5.IR.Pl.B.3
D5.IR.Pl.B.4","Level: Advanced; Type: Full Summarily
Level: Intermediate; Type: Full Summarily
Level: Baseline; Type: Full Summarily
Level: Baseline; Type: Full",067.155,Level: Ds,,,"CP-02
IR-08
PM-08","Rationale: Semantic; Relationship: Intersects; Alignment Strength: 9
Rationale: Semantic; Relationship: Intersects; Alignment Strength: 9
Rationale: Semantic; Relationship: Intersects; Alignment Strength: 8",ASIC-KQ08,Rationale: Semantic; Relationship: Superset,"EBA-60
EBA-77
EBA-80","Rationale: Semantic; Relationship: Superset; Alignment Strength: 9
Rationale: Semantic; Relationship: Subset; Alignment Strength: 8
Rationale: Semantic; Relationship: Superset; Alignment Strength: 8","JFSA-04
JFSA-46
JFSA-53
JFSA-55","Rationale: Semantic; Relationship: Superset; Alignment Strength: 9
Rationale: Semantic; Relationship: Superset; Alignment Strength: 8
Rationale: Functional; Relationship: Intersects; Alignment Strength: 5
Rationale: Semantic; Relationship: Superset; Alignment Strength: 7","17.4
17.5","Rationale: Semantic; Relationship: Intersects
Rationale: Semantic; Relationship: Subset",NAIC-IDSML-07,Rationale: Semantic; Relationship: Intersects
ID.IM-04.03,67.156,IDENTIFY,Improvement,Plans Affecting Operations,10.0,"Tier: 1
Tier: 2","ID.IM-04.03: Recovery plans include service resumption steps for all operating environments, including traditional, alternate recovery, and highly available (e.g., cloud) infrastructures.",ID.IM-04,,"#architecture
#disaster_recovery
#incident_management
#resilience",,,OSFI CSSA-71,Rationale: Functional; Relationship: Superset; Alignment Strength: 9,,,,,,,"NYDFS-36
NYDFS-37","Rationale: Semantic; Relationship: Superset; Alignment Strength: 7
Rationale: Semantic; Relationship: Superset; Alignment Strength: 7","2.5.2.1.1
2.5.2.1.11
2.5.2.1.3
2.5.2.2.31","Level: Evolving
Level: Advancing
Level: Evolving
Level: Innovating",FFIEC-AIO-08.01,Rationale: Semantic; Relationship: Superset; Alignment Strength: 8,"FFIEC-BCM-08.05
FFIEC-BCM-08.07
FFIEC-BCM-08.11
FFIEC-BCM-10.16","Rationale: Semantic; Relationship: Intersects; Alignment Strength: 8
Rationale: Functional; Relationship: Intersects; Alignment Strength: 8
Rationale: Semantic; Relationship: Intersects; Alignment Strength: 7
Rationale: Semantic; Relationship: Subset; Alignment Strength: 8","OSFI B-13-23
OSFI B-13-24
OSFI B-13-28
OSFI B-13-55","Rationale: Semantic; Relationship: Superset; Alignment Strength: 9
Rationale: Semantic; Relationship: Superset; Alignment Strength: 9
Rationale: Semantic; Relationship: Superset; Alignment Strength: 9
Rationale: Semantic; Relationship: Superset; Alignment Strength: 9",,,,,TR-8.2.2,Type: Full Summarily,"D5.IR.Pl.E.1
D5.IR.Pl.E.3
D5.IR.Te.Inn.1","Level: Evolving; Type: Full Summarily
Level: Evolving; Type: Full Summarily
Level: Innovative; Type: Full Summarily",067.156,Level: Ds,,,"CP-02
CP-07","Rationale: Semantic; Relationship: Superset; Alignment Strength: 9
Rationale: Semantic; Relationship: Intersects; Alignment Strength: 8",,,"EBA-81
EBA-83
EBA-84","Rationale: Functional; Relationship: Superset; Alignment Strength: 7
Rationale: Semantic; Relationship: Superset; Alignment Strength: 9
Rationale: Semantic; Relationship: Superset; Alignment Strength: 8","JFSA-46
JFSA-58","Rationale: Semantic; Relationship: Superset; Alignment Strength: 8
Rationale: Semantic; Relationship: Subset; Alignment Strength: 6",17.4,Rationale: Semantic; Relationship: Superset,NAIC-IDSML-07,Rationale: Semantic; Relationship: Superset
ID.IM-04.04,67.157,IDENTIFY,Improvement,Plans Affecting Operations,10.0,"Tier: 1
Tier: 2
Tier: 3","ID.IM-04.04: The organization has plans to identify, in a timely manner, the status of all transactions and member positions at the time of a disruption, supported by corresponding recovery point objectives.",ID.IM-04,,"#disaster_recovery
#incident_management
#security_logging_monitoring_and_alerting",,,,,,,PR.DS-5.DL,,,,"NYDFS-15
NYDFS-41","Rationale: Semantic; Relationship: Superset; Alignment Strength: 9
Rationale: Semantic; Relationship: Superset; Alignment Strength: 7","2.5.2.1.12
2.5.2.2.26
2.5.2.2.27
2.5.2.2.28","Level: Advancing
Level: Advancing
Level: Advancing
Level: Advancing",FFIEC-AIO-08.01,Rationale: Semantic; Relationship: Superset; Alignment Strength: 8,"FFIEC-BCM-08.08
FFIEC-BCM-08.09
FFIEC-BCM-08.11
FFIEC-BCM-10.25","Rationale: Functional; Relationship: Intersects; Alignment Strength: 4
Rationale: Semantic; Relationship: Intersects; Alignment Strength: 2
Rationale: Semantic; Relationship: Intersects; Alignment Strength: 6
Rationale: Functional; Relationship: Intersects; Alignment Strength: 6",OSFI B-13-55,Rationale: Semantic; Relationship: Superset; Alignment Strength: 9,"DORA-12-01
DORA-12-02","Rationale: Semantic; Relationship: Superset; Alignment Strength: 9
Rationale: Semantic; Relationship: Superset; Alignment Strength: 8",,,TR-8.2.2,Type: Full Summarily,,,067.157,Level: Ds,,,"CP-02
CP-10","Rationale: Semantic; Relationship: Superset; Alignment Strength: 9
Rationale: Semantic; Relationship: Intersects; Alignment Strength: 9",,,"EBA-81
EBA-83","Rationale: Functional; Relationship: Superset; Alignment Strength: 5
Rationale: Semantic; Relationship: Superset; Alignment Strength: 9",JFSA-46,Rationale: Semantic; Relationship: Superset; Alignment Strength: 8,,,,
ID.IM-04.05,67.158,IDENTIFY,Improvement,Plans Affecting Operations,10.0,"Tier: 1
Tier: 2","ID.IM-04.05: Recovery plans include restoration of resilience following a long term loss of capability (e.g., at an alternate site or a third-party), detailing when the plan should be activated and implementation steps.",ID.IM-04,,"#architecture
#critical_infrastructure
#data_backup
#disaster_recovery
#hotswap
#incident_management
#resilience
#technology_availability",,,,,,,,,,,"NYDFS-36
NYDFS-37","Rationale: Semantic; Relationship: Superset; Alignment Strength: 7
Rationale: Semantic; Relationship: Superset; Alignment Strength: 7",2.5.2.1.3,Level: Evolving,FFIEC-AIO-08.01,Rationale: Semantic; Relationship: Superset; Alignment Strength: 8,"FFIEC-BCM-08.01
FFIEC-BCM-08.04
FFIEC-BCM-08.05
FFIEC-BCM-08.07
FFIEC-BCM-08.11","Rationale: Semantic; Relationship: Subset; Alignment Strength: 8
Rationale: Semantic; Relationship: Subset; Alignment Strength: 9
Rationale: Semantic; Relationship: Subset; Alignment Strength: 9
Rationale: Semantic; Relationship: Subset; Alignment Strength: 8
Rationale: Semantic; Relationship: Intersects; Alignment Strength: 5","OSFI B-13-28
OSFI B-13-55","Rationale: Semantic; Relationship: Superset; Alignment Strength: 9
Rationale: Semantic; Relationship: Superset; Alignment Strength: 9","DORA-12-01
DORA-12-03
DORA-16-01
DORA-17-01","Rationale: Semantic; Relationship: Intersects; Alignment Strength: 8
Rationale: Semantic; Relationship: Intersects; Alignment Strength: 7
Rationale: Semantic; Relationship: Intersects; Alignment Strength: 9
Rationale: Semantic; Relationship: Superset; Alignment Strength: 8",,,"TR-8.2.2
TR-8.2.4","Type: Full Summarily
Type: Full Summarily",D5.IR.Pl.E.1,Level: Evolving; Type: Full Summarily,067.158,Level: Ds,,,"CP-02
PE-17","Rationale: Semantic; Relationship: Superset; Alignment Strength: 9
Rationale: Semantic; Relationship: Intersects; Alignment Strength: 8",,,"EBA-81
EBA-83
EBA-84
EBA-85","Rationale: Semantic; Relationship: Superset; Alignment Strength: 9
Rationale: Semantic; Relationship: Superset; Alignment Strength: 9
Rationale: Semantic; Relationship: Superset; Alignment Strength: 8
Rationale: Functional; Relationship: Intersects; Alignment Strength: 7","JFSA-02
JFSA-46
JFSA-58","Rationale: Semantic; Relationship: Superset; Alignment Strength: 7
Rationale: Semantic; Relationship: Superset; Alignment Strength: 9
Rationale: Semantic; Relationship: Subset; Alignment Strength: 6",,,,
ID.IM-04.06,67.159,IDENTIFY,Improvement,Plans Affecting Operations,10.0,Tier: 1,ID.IM-04.06: The organization has established and implemented plans to identify and mitigate the cyber risks it poses through interconnectedness to sector partners and external stakeholders.,ID.IM-04,,"#enterprise_risk_management
#information_sharing
#mission_and_strategy
#risk_management
#threat_management",,,,,,,"ID.BE-1.SC
ID.BE-4.CR","
",,,,,,,,,,,"OSFI B-13-28
OSFI B-13-33
OSFI B-13-55","Rationale: Semantic; Relationship: Superset; Alignment Strength: 9
Rationale: Semantic; Relationship: Intersects; Alignment Strength: 7
Rationale: Semantic; Relationship: Superset; Alignment Strength: 9","DORA-06-08
DORA-08-02
DORA-45-01","Rationale: Semantic; Relationship: Intersects; Alignment Strength: 7
Rationale: Semantic; Relationship: Superset; Alignment Strength: 8
Rationale: Semantic; Relationship: Subset; Alignment Strength: 7",,,,,D1.G.Ov.A.6,Level: Advanced; Type: Full Summarily,067.159,Level: Ds,,,"CA-03
SA-09","Rationale: Semantic; Relationship: Subset; Alignment Strength: 9
Rationale: Semantic; Relationship: Intersects; Alignment Strength: 7",,,EBA-06,Rationale: Functional; Relationship: Intersects; Alignment Strength: 8,,,,,,
ID.IM-04.07,67.16,IDENTIFY,Improvement,Plans Affecting Operations,10.0,"Tier: 1
Tier: 2
Tier: 3
Tier: 4","ID.IM-04.07: The organization pre-identifies, pre-qualifies, and retains third party incident management support and forensic service firms, as required, that can be called upon to quickly assist with incident response, investigation, and recovery.",ID.IM-04,,"#incident_management
#supply_chain_management
#third_party_risk_management
#vendor_management",,,,,,,,,"APRA CPG 234-16
APRA CPG 234-75","Rationale: Semantic; Relationship: Superset; Alignment Strength: 7; Functional Coverage Strength: 10
Rationale: Semantic; Relationship: Superset; Alignment Strength: 8; Functional Coverage Strength: 9",NYDFS-25,Rationale: Semantic; Relationship: Intersects; Alignment Strength: 7,"2.5.2.4.47
2.5.2.4.48
2.5.2.4.50
2.5.2.4.51
2.5.2.4.52
2.5.2.4.53","Level: Evolving
Level: Evolving
Level: Evolving
Level: Evolving
Level: Advancing
Level: Innovating",,,FFIEC-BCM-08.02,Rationale: Functional; Relationship: Superset; Alignment Strength: 8,"OSFI B-13-23
OSFI B-13-24
OSFI B-13-29
OSFI B-13-52
OSFI B-13-56
OSFI B-13-57","Rationale: Semantic; Relationship: Superset; Alignment Strength: 9
Rationale: Semantic; Relationship: Superset; Alignment Strength: 9
Rationale: Semantic; Relationship: Intersects; Alignment Strength: 9
Rationale: Semantic; Relationship: Intersects; Alignment Strength: 7
Rationale: Semantic; Relationship: Intersects; Alignment Strength: 9
Rationale: Semantic; Relationship: Intersects; Alignment Strength: 8",,,,,TR-7.7.2,Type: Full Summarily,"D1.R.St.B.2
D3.CC.Re.Int.3
D5.DR.Re.E.7
D5.IR.Pl.E.5
D5.IR.Pl.Int.3","Level: Baseline; Type: Full Summarily
Level: Intermediate; Type: Full Summarily
Level: Evolving; Type: Full Summarily
Level: Evolving; Type: Full
Level: Intermediate; Type: Full Summarily",067.160,Level: Ds,,,IR-04,Rationale: Semantic; Relationship: Superset; Alignment Strength: 8,ASIC-KQ08,Rationale: Semantic; Relationship: Superset,,,"JFSA-46
JFSA-53
JFSA-55","Rationale: Semantic; Relationship: Superset; Alignment Strength: 9
Rationale: Functional; Relationship: Intersects; Alignment Strength: 5
Rationale: Semantic; Relationship: Superset; Alignment Strength: 7",17.4,Rationale: Semantic; Relationship: Intersects,,
ID.IM-04.08,67.161,IDENTIFY,Improvement,Plans Affecting Operations,10.0,"Tier: 1
Tier: 2
Tier: 3
Tier: 4","ID.IM-04.08: The organization regularly reviews response strategy, incident management plans, recovery plans, and associated tests and exercises and updates them, as necessary, based on:
(1) Lessons learned from incidents that have occurred (both internal and external to the organization);
(2) Current cyber threat intelligence (both internal and external sources);
(3) Recent and wide-scale cyber attack scenarios;
(4) Operationally and technically plausible future cyber attacks;
(5) Organizational or technical environment changes; and,
(6) New technological developments.",ID.IM-04,,"#disaster_recovery
#emerging_technologies
#incident_management
#lessons_learned
#mission_and_strategy
#program_maturity
#risk_assessment
#risk_management
#scenario_risk_assessment
#tabletop_exercises
#threat_landscape
#threat_management","APRA CPS 234-24
APRA CPS 234-26
APRA CPS 234-31","Rationale: Semantic; Relationship: Superset; Alignment Strength: 9
Rationale: Semantic; Relationship: Superset; Alignment Strength: 9
Rationale: Semantic; Relationship: Superset; Alignment Strength: 6","OSFI CSSA-69
OSFI CSSA-72
OSFI CSSA-75
OSFI CSSA-76
OSFI CSSA-77","Rationale: Functional; Relationship: Intersects; Alignment Strength: 9
Rationale: Functional; Relationship: Superset; Alignment Strength: 8
Rationale: Functional; Relationship: Superset; Alignment Strength: 8
Rationale: Functional; Relationship: Intersects; Alignment Strength: 7
Rationale: Functional; Relationship: Intersects; Alignment Strength: 7",HK-SFC-2.09,Rationale: Functional; Relationship: Intersects,"PR.IP-9.RP
RC.IM-1.RU
RS.IM-1.IR","

","APRA CPG 234-39
APRA CPG 234-44
APRA CPG 234-45
APRA CPG 234-70
APRA CPG 234-74","Rationale: Semantic; Relationship: Intersects; Alignment Strength: 6; Functional Coverage Strength: 10
Rationale: Semantic; Relationship: Intersects; Alignment Strength: 7; Functional Coverage Strength: 10
Rationale: Semantic; Relationship: Superset; Alignment Strength: 7; Functional Coverage Strength: 8
Rationale: Semantic; Relationship: Superset; Alignment Strength: 8; Functional Coverage Strength: 10
Rationale: Semantic; Relationship: Superset; Alignment Strength: 9; Functional Coverage Strength: 10","NYDFS-36
NYDFS-37","Rationale: Semantic; Relationship: Superset; Alignment Strength: 8
Rationale: Semantic; Relationship: Intersects; Alignment Strength: 7","2.1.2.1.13
2.5.2.1.10
2.5.2.1.13
2.5.2.1.15
2.5.2.1.17
2.5.2.1.18
2.5.2.1.9
2.5.2.3.43
2.5.2.4.53
2.6.2.1
2.6.2.18
2.6.2.22
2.6.2.5
2.6.2.6
2.8.2.1.3
2.8.2.1.6","Level: Advancing
Level: Evolving
Level: Advancing
Level: Advancing
Level: Advancing
Level: Innovating
Level: Evolving
Level: Advancing
Level: Innovating
Level: Evolving
Level: Evolving
Level: Advancing
Level: Evolving
Level: Evolving
Level: Evolving
Level: Evolving","FFIEC-AIO-08.01
FFIEC-AIO-16.04
FFIEC-AIO-17.03","Rationale: Semantic; Relationship: Superset; Alignment Strength: 8
Rationale: Semantic; Relationship: Superset; Alignment Strength: 4
Rationale: Semantic; Relationship: Subset; Alignment Strength: 6","FFIEC-BCM-02.02
FFIEC-BCM-02.03
FFIEC-BCM-06.03
FFIEC-BCM-08.01
FFIEC-BCM-10.01
FFIEC-BCM-10.08
FFIEC-BCM-10.18
FFIEC-BCM-10.30
FFIEC-BCM-11.01
FFIEC-BCM-11.02","Rationale: Functional; Relationship: Intersects; Alignment Strength: 4
Rationale: Functional; Relationship: Intersects; Alignment Strength: 5
Rationale: Semantic; Relationship: Intersects; Alignment Strength: 7
Rationale: Functional; Relationship: Intersects; Alignment Strength: 5
Rationale: Semantic; Relationship: Superset; Alignment Strength: 8
Rationale: Functional; Relationship: Intersects; Alignment Strength: 8
Rationale: Semantic; Relationship: Subset; Alignment Strength: 6
Rationale: Functional; Relationship: Intersects; Alignment Strength: 10
Rationale: Functional; Relationship: Intersects; Alignment Strength: 7
Rationale: Semantic; Relationship: Subset; Alignment Strength: 8","OSFI B-13-23
OSFI B-13-24
OSFI B-13-28
OSFI B-13-30
OSFI B-13-55","Rationale: Semantic; Relationship: Superset; Alignment Strength: 9
Rationale: Semantic; Relationship: Superset; Alignment Strength: 9
Rationale: Semantic; Relationship: Superset; Alignment Strength: 9
Rationale: Semantic; Relationship: Superset; Alignment Strength: 9
Rationale: Semantic; Relationship: Superset; Alignment Strength: 9","DORA-06-03
DORA-06-05
DORA-11-02
DORA-11-06
DORA-12-02
DORA-13-03
DORA-16-02","Rationale: Semantic; Relationship: Superset; Alignment Strength: 7
Rationale: Semantic; Relationship: Subset; Alignment Strength: 6
Rationale: Semantic; Relationship: Superset; Alignment Strength: 9
Rationale: Semantic; Relationship: Superset; Alignment Strength: 9
Rationale: Semantic; Relationship: Superset; Alignment Strength: 8
Rationale: Semantic; Relationship: Superset; Alignment Strength: 9
Rationale: Semantic; Relationship: Intersects; Alignment Strength: 8","SEC-11.II.B.1
SEC-12.II.C.1.a","Rationale: Semantic; Relationship: Superset; Alignment Strength: 7
Rationale: Semantic; Relationship: Superset; Alignment Strength: 8","TR-12.3.3
TR-13.5.2
TR-7.8.3
TR-8.2.2","Type: Full
Type: Full
Type: Full
Type: Full Summarily","D1.G.SP.Int.1
D2.TI.Th.B.3
D3.CC.Re.Inn.1
D5.DR.Re.E.3
D5.DR.Re.E.8
D5.IR.Pl.A.3
D5.IR.Pl.Int.4
D5.IR.Te.A.2
D5.IR.Te.E.2
D5.IR.Te.Inn.3
D5.IR.Te.Int.3
D5.IR.Te.Int.5","Level: Intermediate; Type: Full Summarily
Level: Baseline; Type: Full Summarily
Level: Innovative; Type: Partial
Level: Evolving; Type: Full Summarily
Level: Evolving; Type: Full Summarily
Level: Advanced; Type: Full Summarily
Level: Intermediate; Type: Full Summarily
Level: Advanced; Type: Full
Level: Evolving; Type: Full Summarily
Level: Innovative; Type: Partial
Level: Intermediate; Type: Full Summarily
Level: Intermediate; Type: Full Summarily",067.161,Level: Ds,,,"CP-02
CP-04
IR-04
IR-08","Rationale: Semantic; Relationship: Superset; Alignment Strength: 9
Rationale: Semantic; Relationship: Intersects; Alignment Strength: 9
Rationale: Semantic; Relationship: Superset; Alignment Strength: 10
Rationale: Semantic; Relationship: Superset; Alignment Strength: 9","ASIC-GP01.PR
ASIC-GP02.RG
ASIC-KQ08","Rationale: Semantic; Relationship: Intersects
Rationale: Semantic; Relationship: Superset
Rationale: Semantic; Relationship: Superset","EBA-06
EBA-45
EBA-46
EBA-60
EBA-84
EBA-88
EBA-90","Rationale: Functional; Relationship: Intersects; Alignment Strength: 5
Rationale: Functional; Relationship: Intersects; Alignment Strength: 7
Rationale: Semantic; Relationship: Intersects; Alignment Strength: 7
Rationale: Semantic; Relationship: Superset; Alignment Strength: 7
Rationale: Semantic; Relationship: Superset; Alignment Strength: 9
Rationale: Functional; Relationship: Intersects; Alignment Strength: 6
Rationale: Semantic; Relationship: Superset; Alignment Strength: 9","JFSA-02
JFSA-29
JFSA-47
JFSA-48
JFSA-49
JFSA-50
JFSA-52
JFSA-57","Rationale: Semantic; Relationship: Intersects; Alignment Strength: 5
Rationale: Semantic; Relationship: Superset; Alignment Strength: 8
Rationale: Functional; Relationship: Intersects; Alignment Strength: 6
Rationale: Functional; Relationship: Intersects; Alignment Strength: 5
Rationale: Functional; Relationship: Intersects; Alignment Strength: 5
Rationale: Functional; Relationship: Intersects; Alignment Strength: 7
Rationale: Semantic; Relationship: Superset; Alignment Strength: 8
Rationale: Semantic; Relationship: Subset; Alignment Strength: 6","17.4
17.8","Rationale: Semantic; Relationship: Intersects
Rationale: Semantic; Relationship: Intersects","NAIC-IDSML-06
NAIC-IDSML-07","Rationale: Semantic; Relationship: Intersects
Rationale: Semantic; Relationship: Intersects"
PR.AA-01.01,70.162,PROTECT,"Identity Management, Authentication, and Access Control",Identity & Credential Management,10.0,"Tier: 1
Tier: 2
Tier: 3
Tier: 4","PR.AA-01.01: Identities and credentials are actively managed or automated for authorized devices and users (e.g., removal of default and factory passwords, password strength requirements, automatic revocation of credentials under defined conditions, regular asset owner access review, etc.).",PR.AA-01,,"#authentication
#authorization
#credential_management
#identity_and_access_management",,,"OSFI CSSA-25
OSFI CSSA-27","Rationale: Functional; Relationship: Intersects; Alignment Strength: 9
Rationale: Functional; Relationship: Subset; Alignment Strength: 8","HK-SFC-1.04
HK-SFC-1.05
HK-SFC-1.06
HK-SFC-2.02","Rationale: Functional; Relationship: Intersects
Rationale: Functional; Relationship: Intersects
Rationale: Functional; Relationship: Intersects
Rationale: Functional; Relationship: Intersects","PR.AC-1.AM
PR.AC-6.UI","
",APRA CPG 234-53,Rationale: Semantic; Relationship: Intersects; Alignment Strength: 7; Functional Coverage Strength: 9,"NYDFS-17
NYDFS-18
NYDFS-19","Rationale: Semantic; Relationship: Superset; Alignment Strength: 9
Rationale: Semantic; Relationship: Intersects; Alignment Strength: 8
Rationale: Semantic; Relationship: Intersects; Alignment Strength: 7","2.2.2.7
2.2.2.9
2.3.2.1.29
2.3.2.1.30
2.3.2.1.31
2.3.2.1.33
2.3.2.1.39
2.3.2.1.40
2.3.2.2.56
2.3.2.2.57
2.3.2.2.59
2.3.2.2.60","Level: Evolving
Level: Advancing
Level: Evolving
Level: Evolving
Level: Evolving
Level: Evolving
Level: Innovating
Level: Innovating
Level: Evolving
Level: Evolving
Level: Advancing
Level: Advancing","FFIEC-AIO-03.07
FFIEC-AIO-09.01
FFIEC-AIO-14.03","Rationale: Semantic; Relationship: Superset; Alignment Strength: 9
Rationale: Semantic; Relationship: Intersects; Alignment Strength: 2
Rationale: Semantic; Relationship: Superset; Alignment Strength: 6",,,OSFI B-13-46,Rationale: Semantic; Relationship: Superset; Alignment Strength: 9,DORA-09-04,Rationale: Semantic; Relationship: Superset; Alignment Strength: 8,,,"TR-9.1.2
TR-9.1.4
TR-9.1.6
TR-9.1.7","Type: Full
Type: Full
Type: Full
Type: Full Summarily","D3.PC.Am.B.12
D3.PC.Am.B.4
D3.PC.Am.B.5
D3.PC.Am.B.7
D3.PC.Am.B.8
D3.PC.Am.E.1
D3.PC.Am.Inn.1
D3.PC.Am.Int.4","Level: Baseline; Type: Full
Level: Baseline; Type: Full
Level: Baseline; Type: Full
Level: Baseline; Type: Full
Level: Baseline; Type: Full
Level: Evolving; Type: Partial
Level: Innovative; Type: Full
Level: Intermediate; Type: Full Summarily",070.162,Level: Ds,,,"AC-02
AC-24
IA-02
IA-03
IA-04
IA-05
IA-08
IA-09","Rationale: Semantic; Relationship: Superset; Alignment Strength: 9
Rationale: Semantic; Relationship: Intersects; Alignment Strength: 9
Rationale: Semantic; Relationship: Intersects; Alignment Strength: 9
Rationale: Semantic; Relationship: Intersects; Alignment Strength: 9
Rationale: Semantic; Relationship: Intersects; Alignment Strength: 9
Rationale: Semantic; Relationship: Intersects; Alignment Strength: 9
Rationale: Semantic; Relationship: Intersects; Alignment Strength: 7
Rationale: Semantic; Relationship: Intersects; Alignment Strength: 9",,,EBA-31,Rationale: Semantic; Relationship: Superset; Alignment Strength: 9,"JFSA-13
JFSA-16
JFSA-27","Rationale: Semantic; Relationship: Superset; Alignment Strength: 9
Rationale: Semantic; Relationship: Superset; Alignment Strength: 8
Rationale: Semantic; Relationship: Superset; Alignment Strength: 6","4.7
5.1
5.2
5.3
5.6
6.1
6.2
6.8","Rationale: Semantic; Relationship: Subset
Rationale: Semantic; Relationship: Intersects
Rationale: Semantic; Relationship: Subset
Rationale: Semantic; Relationship: Subset
Rationale: Semantic; Relationship: Subset
Rationale: Semantic; Relationship: Subset
Rationale: Semantic; Relationship: Subset
Rationale: Semantic; Relationship: Intersects",,
PR.AA-01.02,70.163,PROTECT,"Identity Management, Authentication, and Access Control",Identity & Credential Management,10.0,"Tier: 1
Tier: 2
Tier: 3
Tier: 4","PR.AA-01.02: Physical and logical access to systems is permitted only for individuals who have a legitimate business requirement, have been authorized, and who are adequately trained and monitored.",PR.AA-01,,"#authorization
#identity_and_access_management
#least_privileged_access
#physical_security
#training_and_awareness",APRA CPS 234-21,Rationale: Semantic; Relationship: Superset; Alignment Strength: 7,OSFI CSSA-34,Rationale: Functional; Relationship: Intersects; Alignment Strength: 7,"HK-SFC-2.02
HK-SFC-2.03
HK-SFC-2.07","Rationale: Functional; Relationship: Superset
Rationale: Functional; Relationship: Intersects
Rationale: Functional; Relationship: Superset","DE.CM-2.PA
PR.AC-1.AM
PR.AC-6.UI","

","APRA CPG 234-46
APRA CPG 234-52
APRA CPG 234-53
APRA CPG 234-56","Rationale: Semantic; Relationship: Superset; Alignment Strength: 8; Functional Coverage Strength: 10
Rationale: Semantic; Relationship: Intersects; Alignment Strength: 7; Functional Coverage Strength: 10
Rationale: Semantic; Relationship: Intersects; Alignment Strength: 7; Functional Coverage Strength: 9
Rationale: Semantic; Relationship: Intersects; Alignment Strength: 7; Functional Coverage Strength: 9",NYDFS-17,Rationale: Semantic; Relationship: Superset; Alignment Strength: 8,"2.3.2.1.2
2.3.2.1.29","Level: Evolving
Level: Evolving","FFIEC-AIO-03.09
FFIEC-AIO-13.08
FFIEC-AIO-13.09
FFIEC-AIO-14.01
FFIEC-AIO-14.02","Rationale: Semantic; Relationship: Superset; Alignment Strength: 8
Rationale: Semantic; Relationship: Superset; Alignment Strength: 5
Rationale: Semantic; Relationship: Subset; Alignment Strength: 2
Rationale: Semantic; Relationship: Subset; Alignment Strength: 2
Rationale: Semantic; Relationship: Superset; Alignment Strength: 3",,,OSFI B-13-49,Rationale: Semantic; Relationship: Intersects; Alignment Strength: 8,"DORA-06-02
DORA-09-04","Rationale: Semantic; Relationship: Superset; Alignment Strength: 8
Rationale: Semantic; Relationship: Superset; Alignment Strength: 8",,,"TR-11.4.2
TR-8.5.6","Type: Full
Type: Full Summarily","D3.PC.Am.B.1
D3.PC.Am.B.11
D3.PC.Am.E.4","Level: Baseline; Type: Full Summarily
Level: Baseline; Type: Full Summarily
Level: Evolving; Type: Full Summarily",070.163,Level: Ds,FFIEC-DAM-14.03,Rationale: Semantic; Relationship: Intersects,"AC-02
AC-20
AC-24
PE-02
PE-03
PE-08","Rationale: Semantic; Relationship: Superset; Alignment Strength: 9
Rationale: Semantic; Relationship: Subset; Alignment Strength: 9
Rationale: Semantic; Relationship: Intersects; Alignment Strength: 9
Rationale: Semantic; Relationship: Intersects; Alignment Strength: 8
Rationale: Semantic; Relationship: Intersects; Alignment Strength: 7
Rationale: Semantic; Relationship: Intersects; Alignment Strength: 7",,,"EBA-30
EBA-31
EBA-32
EBA-33
EBA-34
EBA-49","Rationale: Semantic; Relationship: Superset; Alignment Strength: 8
Rationale: Semantic; Relationship: Superset; Alignment Strength: 9
Rationale: Semantic; Relationship: Superset; Alignment Strength: 9
Rationale: Semantic; Relationship: Superset; Alignment Strength: 7
Rationale: Semantic; Relationship: Superset; Alignment Strength: 9
Rationale: Semantic; Relationship: Superset; Alignment Strength: 7","JFSA-13
JFSA-16
JFSA-18","Rationale: Semantic; Relationship: Superset; Alignment Strength: 9
Rationale: Semantic; Relationship: Superset; Alignment Strength: 8
Rationale: Semantic; Relationship: Superset; Alignment Strength: 8",3.3,Rationale: Semantic; Relationship: Subset,,
PR.AA-02.01,71.164,PROTECT,"Identity Management, Authentication, and Access Control",Identity Binding to Credentials,10.0,"Tier: 1
Tier: 2
Tier: 3
Tier: 4","PR.AA-02.01: The organization authenticates identity, validates the authorization level of a user before granting access to its systems, limits the use of an account to a single individual, and attributes activities to the user in logs and transactions.",PR.AA-02,,"#authentication
#authorization
#credential_management
#identity_and_access_management
#security_logging_monitoring_and_alerting",,,OSFI CSSA-23,Rationale: Functional; Relationship: Subset; Alignment Strength: 9,,,"PR.AC-1.AM
PR.AC-7.UA","
","APRA CPG 234-21
APRA CPG 234-52
APRA CPG 234-53","Rationale: Semantic; Relationship: Intersects; Alignment Strength: 9; Functional Coverage Strength: 10
Rationale: Semantic; Relationship: Intersects; Alignment Strength: 6; Functional Coverage Strength: 10
Rationale: Semantic; Relationship: Intersects; Alignment Strength: 6; Functional Coverage Strength: 9","NYDFS-17
NYDFS-18","Rationale: Semantic; Relationship: Superset; Alignment Strength: 7
Rationale: Semantic; Relationship: Intersects; Alignment Strength: 7",2.3.2.1.40,Level: Innovating,"FFIEC-AIO-09.01
FFIEC-AIO-14.03","Rationale: Semantic; Relationship: Intersects; Alignment Strength: 4
Rationale: Semantic; Relationship: Superset; Alignment Strength: 6",,,OSFI B-13-46,Rationale: Semantic; Relationship: Superset; Alignment Strength: 9,,,,,,,D3.PC.Am.B.6,Level: Baseline; Type: Full,071.164,Level: Ds,,,"AC-02
AC-03
AU-10
IA-02
IA-05
IA-12","Rationale: Semantic; Relationship: Superset; Alignment Strength: 8
Rationale: Semantic; Relationship: Intersects; Alignment Strength: 9
Rationale: Semantic; Relationship: Subset; Alignment Strength: 10
Rationale: Semantic; Relationship: Equal; Alignment Strength: 10
Rationale: Semantic; Relationship: Intersects; Alignment Strength: 9
Rationale: Semantic; Relationship: Equal; Alignment Strength: 10",,,EBA-31,Rationale: Semantic; Relationship: Superset; Alignment Strength: 9,"JFSA-13
JFSA-16
JFSA-27","Rationale: Semantic; Relationship: Superset; Alignment Strength: 9
Rationale: Semantic; Relationship: Superset; Alignment Strength: 8
Rationale: Semantic; Relationship: Superset; Alignment Strength: 6",12.7,Rationale: Semantic; Relationship: Intersects,,
PR.AA-03.01,72.165,PROTECT,"Identity Management, Authentication, and Access Control",Authentication,10.0,"Tier: 1
Tier: 2
Tier: 3
Tier: 4","PR.AA-03.01: Based on the risk level of a user access or a specific transaction, the organization defines and implements authentication requirements, which may include multi-factor or out-of-band authentication, and may adopt other real-time risk prevention or mitigation tactics.",PR.AA-03,,"#authentication
#authorization
#credential_management
#identity_and_access_management
#multi_factor_authentication
#risk_management",,,"OSFI CSSA-23
OSFI CSSA-26","Rationale: Functional; Relationship: Intersects; Alignment Strength: 9
Rationale: Functional; Relationship: Subset; Alignment Strength: 9","HK-SFC-1.01
HK-SFC-1.03
HK-SFC-1.05","Rationale: Functional; Relationship: Superset
Rationale: Functional; Relationship: Intersects
Rationale: Functional; Relationship: Intersects","PR.AC-1.AM
PR.AC-7.UA","
",APRA CPG 234-53,Rationale: Semantic; Relationship: Intersects; Alignment Strength: 6; Functional Coverage Strength: 9,"NYDFS-27
NYDFS-28","Rationale: Semantic; Relationship: Intersects; Alignment Strength: 7
Rationale: Semantic; Relationship: Intersects; Alignment Strength: 9",2.3.2.1.33,Level: Evolving,"FFIEC-AIO-09.01
FFIEC-AIO-13.06","Rationale: Semantic; Relationship: Intersects; Alignment Strength: 4
Rationale: Semantic; Relationship: Subset; Alignment Strength: 5",,,OSFI B-13-46,Rationale: Semantic; Relationship: Superset; Alignment Strength: 9,DORA-09-04,Rationale: Semantic; Relationship: Superset; Alignment Strength: 8,,,"CH-4.6.a
CH-4.6.b
TR-14.1.1
TR-14.2.1
TR-14.2.10
TR-14.2.3
TR-14.2.4
TR-14.2.5
TR-9.1.5","Type: Full Summarily
Type: Full Summarily
Type: Full Summarily
Type: Full Summarily
Type: Full
Type: Full
Type: Full
Type: Full
Type: Full Summarily","D1.RM.RA.B.2
D3.PC.Am.A.2
D3.PC.Am.B.17
D3.PC.Am.B.9
D3.PC.Am.Inn.5
D3.PC.Am.Int.6","Level: Baseline; Type: Full Summarily
Level: Advanced; Type: Full
Level: Baseline; Type: Full
Level: Baseline; Type: Full
Level: Innovative; Type: Full
Level: Intermediate; Type: Full Summarily",072.165,Level: Ds,,,"AC-03
AC-07
IA-02
IA-03
IA-05
IA-08
IA-09
IA-10
IA-11
SC-37","Rationale: Semantic; Relationship: Intersects; Alignment Strength: 9
Rationale: Semantic; Relationship: Subset; Alignment Strength: 9
Rationale: Semantic; Relationship: Intersects; Alignment Strength: 9
Rationale: Semantic; Relationship: Intersects; Alignment Strength: 9
Rationale: Semantic; Relationship: Intersects; Alignment Strength: 9
Rationale: Semantic; Relationship: Intersects; Alignment Strength: 7
Rationale: Semantic; Relationship: Intersects; Alignment Strength: 9
Rationale: Semantic; Relationship: Equal; Alignment Strength: 10
Rationale: Semantic; Relationship: Intersects; Alignment Strength: 9
Rationale: Semantic; Relationship: Subset; Alignment Strength: 7",ASIC-GP08.PC,Rationale: Semantic; Relationship: Superset,"EBA-31
EBA-47","Rationale: Semantic; Relationship: Superset; Alignment Strength: 9
Rationale: Functional; Relationship: Intersects; Alignment Strength: 8","JFSA-13
JFSA-16
JFSA-27
JFSA-28","Rationale: Semantic; Relationship: Superset; Alignment Strength: 9
Rationale: Semantic; Relationship: Superset; Alignment Strength: 8
Rationale: Semantic; Relationship: Superset; Alignment Strength: 6
Rationale: Functional; Relationship: Intersects; Alignment Strength: 6","12.7
4.6
6.3","Rationale: Semantic; Relationship: Intersects
Rationale: Semantic; Relationship: Intersects
Rationale: Semantic; Relationship: Intersects",,
PR.AA-03.02,72.166,PROTECT,"Identity Management, Authentication, and Access Control",Authentication,10.0,"Tier: 1
Tier: 2
Tier: 3
Tier: 4","PR.AA-03.02: Decisions to authorize user access to devices and other assets are made with consideration of: 
(1) Business need for the access;
(2) The type of data being accessed (e.g., customer PII, public data);
(3) The risk of the transaction (e.g., internal-to-internal, external-to-internal);
(4) The organization's level of trust for the accessing agent (e.g., external application, internal user); and
(5) The potential for harm.",PR.AA-03,,"#authentication
#authorization
#identity_and_access_management
#least_privileged_access
#privileged_access",,,OSFI CSSA-23,Rationale: Functional; Relationship: Intersects; Alignment Strength: 9,"HK-SFC-2.02
HK-SFC-2.03","Rationale: Functional; Relationship: Superset
Rationale: Functional; Relationship: Intersects","PR.AC-1.AM
PR.AC-7.UA","
","APRA CPG 234-36
APRA CPG 234-52
APRA CPG 234-53","Rationale: Semantic; Relationship: Superset; Alignment Strength: 9; Functional Coverage Strength: 10
Rationale: Semantic; Relationship: Intersects; Alignment Strength: 6; Functional Coverage Strength: 10
Rationale: Semantic; Relationship: Intersects; Alignment Strength: 6; Functional Coverage Strength: 9","NYDFS-17
NYDFS-19
NYDFS-28","Rationale: Semantic; Relationship: Superset; Alignment Strength: 9
Rationale: Semantic; Relationship: Intersects; Alignment Strength: 8
Rationale: Semantic; Relationship: Intersects; Alignment Strength: 7",2.3.2.1.29,Level: Evolving,"FFIEC-AIO-09.01
FFIEC-AIO-13.06","Rationale: Semantic; Relationship: Intersects; Alignment Strength: 4
Rationale: Semantic; Relationship: Subset; Alignment Strength: 5",,,OSFI B-13-46,Rationale: Semantic; Relationship: Superset; Alignment Strength: 9,DORA-06-02,Rationale: Semantic; Relationship: Superset; Alignment Strength: 8,,,,,,,072.166,Level: Ds,,,"AC-02
AC-03","Rationale: Semantic; Relationship: Superset; Alignment Strength: 9
Rationale: Semantic; Relationship: Intersects; Alignment Strength: 9",,,"EBA-31
EBA-32","Rationale: Semantic; Relationship: Superset; Alignment Strength: 9
Rationale: Semantic; Relationship: Superset; Alignment Strength: 9","JFSA-13
JFSA-16
JFSA-27
JFSA-28","Rationale: Semantic; Relationship: Superset; Alignment Strength: 9
Rationale: Semantic; Relationship: Superset; Alignment Strength: 8
Rationale: Semantic; Relationship: Intersects; Alignment Strength: 6
Rationale: Functional; Relationship: Intersects; Alignment Strength: 6",,,NAIC-IDSML-02,Rationale: Semantic; Relationship: Superset
PR.AA-03.03,72.167,PROTECT,"Identity Management, Authentication, and Access Control",Authentication,10.0,"Tier: 1
Tier: 2
Tier: 3
Tier: 4","PR.AA-03.03: The organization reduces fraudulent activity and protects reputational integrity through email verification mechanisms (e.g., DMARC, DKIM), call-back verification, secure file exchange facilities, out-of-band communications, customer outreach and education, and other tactics designed to thwart imposters and fraudsters.",PR.AA-03,,"#authentication
#fraud
#identity_and_access_management
#program_maturity",,,,,,,,,,,,,,,FFIEC-AIO-11.01,Rationale: Semantic; Relationship: Intersects; Alignment Strength: 4,,,,,,,,,TR-14.1.6,Type: Full Summarily,,,072.167,Level: Ds,,,SI-08,Rationale: Semantic; Relationship: Intersects; Alignment Strength: 8,,,EBA-31,Rationale: Semantic; Relationship: Superset; Alignment Strength: 9,,,9.5,Rationale: Semantic; Relationship: Subset,,
PR.AA-04.01,73.168,PROTECT,"Identity Management, Authentication, and Access Control",Identity Assertions,10.0,"Tier: 1
Tier: 2
Tier: 3
Tier: 4","PR.AA-04.01: Access credential and authorization mechanisms for internal systems and across security perimeters (e.g., leveraging directory services, directory synchronization, single sign-on, federated access, credential mapping, etc.) are designed to maintain security, integrity, and authenticity.",PR.AA-04,,"#authentication
#authorization
#credential_management
#identity_and_access_management",,,"OSFI CSSA-25
OSFI CSSA-27","Rationale: Functional; Relationship: Intersects; Alignment Strength: 8
Rationale: Functional; Relationship: Intersects; Alignment Strength: 9","HK-SFC-1.04
HK-SFC-1.06","Rationale: Functional; Relationship: Intersects
Rationale: Functional; Relationship: Intersects","PR.AC-1.AM
PR.AC-7.UA","
",,,"NYDFS-17
NYDFS-18
NYDFS-28","Rationale: Semantic; Relationship: Superset; Alignment Strength: 7
Rationale: Semantic; Relationship: Intersects; Alignment Strength: 7
Rationale: Semantic; Relationship: Intersects; Alignment Strength: 9",,,"FFIEC-AIO-14.02
FFIEC-AIO-14.03","Rationale: Semantic; Relationship: Superset; Alignment Strength: 3
Rationale: Semantic; Relationship: Superset; Alignment Strength: 6",,,OSFI B-13-46,Rationale: Semantic; Relationship: Superset; Alignment Strength: 9,,,,,"TR-14.2.11
TR-14.2.2
TR-14.2.6
TR-14.2.8","Type: Full
Type: Full Summarily
Type: Full Summarily
Type: Full",,,073.168,Level: Ds,,,"AC-03
IA-05
IA-07
IA-13
SC-23
SC-46","Rationale: Semantic; Relationship: Intersects; Alignment Strength: 9
Rationale: Semantic; Relationship: Intersects; Alignment Strength: 9
Rationale: Semantic; Relationship: Intersects; Alignment Strength: 9
Rationale: Semantic; Relationship: Equal; Alignment Strength: 10
Rationale: Semantic; Relationship: Subset; Alignment Strength: 8
Rationale: Semantic; Relationship: Subset; Alignment Strength: 7",,,"EBA-31
EBA-47","Rationale: Semantic; Relationship: Superset; Alignment Strength: 9
Rationale: Functional; Relationship: Intersects; Alignment Strength: 8","JFSA-13
JFSA-16","Rationale: Semantic; Relationship: Superset; Alignment Strength: 9
Rationale: Semantic; Relationship: Superset; Alignment Strength: 8","12.5
12.7
5.6
6.6
6.7","Rationale: Semantic; Relationship: Subset
Rationale: Semantic; Relationship: Intersects
Rationale: Semantic; Relationship: Intersects
Rationale: Semantic; Relationship: Subset
Rationale: Semantic; Relationship: Subset",,
PR.AA-05.01,74.169,PROTECT,"Identity Management, Authentication, and Access Control",Access Authorizations,10.0,"Tier: 1
Tier: 2
Tier: 3
Tier: 4","PR.AA-05.01: The organization limits access privileges to the minimum necessary and with consideration of separation of duties (e.g., through role-based access control, asset owner access recertifications, etc.).",PR.AA-05,,"#authorization
#least_privileged_access
#separation_of_duties",,,"OSFI CSSA-22
OSFI CSSA-24
OSFI CSSA-34","Rationale: Functional; Relationship: Subset; Alignment Strength: 10
Rationale: Functional; Relationship: Equal; Alignment Strength: 10
Rationale: Functional; Relationship: Intersects; Alignment Strength: 7",HK-SFC-2.02,Rationale: Functional; Relationship: Superset,"PR.AC-1.AM
PR.AC-4.EP","
","APRA CPG 234-36
APRA CPG 234-53
APRA CPG 234-54","Rationale: Semantic; Relationship: Superset; Alignment Strength: 9; Functional Coverage Strength: 10
Rationale: Semantic; Relationship: Intersects; Alignment Strength: 7; Functional Coverage Strength: 9
Rationale: Semantic; Relationship: Superset; Alignment Strength: 7; Functional Coverage Strength: 10",NYDFS-17,Rationale: Semantic; Relationship: Superset; Alignment Strength: 8,"2.3.2.1.28
2.3.2.1.30
2.3.2.2.57","Level: Evolving
Level: Evolving
Level: Evolving","FFIEC-AIO-02.09
FFIEC-AIO-06.03
FFIEC-AIO-13.06
FFIEC-AIO-14.04","Rationale: Semantic; Relationship: Superset; Alignment Strength: 7
Rationale: Semantic; Relationship: Superset; Alignment Strength: 8
Rationale: Semantic; Relationship: Subset; Alignment Strength: 5
Rationale: Semantic; Relationship: Intersects; Alignment Strength: 3",,,"OSFI B-13-20
OSFI B-13-46","Rationale: Semantic; Relationship: Subset; Alignment Strength: 8
Rationale: Semantic; Relationship: Superset; Alignment Strength: 9",DORA-06-02,Rationale: Semantic; Relationship: Superset; Alignment Strength: 8,,,"TR-6.3.2
TR-7.6.1
TR-9.1.1
TR-9.1.7","Type: Full Summarily
Type: Full
Type: Full
Type: Full Summarily","D3.PC.Am.B.1
D3.PC.Am.B.2","Level: Baseline; Type: Full Summarily
Level: Baseline; Type: Full",074.169,Level: Ds,"FFIEC-DAM-02.07
FFIEC-DAM-04.09","Rationale: Semantic; Relationship: Intersects
Rationale: Semantic; Relationship: Intersects","AC-02
AC-03
AC-05
AC-06","Rationale: Semantic; Relationship: Superset; Alignment Strength: 9
Rationale: Semantic; Relationship: Intersects; Alignment Strength: 9
Rationale: Semantic; Relationship: Equal; Alignment Strength: 10
Rationale: Semantic; Relationship: Superset; Alignment Strength: 9",ASIC-GP08.PC,Rationale: Semantic; Relationship: Superset,"EBA-31
EBA-32","Rationale: Semantic; Relationship: Superset; Alignment Strength: 9
Rationale: Semantic; Relationship: Superset; Alignment Strength: 9","JFSA-13
JFSA-16
JFSA-18","Rationale: Semantic; Relationship: Superset; Alignment Strength: 9
Rationale: Semantic; Relationship: Superset; Alignment Strength: 8
Rationale: Semantic; Relationship: Superset; Alignment Strength: 8",6.8,Rationale: Semantic; Relationship: Intersects,,
PR.AA-05.02,74.17,PROTECT,"Identity Management, Authentication, and Access Control",Access Authorizations,10.0,"Tier: 1
Tier: 2
Tier: 3
Tier: 4","PR.AA-05.02: The organization institutes controls over privileged system access by strictly limiting and closely managing staff and services with elevated system entitlements (e.g., multi-factor authentication, dual accounts, privilege and time constraints, etc.)",PR.AA-05,,"#access_management
#authentication
#authorization
#credential_management
#identity_and_access_management
#multi_factor_authentication
#privileged_access
#session_management",APRA CPS 234-21,Rationale: Semantic; Relationship: Superset; Alignment Strength: 8,"OSFI CSSA-24
OSFI CSSA-26
OSFI CSSA-28","Rationale: Functional; Relationship: Intersects; Alignment Strength: 8
Rationale: Functional; Relationship: Intersects; Alignment Strength: 9
Rationale: Functional; Relationship: Subset; Alignment Strength: 9",,,PR.AC-4.EP,,"APRA CPG 234-53
APRA CPG 234-54
APRA CPG 234-56","Rationale: Semantic; Relationship: Intersects; Alignment Strength: 7; Functional Coverage Strength: 9
Rationale: Semantic; Relationship: Superset; Alignment Strength: 7; Functional Coverage Strength: 10
Rationale: Semantic; Relationship: Intersects; Alignment Strength: 8; Functional Coverage Strength: 9","NYDFS-17
NYDFS-19
NYDFS-28","Rationale: Semantic; Relationship: Superset; Alignment Strength: 5
Rationale: Semantic; Relationship: Superset; Alignment Strength: 9
Rationale: Semantic; Relationship: Intersects; Alignment Strength: 9","2.3.2.1.32
2.3.2.1.36
2.3.2.2.56
2.3.2.2.58","Level: Evolving
Level: Advancing
Level: Evolving
Level: Evolving","FFIEC-AIO-03.07
FFIEC-AIO-13.06
FFIEC-AIO-14.03
FFIEC-AIO-14.04","Rationale: Functional; Relationship: Intersects; Alignment Strength: 4
Rationale: Semantic; Relationship: Subset; Alignment Strength: 5
Rationale: Semantic; Relationship: Superset; Alignment Strength: 6
Rationale: Semantic; Relationship: Intersects; Alignment Strength: 6",,,OSFI B-13-46,Rationale: Semantic; Relationship: Superset; Alignment Strength: 9,,,,,"CH-4.1.a
CH-4.6.a
TR-9.2.1","Type: Full
Type: Full Summarily
Type: Full Summarily","D3.PC.Am.B.3
D3.PC.Am.E.2
D3.PC.Am.Int.3
D3.PC.Im.B.7
D3.PC.Im.Int.2","Level: Baseline; Type: Full
Level: Evolving; Type: Full
Level: Intermediate; Type: Full Summarily
Level: Baseline; Type: Full
Level: Intermediate; Type: Full Summarily",074.170,Level: Ds,,,"AC-02
AC-03
AC-06
CM-05","Rationale: Semantic; Relationship: Superset; Alignment Strength: 9
Rationale: Semantic; Relationship: Intersects; Alignment Strength: 9
Rationale: Semantic; Relationship: Superset; Alignment Strength: 9
Rationale: Semantic; Relationship: Subset; Alignment Strength: 8",ASIC-GP08.PC,Rationale: Semantic; Relationship: Superset,EBA-31,Rationale: Semantic; Relationship: Superset; Alignment Strength: 9,"JFSA-13
JFSA-16","Rationale: Semantic; Relationship: Superset; Alignment Strength: 9
Rationale: Semantic; Relationship: Superset; Alignment Strength: 8","4.6
5.4
6.5
6.8","Rationale: Semantic; Relationship: Intersects
Rationale: Semantic; Relationship: Subset
Rationale: Semantic; Relationship: Subset
Rationale: Semantic; Relationship: Intersects",NAIC-IDSML-02,Rationale: Semantic; Relationship: Superset
PR.AA-05.03,74.171,PROTECT,"Identity Management, Authentication, and Access Control",Access Authorizations,10.0,"Tier: 1
Tier: 2
Tier: 3
Tier: 4","PR.AA-05.03: The organization institutes controls over service account (i.e., accounts used by systems to access other systems) lifecycles to ensure strict security over creation, use, and termination; access credentials (e.g., no embedded passwords in code); frequent reviews of account ownership; visibility for unauthorized use; and hardening against malicious insider use.",PR.AA-05,,"#access_management
#credential_management
#identity_and_access_management
#policy_management
#privileged_access",,,OSFI CSSA-28,Rationale: Functional; Relationship: Subset; Alignment Strength: 9,,,PR.AC-7.DS,,"APRA CPG 234-53
APRA CPG 234-54","Rationale: Semantic; Relationship: Intersects; Alignment Strength: 7; Functional Coverage Strength: 9
Rationale: Semantic; Relationship: Superset; Alignment Strength: 7; Functional Coverage Strength: 10","NYDFS-17
NYDFS-18
NYDFS-19","Rationale: Semantic; Relationship: Superset; Alignment Strength: 7
Rationale: Semantic; Relationship: Intersects; Alignment Strength: 7
Rationale: Semantic; Relationship: Superset; Alignment Strength: 6","2.2.2.7
2.3.2.1.36
2.3.2.1.38","Level: Evolving
Level: Advancing
Level: Advancing",FFIEC-AIO-03.07,Rationale: Semantic; Relationship: Subset; Alignment Strength: 5,,,OSFI B-13-46,Rationale: Semantic; Relationship: Superset; Alignment Strength: 9,,,,,TR-9.2.2,Type: Full,D3.PC.Am.Int.2,Level: Intermediate; Type: Full Summarily,074.171,Level: Ds,FFIEC-DAM-04.09,Rationale: Semantic; Relationship: Intersects,"AC-02
AC-03
AC-06
IA-03
IA-08
IA-09
IA-13","Rationale: Semantic; Relationship: Superset; Alignment Strength: 9
Rationale: Semantic; Relationship: Intersects; Alignment Strength: 9
Rationale: Semantic; Relationship: Superset; Alignment Strength: 9
Rationale: Semantic; Relationship: Intersects; Alignment Strength: 9
Rationale: Semantic; Relationship: Intersects; Alignment Strength: 7
Rationale: Semantic; Relationship: Intersects; Alignment Strength: 9
Rationale: Semantic; Relationship: Intersects; Alignment Strength: 8",ASIC-GP08.PC,Rationale: Semantic; Relationship: Superset,EBA-31,Rationale: Semantic; Relationship: Superset; Alignment Strength: 9,,,"4.7
5.5
6.8","Rationale: Semantic; Relationship: Subset
Rationale: Semantic; Relationship: Subset
Rationale: Semantic; Relationship: Intersects",,
PR.AA-05.04,74.172,PROTECT,"Identity Management, Authentication, and Access Control",Access Authorizations,10.0,"Tier: 1
Tier: 2
Tier: 3
Tier: 4","PR.AA-05.04: Specific roles, responsibilities, and procedures to manage the risk of third-party access to organizational systems and facilities are defined and implemented.",PR.AA-05,,"#access_management
#identity_and_access_management
#policy_management
#supply_chain_management
#third_party_risk_management",,,,,,,,,,,NYDFS-27,Rationale: Semantic; Relationship: Intersects; Alignment Strength: 7,,,FFIEC-AIO-14.04,Rationale: Semantic; Relationship: Intersects; Alignment Strength: 6,,,,,,,,,TR-9.1.8,Type: Full,"D3.PC.Am.Int.5
D4.RM.Om.E.2","Level: Intermediate; Type: Full Summarily
Level: Evolving; Type: Full",074.172,Level: Ds,,,"AC-02
AC-03
AC-24
PS-07","Rationale: Semantic; Relationship: Superset; Alignment Strength: 9
Rationale: Semantic; Relationship: Intersects; Alignment Strength: 8
Rationale: Semantic; Relationship: Intersects; Alignment Strength: 9
Rationale: Semantic; Relationship: Superset; Alignment Strength: 8",,,,,"JFSA-43
JFSA-44","Rationale: Semantic; Relationship: Superset; Alignment Strength: 5
Rationale: Semantic; Relationship: Superset; Alignment Strength: 7",,,,
PR.AA-06.01,75.173,PROTECT,"Identity Management, Authentication, and Access Control",Physical Access,10.0,"Tier: 1
Tier: 2
Tier: 3
Tier: 4","PR.AA-06.01: The organization manages, protects, and logs physical access to sensitive areas, devices, consoles, equipment, and network cabling and infrastructure.",PR.AA-06,,"#asset_management
#facilities_management
#identity_and_access_management
#physical_access
#physical_infrastructure
#security_logging_monitoring_and_alerting",,,,,HK-SFC-2.07,Rationale: Functional; Relationship: Superset,"DE.CM-2.PA
PR.AC-1.AM","
",APRA CPG 234-46,Rationale: Semantic; Relationship: Superset; Alignment Strength: 8; Functional Coverage Strength: 10,,,"2.3.2.1.2
2.3.2.1.29","Level: Evolving
Level: Evolving","FFIEC-AIO-13.08
FFIEC-AIO-13.09
FFIEC-AIO-14.01","Rationale: Semantic; Relationship: Superset; Alignment Strength: 7
Rationale: Semantic; Relationship: Subset; Alignment Strength: 6
Rationale: Semantic; Relationship: Subset; Alignment Strength: 6",,,OSFI B-13-49,Rationale: Semantic; Relationship: Superset; Alignment Strength: 8,"DORA-06-02
DORA-16-01","Rationale: Semantic; Relationship: Superset; Alignment Strength: 8
Rationale: Semantic; Relationship: Intersects; Alignment Strength: 9",,,"TR-8.5.5
TR-8.5.6
TR-9.1.3","Type: Full Summarily
Type: Full Summarily
Type: Full Summarily",D3.PC.Am.E.4,Level: Evolving; Type: Full Summarily,075.173,Level: Ds,,,"PE-02
PE-03
PE-04
PE-05
PE-06
PE-08
PE-16
PE-19
PE-20
SC-41","Rationale: Semantic; Relationship: Intersects; Alignment Strength: 8
Rationale: Semantic; Relationship: Intersects; Alignment Strength: 7
Rationale: Semantic; Relationship: Equal; Alignment Strength: 10
Rationale: Semantic; Relationship: Intersects; Alignment Strength: 9
Rationale: Semantic; Relationship: Superset; Alignment Strength: 9
Rationale: Semantic; Relationship: Subset; Alignment Strength: 7
Rationale: Semantic; Relationship: Subset; Alignment Strength: 5
Rationale: Semantic; Relationship: Intersects; Alignment Strength: 5
Rationale: Semantic; Relationship: Subset; Alignment Strength: 9
Rationale: Semantic; Relationship: Subset; Alignment Strength: 7",,,"EBA-33
EBA-34
EBA-52","Rationale: Semantic; Relationship: Superset; Alignment Strength: 8
Rationale: Semantic; Relationship: Superset; Alignment Strength: 9
Rationale: Semantic; Relationship: Superset; Alignment Strength: 8",JFSA-18,Rationale: Semantic; Relationship: Superset; Alignment Strength: 8,3.14,Rationale: Semantic; Relationship: Intersects,,
PR.AA-06.02,75.174,PROTECT,"Identity Management, Authentication, and Access Control",Physical Access,10.0,"Tier: 1
Tier: 2
Tier: 3
Tier: 4","PR.AA-06.02: The organization manages and protects physical and visual access to sensitive information assets and physical records (e.g., session lockout, clean desk policies, printer/facsimile output trays, file cabinet/room security, document labelling, etc.)",PR.AA-06,,"#data_protection
#facilities_management
#physical_access
#policy_management
#session_management",APRA CPS 234-21,Rationale: Semantic; Relationship: Superset; Alignment Strength: 8,,,,,DE.CM-2.PA,,"APRA CPG 234-21
APRA CPG 234-36
APRA CPG 234-46
APRA CPG 234-53
APRA CPG 234-56","Rationale: Semantic; Relationship: Intersects; Alignment Strength: 8; Functional Coverage Strength: 10
Rationale: Semantic; Relationship: Superset; Alignment Strength: 9; Functional Coverage Strength: 10
Rationale: Semantic; Relationship: Superset; Alignment Strength: 8; Functional Coverage Strength: 10
Rationale: Semantic; Relationship: Intersects; Alignment Strength: 7; Functional Coverage Strength: 9
Rationale: Semantic; Relationship: Intersects; Alignment Strength: 8; Functional Coverage Strength: 9",,,2.3.2.1.2,Level: Evolving,,,,,"OSFI B-13-08
OSFI B-13-49","Rationale: Semantic; Relationship: Superset; Alignment Strength: 7
Rationale: Semantic; Relationship: Intersects; Alignment Strength: 8","DORA-06-02
DORA-09-04","Rationale: Semantic; Relationship: Superset; Alignment Strength: 8
Rationale: Semantic; Relationship: Superset; Alignment Strength: 8",,,TR-8.5.6,Type: Full Summarily,"D3.PC.Am.B.11
D3.PC.Am.E.4
D3.PC.Im.B.9","Level: Baseline; Type: Full Summarily
Level: Evolving; Type: Full Summarily
Level: Baseline; Type: Full",075.174,Level: Ds,,,"AC-11
AC-12
MP-02
PE-02
PE-03
PE-05
PE-18
PE-19","Rationale: Semantic; Relationship: Subset; Alignment Strength: 9
Rationale: Semantic; Relationship: Subset; Alignment Strength: 10
Rationale: Semantic; Relationship: Subset; Alignment Strength: 9
Rationale: Semantic; Relationship: Intersects; Alignment Strength: 7
Rationale: Semantic; Relationship: Intersects; Alignment Strength: 7
Rationale: Semantic; Relationship: Subset; Alignment Strength: 9
Rationale: Semantic; Relationship: Subset; Alignment Strength: 6
Rationale: Semantic; Relationship: Intersects; Alignment Strength: 5",ASIC-KQ07,Rationale: Semantic; Relationship: Superset,"EBA-33
EBA-34","Rationale: Semantic; Relationship: Superset; Alignment Strength: 8
Rationale: Semantic; Relationship: Superset; Alignment Strength: 9",JFSA-18,Rationale: Semantic; Relationship: Superset; Alignment Strength: 8,4.3,Rationale: Semantic; Relationship: Subset,,
PR.AT-01.01,77.175,PROTECT,Awareness and Training,User Awareness & Training,10.0,"Tier: 1
Tier: 2
Tier: 3
Tier: 4",PR.AT-01.01: All personnel receive cybersecurity awareness training upon hire and on a regular basis.,PR.AT-01,,#training_and_awareness,,,"OSFI CSSA-78
OSFI CSSA-80","Rationale: Functional; Relationship: Superset; Alignment Strength: 8
Rationale: Functional; Relationship: Superset; Alignment Strength: 7",HK-SFC-3.03,Rationale: Functional; Relationship: Superset,PR.AT-1.TA,,,,NYDFS-32,Rationale: Semantic; Relationship: Superset; Alignment Strength: 8,"2.3.2.2.56
2.3.2.2.63","Level: Evolving
Level: Evolving",,,,,OSFI B-13-02,Rationale: Semantic; Relationship: Superset; Alignment Strength: 8,"DORA-05-04
DORA-13-06","Rationale: Semantic; Relationship: Superset; Alignment Strength: 7
Rationale: Semantic; Relationship: Superset; Alignment Strength: 9",,,"TR-3.6.1
TR-3.6.2","Type: Full Summarily
Type: Full",D1.TC.Tr.B.1,Level: Baseline; Type: Full,077.175,Level: Ds,,,"AT-02
PM-14","Rationale: Semantic; Relationship: Superset; Alignment Strength: 9
Rationale: Semantic; Relationship: Superset; Alignment Strength: 9","ASIC-GP04.LA
ASIC-GP04.PM
ASIC-GP07.TR
ASIC-KQ06","Rationale: Semantic; Relationship: Intersects
Rationale: Semantic; Relationship: Intersects
Rationale: Semantic; Relationship: Superset
Rationale: Semantic; Relationship: Superset","EBA-03
EBA-30
EBA-49","Rationale: Semantic; Relationship: Superset; Alignment Strength: 9
Rationale: Semantic; Relationship: Superset; Alignment Strength: 8
Rationale: Semantic; Relationship: Superset; Alignment Strength: 9",JFSA-20,Rationale: Semantic; Relationship: Superset; Alignment Strength: 6,14.1,Rationale: Semantic; Relationship: Superset,,
PR.AT-01.02,77.176,PROTECT,Awareness and Training,User Awareness & Training,10.0,"Tier: 1
Tier: 2
Tier: 3
Tier: 4","PR.AT-01.02: Cybersecurity awareness training includes, at a minimum, awareness of and competencies for data protection, personal data handling, compliance obligations, working with third parties, detecting cyber risks, and how to report any unusual activity or incidents.",PR.AT-01,,"#compliance
#data_protection
#incident_management
#review_assessment_and_testing
#supply_chain_management
#third_party_risk_management
#training_and_awareness",APRA CPS 234-19,Rationale: Semantic; Relationship: Superset; Alignment Strength: 9,"OSFI CSSA-59
OSFI CSSA-78
OSFI CSSA-80","Rationale: Functional; Relationship: Intersects; Alignment Strength: 7
Rationale: Functional; Relationship: Superset; Alignment Strength: 8
Rationale: Functional; Relationship: Superset; Alignment Strength: 9",HK-SFC-3.03,Rationale: Functional; Relationship: Superset,PR.AT-1.TA,,,,"NYDFS-24
NYDFS-32","Rationale: Semantic; Relationship: Superset; Alignment Strength: 8
Rationale: Semantic; Relationship: Superset; Alignment Strength: 8","2.1.2.2.25
2.3.2.2.62
2.3.2.2.63","Level: Evolving
Level: Evolving
Level: Evolving",,,FFIEC-BCM-09.03,Rationale: Functional; Relationship: Intersects; Alignment Strength: 5,OSFI B-13-38,Rationale: Semantic; Relationship: Intersects; Alignment Strength: 7,"DORA-05-04
DORA-13-06","Rationale: Semantic; Relationship: Superset; Alignment Strength: 7
Rationale: Semantic; Relationship: Superset; Alignment Strength: 9",,,TR-3.6.1,Type: Full Summarily,"D1.TC.Cu.E.3
D1.TC.Tr.B.2
D1.TC.Tr.E.4
D5.IR.Pl.B.2","Level: Evolving; Type: Full
Level: Baseline; Type: Full Summarily
Level: Evolving; Type: Full Summarily
Level: Baseline; Type: Full",077.176,Level: Ds,,,"AT-02
IR-06
IR-07","Rationale: Semantic; Relationship: Superset; Alignment Strength: 9
Rationale: Semantic; Relationship: Intersects; Alignment Strength: 9
Rationale: Semantic; Relationship: Intersects; Alignment Strength: 7","ASIC-GP04.PM
ASIC-GP07.ST
ASIC-KQ06","Rationale: Semantic; Relationship: Superset
Rationale: Functional; Relationship: Intersects
Rationale: Semantic; Relationship: Superset","EBA-03
EBA-49","Rationale: Semantic; Relationship: Superset; Alignment Strength: 9
Rationale: Semantic; Relationship: Superset; Alignment Strength: 9",,,"14.1
14.2
14.3
14.4
14.5
14.6
14.7
14.8
14.9
17.3","Rationale: Semantic; Relationship: Superset
Rationale: Semantic; Relationship: Subset
Rationale: Semantic; Relationship: Subset
Rationale: Semantic; Relationship: Subset
Rationale: Semantic; Relationship: Subset
Rationale: Semantic; Relationship: Subset
Rationale: Semantic; Relationship: Subset
Rationale: Semantic; Relationship: Subset
Rationale: Semantic; Relationship: Intersects
Rationale: Semantic; Relationship: Subset",NAIC-IDSML-03,Rationale: Semantic; Relationship: Intersects
PR.AT-01.03,77.177,PROTECT,Awareness and Training,User Awareness & Training,10.0,"Tier: 1
Tier: 2
Tier: 3
Tier: 4","PR.AT-01.03: Cybersecurity awareness training is updated on a regular basis to reflect risks and threats identified by the organization, the organization's security policies and standards, applicable laws and regulations, and changes in individual responsibilities.",PR.AT-01,,"#compliance
#policy_management
#risk_management
#threat_landscape
#threat_management
#training_and_awareness",,,"OSFI CSSA-78
OSFI CSSA-80","Rationale: Functional; Relationship: Superset; Alignment Strength: 8
Rationale: Functional; Relationship: Superset; Alignment Strength: 9",HK-SFC-3.03,Rationale: Functional; Relationship: Superset,PR.AT-1.TA,,,,"NYDFS-24
NYDFS-32","Rationale: Semantic; Relationship: Superset; Alignment Strength: 8
Rationale: Semantic; Relationship: Superset; Alignment Strength: 9","2.1.2.2.27
2.1.2.2.36
2.3.2.2.67
2.7.2.1.8
2.8.2.1.5
2.8.2.1.6","Level: Evolving
Level: Advancing
Level: Innovating
Level: Evolving
Level: Evolving
Level: Evolving",,,"FFIEC-BCM-09.01
FFIEC-BCM-09.04","Rationale: Semantic; Relationship: Subset; Alignment Strength: 6
Rationale: Semantic; Relationship: Subset; Alignment Strength: 8",,,"DORA-05-04
DORA-13-06","Rationale: Semantic; Relationship: Superset; Alignment Strength: 7
Rationale: Semantic; Relationship: Superset; Alignment Strength: 9",,,TR-3.6.4,Type: Full,"D1.TC.Cu.A.1
D1.TC.Tr.Int.1","Level: Advanced; Type: Full Summarily
Level: Intermediate; Type: Full Summarily",077.177,Level: Ds,,,"AT-02
PM-14","Rationale: Semantic; Relationship: Superset; Alignment Strength: 9
Rationale: Semantic; Relationship: Superset; Alignment Strength: 9","ASIC-GP04.LA
ASIC-GP07.CD
ASIC-KQ06","Rationale: Semantic; Relationship: Intersects
Rationale: Semantic; Relationship: Superset
Rationale: Semantic; Relationship: Superset","EBA-03
EBA-49","Rationale: Semantic; Relationship: Superset; Alignment Strength: 9
Rationale: Semantic; Relationship: Superset; Alignment Strength: 9",JFSA-20,Rationale: Semantic; Relationship: Superset; Alignment Strength: 9,"14.1
14.9","Rationale: Semantic; Relationship: Superset
Rationale: Semantic; Relationship: Intersects",NAIC-IDSML-03,Rationale: Semantic; Relationship: Intersects
PR.AT-01.04,77.178,PROTECT,Awareness and Training,User Awareness & Training,10.0,"Tier: 1
Tier: 2
Tier: 3
Tier: 4","PR.AT-01.04: As new technology is deployed or undergoes change that also requires changes in practices, all impacted personnel (e.g., end-users, developers, operators, etc.) are trained on the new system and any accompanying technology and cybersecurity risks.",PR.AT-01,,"#emerging_technologies
#risk_management
#threat_landscape
#training_and_awareness",,,OSFI CSSA-77,Rationale: Functional; Relationship: Intersects; Alignment Strength: 9,HK-SFC-3.03,Rationale: Functional; Relationship: Superset,PR.AT-1.TA,,"APRA CPG 234-60
APRA CPG 234-62","Rationale: Semantic; Relationship: Intersects; Alignment Strength: 8; Functional Coverage Strength: 10
Rationale: Semantic; Relationship: Superset; Alignment Strength: 7; Functional Coverage Strength: 9",NYDFS-24,Rationale: Semantic; Relationship: Intersects; Alignment Strength: 8,"2.1.2.2.27
2.3.2.2.62
2.3.2.2.65
2.8.2.1.4
2.8.2.1.6","Level: Evolving
Level: Evolving
Level: Evolving
Level: Evolving
Level: Evolving","FFIEC-AIO-03.09
FFIEC-AIO-06.02
FFIEC-AIO-06.03
FFIEC-AIO-06.05","Rationale: Semantic; Relationship: Superset; Alignment Strength: 8
Rationale: Semantic; Relationship: Superset; Alignment Strength: 7
Rationale: Semantic; Relationship: Superset; Alignment Strength: 7
Rationale: Semantic; Relationship: Superset; Alignment Strength: 8",FFIEC-BCM-09.01,Rationale: Semantic; Relationship: Subset; Alignment Strength: 8,,,DORA-13-06,Rationale: Semantic; Relationship: Superset; Alignment Strength: 9,,,,,,,077.178,Level: Ds,"FFIEC-DAM-02.02
FFIEC-DAM-07.04
FFIEC-DAM-14.02
FFIEC-DAM-14.04
FFIEC-DAM-14.05","Rationale: Semantic; Relationship: Intersects
Rationale: Semantic; Relationship: Intersects
Rationale: Semantic; Relationship: Intersects
Rationale: Semantic; Relationship: Intersects
Rationale: Semantic; Relationship: Intersects","AT-03
PM-14","Rationale: Semantic; Relationship: Superset; Alignment Strength: 9
Rationale: Semantic; Relationship: Superset; Alignment Strength: 9",,,"EBA-03
EBA-49","Rationale: Semantic; Relationship: Superset; Alignment Strength: 9
Rationale: Semantic; Relationship: Superset; Alignment Strength: 9","JFSA-10
JFSA-30","Rationale: Semantic; Relationship: Superset; Alignment Strength: 9
Rationale: Semantic; Relationship: Superset; Alignment Strength: 7",16.9,Rationale: Semantic; Relationship: Intersects,,
PR.AT-02.01,78.179,PROTECT,Awareness and Training,Specialized Role Awareness & Training,10.0,"Tier: 1
Tier: 2
Tier: 3
Tier: 4","PR.AT-02.01: Mechanisms are in place to ensure that the personnel working with cybersecurity and technology (e.g., developers, DBAs, network admins, etc.) maintain current knowledge and skills related to changing threats, countermeasures, new tools, best practices, and their job responsibilities.",PR.AT-02,,"#staffing_and_resource_management
#threat_landscape
#threat_management
#training_and_awareness",APRA CPS 234-30,Rationale: Semantic; Relationship: Superset; Alignment Strength: 6,"OSFI CSSA-79
OSFI CSSA-80","Rationale: Functional; Relationship: Superset; Alignment Strength: 9
Rationale: Functional; Relationship: Superset; Alignment Strength: 9",,,PR.AT-1.TA,,APRA CPG 234-82,Rationale: Semantic; Relationship: Superset; Alignment Strength: 6; Functional Coverage Strength: 7,"NYDFS-24
NYDFS-32
NYDFS-39","Rationale: Semantic; Relationship: Superset; Alignment Strength: 8
Rationale: Semantic; Relationship: Superset; Alignment Strength: 8
Rationale: Semantic; Relationship: Intersects; Alignment Strength: 7","2.1.2.2.20
2.1.2.2.27
2.1.2.2.28
2.3.2.2.62
2.6.2.42
2.8.2.1.4","Level: Evolving
Level: Evolving
Level: Evolving
Level: Evolving
Level: Innovating
Level: Evolving","FFIEC-AIO-02.09
FFIEC-AIO-03.06
FFIEC-AIO-13.07","Rationale: Semantic; Relationship: Superset; Alignment Strength: 8
Rationale: Semantic; Relationship: Superset; Alignment Strength: 8
Rationale: Semantic; Relationship: Superset; Alignment Strength: 9","FFIEC-BCM-09.01
FFIEC-BCM-09.02
FFIEC-BCM-09.03
FFIEC-BCM-10.16
FFIEC-BCM-10.17","Rationale: Semantic; Relationship: Subset; Alignment Strength: 9
Rationale: Semantic; Relationship: Subset; Alignment Strength: 8
Rationale: Functional; Relationship: Intersects; Alignment Strength: 5
Rationale: Functional; Relationship: Intersects; Alignment Strength: 5
Rationale: Functional; Relationship: Intersects; Alignment Strength: 5",,,DORA-13-06,Rationale: Semantic; Relationship: Superset; Alignment Strength: 9,,,"TR-15.1.4
TR-3.5.1
TR-6.1.5","Type: Full
Type: Full Summarily
Type: Full","D1.R.St.E.3
D1.TC.Tr.E.1
D1.TC.Tr.Int.4","Level: Evolving; Type: Full Summarily
Level: Evolving; Type: Full
Level: Intermediate; Type: Full",078.179,Level: Ds,"FFIEC-DAM-02.02
FFIEC-DAM-04.10
FFIEC-DAM-10.01","Rationale: Semantic; Relationship: Intersects
Rationale: Semantic; Relationship: Intersects
Rationale: Semantic; Relationship: Superset","AT-03
PM-13
PM-14
SA-16","Rationale: Semantic; Relationship: Superset; Alignment Strength: 9
Rationale: Semantic; Relationship: Intersects; Alignment Strength: 9
Rationale: Semantic; Relationship: Superset; Alignment Strength: 9
Rationale: Semantic; Relationship: Subset; Alignment Strength: 7","ASIC-GP07.CD
ASIC-GP07.TR","Rationale: Semantic; Relationship: Superset
Rationale: Semantic; Relationship: Superset","EBA-03
EBA-49","Rationale: Semantic; Relationship: Superset; Alignment Strength: 9
Rationale: Semantic; Relationship: Superset; Alignment Strength: 9","JFSA-20
JFSA-30
JFSA-36
JFSA-38","Rationale: Semantic; Relationship: Superset; Alignment Strength: 8
Rationale: Semantic; Relationship: Superset; Alignment Strength: 8
Rationale: Functional; Relationship: Intersects; Alignment Strength: 7
Rationale: Functional; Relationship: Intersects; Alignment Strength: 5","14.9
16.9","Rationale: Semantic; Relationship: Superset
Rationale: Semantic; Relationship: Subset",NAIC-IDSML-03,Rationale: Semantic; Relationship: Intersects
PR.AT-02.02,78.18,PROTECT,Awareness and Training,Specialized Role Awareness & Training,10.0,"Tier: 1
Tier: 2
Tier: 3
Tier: 4","PR.AT-02.02: High-risk groups, such as those with elevated privileges or in sensitive business functions (including privileged users, senior executives, cybersecurity personnel and third-party stakeholders), receive cybersecurity situational awareness training for their roles and responsibilities.",PR.AT-02,,"#staffing_and_resource_management
#training_and_awareness",APRA CPS 234-14,Rationale: Semantic; Relationship: Intersects; Alignment Strength: 4,"OSFI CSSA-79
OSFI CSSA-80","Rationale: Functional; Relationship: Superset; Alignment Strength: 9
Rationale: Functional; Relationship: Superset; Alignment Strength: 9",,,PR.AT-1.TA,,,,NYDFS-24,Rationale: Semantic; Relationship: Intersects; Alignment Strength: 8,"2.1.2.2.20
2.1.2.2.26
2.1.2.2.27
2.1.2.2.31
2.3.2.2.62
2.3.2.2.64
2.8.2.1.4","Level: Evolving
Level: Evolving
Level: Evolving
Level: Advancing
Level: Evolving
Level: Evolving
Level: Evolving","FFIEC-AIO-02.03
FFIEC-AIO-02.09
FFIEC-AIO-02.12
FFIEC-AIO-03.06","Rationale: Semantic; Relationship: Superset; Alignment Strength: 9
Rationale: Semantic; Relationship: Superset; Alignment Strength: 8
Rationale: Semantic; Relationship: Superset; Alignment Strength: 7
Rationale: Semantic; Relationship: Superset; Alignment Strength: 8",FFIEC-BCM-09.02,Rationale: Semantic; Relationship: Subset; Alignment Strength: 8,OSFI B-13-02,Rationale: Semantic; Relationship: Superset; Alignment Strength: 8,"DORA-05-04
DORA-13-06","Rationale: Semantic; Relationship: Superset; Alignment Strength: 9
Rationale: Semantic; Relationship: Superset; Alignment Strength: 9",,,,,"D1.TC.Tr.E.2
D1.TC.Tr.E.3
D1.TC.Tr.E.4
D1.TC.Tr.Int.3","Level: Evolving; Type: Full
Level: Evolving; Type: Full
Level: Evolving; Type: Full Summarily
Level: Intermediate; Type: Full Summarily",078.180,Level: Ds,"FFIEC-DAM-02.02
FFIEC-DAM-04.10","Rationale: Semantic; Relationship: Intersects
Rationale: Semantic; Relationship: Intersects","AT-03
PM-13
PM-14","Rationale: Semantic; Relationship: Superset; Alignment Strength: 9
Rationale: Semantic; Relationship: Intersects; Alignment Strength: 7
Rationale: Semantic; Relationship: Superset; Alignment Strength: 9","ASIC-GP07.CD
ASIC-GP07.TR
ASIC-KQ06","Rationale: Semantic; Relationship: Superset
Rationale: Semantic; Relationship: Superset
Rationale: Semantic; Relationship: Superset","EBA-03
EBA-49","Rationale: Semantic; Relationship: Superset; Alignment Strength: 9
Rationale: Semantic; Relationship: Superset; Alignment Strength: 9",JFSA-20,Rationale: Semantic; Relationship: Superset; Alignment Strength: 8,14.9,Rationale: Semantic; Relationship: Superset,,
PR.AT-02.03,78.181,PROTECT,Awareness and Training,Specialized Role Awareness & Training,10.0,"Tier: 1
Tier: 2
Tier: 3
Tier: 4",PR.AT-02.03: All personnel (employee and third party) are made aware of and are trained for their role and operational steps in response and recovery plans.,PR.AT-02,,"#disaster_recovery
#incident_management
#staffing_and_resource_management
#training_and_awareness",,,"OSFI CSSA-79
OSFI CSSA-80","Rationale: Functional; Relationship: Superset; Alignment Strength: 9
Rationale: Functional; Relationship: Superset; Alignment Strength: 7",,,,,,,"NYDFS-36
NYDFS-37
NYDFS-38
NYDFS-39","Rationale: Semantic; Relationship: Intersects; Alignment Strength: 5
Rationale: Semantic; Relationship: Intersects; Alignment Strength: 7
Rationale: Semantic; Relationship: Intersects; Alignment Strength: 8
Rationale: Semantic; Relationship: Superset; Alignment Strength: 8","2.1.2.2.27
2.5.2.1.4
2.5.2.1.6
2.5.2.3.37
2.8.2.1.4","Level: Evolving
Level: Evolving
Level: Evolving
Level: Evolving
Level: Evolving",FFIEC-AIO-02.09,Rationale: Semantic; Relationship: Superset; Alignment Strength: 8,"FFIEC-BCM-02.01
FFIEC-BCM-06.04
FFIEC-BCM-08.01
FFIEC-BCM-08.12
FFIEC-BCM-09.01
FFIEC-BCM-09.03","Rationale: Semantic; Relationship: Subset; Alignment Strength: 6
Rationale: Semantic; Relationship: Intersects; Alignment Strength: 7
Rationale: Semantic; Relationship: Intersects; Alignment Strength: 8
Rationale: Semantic; Relationship: Subset; Alignment Strength: 9
Rationale: Semantic; Relationship: Intersects; Alignment Strength: 9
Rationale: Functional; Relationship: Intersects; Alignment Strength: 9","OSFI B-13-23
OSFI B-13-24
OSFI B-13-29
OSFI B-13-52","Rationale: Semantic; Relationship: Superset; Alignment Strength: 9
Rationale: Semantic; Relationship: Superset; Alignment Strength: 9
Rationale: Semantic; Relationship: Superset; Alignment Strength: 8
Rationale: Semantic; Relationship: Intersects; Alignment Strength: 7","DORA-13-06
DORA-16-01","Rationale: Semantic; Relationship: Superset; Alignment Strength: 9
Rationale: Semantic; Relationship: Intersects; Alignment Strength: 9",,,"TR-7.7.2
TR-8.2.2
TR-8.3.1","Type: Full Summarily
Type: Full Summarily
Type: Full Summarily","D1.TC.Tr.B.2
D5.DR.Re.A.1
D5.ER.Es.Int.1
D5.IR.Pl.B.3","Level: Baseline; Type: Full Summarily
Level: Advanced; Type: Full Summarily
Level: Intermediate; Type: Full Summarily
Level: Baseline; Type: Full Summarily",078.181,Level: Ds,,,"AT-03
CP-03
IR-02
IR-08
PM-14","Rationale: Semantic; Relationship: Superset; Alignment Strength: 9
Rationale: Semantic; Relationship: Equal; Alignment Strength: 10
Rationale: Semantic; Relationship: Intersects; Alignment Strength: 9
Rationale: Semantic; Relationship: Superset; Alignment Strength: 9
Rationale: Semantic; Relationship: Superset; Alignment Strength: 9",ASIC-GP07.TR,Rationale: Semantic; Relationship: Superset,"EBA-03
EBA-49","Rationale: Semantic; Relationship: Superset; Alignment Strength: 9
Rationale: Semantic; Relationship: Superset; Alignment Strength: 9","JFSA-53
JFSA-55","Rationale: Functional; Relationship: Intersects; Alignment Strength: 5
Rationale: Semantic; Relationship: Superset; Alignment Strength: 7","14.9
17.4","Rationale: Semantic; Relationship: Superset
Rationale: Semantic; Relationship: Intersects",NAIC-IDSML-07,Rationale: Semantic; Relationship: Intersects
PR.AT-02.04,78.182,PROTECT,Awareness and Training,Specialized Role Awareness & Training,10.0,"Tier: 1
Tier: 2
Tier: 3",PR.AT-02.04: The organization maintains and enhances the skills and knowledge of the in-house staff performing incident management and forensic investigation activities.,PR.AT-02,,"#forensics
#incident_management
#staffing_and_resource_management
#training_and_awareness",,,"OSFI CSSA-79
OSFI CSSA-80","Rationale: Functional; Relationship: Superset; Alignment Strength: 9
Rationale: Functional; Relationship: Superset; Alignment Strength: 7",,,,,,,NYDFS-38,Rationale: Semantic; Relationship: Intersects; Alignment Strength: 5,"2.1.2.2.27
2.5.2.4.50
2.5.2.4.51
2.5.2.4.52
2.5.2.4.53
2.8.2.1.4","Level: Evolving
Level: Evolving
Level: Evolving
Level: Advancing
Level: Innovating
Level: Evolving",,,"FFIEC-BCM-09.01
FFIEC-BCM-09.02
FFIEC-BCM-09.03","Rationale: Semantic; Relationship: Intersects; Alignment Strength: 8
Rationale: Functional; Relationship: Intersects; Alignment Strength: 4
Rationale: Functional; Relationship: Intersects; Alignment Strength: 5",,,DORA-13-06,Rationale: Semantic; Relationship: Superset; Alignment Strength: 8,,,,,D3.CC.Re.Int.3,Level: Intermediate; Type: Full Summarily,078.182,Level: Ds,,,"AT-03
IR-02
IR-08
PM-13","Rationale: Semantic; Relationship: Superset; Alignment Strength: 9
Rationale: Semantic; Relationship: Equal; Alignment Strength: 10
Rationale: Semantic; Relationship: Superset; Alignment Strength: 9
Rationale: Semantic; Relationship: Intersects; Alignment Strength: 6",,,"EBA-03
EBA-49","Rationale: Semantic; Relationship: Superset; Alignment Strength: 9
Rationale: Semantic; Relationship: Superset; Alignment Strength: 9",JFSA-30,Rationale: Semantic; Relationship: Superset; Alignment Strength: 8,14.9,Rationale: Semantic; Relationship: Superset,,
PR.AT-02.05,78.183,PROTECT,Awareness and Training,Specialized Role Awareness & Training,10.0,"Tier: 1
Tier: 2
Tier: 3
Tier: 4",PR.AT-02.05: All third party staff receive cybersecurity awareness and job training sufficient for them to perform their duties and maintain organizational security.,PR.AT-02,,"#staffing_and_resource_management
#training_and_awareness",,,"OSFI CSSA-78
OSFI CSSA-79
OSFI CSSA-80","Rationale: Functional; Relationship: Superset; Alignment Strength: 8
Rationale: Functional; Relationship: Superset; Alignment Strength: 9
Rationale: Functional; Relationship: Superset; Alignment Strength: 7",HK-SFC-3.03,Rationale: Functional; Relationship: Superset,PR.AT-1.TA,,,,NYDFS-32,Rationale: Semantic; Relationship: Superset; Alignment Strength: 8,"2.1.2.2.27
2.1.2.2.28
2.3.2.2.63","Level: Evolving
Level: Evolving
Level: Evolving",,,,,OSFI B-13-38,Rationale: Semantic; Relationship: Intersects; Alignment Strength: 8,DORA-13-06,Rationale: Semantic; Relationship: Superset; Alignment Strength: 9,,,,,,,078.183,Level: Ds,FFIEC-DAM-02.02,Rationale: Semantic; Relationship: Intersects,"AT-02
AT-03
PM-14
PS-07","Rationale: Semantic; Relationship: Superset; Alignment Strength: 7
Rationale: Semantic; Relationship: Superset; Alignment Strength: 9
Rationale: Semantic; Relationship: Superset; Alignment Strength: 9
Rationale: Semantic; Relationship: Superset; Alignment Strength: 8",,,"EBA-03
EBA-49","Rationale: Semantic; Relationship: Superset; Alignment Strength: 9
Rationale: Semantic; Relationship: Superset; Alignment Strength: 9",JFSA-30,Rationale: Functional; Relationship: Superset; Alignment Strength: 7,14.1,Rationale: Semantic; Relationship: Superset,,
PR.AT-02.06,78.184,PROTECT,Awareness and Training,Specialized Role Awareness & Training,10.0,"Tier: 1
Tier: 2
Tier: 3
Tier: 4","PR.AT-02.06: The organization has established and maintains a cybersecurity awareness program through which the organization's customers are kept aware of new threats and vulnerabilities, basic cybersecurity hygiene practices, and their role in cybersecurity, as appropriate.",PR.AT-02,,"#policy_management
#threat_management
#training_and_awareness
#vulnerability_management",,,"OSFI CSSA-78
OSFI CSSA-80","Rationale: Functional; Relationship: Superset; Alignment Strength: 8
Rationale: Functional; Relationship: Superset; Alignment Strength: 9",HK-SFC-3.04,Rationale: Functional; Relationship: Equal,PR.AT-1.TA,,,,,,,,FFIEC-AIO-02.12,Rationale: Semantic; Relationship: Superset; Alignment Strength: 7,FFIEC-BCM-09.01,Rationale: Semantic; Relationship: Intersects; Alignment Strength: 6,OSFI B-13-38,Rationale: Semantic; Relationship: Intersects; Alignment Strength: 8,DORA-13-06,Rationale: Semantic; Relationship: Superset; Alignment Strength: 9,,,"TR-14.4.1
TR-14.4.2
TR-14.4.3","Type: Full
Type: Full
Type: Full Summarily","D1.TC.Tr.B.4
D1.TC.Tr.Int.2","Level: Baseline; Type: Full
Level: Intermediate; Type: Full",078.184,Level: Ds,,,"AT-02
PM-14","Rationale: Semantic; Relationship: Superset; Alignment Strength: 7
Rationale: Semantic; Relationship: Superset; Alignment Strength: 9","ASIC-GP07.CD
ASIC-GP07.ST
ASIC-GP07.TR","Rationale: Semantic; Relationship: Superset
Rationale: Functional; Relationship: Intersects
Rationale: Semantic; Relationship: Superset",EBA-49,Rationale: Semantic; Relationship: Superset; Alignment Strength: 9,JFSA-20,Rationale: Semantic; Relationship: Superset; Alignment Strength: 9,,,,
PR.AT-02.07,78.185,PROTECT,Awareness and Training,Specialized Role Awareness & Training,10.0,"Tier: 1
Tier: 2
Tier: 3
Tier: 4","PR.AT-02.07: The organization's governing body (e.g., the Board or one of its committees) and senior management receive cybersecurity situational awareness training to include appropriate skills and knowledge to: 
(1) Evaluate and manage cyber risks;
(2) Promote a culture that recognizes that staff at all levels have important responsibilities in ensuring the organization's cyber resilience; and
(3) Lead by example.",PR.AT-02,,"#risk_oversight
#staffing_and_resource_management
#training_and_awareness","APRA CPS 234-14
APRA CPS 234-30","Rationale: Semantic; Relationship: Intersects; Alignment Strength: 4
Rationale: Semantic; Relationship: Intersects; Alignment Strength: 5","OSFI CSSA-78
OSFI CSSA-79
OSFI CSSA-80
OSFI CSSA-81","Rationale: Functional; Relationship: Superset; Alignment Strength: 8
Rationale: Functional; Relationship: Superset; Alignment Strength: 9
Rationale: Functional; Relationship: Superset; Alignment Strength: 9
Rationale: Functional; Relationship: Superset; Alignment Strength: 8",,,PR.AT-1.TA,,,,"NYDFS-11
NYDFS-32","Rationale: Semantic; Relationship: Intersects; Alignment Strength: 9
Rationale: Semantic; Relationship: Superset; Alignment Strength: 8","2.1.2.2.18
2.1.2.2.24
2.1.2.2.25
2.1.2.2.31
2.8.2.1.4","Level: Evolving
Level: Evolving
Level: Evolving
Level: Advancing
Level: Evolving",FFIEC-AIO-02.03,Rationale: Semantic; Relationship: Superset; Alignment Strength: 9,"FFIEC-BCM-09.01
FFIEC-BCM-09.02","Rationale: Semantic; Relationship: Subset; Alignment Strength: 8
Rationale: Semantic; Relationship: Subset; Alignment Strength: 8",OSFI B-13-02,Rationale: Semantic; Relationship: Superset; Alignment Strength: 8,"DORA-05-04
DORA-13-06","Rationale: Semantic; Relationship: Superset; Alignment Strength: 9
Rationale: Semantic; Relationship: Superset; Alignment Strength: 9",,,"TR-3.1.6
TR-3.6.3","Type: Full Summarily
Type: Full","D1.TC.Tr.A.1
D1.TC.Tr.E.4
D1.TC.Tr.Int.3","Level: Advanced; Type: Full Summarily
Level: Evolving; Type: Full Summarily
Level: Intermediate; Type: Full Summarily",078.185,Level: Ds,,,"AT-03
PM-13
PM-14","Rationale: Semantic; Relationship: Superset; Alignment Strength: 9
Rationale: Semantic; Relationship: Intersects; Alignment Strength: 7
Rationale: Semantic; Relationship: Superset; Alignment Strength: 9","ASIC-GP01.CR
ASIC-GP04.LA
ASIC-GP04.PM
ASIC-GP06.CA","Rationale: Semantic; Relationship: Superset
Rationale: Semantic; Relationship: Superset
Rationale: Semantic; Relationship: Superset
Rationale: Semantic; Relationship: Intersects","EBA-03
EBA-49","Rationale: Semantic; Relationship: Superset; Alignment Strength: 9
Rationale: Semantic; Relationship: Superset; Alignment Strength: 9",JFSA-30,Rationale: Semantic; Relationship: Superset; Alignment Strength: 8,14.9,Rationale: Semantic; Relationship: Intersects,,
PR.AT-02.08,78.186,PROTECT,Awareness and Training,Specialized Role Awareness & Training,10.0,"Tier: 1
Tier: 2
Tier: 3
Tier: 4","PR.AT-02.08: Where the organization's governing authority (e.g., the Board or one of its committees) does not have adequate cybersecurity expertise, they should have direct access to the senior officer responsible for cybersecurity and independent sources of expertise to discuss cybersecurity related matters.",PR.AT-02,,"#organizational_structure
#risk_oversight
#training_and_awareness",,,OSFI CSSA-81,Rationale: Functional; Relationship: Superset; Alignment Strength: 8,,,,,APRA CPG 234-14,Rationale: Semantic; Relationship: Superset; Alignment Strength: 8; Functional Coverage Strength: 8,NYDFS-11,Rationale: Semantic; Relationship: Intersects; Alignment Strength: 9,"2.1.2.2.18
2.1.2.2.41","Level: Evolving
Level: Innovating",FFIEC-AIO-02.03,Rationale: Semantic; Relationship: Superset; Alignment Strength: 8,,,OSFI B-13-02,Rationale: Semantic; Relationship: Superset; Alignment Strength: 8,,,,,TR-3.1.2,Type: Full,"D1.G.Ov.Int.1
D1.TC.Tr.A.1","Level: Intermediate; Type: Full
Level: Advanced; Type: Full Summarily",078.186,Level: Ds,,,,,"ASIC-GP04.RI
ASIC-KQ04","Rationale: Semantic; Relationship: Superset
Rationale: Semantic; Relationship: Equal",,,,,,,,
PR.DS-01.01,80.187,PROTECT,Data Security,Protection of Data at Rest,10.0,"Tier: 1
Tier: 2
Tier: 3
Tier: 4","PR.DS-01.01: Data-at-rest is protected commensurate with the criticality and sensitivity of the information and in alignment with the data classification and protection policy (e.g., through the use of encryption, authentication, access control, segregation, masking, tokenization, and file integrity monitoring).",PR.DS-01,,"#authentication
#authorization
#critical_infrastructure
#data_classification
#data_integrity
#data_protection
#encryption
#identity_and_access_management
#obfuscation
#policy_management
#security_logging_monitoring_and_alerting
#separation_of_duties","APRA CPS 234-20
APRA CPS 234-21","Rationale: Semantic; Relationship: Intersects; Alignment Strength: 9
Rationale: Semantic; Relationship: Superset; Alignment Strength: 8","OSFI CSSA-17
OSFI CSSA-35","Rationale: Functional; Relationship: Intersects; Alignment Strength: 8
Rationale: Functional; Relationship: Intersects; Alignment Strength: 7",HK-SFC-1.04,Rationale: Functional; Relationship: Intersects,"PR.DS-1.EP
PR.DS-1.MP","
","APRA CPG 234-50
APRA CPG 234-51
APRA CPG 234-52
APRA CPG 234-53
APRA CPG 234-54
APRA CPG 234-55
APRA CPG 234-56","Rationale: Semantic; Relationship: Intersects; Alignment Strength: 7; Functional Coverage Strength: 10
Rationale: Semantic; Relationship: Intersects; Alignment Strength: 6; Functional Coverage Strength: 10
Rationale: Semantic; Relationship: Intersects; Alignment Strength: 7; Functional Coverage Strength: 10
Rationale: Semantic; Relationship: Intersects; Alignment Strength: 7; Functional Coverage Strength: 9
Rationale: Semantic; Relationship: Intersects; Alignment Strength: 9; Functional Coverage Strength: 10
Rationale: Semantic; Relationship: Superset; Alignment Strength: 9; Functional Coverage Strength: 8
Rationale: Semantic; Relationship: Intersects; Alignment Strength: 8; Functional Coverage Strength: 9","NYDFS-34
NYDFS-35","Rationale: Semantic; Relationship: Intersects; Alignment Strength: 9
Rationale: Semantic; Relationship: Intersects; Alignment Strength: 8","2.3.2.1.34
2.3.2.1.37","Level: Evolving
Level: Advancing","FFIEC-AIO-03.04
FFIEC-AIO-03.05
FFIEC-AIO-03.06
FFIEC-AIO-03.07
FFIEC-AIO-03.08
FFIEC-AIO-03.09","Rationale: Semantic; Relationship: Superset; Alignment Strength: 6
Rationale: Semantic; Relationship: Superset; Alignment Strength: 7
Rationale: Semantic; Relationship: Superset; Alignment Strength: 7
Rationale: Functional; Relationship: Intersects; Alignment Strength: 3
Rationale: Semantic; Relationship: Superset; Alignment Strength: 7
Rationale: Functional; Relationship: Intersects; Alignment Strength: 4",FFIEC-BCM-11.04,Rationale: Semantic; Relationship: Intersects; Alignment Strength: 7,"OSFI B-13-35
OSFI B-13-40
OSFI B-13-44","Rationale: Semantic; Relationship: Intersects; Alignment Strength: 8
Rationale: Semantic; Relationship: Intersects; Alignment Strength: 9
Rationale: Semantic; Relationship: Superset; Alignment Strength: 9","DORA-06-02
DORA-09-02
DORA-09-04","Rationale: Semantic; Relationship: Superset; Alignment Strength: 8
Rationale: Semantic; Relationship: Superset; Alignment Strength: 9
Rationale: Semantic; Relationship: Superset; Alignment Strength: 7",,,"TR-11.1.1
TR-11.1.4
TR-8.4.4","Type: Full Summarily
Type: Partial
Type: Full Summarily","D3.PC.Am.A.1
D3.PC.Am.Inn.3
D4.C.Co.E.3","Level: Advanced; Type: Full
Level: Innovative; Type: Full Summarily
Level: Evolving; Type: Partial",080.187,Level: Ds,FFIEC-DAM-04.06,Rationale: Semantic; Relationship: Intersects,"AU-13
MP-04
MP-05
MP-08
SC-04
SC-28
SI-07
SI-19
SI-20
SI-23","Rationale: Semantic; Relationship: Intersects; Alignment Strength: 8
Rationale: Semantic; Relationship: Intersects; Alignment Strength: 7
Rationale: Semantic; Relationship: Intersects; Alignment Strength: 8
Rationale: Semantic; Relationship: Intersects; Alignment Strength: 7
Rationale: Semantic; Relationship: Intersects; Alignment Strength: 8
Rationale: Semantic; Relationship: Equal; Alignment Strength: 10
Rationale: Semantic; Relationship: Intersects; Alignment Strength: 8
Rationale: Semantic; Relationship: Subset; Alignment Strength: 10
Rationale: Semantic; Relationship: Subset; Alignment Strength: 7
Rationale: Semantic; Relationship: Subset; Alignment Strength: 8","ASIC-GP08.PC
ASIC-KQ07","Rationale: Semantic; Relationship: Intersects
Rationale: Semantic; Relationship: Superset",EBA-36,Rationale: Semantic; Relationship: Superset; Alignment Strength: 9,"JFSA-14
JFSA-15
JFSA-17","Rationale: Semantic; Relationship: Superset; Alignment Strength: 8
Rationale: Semantic; Relationship: Superset; Alignment Strength: 9
Rationale: Semantic; Relationship: Superset; Alignment Strength: 9","3.11
3.12","Rationale: Semantic; Relationship: Subset
Rationale: Semantic; Relationship: Intersects",NAIC-IDSML-02,Rationale: Semantic; Relationship: Superset
PR.DS-01.02,80.188,PROTECT,Data Security,Protection of Data at Rest,10.0,"Tier: 1
Tier: 2
Tier: 3",PR.DS-01.02: The organization implements data loss identification and prevention tools to monitor and protect against confidential data theft or destruction by an employee or an external actor.,PR.DS-01,,"#authentication
#authorization
#data_loss_prevention
#insider_threat
#security_logging_monitoring_and_alerting",,,OSFI CSSA-35,Rationale: Functional; Relationship: Superset; Alignment Strength: 9,,,PR.DS-5.DL,,"APRA CPG 234-50
APRA CPG 234-51","Rationale: Semantic; Relationship: Superset; Alignment Strength: 7; Functional Coverage Strength: 10
Rationale: Semantic; Relationship: Superset; Alignment Strength: 9; Functional Coverage Strength: 10",NYDFS-32,Rationale: Semantic; Relationship: Superset; Alignment Strength: 8,,,,,,,"OSFI B-13-35
OSFI B-13-43
OSFI B-13-44","Rationale: Semantic; Relationship: Intersects; Alignment Strength: 7
Rationale: Semantic; Relationship: Superset; Alignment Strength: 9
Rationale: Semantic; Relationship: Superset; Alignment Strength: 9",DORA-09-03,Rationale: Semantic; Relationship: Superset; Alignment Strength: 8,,,"TR-11.1.1
TR-11.1.2","Type: Full Summarily
Type: Full Summarily","D3.DC.An.A.4
D3.DC.Ev.Int.1
D3.PC.Am.Int.1
D3.PC.Am.Int.3
D3.PC.De.Int.1","Level: Advanced; Type: Full Summarily
Level: Intermediate; Type: Full Summarily
Level: Intermediate; Type: Full
Level: Intermediate; Type: Full Summarily
Level: Intermediate; Type: Full",080.188,Level: Ds,,,AU-13,Rationale: Semantic; Relationship: Equal; Alignment Strength: 10,ASIC-GP08.PC,Rationale: Semantic; Relationship: Superset,,,JFSA-16,Rationale: Semantic; Relationship: Superset; Alignment Strength: 8,3.13,Rationale: Semantic; Relationship: Subset,,
PR.DS-01.03,80.189,PROTECT,Data Security,Protection of Data at Rest,10.0,"Tier: 1
Tier: 2
Tier: 3
Tier: 4","PR.DS-01.03: The organization defines and implements controls for the protection and use of removable media (e.g., access/use restrictions, encryption, malware scanning, data loss prevention, etc.)",PR.DS-01,,"#data_loss_prevention
#infrastructure_security
#malware_protection",,,OSFI CSSA-38,Rationale: Functional; Relationship: Intersects; Alignment Strength: 7,,,"PR.DS-1.MP
PR.PT-2.RM","
","APRA CPG 234-50
APRA CPG 234-52
APRA CPG 234-54
APRA CPG 234-55","Rationale: Semantic; Relationship: Intersects; Alignment Strength: 7; Functional Coverage Strength: 10
Rationale: Semantic; Relationship: Superset; Alignment Strength: 7; Functional Coverage Strength: 10
Rationale: Semantic; Relationship: Intersects; Alignment Strength: 7; Functional Coverage Strength: 10
Rationale: Semantic; Relationship: Superset; Alignment Strength: 8; Functional Coverage Strength: 8","NYDFS-32
NYDFS-34
NYDFS-35","Rationale: Semantic; Relationship: Superset; Alignment Strength: 7
Rationale: Semantic; Relationship: Intersects; Alignment Strength: 7
Rationale: Semantic; Relationship: Intersects; Alignment Strength: 6",,,,,,,OSFI B-13-44,Rationale: Semantic; Relationship: Intersects; Alignment Strength: 8,DORA-09-03,Rationale: Semantic; Relationship: Superset; Alignment Strength: 7,,,"TR-11.3.3
TR-B.1","Type: Full Summarily
Type: Full Summarily","D3.PC.De.B.1
D3.PC.De.E.4","Level: Baseline; Type: Full
Level: Evolving; Type: Full",080.189,Level: Ds,,,"MP-02
MP-07
SI-03","Rationale: Semantic; Relationship: Subset; Alignment Strength: 9
Rationale: Semantic; Relationship: Superset; Alignment Strength: 7
Rationale: Semantic; Relationship: Superset; Alignment Strength: 9",ASIC-GP08.PC,Rationale: Semantic; Relationship: Superset,,,"JFSA-15
JFSA-17","Rationale: Semantic; Relationship: Superset; Alignment Strength: 8
Rationale: Semantic; Relationship: Superset; Alignment Strength: 9","10.3
10.4
10.6
3.9","Rationale: Semantic; Relationship: Subset
Rationale: Semantic; Relationship: Subset
Rationale: Semantic; Relationship: Intersects
Rationale: Semantic; Relationship: Subset",,
PR.DS-02.01,81.19,PROTECT,Data Security,Protection of Data in Transit,10.0,"Tier: 1
Tier: 2
Tier: 3
Tier: 4","PR.DS-02.01: Data-in-transit is protected commensurate with the criticality and sensitivity of the information and in alignment with the data classification and protection policy (e.g., through the use of encryption, authentication, access control, masking, tokenization, and alternate transit paths).",PR.DS-02,,"#authentication
#authorization
#critical_infrastructure
#data_classification
#data_integrity
#data_protection
#encryption
#identity_and_access_management
#obfuscation
#policy_management
#security_logging_monitoring_and_alerting","APRA CPS 234-20
APRA CPS 234-21","Rationale: Semantic; Relationship: Intersects; Alignment Strength: 9
Rationale: Semantic; Relationship: Superset; Alignment Strength: 8","OSFI CSSA-17
OSFI CSSA-35
OSFI CSSA-38","Rationale: Functional; Relationship: Intersects; Alignment Strength: 8
Rationale: Functional; Relationship: Intersects; Alignment Strength: 7
Rationale: Functional; Relationship: Intersects; Alignment Strength: 8",HK-SFC-1.04,Rationale: Functional; Relationship: Intersects,"PR.DS-1.EP
PR.DS-1.MP","
","APRA CPG 234-50
APRA CPG 234-51
APRA CPG 234-52
APRA CPG 234-53
APRA CPG 234-54
APRA CPG 234-55
APRA CPG 234-56","Rationale: Semantic; Relationship: Intersects; Alignment Strength: 7; Functional Coverage Strength: 10
Rationale: Semantic; Relationship: Intersects; Alignment Strength: 6; Functional Coverage Strength: 10
Rationale: Semantic; Relationship: Intersects; Alignment Strength: 7; Functional Coverage Strength: 10
Rationale: Semantic; Relationship: Intersects; Alignment Strength: 7; Functional Coverage Strength: 9
Rationale: Semantic; Relationship: Intersects; Alignment Strength: 9; Functional Coverage Strength: 10
Rationale: Semantic; Relationship: Superset; Alignment Strength: 9; Functional Coverage Strength: 8
Rationale: Semantic; Relationship: Intersects; Alignment Strength: 8; Functional Coverage Strength: 9",NYDFS-34,Rationale: Semantic; Relationship: Intersects; Alignment Strength: 9,"2.3.2.1.14
2.3.2.1.21
2.3.2.1.34
2.3.2.1.37","Level: Evolving
Level: Advancing
Level: Evolving
Level: Advancing","FFIEC-AIO-03.04
FFIEC-AIO-03.05
FFIEC-AIO-11.01","Rationale: Semantic; Relationship: Superset; Alignment Strength: 6
Rationale: Semantic; Relationship: Superset; Alignment Strength: 7
Rationale: Semantic; Relationship: Intersects; Alignment Strength: 4",,,"OSFI B-13-40
OSFI B-13-44","Rationale: Semantic; Relationship: Intersects; Alignment Strength: 8
Rationale: Semantic; Relationship: Superset; Alignment Strength: 9","DORA-06-02
DORA-09-02
DORA-09-03
DORA-09-04","Rationale: Semantic; Relationship: Superset; Alignment Strength: 8
Rationale: Semantic; Relationship: Superset; Alignment Strength: 9
Rationale: Semantic; Relationship: Superset; Alignment Strength: 8
Rationale: Semantic; Relationship: Superset; Alignment Strength: 7",,,"TR-11.1.1
TR-11.1.4
TR-14.1.2
TR-14.2.2
TR-14.2.6
TR-6.4.5","Type: Full Summarily
Type: Partial
Type: Full Summarily
Type: Full Summarily
Type: Full Summarily
Type: Full Summarily","D3.PC.Am.B.13
D3.PC.Am.Inn.3
D3.PC.Am.Int.7","Level: Baseline; Type: Full
Level: Innovative; Type: Full Summarily
Level: Intermediate; Type: Full",081.190,Level: Ds,FFIEC-DAM-04.06,Rationale: Semantic; Relationship: Intersects,"AC-04
AU-13
CA-03
SC-04
SC-08
SC-11
SC-23","Rationale: Semantic; Relationship: Intersects; Alignment Strength: 7
Rationale: Semantic; Relationship: Intersects; Alignment Strength: 8
Rationale: Semantic; Relationship: Subset; Alignment Strength: 8
Rationale: Semantic; Relationship: Intersects; Alignment Strength: 8
Rationale: Semantic; Relationship: Intersects; Alignment Strength: 9
Rationale: Semantic; Relationship: Intersects; Alignment Strength: 8
Rationale: Semantic; Relationship: Subset; Alignment Strength: 9","ASIC-GP08.PC
ASIC-KQ07","Rationale: Semantic; Relationship: Intersects
Rationale: Semantic; Relationship: Superset",EBA-36,Rationale: Semantic; Relationship: Superset; Alignment Strength: 9,"JFSA-14
JFSA-15
JFSA-17","Rationale: Semantic; Relationship: Superset; Alignment Strength: 8
Rationale: Semantic; Relationship: Superset; Alignment Strength: 9
Rationale: Semantic; Relationship: Superset; Alignment Strength: 9","12.2
12.3
3.10
3.12","Rationale: Semantic; Relationship: Intersects
Rationale: Semantic; Relationship: Intersects
Rationale: Semantic; Relationship: Subset
Rationale: Semantic; Relationship: Intersects",NAIC-IDSML-02,Rationale: Semantic; Relationship: Superset
PR.DS-10.01,82.191,PROTECT,Data Security,Protection of Data in Use,10.0,"Tier: 1
Tier: 2
Tier: 3
Tier: 4","PR.DS-10.01: Data-in-use is protected commensurate with the criticality and sensitivity of the information and in alignment with the data classification and protection policy (e.g., through the use of encryption, authentication, access control, masking, tokenization, visual shielding, memory integrity monitoring, etc.)",PR.DS-10,,"#authentication
#authorization
#critical_infrastructure
#data_classification
#data_integrity
#data_protection
#encryption
#identity_and_access_management
#obfuscation
#policy_management
#security_logging_monitoring_and_alerting","APRA CPS 234-20
APRA CPS 234-21","Rationale: Semantic; Relationship: Intersects; Alignment Strength: 9
Rationale: Semantic; Relationship: Superset; Alignment Strength: 8",OSFI CSSA-17,Rationale: Functional; Relationship: Intersects; Alignment Strength: 8,,,,,"APRA CPG 234-50
APRA CPG 234-51
APRA CPG 234-52
APRA CPG 234-53
APRA CPG 234-54
APRA CPG 234-55
APRA CPG 234-56","Rationale: Semantic; Relationship: Intersects; Alignment Strength: 7; Functional Coverage Strength: 10
Rationale: Semantic; Relationship: Intersects; Alignment Strength: 6; Functional Coverage Strength: 10
Rationale: Semantic; Relationship: Intersects; Alignment Strength: 7; Functional Coverage Strength: 10
Rationale: Semantic; Relationship: Intersects; Alignment Strength: 7; Functional Coverage Strength: 9
Rationale: Semantic; Relationship: Superset; Alignment Strength: 7; Functional Coverage Strength: 10
Rationale: Semantic; Relationship: Superset; Alignment Strength: 9; Functional Coverage Strength: 8
Rationale: Semantic; Relationship: Intersects; Alignment Strength: 8; Functional Coverage Strength: 9",,,"2.3.2.1.34
2.3.2.1.37","Level: Evolving
Level: Advancing","FFIEC-AIO-03.04
FFIEC-AIO-03.05","Rationale: Semantic; Relationship: Superset; Alignment Strength: 6
Rationale: Semantic; Relationship: Superset; Alignment Strength: 7",,,"OSFI B-13-40
OSFI B-13-44","Rationale: Semantic; Relationship: Intersects; Alignment Strength: 8
Rationale: Semantic; Relationship: Superset; Alignment Strength: 9","DORA-06-02
DORA-09-02
DORA-09-04","Rationale: Semantic; Relationship: Superset; Alignment Strength: 8
Rationale: Semantic; Relationship: Superset; Alignment Strength: 9
Rationale: Semantic; Relationship: Superset; Alignment Strength: 7",,,TR-11.1.1,Type: Full Summarily,,,082.191,Level: Ds,FFIEC-DAM-04.06,Rationale: Semantic; Relationship: Intersects,"AC-04
AC-25
AT-06
SC-04
SC-11
SI-16","Rationale: Semantic; Relationship: Intersects; Alignment Strength: 7
Rationale: Semantic; Relationship: Intersects; Alignment Strength: 7
Rationale: Semantic; Relationship: Intersects; Alignment Strength: 6
Rationale: Semantic; Relationship: Intersects; Alignment Strength: 8
Rationale: Semantic; Relationship: Intersects; Alignment Strength: 8
Rationale: Semantic; Relationship: Subset; Alignment Strength: 10",,,,,"JFSA-14
JFSA-15
JFSA-17","Rationale: Semantic; Relationship: Superset; Alignment Strength: 8
Rationale: Semantic; Relationship: Superset; Alignment Strength: 9
Rationale: Semantic; Relationship: Superset; Alignment Strength: 9","10.5
13.2
3.12","Rationale: Semantic; Relationship: Intersects
Rationale: Semantic; Relationship: Subset
Rationale: Semantic; Relationship: Intersects",NAIC-IDSML-02,Rationale: Semantic; Relationship: Superset
PR.DS-11.01,83.192,PROTECT,Data Security,Data Backup,10.0,"Tier: 1
Tier: 2
Tier: 3
Tier: 4","PR.DS-11.01: The organization defines and implements standards and procedures for configuring and performing backups and data replications, including defining backup requirements by data/application/infrastructure criticality, segregating (e.g., air-gapping) and securing backups, verifying backup integrity, and performing backup restoration testing.",PR.DS-11,,"#asset_management
#critical_infrastructure
#data_backup
#data_integrity
#disaster_recovery
#policy_management
#resilience",,,"OSFI CSSA-40
OSFI CSSA-70","Rationale: Functional; Relationship: Equal; Alignment Strength: 10
Rationale: Functional; Relationship: Subset; Alignment Strength: 10",HK-SFC-2.08,Rationale: Functional; Relationship: Intersects,"PR.DS-5.DL
PR.IP-4.DB","
",,,"NYDFS-37
NYDFS-40
NYDFS-41","Rationale: Semantic; Relationship: Intersects; Alignment Strength: 5
Rationale: Semantic; Relationship: Intersects; Alignment Strength: 7
Rationale: Semantic; Relationship: Superset; Alignment Strength: 9","2.5.2.2.22
2.5.2.2.25
2.5.2.2.26
2.5.2.2.31
2.6.2.9","Level: Evolving
Level: Evolving
Level: Advancing
Level: Innovating
Level: Evolving",FFIEC-AIO-15.04,Rationale: Semantic; Relationship: Superset; Alignment Strength: 3,"FFIEC-BCM-06.03
FFIEC-BCM-08.04
FFIEC-BCM-08.11
FFIEC-BCM-10.07
FFIEC-BCM-10.15
FFIEC-BCM-10.16
FFIEC-BCM-10.19
FFIEC-BCM-10.24
FFIEC-BCM-10.25
FFIEC-BCM-10.27
FFIEC-BCM-11.04","Rationale: Semantic; Relationship: Subset; Alignment Strength: 9
Rationale: Semantic; Relationship: Subset; Alignment Strength: 8
Rationale: Functional; Relationship: Intersects; Alignment Strength: 5
Rationale: Semantic; Relationship: Subset; Alignment Strength: 8
Rationale: Semantic; Relationship: Subset; Alignment Strength: 9
Rationale: Semantic; Relationship: Subset; Alignment Strength: 8
Rationale: Semantic; Relationship: Intersects; Alignment Strength: 8
Rationale: Functional; Relationship: Intersects; Alignment Strength: 8
Rationale: Functional; Relationship: Intersects; Alignment Strength: 4
Rationale: Functional; Relationship: Intersects; Alignment Strength: 4
Rationale: Semantic; Relationship: Intersects; Alignment Strength: 7",OSFI B-13-28,Rationale: Semantic; Relationship: Intersects; Alignment Strength: 9,"DORA-06-02
DORA-09-02
DORA-12-01
DORA-12-02
DORA-12-03
DORA-16-01
DORA-25-01","Rationale: Semantic; Relationship: Superset; Alignment Strength: 8
Rationale: Semantic; Relationship: Superset; Alignment Strength: 8
Rationale: Semantic; Relationship: Superset; Alignment Strength: 9
Rationale: Semantic; Relationship: Superset; Alignment Strength: 9
Rationale: Semantic; Relationship: Superset; Alignment Strength: 9
Rationale: Semantic; Relationship: Intersects; Alignment Strength: 9
Rationale: Semantic; Relationship: Subset; Alignment Strength: 8",,,"TR-8.4.1
TR-8.4.2
TR-8.4.3
TR-8.4.4","Type: Full
Type: Full Summarily
Type: Full Summarily
Type: Full Summarily","D5.DR.Re.Inn.2
D5.IR.Te.B.3
D5.IR.Te.E.3","Level: Innovative; Type: Partial
Level: Baseline; Type: Full Summarily
Level: Evolving; Type: Full Summarily",083.192,Level: Ds,,,"CP-06
CP-09","Rationale: Semantic; Relationship: Intersects; Alignment Strength: 8
Rationale: Semantic; Relationship: Superset; Alignment Strength: 9",ASIC-GP08.PC,Rationale: Semantic; Relationship: Superset,"EBA-57
EBA-58","Rationale: Semantic; Relationship: Superset; Alignment Strength: 9
Rationale: Semantic; Relationship: Superset; Alignment Strength: 9",JFSA-51,Rationale: Semantic; Relationship: Superset; Alignment Strength: 8,"11.1
11.2
11.3
11.4
11.5","Rationale: Semantic; Relationship: Intersects
Rationale: Semantic; Relationship: Subset
Rationale: Semantic; Relationship: Subset
Rationale: Semantic; Relationship: Subset
Rationale: Semantic; Relationship: Subset",,
PR.PS-01.01,85.193,PROTECT,Platform Security,Configuration Management,10.0,"Tier: 1
Tier: 2
Tier: 3","PR.PS-01.01: The organization establishes and maintains standard system security configuration baselines, informed by industry standards and hardening guidelines, to facilitate the consistent application of security settings, configurations, and versions.",PR.PS-01,,"#application_security
#asset_management
#patch_management
#security_baselines
#system_hardening
#vulnerability_management",,,"OSFI CSSA-29
OSFI CSSA-49
OSFI CSSA-50","Rationale: Functional; Relationship: Intersects; Alignment Strength: 8
Rationale: Functional; Relationship: Equal; Alignment Strength: 10
Rationale: Functional; Relationship: Superset; Alignment Strength: 9",,,"DE.AE-1.BC
PR.IP-1.SB","
","APRA CPG 234-36
APRA CPG 234-38","Rationale: Semantic; Relationship: Superset; Alignment Strength: 9; Functional Coverage Strength: 10
Rationale: Semantic; Relationship: Intersects; Alignment Strength: 6; Functional Coverage Strength: 8",,,"2.3.2.1.12
2.3.2.1.13
2.3.2.1.25
2.3.2.1.48","Level: Evolving
Level: Evolving
Level: Advancing
Level: Evolving","FFIEC-AIO-03.07
FFIEC-AIO-13.03
FFIEC-AIO-13.06
FFIEC-AIO-15.02","Rationale: Semantic; Relationship: Superset; Alignment Strength: 8
Rationale: Semantic; Relationship: Intersects; Alignment Strength: 3
Rationale: Semantic; Relationship: Subset; Alignment Strength: 8
Rationale: Semantic; Relationship: Superset; Alignment Strength: 5",,,"OSFI B-13-10
OSFI B-13-42
OSFI B-13-47","Rationale: Semantic; Relationship: Superset; Alignment Strength: 9
Rationale: Semantic; Relationship: Intersects; Alignment Strength: 9
Rationale: Semantic; Relationship: Superset; Alignment Strength: 9",DORA-09-04,Rationale: Semantic; Relationship: Superset; Alignment Strength: 8,,,"TR-11.3.1
TR-7.2.1
TR-7.2.2","Type: Full
Type: Full Summarily
Type: Full Summarily","D2.MA.Ma.A.5
D3.PC.Im.A.2
D3.PC.Im.B.5
D3.PC.Im.Inn.4","Level: Advanced; Type: Partial
Level: Advanced; Type: Full Summarily
Level: Baseline; Type: Full Summarily
Level: Innovative; Type: Partial",085.193,Level: Ds,,,"CM-02
CM-06
CM-07
CM-08
SA-10","Rationale: Semantic; Relationship: Superset; Alignment Strength: 9
Rationale: Semantic; Relationship: Superset; Alignment Strength: 9
Rationale: Semantic; Relationship: Intersects; Alignment Strength: 9
Rationale: Semantic; Relationship: Intersects; Alignment Strength: 5
Rationale: Semantic; Relationship: Intersects; Alignment Strength: 8",ASIC-GP06.CM,Rationale: Semantic; Relationship: Superset,EBA-36,Rationale: Semantic; Relationship: Superset; Alignment Strength: 10,,,"10.5
12.3
12.6
16.11
16.7
4.1
4.2
4.8
4.9
9.4","Rationale: Semantic; Relationship: Intersects
Rationale: Semantic; Relationship: Intersects
Rationale: Semantic; Relationship: Intersects
Rationale: Semantic; Relationship: Intersects
Rationale: Semantic; Relationship: Equivalent
Rationale: Semantic; Relationship: Superset
Rationale: Semantic; Relationship: Subset
Rationale: Semantic; Relationship: Intersects
Rationale: Semantic; Relationship: Intersects
Rationale: Semantic; Relationship: Intersects",,
PR.PS-01.02,85.194,PROTECT,Platform Security,Configuration Management,10.0,"Tier: 1
Tier: 2
Tier: 3
Tier: 4",PR.PS-01.02: The organization's systems are configured to provide only essential capabilities to implement the principle of least functionality.,PR.PS-01,,"#authorization
#least_privileged_access
#separation_of_duties",,,"OSFI CSSA-29
OSFI CSSA-49
OSFI CSSA-50","Rationale: Functional; Relationship: Intersects; Alignment Strength: 8
Rationale: Functional; Relationship: Superset; Alignment Strength: 8
Rationale: Functional; Relationship: Superset; Alignment Strength: 9",,,PR.PT-3.LF,,,,,,,,"FFIEC-AIO-03.07
FFIEC-AIO-13.03
FFIEC-AIO-15.02","Rationale: Semantic; Relationship: Superset; Alignment Strength: 8
Rationale: Semantic; Relationship: Superset; Alignment Strength: 8
Rationale: Semantic; Relationship: Superset; Alignment Strength: 5",,,"OSFI B-13-10
OSFI B-13-40
OSFI B-13-47","Rationale: Semantic; Relationship: Superset; Alignment Strength: 9
Rationale: Semantic; Relationship: Superset; Alignment Strength: 8
Rationale: Semantic; Relationship: Superset; Alignment Strength: 9",,,,,,,"D3.PC.Im.A.2
D3.PC.Im.B.5
D3.PC.Im.B.6","Level: Advanced; Type: Full Summarily
Level: Baseline; Type: Full Summarily
Level: Baseline; Type: Full Summarily",085.194,Level: Ds,,,"CM-06
CM-07
SA-08","Rationale: Semantic; Relationship: Superset; Alignment Strength: 9
Rationale: Semantic; Relationship: Equal; Alignment Strength: 10
Rationale: Semantic; Relationship: Intersects; Alignment Strength: 8",ASIC-GP06.CM,Rationale: Semantic; Relationship: Superset,"EBA-31
EBA-32","Rationale: Semantic; Relationship: Superset; Alignment Strength: 9
Rationale: Semantic; Relationship: Superset; Alignment Strength: 9",,,"12.2
12.8
4.8
9.4","Rationale: Semantic; Relationship: Superset
Rationale: Semantic; Relationship: Intersects
Rationale: Semantic; Relationship: Intersects
Rationale: Semantic; Relationship: Intersects",,
PR.PS-01.03,85.195,PROTECT,Platform Security,Configuration Management,10.0,"Tier: 1
Tier: 2
Tier: 3",PR.PS-01.03: The organization employs detection measures and performs regular enforcement checks to ensure that non-compliance with baseline security standards is promptly identified and rectified.,PR.PS-01,,"#security_baselines
#security_logging_monitoring_and_alerting
#system_hardening
#vulnerability_management",,,"OSFI CSSA-49
OSFI CSSA-50","Rationale: Functional; Relationship: Intersects; Alignment Strength: 9
Rationale: Functional; Relationship: Superset; Alignment Strength: 9",,,"DE.AE-1.BC
PR.IP-1.SB","
","APRA CPG 234-23
APRA CPG 234-56","Rationale: Semantic; Relationship: Superset; Alignment Strength: 7; Functional Coverage Strength: 10
Rationale: Semantic; Relationship: Superset; Alignment Strength: 8; Functional Coverage Strength: 9",,,2.3.2.1.13,Level: Evolving,"FFIEC-AIO-03.07
FFIEC-AIO-13.03
FFIEC-AIO-13.06
FFIEC-AIO-15.02","Rationale: Semantic; Relationship: Superset; Alignment Strength: 8
Rationale: Semantic; Relationship: Superset; Alignment Strength: 8
Rationale: Semantic; Relationship: Subset; Alignment Strength: 5
Rationale: Semantic; Relationship: Superset; Alignment Strength: 5",,,"OSFI B-13-10
OSFI B-13-47","Rationale: Semantic; Relationship: Superset; Alignment Strength: 9
Rationale: Semantic; Relationship: Superset; Alignment Strength: 9",DORA-16-01,Rationale: Semantic; Relationship: Intersects; Alignment Strength: 9,,,"TR-11.3.2
TR-7.2.1
TR-7.2.2","Type: Full
Type: Full Summarily
Type: Full Summarily","D1.G.IT.A.3
D1.G.IT.Inn.2
D1.G.IT.Int.1
D3.DC.Ev.A.1
D3.DC.Ev.A.3","Level: Advanced; Type: Full Summarily
Level: Innovative; Type: Full Summarily
Level: Intermediate; Type: Full Summarily
Level: Advanced; Type: Full Summarily
Level: Advanced; Type: Full Summarily",085.195,Level: Ds,,,"CA-07
CM-06
SI-02
SI-04
SR-10","Rationale: Semantic; Relationship: Intersects; Alignment Strength: 8
Rationale: Semantic; Relationship: Superset; Alignment Strength: 9
Rationale: Semantic; Relationship: Subset; Alignment Strength: 8
Rationale: Semantic; Relationship: Superset; Alignment Strength: 9
Rationale: Semantic; Relationship: Subset; Alignment Strength: 8",ASIC-GP06.CM,Rationale: Semantic; Relationship: Superset,,,,,"12.3
16.7
4.1","Rationale: Semantic; Relationship: Intersects
Rationale: Semantic; Relationship: Intersects
Rationale: Semantic; Relationship: Superset",,
PR.PS-01.04,85.196,PROTECT,Platform Security,Configuration Management,10.0,"Tier: 1
Tier: 2
Tier: 3
Tier: 4","PR.PS-01.04: The organization documents its requirements for accurate and resilient time services (e.g., synchronization to a mandated or appropriate authoritative time source) and adopts best practice guidance in implementing and using these services for logging, event correlation, forensic analysis, authentication, transactional processing, and other purposes.",PR.PS-01,,"#authentication
#resilience
#security_baselines
#security_logging_monitoring_and_alerting",,,,,,,,,,,,,,,"FFIEC-AIO-13.03
FFIEC-AIO-13.06
FFIEC-AIO-15.02","Rationale: Semantic; Relationship: Superset; Alignment Strength: 7
Rationale: Semantic; Relationship: Subset; Alignment Strength: 1
Rationale: Semantic; Relationship: Superset; Alignment Strength: 5",,,,,,,,,,,,,085.196,Level: Ds,,,"AU-08
SC-45","Rationale: Semantic; Relationship: Subset; Alignment Strength: 10
Rationale: Semantic; Relationship: Subset; Alignment Strength: 10",,,,,,,"12.2
8.4","Rationale: Semantic; Relationship: Intersects
Rationale: Semantic; Relationship: Equivalent",,
PR.PS-01.05,85.197,PROTECT,Platform Security,Configuration Management,10.0,"Tier: 1
Tier: 2
Tier: 3
Tier: 4","PR.PS-01.05: Acceptable encryption standards, methods, and management practices are established in accordance with defined industry standards.",PR.PS-01,,"#compliance
#data_protection
#encryption
#industry_standards
#obfuscation
#policy_management",,,OSFI CSSA-38,Rationale: Functional; Relationship: Intersects; Alignment Strength: 8,HK-SFC-1.04,Rationale: Functional; Relationship: Intersects,PR.DS-1.EP,,"APRA CPG 234-38
APRA CPG 234-52
APRA CPG 234-54
APRA CPG 234-55","Rationale: Semantic; Relationship: Intersects; Alignment Strength: 8; Functional Coverage Strength: 8
Rationale: Semantic; Relationship: Intersects; Alignment Strength: 7; Functional Coverage Strength: 10
Rationale: Semantic; Relationship: Intersects; Alignment Strength: 8; Functional Coverage Strength: 10
Rationale: Semantic; Relationship: Superset; Alignment Strength: 8; Functional Coverage Strength: 8","NYDFS-18
NYDFS-27
NYDFS-34","Rationale: Semantic; Relationship: Intersects; Alignment Strength: 7
Rationale: Semantic; Relationship: Intersects; Alignment Strength: 7
Rationale: Semantic; Relationship: Superset; Alignment Strength: 8","2.3.2.1.14
2.3.2.1.33
2.3.2.1.37","Level: Evolving
Level: Evolving
Level: Advancing",FFIEC-AIO-15.02,Rationale: Semantic; Relationship: Superset; Alignment Strength: 5,,,OSFI B-13-41,Rationale: Semantic; Relationship: Superset; Alignment Strength: 9,DORA-09-03,Rationale: Semantic; Relationship: Superset; Alignment Strength: 7,,,"TR-10.1.2
TR-10.1.3
TR-10.1.4
TR-10.1.5
TR-10.2.1
TR-10.2.6","Type: Full
Type: Full
Type: Full
Type: Partial
Type: Full Summarily
Type: Full",,,085.197,Level: Ds,,,"SA-08
SC-13","Rationale: Semantic; Relationship: Intersects; Alignment Strength: 8
Rationale: Semantic; Relationship: Equal; Alignment Strength: 10",,,,,"JFSA-15
JFSA-17","Rationale: Semantic; Relationship: Superset; Alignment Strength: 9
Rationale: Semantic; Relationship: Superset; Alignment Strength: 9","12.6
16.11","Rationale: Semantic; Relationship: Intersects
Rationale: Semantic; Relationship: Intersects",,
PR.PS-01.06,85.198,PROTECT,Platform Security,Configuration Management,10.0,"Tier: 1
Tier: 2
Tier: 3
Tier: 4",PR.PS-01.06: The organization employs defined encryption methods and management practices commensurate with the criticality of the information being protected and the inherent risk of the technical environment where used.,PR.PS-01,,"#data_classification
#data_protection
#encryption
#obfuscation
#policy_management
#risk_management",,,"OSFI CSSA-27
OSFI CSSA-38
OSFI CSSA-57","Rationale: Functional; Relationship: Intersects; Alignment Strength: 7
Rationale: Functional; Relationship: Intersects; Alignment Strength: 9
Rationale: Functional; Relationship: Intersects; Alignment Strength: 7",HK-SFC-1.04,Rationale: Functional; Relationship: Intersects,PR.DS-1.EP,,"APRA CPG 234-52
APRA CPG 234-54
APRA CPG 234-55","Rationale: Semantic; Relationship: Intersects; Alignment Strength: 7; Functional Coverage Strength: 10
Rationale: Semantic; Relationship: Intersects; Alignment Strength: 8; Functional Coverage Strength: 10
Rationale: Semantic; Relationship: Superset; Alignment Strength: 8; Functional Coverage Strength: 8",NYDFS-34,Rationale: Semantic; Relationship: Superset; Alignment Strength: 8,"2.3.2.1.14
2.3.2.1.37","Level: Evolving
Level: Advancing","FFIEC-AIO-03.07
FFIEC-AIO-09.01
FFIEC-AIO-13.06","Rationale: Semantic; Relationship: Superset; Alignment Strength: 8
Rationale: Semantic; Relationship: Superset; Alignment Strength: 7
Rationale: Semantic; Relationship: Subset; Alignment Strength: 8",,,OSFI B-13-41,Rationale: Semantic; Relationship: Superset; Alignment Strength: 9,DORA-09-03,Rationale: Semantic; Relationship: Superset; Alignment Strength: 7,,,"TR-10.1.1
TR-10.2.3
TR-14.1.2
TR-14.2.7
TR-6.4.5","Type: Full
Type: Full Summarily
Type: Full Summarily
Type: Full
Type: Full Summarily",,,085.198,Level: Ds,,,"SA-08
SC-08
SC-13","Rationale: Semantic; Relationship: Intersects; Alignment Strength: 8
Rationale: Semantic; Relationship: Intersects; Alignment Strength: 9
Rationale: Semantic; Relationship: Equal; Alignment Strength: 10",,,,,"JFSA-15
JFSA-17","Rationale: Semantic; Relationship: Superset; Alignment Strength: 8
Rationale: Semantic; Relationship: Superset; Alignment Strength: 9","12.6
16.11
3.10
3.11
3.9","Rationale: Semantic; Relationship: Intersects
Rationale: Semantic; Relationship: Intersects
Rationale: Semantic; Relationship: Subset
Rationale: Semantic; Relationship: Subset
Rationale: Semantic; Relationship: Intersects",,
PR.PS-01.07,85.199,PROTECT,Platform Security,Configuration Management,10.0,"Tier: 1
Tier: 2
Tier: 3
Tier: 4","PR.PS-01.07: Cryptographic keys and certificates are tracked, managed, and protected throughout their lifecycles, to include for compromise and revocation.",PR.PS-01,,#cryptography_management,,,,,,,PR.DS-1.KM,,,,,,2.3.2.1.35,Level: Evolving,,,,,OSFI B-13-41,Rationale: Semantic; Relationship: Superset; Alignment Strength: 9,DORA-09-04,Rationale: Semantic; Relationship: Superset; Alignment Strength: 8,,,"TR-10.2.1
TR-10.2.10
TR-10.2.2
TR-10.2.3
TR-10.2.4
TR-10.2.5
TR-10.2.7
TR-10.2.8
TR-10.2.9
TR-6.4.5","Type: Full Summarily
Type: Full
Type: Full
Type: Full Summarily
Type: Full
Type: Full
Type: Full
Type: Full
Type: Full
Type: Full Summarily",D3.PC.Am.E.5,Level: Evolving; Type: Full,085.199,Level: Ds,,,"SC-12
SC-17","Rationale: Semantic; Relationship: Equal; Alignment Strength: 10
Rationale: Semantic; Relationship: Subset; Alignment Strength: 9",,,,,,,,,,
PR.PS-01.08,85.2,PROTECT,Platform Security,Configuration Management,10.0,"Tier: 1
Tier: 2
Tier: 3
Tier: 4","PR.PS-01.08: End-user mobile or personal computing devices accessing the organization's network employ mechanisms to protect network, application, and data integrity, such as ""Mobile Device Management (MDM)"" and ""Mobile Application Management (MAM)"" technologies, device fingerprinting, storage containerization and encryption, integrity scanning, automated patch application, remote wipe, and data leakage protections.",PR.PS-01,,"#application_security
#data_protection
#encryption
#infrastructure_security
#mobile_device_management
#patch_management
#security_baselines
#security_logging_monitoring_and_alerting
#system_integrity
#vulnerability_management",,,"OSFI CSSA-35
OSFI CSSA-39
OSFI CSSA-60","Rationale: Functional; Relationship: Intersects; Alignment Strength: 7
Rationale: Functional; Relationship: Intersects; Alignment Strength: 9
Rationale: Functional; Relationship: Intersects; Alignment Strength: 7",HK-SFC-2.04,Rationale: Functional; Relationship: Intersects,PR.DS-1.MM,,APRA CPG 234-51,Rationale: Semantic; Relationship: Intersects; Alignment Strength: 7; Functional Coverage Strength: 10,NYDFS-33,Rationale: Semantic; Relationship: Intersects; Alignment Strength: 9,"2.3.2.1.47
2.3.2.1.53","Level: Evolving
Level: Advancing","FFIEC-AIO-09.01
FFIEC-AIO-10.01","Rationale: Semantic; Relationship: Superset; Alignment Strength: 7
Rationale: Semantic; Relationship: Superset; Alignment Strength: 8",,,,,,,,,"TR-11.1.3
TR-11.3.3
TR-B.1","Type: Full Summarily
Type: Full Summarily
Type: Full Summarily","D3.CC.Pa.E.2
D3.CC.Re.E.1
D3.DC.Th.Inn.1
D3.PC.Am.B.14
D3.PC.De.A.1
D3.PC.De.A.2
D3.PC.De.E.5
D3.PC.De.E.6
D3.PC.De.E.7
D3.PC.De.Inn.1
D3.PC.De.Int.2
D3.PC.De.Int.3","Level: Evolving; Type: Full Summarily
Level: Evolving; Type: Full Summarily
Level: Innovative; Type: Full Summarily
Level: Baseline; Type: Full
Level: Advanced; Type: Full Summarily
Level: Advanced; Type: Full
Level: Evolving; Type: Full Summarily
Level: Evolving; Type: Full Summarily
Level: Evolving; Type: Full
Level: Innovative; Type: Full
Level: Intermediate; Type: Full
Level: Intermediate; Type: Full",085.200,Level: Ds,,,"AC-03
AC-19
MP-05
SC-08
SI-07","Rationale: Semantic; Relationship: Intersects; Alignment Strength: 8
Rationale: Semantic; Relationship: Superset; Alignment Strength: 9
Rationale: Semantic; Relationship: Intersects; Alignment Strength: 7
Rationale: Semantic; Relationship: Intersects; Alignment Strength: 9
Rationale: Semantic; Relationship: Intersects; Alignment Strength: 8",,,EBA-36,Rationale: Semantic; Relationship: Superset; Alignment Strength: 9,"JFSA-17
JFSA-27","Rationale: Semantic; Relationship: Superset; Alignment Strength: 9
Rationale: Semantic; Relationship: Superset; Alignment Strength: 5","10.5
13.3
13.5
13.7
3.6
4.10
4.11
4.12
4.5","Rationale: Semantic; Relationship: Intersects
Rationale: Semantic; Relationship: Intersects
Rationale: Semantic; Relationship: Intersects
Rationale: Semantic; Relationship: Intersects
Rationale: Semantic; Relationship: Subset
Rationale: Semantic; Relationship: Intersects
Rationale: Semantic; Relationship: Intersects
Rationale: Semantic; Relationship: Subset
Rationale: Semantic; Relationship: Subset",,
PR.PS-01.09,85.201,PROTECT,Platform Security,Configuration Management,10.0,"Tier: 1
Tier: 2
Tier: 3
Tier: 4","PR.PS-01.09: Endpoint systems implemented using virtualization technologies employ mechanisms to protect network, application, and data integrity, such as restricting access to local network and peripheral devices, multi-factor authentication, locking-down device source network locations, and data leakage protections.",PR.PS-01,,"#application_security
#authentication
#authorization
#endpoint_security
#infrastructure_security
#multi_factor_authentication
#security_baselines
#security_logging_monitoring_and_alerting",,,"OSFI CSSA-26
OSFI CSSA-35
OSFI CSSA-39","Rationale: Functional; Relationship: Intersects; Alignment Strength: 9
Rationale: Functional; Relationship: Intersects; Alignment Strength: 7
Rationale: Functional; Relationship: Intersects; Alignment Strength: 9",,,,,APRA CPG 234-51,Rationale: Semantic; Relationship: Intersects; Alignment Strength: 7; Functional Coverage Strength: 10,,,,,"FFIEC-AIO-09.01
FFIEC-AIO-13.03","Rationale: Semantic; Relationship: Superset; Alignment Strength: 7
Rationale: Semantic; Relationship: Intersects; Alignment Strength: 3",,,,,,,,,"TR-11.1.3
TR-11.4.1
TR-11.4.3
TR-B.1","Type: Full Summarily
Type: Full
Type: Full
Type: Full Summarily","D3.PC.Am.Int.6
D3.PC.Im.Int.2","Level: Intermediate; Type: Full Summarily
Level: Intermediate; Type: Full Summarily",085.201,Level: Ds,,,"AC-03
SC-08
SC-25","Rationale: Semantic; Relationship: Intersects; Alignment Strength: 8
Rationale: Semantic; Relationship: Intersects; Alignment Strength: 9
Rationale: Semantic; Relationship: Intersects; Alignment Strength: 8",ASIC-GP08.PC,Rationale: Semantic; Relationship: Intersects,EBA-36,Rationale: Semantic; Relationship: Superset; Alignment Strength: 9,JFSA-16,Rationale: Semantic; Relationship: Superset; Alignment Strength: 8,"12.5
12.7
13.5","Rationale: Semantic; Relationship: Subset
Rationale: Semantic; Relationship: Intersects
Rationale: Semantic; Relationship: Intersects",,
PR.PS-02.01,86.202,PROTECT,Platform Security,Software Maintenance & Replacement,10.0,"Tier: 1
Tier: 2
Tier: 3
Tier: 4","PR.PS-02.01: The organization defines and implements controls to identify patches to technology assets, assess patch criticality and risk, test patches, and apply patches within risk/criticality-based target time frames.",PR.PS-02,,"#application_security
#asset_management
#patch_management
#vulnerability_management","APRA CPS 234-17
APRA CPS 234-21","Rationale: Semantic; Relationship: Superset; Alignment Strength: 7
Rationale: Semantic; Relationship: Superset; Alignment Strength: 7","OSFI CSSA-46
OSFI CSSA-47
OSFI CSSA-48","Rationale: Functional; Relationship: Intersects; Alignment Strength: 9
Rationale: Functional; Relationship: Subset; Alignment Strength: 9
Rationale: Functional; Relationship: Subset; Alignment Strength: 10",HK-SFC-2.04,Rationale: Functional; Relationship: Equal,,,"APRA CPG 234-36
APRA CPG 234-42
APRA CPG 234-56","Rationale: Semantic; Relationship: Superset; Alignment Strength: 9; Functional Coverage Strength: 10
Rationale: Semantic; Relationship: Intersects; Alignment Strength: 7; Functional Coverage Strength: 10
Rationale: Semantic; Relationship: Intersects; Alignment Strength: 7; Functional Coverage Strength: 9",NYDFS-14,Rationale: Semantic; Relationship: Superset; Alignment Strength: 9,"2.3.2.1.47
2.3.2.1.49
2.3.2.1.53","Level: Evolving
Level: Evolving
Level: Advancing","FFIEC-AIO-03.07
FFIEC-AIO-08.02
FFIEC-AIO-13.03
FFIEC-AIO-13.06
FFIEC-AIO-15.03","Rationale: Semantic; Relationship: Superset; Alignment Strength: 7
Rationale: Semantic; Relationship: Intersects; Alignment Strength: 5
Rationale: Semantic; Relationship: Superset; Alignment Strength: 6
Rationale: Semantic; Relationship: Subset; Alignment Strength: 5
Rationale: Semantic; Relationship: Superset; Alignment Strength: 5",,,"OSFI B-13-22
OSFI B-13-34
OSFI B-13-45","Rationale: Semantic; Relationship: Superset; Alignment Strength: 9
Rationale: Semantic; Relationship: Superset; Alignment Strength: 9
Rationale: Semantic; Relationship: Superset; Alignment Strength: 9",DORA-09-04,Rationale: Semantic; Relationship: Superset; Alignment Strength: 8,,,"CH-4.2.a
TR-7.4.1
TR-7.4.2","Type: Full
Type: Full
Type: Full","D3.CC.Pa.A.1
D3.CC.Pa.A.2
D3.CC.Pa.B.1
D3.CC.Pa.B.2
D3.CC.Pa.B.3
D3.CC.Pa.E.1
D3.CC.Pa.E.2
D3.CC.Pa.E.3
D3.CC.Pa.E.4
D3.CC.Pa.E.5
D3.CC.Pa.Int.1","Level: Advanced; Type: Full
Level: Advanced; Type: Full Summarily
Level: Baseline; Type: Full
Level: Baseline; Type: Full
Level: Baseline; Type: Full
Level: Evolving; Type: Full
Level: Evolving; Type: Full Summarily
Level: Evolving; Type: Full
Level: Evolving; Type: Full
Level: Evolving; Type: Full
Level: Intermediate; Type: Full Summarily",086.202,Level: Ds,FFIEC-DAM-13.01,Rationale: Semantic; Relationship: Superset,"RA-05
SI-02","Rationale: Semantic; Relationship: Superset; Alignment Strength: 9
Rationale: Semantic; Relationship: Equal; Alignment Strength: 10","ASIC-GP06.CM
ASIC-GP08.PC","Rationale: Semantic; Relationship: Superset
Rationale: Semantic; Relationship: Superset","EBA-36
EBA-55","Rationale: Semantic; Relationship: Superset; Alignment Strength: 9
Rationale: Semantic; Relationship: Superset; Alignment Strength: 9",JFSA-25,Rationale: Semantic; Relationship: Superset; Alignment Strength: 8,"7.1
7.2
7.3
7.4","Rationale: Semantic; Relationship: Superset
Rationale: Semantic; Relationship: Intersects
Rationale: Semantic; Relationship: Subset
Rationale: Semantic; Relationship: Subset",,
PR.PS-02.02,86.203,PROTECT,Platform Security,Software Maintenance & Replacement,10.0,"Tier: 1
Tier: 2
Tier: 3",PR.PS-02.02: The organization establishes standards and practices for ongoing application management to ensure that applications remain secure and continue to meet organizational needs.,PR.PS-02,,"#application_security
#application_security_testing
#policy_management
#vulnerability_management",,,OSFI CSSA-73,Rationale: Functional; Relationship: Intersects; Alignment Strength: 8,,,,,"APRA CPG 234-34
APRA CPG 234-41
APRA CPG 234-48
APRA CPG 234-49","Rationale: Semantic; Relationship: Intersects; Alignment Strength: 8; Functional Coverage Strength: 10
Rationale: Semantic; Relationship: Intersects; Alignment Strength: 9; Functional Coverage Strength: 10
Rationale: Semantic; Relationship: Intersects; Alignment Strength: 7; Functional Coverage Strength: 10
Rationale: Semantic; Relationship: Intersects; Alignment Strength: 6; Functional Coverage Strength: 9","NYDFS-12
NYDFS-13
NYDFS-14","Rationale: Semantic; Relationship: Intersects; Alignment Strength: 7
Rationale: Semantic; Relationship: Intersects; Alignment Strength: 7
Rationale: Semantic; Relationship: Intersects; Alignment Strength: 7",2.3.2.1.47,Level: Evolving,"FFIEC-AIO-06.05
FFIEC-AIO-13.04
FFIEC-AIO-13.07","Rationale: Semantic; Relationship: Superset; Alignment Strength: 8
Rationale: Semantic; Relationship: Superset; Alignment Strength: 8
Rationale: Semantic; Relationship: Superset; Alignment Strength: 7",,,OSFI B-13-16,Rationale: Semantic; Relationship: Intersects; Alignment Strength: 8,,,,,,,,,086.203,Level: Ds,"FFIEC-DAM-02.07
FFIEC-DAM-07.05
FFIEC-DAM-09.02","Rationale: Semantic; Relationship: Intersects
Rationale: Semantic; Relationship: Intersects
Rationale: Semantic; Relationship: Intersects","CM-09
MA-02
MA-06
SA-22
SI-02","Rationale: Semantic; Relationship: Intersects; Alignment Strength: 4
Rationale: Semantic; Relationship: Intersects; Alignment Strength: 9
Rationale: Semantic; Relationship: Intersects; Alignment Strength: 6
Rationale: Semantic; Relationship: Intersects; Alignment Strength: 9
Rationale: Semantic; Relationship: Subset; Alignment Strength: 8",,,EBA-67,Rationale: Semantic; Relationship: Intersects; Alignment Strength: 8,,,2.2,Rationale: Semantic; Relationship: Intersects,,
PR.PS-02.03,86.204,PROTECT,Platform Security,Software Maintenance & Replacement,10.0,"Tier: 1
Tier: 2
Tier: 3","PR.PS-02.03: Technology obsolescence, unsupported systems, and end-of-life decommissioning/replacements are addressed in a risk-based manner and actively planned for, funded, managed, and securely executed.",PR.PS-02,,"#asset_management
#vulnerability_management",,,OSFI CSSA-73,Rationale: Functional; Relationship: Equal; Alignment Strength: 10,,,ID.AM-2.SI,,"APRA CPG 234-24
APRA CPG 234-34
APRA CPG 234-37
APRA CPG 234-40
APRA CPG 234-41
APRA CPG 234-42
APRA CPG 234-43
APRA CPG 234-57
APRA CPG 234-58
APRA CPG 234-59","Rationale: Semantic; Relationship: Superset; Alignment Strength: 9; Functional Coverage Strength: 10
Rationale: Semantic; Relationship: Superset; Alignment Strength: 8; Functional Coverage Strength: 10
Rationale: Semantic; Relationship: Superset; Alignment Strength: 9; Functional Coverage Strength: 10
Rationale: Semantic; Relationship: Superset; Alignment Strength: 10; Functional Coverage Strength: 10
Rationale: Semantic; Relationship: Superset; Alignment Strength: 9; Functional Coverage Strength: 10
Rationale: Semantic; Relationship: Intersects; Alignment Strength: 9; Functional Coverage Strength: 10
Rationale: Semantic; Relationship: Equal; Alignment Strength: 10; Functional Coverage Strength: 10
Rationale: Semantic; Relationship: Intersects; Alignment Strength: 8; Functional Coverage Strength: 10
Rationale: Semantic; Relationship: Intersects; Alignment Strength: 7; Functional Coverage Strength: 10
Rationale: Semantic; Relationship: Intersects; Alignment Strength: 7; Functional Coverage Strength: 9",,,2.3.2.1.18,Level: Evolving,"FFIEC-AIO-04.04
FFIEC-AIO-13.04","Rationale: Semantic; Relationship: Superset; Alignment Strength: 4
Rationale: Semantic; Relationship: Superset; Alignment Strength: 8",,,OSFI B-13-12,Rationale: Semantic; Relationship: Equal; Alignment Strength: 10,DORA-08-07,Rationale: Semantic; Relationship: Intersects; Alignment Strength: 9,,,"TR-7.3.1
TR-7.3.2
TR-7.3.3","Type: Full
Type: Full
Type: Full Summarily","D1.G.IT.E.3
D1.RM.RA.E.3
D3.PC.Im.E.7
D3.PC.Im.E.8","Level: Evolving; Type: Full
Level: Evolving; Type: Full
Level: Evolving; Type: Full Summarily
Level: Evolving; Type: Full Summarily",086.204,Level: Ds,"FFIEC-DAM-02.07
FFIEC-DAM-09.02
FFIEC-DAM-13.02","Rationale: Semantic; Relationship: Intersects
Rationale: Semantic; Relationship: Intersects
Rationale: Semantic; Relationship: Superset","SA-22
SI-02","Rationale: Semantic; Relationship: Intersects; Alignment Strength: 9
Rationale: Semantic; Relationship: Subset; Alignment Strength: 8",,,EBA-55,Rationale: Semantic; Relationship: Superset; Alignment Strength: 9,,,12.1,Rationale: Semantic; Relationship: Subset,,
PR.PS-03.01,87.205,PROTECT,Platform Security,Hardware Maintenance,10.0,"Tier: 1
Tier: 2
Tier: 3","PR.PS-03.01: The organization defines and implements controls for the on-site and remote maintenance and repair of the organization's technology assets (e.g., work must be performed by authorized personnel, use of approved procedures and tools, use of original or vendor-approved spare parts).",PR.PS-03,,"#authentication
#authorization
#identity_and_access_management
#infrastructure_security
#physical_security
#policy_management
#privileged_access
#remote_access",,,,,,,PR.MA-1.MT,,,,,,,,"FFIEC-AIO-13.08
FFIEC-AIO-13.09
FFIEC-AIO-14.01
FFIEC-AIO-15.01","Rationale: Semantic; Relationship: Superset; Alignment Strength: 5
Rationale: Semantic; Relationship: Subset; Alignment Strength: 2
Rationale: Semantic; Relationship: Subset; Alignment Strength: 2
Rationale: Semantic; Relationship: Superset; Alignment Strength: 2",,,"OSFI B-13-08
OSFI B-13-49","Rationale: Semantic; Relationship: Intersects; Alignment Strength: 7
Rationale: Semantic; Relationship: Intersects; Alignment Strength: 8",,,,,,,"D3.CC.Re.Int.5
D3.CC.Re.Int.6","Level: Intermediate; Type: Full
Level: Intermediate; Type: Full",087.205,Level: Ds,"FFIEC-DAM-02.07
FFIEC-DAM-13.01","Rationale: Semantic; Relationship: Intersects
Rationale: Semantic; Relationship: Superset","MA-02
MA-03
MA-04
MA-05
MA-06
MA-07","Rationale: Semantic; Relationship: Superset; Alignment Strength: 9
Rationale: Semantic; Relationship: Subset; Alignment Strength: 10
Rationale: Semantic; Relationship: Subset; Alignment Strength: 10
Rationale: Semantic; Relationship: Subset; Alignment Strength: 10
Rationale: Semantic; Relationship: Superset; Alignment Strength: 7
Rationale: Semantic; Relationship: Subset; Alignment Strength: 10",,,"EBA-33
EBA-34","Rationale: Semantic; Relationship: Superset; Alignment Strength: 8
Rationale: Semantic; Relationship: Superset; Alignment Strength: 9",,,,,,
PR.PS-04.01,88.206,PROTECT,Platform Security,Log Record Generation,10.0,"Tier: 1
Tier: 2
Tier: 3
Tier: 4","PR.PS-04.01: The organization establishes and regularly reviews log management standards and practices, to include the types of events to be detected, log content, security and access considerations, monitoring protocols, integrity checking mechanisms, and retention periods.",PR.PS-04,,"#data_retention
#security_logging_monitoring_and_alerting
#system_integrity",,,OSFI CSSA-54,Rationale: Functional; Relationship: Equal; Alignment Strength: 10,,,"DE.AE-2.EI
DE.AE-3.AR
PR.PT-1.LM","

",APRA CPG 234-67,Rationale: Semantic; Relationship: Superset; Alignment Strength: 8; Functional Coverage Strength: 10,NYDFS-15,Rationale: Semantic; Relationship: Intersects; Alignment Strength: 5,"2.4.2.11
2.5.2.4.45
2.5.2.4.47","Level: Evolving
Level: Evolving
Level: Evolving","FFIEC-AIO-03.07
FFIEC-AIO-13.06
FFIEC-AIO-15.02
FFIEC-AIO-15.07","Rationale: Semantic; Relationship: Superset; Alignment Strength: 6
Rationale: Semantic; Relationship: Subset; Alignment Strength: 8
Rationale: Semantic; Relationship: Superset; Alignment Strength: 6
Rationale: Semantic; Relationship: Subset; Alignment Strength: 5",,,OSFI B-13-50,Rationale: Semantic; Relationship: Superset; Alignment Strength: 9,DORA-11-08,Rationale: Semantic; Relationship: Superset; Alignment Strength: 8,,,TR-12.2.2,Type: Full Summarily,D1.RM.Au.B.3,Level: Baseline; Type: Partial,088.206,Level: Ds,"FFIEC-DAM-04.09
FFIEC-DAM-14.03","Rationale: Semantic; Relationship: Intersects
Rationale: Semantic; Relationship: Intersects","AU-02
AU-03
AU-04
AU-06
AU-07
AU-09
AU-11
AU-14
CA-07","Rationale: Semantic; Relationship: Subset; Alignment Strength: 9
Rationale: Semantic; Relationship: Subset; Alignment Strength: 9
Rationale: Semantic; Relationship: Intersects; Alignment Strength: 9
Rationale: Semantic; Relationship: Intersects; Alignment Strength: 9
Rationale: Semantic; Relationship: Intersects; Alignment Strength: 9
Rationale: Semantic; Relationship: Subset; Alignment Strength: 9
Rationale: Semantic; Relationship: Subset; Alignment Strength: 9
Rationale: Semantic; Relationship: Subset; Alignment Strength: 9
Rationale: Semantic; Relationship: Intersects; Alignment Strength: 8",,,"EBA-38
EBA-40
EBA-52","Rationale: Semantic; Relationship: Superset; Alignment Strength: 8
Rationale: Semantic; Relationship: Superset; Alignment Strength: 7
Rationale: Semantic; Relationship: Superset; Alignment Strength: 8",JFSA-16,Rationale: Semantic; Relationship: Superset; Alignment Strength: 8,"13.1
13.6
3.14
8.1
8.10
8.12
8.3
8.5
8.6
8.7
8.8
8.9","Rationale: Semantic; Relationship: Intersects
Rationale: Semantic; Relationship: Intersects
Rationale: Semantic; Relationship: Intersects
Rationale: Semantic; Relationship: Superset
Rationale: Semantic; Relationship: Subset
Rationale: Semantic; Relationship: Intersects
Rationale: Semantic; Relationship: Subset
Rationale: Semantic; Relationship: Subset
Rationale: Semantic; Relationship: Intersects
Rationale: Semantic; Relationship: Intersects
Rationale: Semantic; Relationship: Intersects
Rationale: Semantic; Relationship: Intersects",,
PR.PS-04.02,88.207,PROTECT,Platform Security,Log Record Generation,10.0,"Tier: 1
Tier: 2
Tier: 3
Tier: 4","PR.PS-04.02: The organization defines the scope and coverage of audit/log records to be created and monitored (i.e., internal and external environments, devices, and applications/services/software to be monitored) and has controls in place to ensure that the intended scope is fully covered and that no logging failures are inhibiting the collection of required logs.",PR.PS-04,,"#security_baselines
#security_logging_monitoring_and_alerting
#system_hardening
#technology_availability",,,OSFI CSSA-54,Rationale: Functional; Relationship: Superset; Alignment Strength: 9,,,"DE.AE-2.EI
DE.AE-3.AR
DE.CM-1.NS
PR.PT-1.LM","


",,,NYDFS-33,Rationale: Semantic; Relationship: Superset; Alignment Strength: 5,2.4.2.11,Level: Evolving,"FFIEC-AIO-13.06
FFIEC-AIO-15.07","Rationale: Semantic; Relationship: Subset; Alignment Strength: 8
Rationale: Semantic; Relationship: Subset; Alignment Strength: 5",,,"OSFI B-13-50
OSFI B-13-51","Rationale: Semantic; Relationship: Superset; Alignment Strength: 9
Rationale: Semantic; Relationship: Superset; Alignment Strength: 9",,,,,TR-12.2.2,Type: Full Summarily,"D3.DC.An.B.1
D3.DC.Ev.Int.3","Level: Baseline; Type: Full Summarily
Level: Intermediate; Type: Partial",088.207,Level: Ds,FFIEC-DAM-04.09,Rationale: Semantic; Relationship: Intersects,"AU-02
AU-03
AU-04
AU-05
AU-06
AU-12
CA-07","Rationale: Semantic; Relationship: Subset; Alignment Strength: 9
Rationale: Semantic; Relationship: Subset; Alignment Strength: 9
Rationale: Semantic; Relationship: Intersects; Alignment Strength: 9
Rationale: Semantic; Relationship: Subset; Alignment Strength: 8
Rationale: Semantic; Relationship: Intersects; Alignment Strength: 9
Rationale: Semantic; Relationship: Subset; Alignment Strength: 9
Rationale: Semantic; Relationship: Intersects; Alignment Strength: 8",ASIC-GP09.MS,Rationale: Semantic; Relationship: Superset,"EBA-40
EBA-52","Rationale: Semantic; Relationship: Superset; Alignment Strength: 7
Rationale: Functional; Relationship: Superset; Alignment Strength: 6",,,"1.4
13.6
3.14
8.1
8.12
8.2
8.5
8.6
8.7
8.8
8.9","Rationale: Semantic; Relationship: Intersects
Rationale: Semantic; Relationship: Intersects
Rationale: Semantic; Relationship: Intersects
Rationale: Semantic; Relationship: Intersects
Rationale: Semantic; Relationship: Intersects
Rationale: Semantic; Relationship: Intersects
Rationale: Semantic; Relationship: Subset
Rationale: Semantic; Relationship: Intersects
Rationale: Semantic; Relationship: Intersects
Rationale: Semantic; Relationship: Intersects
Rationale: Semantic; Relationship: Intersects",,
PR.PS-04.03,88.208,PROTECT,Platform Security,Log Record Generation,10.0,"Tier: 1
Tier: 2
Tier: 3
Tier: 4","PR.PS-04.03: The organization's activity logs and other security event logs are generated, reviewed, securely stored, and retained in accordance with data retention obligations and established standards.",PR.PS-04,,"#data_protection
#data_retention
#least_privileged_access
#policy_management
#security_logging_monitoring_and_alerting",,,"OSFI CSSA-54
OSFI CSSA-57","Rationale: Functional; Relationship: Intersects; Alignment Strength: 8
Rationale: Functional; Relationship: Equal; Alignment Strength: 10",,,"DE.AE-2.EI
DE.AE-3.AR
PR.PT-1.LM","

",,,"NYDFS-15
NYDFS-16","Rationale: Semantic; Relationship: Intersects; Alignment Strength: 5
Rationale: Semantic; Relationship: Superset; Alignment Strength: 7","2.4.2.11
2.5.2.4.47","Level: Evolving
Level: Evolving",FFIEC-AIO-15.07,Rationale: Semantic; Relationship: Subset; Alignment Strength: 5,,,OSFI B-13-50,Rationale: Semantic; Relationship: Superset; Alignment Strength: 9,DORA-11-08,Rationale: Semantic; Relationship: Superset; Alignment Strength: 8,,,TR-12.2.2,Type: Full Summarily,"D2.MA.Ma.B.1
D3.DC.An.Int.4","Level: Baseline; Type: Full
Level: Intermediate; Type: Full",088.208,Level: Ds,FFIEC-DAM-04.09,Rationale: Semantic; Relationship: Intersects,"AU-02
AU-04
AU-06
AU-07
AU-09
AU-11
AU-12","Rationale: Semantic; Relationship: Subset; Alignment Strength: 9
Rationale: Semantic; Relationship: Intersects; Alignment Strength: 9
Rationale: Semantic; Relationship: Intersects; Alignment Strength: 9
Rationale: Semantic; Relationship: Superset; Alignment Strength: 9
Rationale: Semantic; Relationship: Subset; Alignment Strength: 9
Rationale: Semantic; Relationship: Subset; Alignment Strength: 9
Rationale: Semantic; Relationship: Subset; Alignment Strength: 9",,,EBA-52,Rationale: Semantic; Relationship: Superset; Alignment Strength: 8,JFSA-16,Rationale: Semantic; Relationship: Superset; Alignment Strength: 7,"3.12
8.1
8.10
8.11
8.5
8.9","Rationale: Semantic; Relationship: Intersects
Rationale: Semantic; Relationship: Intersects
Rationale: Semantic; Relationship: Intersects
Rationale: Semantic; Relationship: Intersects
Rationale: Semantic; Relationship: Intersects
Rationale: Semantic; Relationship: Intersects",NAIC-IDSML-12,Rationale: Semantic; Relationship: Intersects
PR.PS-05.01,89.209,PROTECT,Platform Security,Unauthorized Software Installation & Execution,10.0,"Tier: 1
Tier: 2
Tier: 3
Tier: 4","PR.PS-05.01: The organization has policies, procedures, and tools in place to detect and block malware from infecting networks and systems, including automatically updating malware signatures and behavior profiles on all endpoints.",PR.PS-05,,"#endpoint_security
#infrastructure_security
#malware_protection
#policy_management
#security_logging_monitoring_and_alerting",,,OSFI CSSA-37,Rationale: Functional; Relationship: Superset; Alignment Strength: 9,HK-SFC-2.05,Rationale: Functional; Relationship: Superset,DE.CM-4.AA,,APRA CPG 234-52,Rationale: Semantic; Relationship: Superset; Alignment Strength: 7; Functional Coverage Strength: 10,NYDFS-32,Rationale: Semantic; Relationship: Superset; Alignment Strength: 7,2.3.2.1.23,Level: Advancing,,,,,OSFI B-13-43,Rationale: Semantic; Relationship: Superset; Alignment Strength: 9,,,,,"CH-4.5.a
TR-11.3.3
TR-11.3.4","Type: Full Summarily
Type: Full Summarily
Type: Full","D3.DC.Th.B.2
D3.DC.Th.E.3
D3.PC.De.E.5
D3.PC.Im.B.4
D3.PC.Im.B.8
D3.PC.Im.E.2
D3.PC.Im.Int.6","Level: Baseline; Type: Full Summarily
Level: Evolving; Type: Full
Level: Evolving; Type: Full Summarily
Level: Baseline; Type: Full Summarily
Level: Baseline; Type: Full Summarily
Level: Evolving; Type: Full Summarily
Level: Intermediate; Type: Full Summarily",089.209,Level: Ds,,,SI-03,Rationale: Semantic; Relationship: Superset; Alignment Strength: 9,,,EBA-36,Rationale: Semantic; Relationship: Superset; Alignment Strength: 8,"JFSA-13
JFSA-23
JFSA-27","Rationale: Semantic; Relationship: Superset; Alignment Strength: 8
Rationale: Semantic; Relationship: Superset; Alignment Strength: 8
Rationale: Semantic; Relationship: Intersects; Alignment Strength: 4","10.1
10.2
10.4
10.6
10.7
9.3
9.6
9.7","Rationale: Semantic; Relationship: Equivalent
Rationale: Semantic; Relationship: Intersects
Rationale: Semantic; Relationship: Intersects
Rationale: Semantic; Relationship: Subset
Rationale: Semantic; Relationship: Subset
Rationale: Semantic; Relationship: Intersects
Rationale: Semantic; Relationship: Intersects
Rationale: Semantic; Relationship: Subset",,
PR.PS-05.02,89.21,PROTECT,Platform Security,Unauthorized Software Installation & Execution,10.0,"Tier: 1
Tier: 2
Tier: 3
Tier: 4","PR.PS-05.02: The organization implements safeguards against unauthorized mobile code (e.g., JavaScript, ActiveX, VBScript, PowerShell, etc.) on mobile, end point, and server systems.",PR.PS-05,,"#endpoint_security
#malware_protection
#mobile_device_management
#security_baselines
#security_logging_monitoring_and_alerting",,,OSFI CSSA-37,Rationale: Functional; Relationship: Superset; Alignment Strength: 9,HK-SFC-2.05,Rationale: Functional; Relationship: Superset,"DE.CM-4.AA
DE.CM-5.UM","
",,,NYDFS-32,Rationale: Semantic; Relationship: Superset; Alignment Strength: 7,2.3.2.1.23,Level: Advancing,,,,,OSFI B-13-43,Rationale: Semantic; Relationship: Superset; Alignment Strength: 9,,,,,CH-4.5.a,Type: Full Summarily,"D3.DC.Th.B.2
D3.PC.De.E.5
D3.PC.Im.B.8
D3.PC.Im.Int.6","Level: Baseline; Type: Full Summarily
Level: Evolving; Type: Full Summarily
Level: Baseline; Type: Full Summarily
Level: Intermediate; Type: Full Summarily",089.210,Level: Ds,,,"SC-18
SC-35
SI-03","Rationale: Semantic; Relationship: Equal To; Alignment Strength: 10
Rationale: Semantic; Relationship: Intersects; Alignment Strength: 9
Rationale: Semantic; Relationship: Superset; Alignment Strength: 9",,,EBA-36,Rationale: Semantic; Relationship: Superset; Alignment Strength: 8,JFSA-13,Rationale: Semantic; Relationship: Superset; Alignment Strength: 8,"10.1
10.6
2.5
2.7
9.3
9.4
9.6","Rationale: Semantic; Relationship: Superset
Rationale: Semantic; Relationship: Subset
Rationale: Semantic; Relationship: Intersects
Rationale: Semantic; Relationship: Intersects
Rationale: Semantic; Relationship: Intersects
Rationale: Semantic; Relationship: Intersects
Rationale: Semantic; Relationship: Intersects",,
PR.PS-05.03,89.211,PROTECT,Platform Security,Unauthorized Software Installation & Execution,10.0,"Tier: 1
Tier: 2
Tier: 3
Tier: 4","PR.PS-05.03: The organization has policies, procedures, and tools in place to detect, isolate, and block the use of attached malware or malicious links present in email or message services.",PR.PS-05,,"#endpoint_security
#infrastructure_security
#malware_protection
#policy_management",,,OSFI CSSA-37,Rationale: Functional; Relationship: Superset; Alignment Strength: 9,HK-SFC-2.05,Rationale: Functional; Relationship: Superset,DE.CM-4.AA,,APRA CPG 234-21,Rationale: Semantic; Relationship: Intersects; Alignment Strength: 7; Functional Coverage Strength: 10,NYDFS-32,Rationale: Semantic; Relationship: Superset; Alignment Strength: 7,2.3.2.1.23,Level: Advancing,,,,,OSFI B-13-43,Rationale: Semantic; Relationship: Superset; Alignment Strength: 9,,,,,"TR-11.3.3
TR-14.1.6","Type: Full Summarily
Type: Full Summarily","D3.DC.Th.B.2
D3.DC.Th.B.4
D3.DC.Th.Inn.1
D3.DC.Th.Int.2
D3.PC.Im.B.4
D3.PC.Im.Int.6","Level: Baseline; Type: Full Summarily
Level: Baseline; Type: Full
Level: Innovative; Type: Full Summarily
Level: Intermediate; Type: Full
Level: Baseline; Type: Full Summarily
Level: Intermediate; Type: Full Summarily",089.211,Level: Ds,,,"SI-03
SI-08","Rationale: Semantic; Relationship: Superset; Alignment Strength: 9
Rationale: Semantic; Relationship: Intersects; Alignment Strength: 8",,,"EBA-36
EBA-39","Rationale: Functional; Relationship: Intersects; Alignment Strength: 6
Rationale: Semantic; Relationship: Superset; Alignment Strength: 7",JFSA-13,Rationale: Semantic; Relationship: Superset; Alignment Strength: 8,"10.1
10.6
10.7
2.5
9.3
9.6
9.7","Rationale: Semantic; Relationship: Superset
Rationale: Semantic; Relationship: Subset
Rationale: Semantic; Relationship: Subset
Rationale: Semantic; Relationship: Intersects
Rationale: Semantic; Relationship: Intersects
Rationale: Semantic; Relationship: Intersects
Rationale: Semantic; Relationship: Subset",,
PR.PS-06.01,90.212,PROTECT,Platform Security,Secure Systems Development Practices,10.0,"Tier: 1
Tier: 2
Tier: 3","PR.PS-06.01: The organization implements Secure Systems Development Lifecycle processes for in-house software design, configuration, and development, employing best practices from secure-by-design methodologies (e.g., secure coding, code review, application security testing, etc.) during all phases of both traditional and agile projects.",PR.PS-06,,"#application_security
#application_security_testing
#secure_system_development
#security_baselines
#technology_development_lifecycle
#vulnerability_management",,,"OSFI CSSA-37
OSFI CSSA-62
OSFI CSSA-63","Rationale: Functional; Relationship: Intersects; Alignment Strength: 7
Rationale: Functional; Relationship: Equal; Alignment Strength: 10
Rationale: Functional; Relationship: Intersects; Alignment Strength: 7",,,"SA.SD-1.DG
SA.SD-1.SC","
","APRA CPG 234-16
APRA CPG 234-48
APRA CPG 234-49
APRA CPG 234-61","Rationale: Semantic; Relationship: Superset; Alignment Strength: 7; Functional Coverage Strength: 10
Rationale: Semantic; Relationship: Superset; Alignment Strength: 8; Functional Coverage Strength: 10
Rationale: Semantic; Relationship: Superset; Alignment Strength: 6; Functional Coverage Strength: 9
Rationale: Semantic; Relationship: Intersects; Alignment Strength: 8; Functional Coverage Strength: 10","NYDFS-07
NYDFS-20","Rationale: Semantic; Relationship: Superset; Alignment Strength: 6
Rationale: Semantic; Relationship: Superset; Alignment Strength: 7","2.3.2.1.4
2.3.2.1.44
2.3.2.1.7
2.5.2.2.30
2.6.2.13
2.6.2.24","Level: Evolving
Level: Evolving
Level: Advancing
Level: Innovating
Level: Evolving
Level: Advancing","FFIEC-AIO-03.08
FFIEC-AIO-13.06
FFIEC-AIO-13.07","Rationale: Semantic; Relationship: Superset; Alignment Strength: 6
Rationale: Semantic; Relationship: Subset; Alignment Strength: 6
Rationale: Semantic; Relationship: Superset; Alignment Strength: 5",,,"OSFI B-13-14
OSFI B-13-15
OSFI B-13-16
OSFI B-13-18
OSFI B-13-40
OSFI B-13-48","Rationale: Semantic; Relationship: Superset; Alignment Strength: 9
Rationale: Semantic; Relationship: Superset; Alignment Strength: 9
Rationale: Semantic; Relationship: Superset; Alignment Strength: 9
Rationale: Semantic; Relationship: Superset; Alignment Strength: 9
Rationale: Semantic; Relationship: Intersects; Alignment Strength: 9
Rationale: Semantic; Relationship: Intersects; Alignment Strength: 8",,,,,"TR-5.4.1
TR-5.4.4
TR-5.6.1
TR-6.1.1
TR-6.1.2
TR-6.2.1
TR-6.2.2
TR-6.3.2
TR-A.1
TR-A.2","Type: Full Summarily
Type: Full
Type: Full Summarily
Type: Full
Type: Full
Type: Full
Type: Full
Type: Full Summarily
Type: Full Summarily
Type: Full Summarily","D3.PC.Se.B.1
D3.PC.Se.E.1
D3.PC.Se.Inn.1","Level: Baseline; Type: Full
Level: Evolving; Type: Full Summarily
Level: Innovative; Type: Full Summarily",090.212,Level: Ds,"FFIEC-DAM-02.05
FFIEC-DAM-04.05
FFIEC-DAM-06.01
FFIEC-DAM-07.01
FFIEC-DAM-10.01","Rationale: Semantic; Relationship: Intersects
Rationale: Semantic; Relationship: Intersects
Rationale: Semantic; Relationship: Superset
Rationale: Semantic; Relationship: Intersects
Rationale: Semantic; Relationship: Superset","SA-03
SA-08
SA-10
SA-11
SA-15
SA-17","Rationale: Semantic; Relationship: Intersects; Alignment Strength: 9
Rationale: Semantic; Relationship: Equal; Alignment Strength: 9
Rationale: Semantic; Relationship: Intersects; Alignment Strength: 8
Rationale: Semantic; Relationship: Intersects; Alignment Strength: 9
Rationale: Semantic; Relationship: Subset; Alignment Strength: 9
Rationale: Semantic; Relationship: Equal; Alignment Strength: 8",ASIC-GP08.PC,Rationale: Semantic; Relationship: Intersects,"EBA-41
EBA-63
EBA-65
EBA-67
EBA-68
EBA-69
EBA-70
EBA-72
EBA-73","Rationale: Functional; Relationship: Intersects; Alignment Strength: 6
Rationale: Semantic; Relationship: Intersects; Alignment Strength: 8
Rationale: Functional; Relationship: Intersects; Alignment Strength: 4
Rationale: Semantic; Relationship: Intersects; Alignment Strength: 8
Rationale: Semantic; Relationship: Intersects; Alignment Strength: 7
Rationale: Semantic; Relationship: Intersects; Alignment Strength: 7
Rationale: Semantic; Relationship: Intersects; Alignment Strength: 7
Rationale: Functional; Relationship: Intersects; Alignment Strength: 7
Rationale: Semantic; Relationship: Intersects; Alignment Strength: 7","JFSA-33
JFSA-35","Rationale: Semantic; Relationship: Superset; Alignment Strength: 7
Rationale: Functional; Relationship: Superset; Alignment Strength: 6","16.1
16.10
16.11
16.7
4.8","Rationale: Semantic; Relationship: Equivalent
Rationale: Semantic; Relationship: Intersects
Rationale: Semantic; Relationship: Intersects
Rationale: Semantic; Relationship: Intersects
Rationale: Semantic; Relationship: Intersects",,
PR.PS-06.02,90.213,PROTECT,Platform Security,Secure Systems Development Practices,10.0,"Tier: 1
Tier: 2
Tier: 3","PR.PS-06.02: The architecture, design, coding, testing, and operationalization of system solutions address the unique security, resilience, technical, and operational characteristics of the target platform environment(s) (e.g., distributed system, mainframe, cloud, API, mobile, database, etc.)",PR.PS-06,,"#application_security
#architecture
#cryptography_management
#infrastructure_security
#mission_and_strategy
#resilience",,,OSFI CSSA-36,Rationale: Functional; Relationship: Intersects; Alignment Strength: 7,,,,,APRA CPG 234-48,Rationale: Semantic; Relationship: Superset; Alignment Strength: 7; Functional Coverage Strength: 10,NYDFS-20,Rationale: Semantic; Relationship: Superset; Alignment Strength: 7,,,"FFIEC-AIO-06.01
FFIEC-AIO-06.05
FFIEC-AIO-08.02
FFIEC-AIO-11.01
FFIEC-AIO-12.05
FFIEC-AIO-12.06
FFIEC-AIO-13.06","Rationale: Semantic; Relationship: Superset; Alignment Strength: 7
Rationale: Semantic; Relationship: Superset; Alignment Strength: 7
Rationale: Semantic; Relationship: Superset; Alignment Strength: 8
Rationale: Semantic; Relationship: Superset; Alignment Strength: 7
Rationale: Semantic; Relationship: Superset; Alignment Strength: 4
Rationale: Semantic; Relationship: Superset; Alignment Strength: 4
Rationale: Semantic; Relationship: Subset; Alignment Strength: 8",,,"OSFI B-13-07
OSFI B-13-14
OSFI B-13-16
OSFI B-13-18
OSFI B-13-35
OSFI B-13-40","Rationale: Semantic; Relationship: Intersects; Alignment Strength: 7
Rationale: Semantic; Relationship: Superset; Alignment Strength: 9
Rationale: Semantic; Relationship: Superset; Alignment Strength: 9
Rationale: Semantic; Relationship: Superset; Alignment Strength: 8
Rationale: Semantic; Relationship: Intersects; Alignment Strength: 7
Rationale: Semantic; Relationship: Intersects; Alignment Strength: 9",DORA-06-08,Rationale: Semantic; Relationship: Superset; Alignment Strength: 7,,,"TR-14.1.1
TR-14.1.4
TR-5.5.2
TR-6.4.1
TR-6.4.4
TR-C.1","Type: Full Summarily
Type: Full
Type: Full Summarily
Type: Full Summarily
Type: Full Summarily
Type: Partial","D3.PC.Se.Int.2
D5.DR.Re.Inn.2","Level: Intermediate; Type: Full Summarily
Level: Innovative; Type: Partial",090.213,Level: Ds,"FFIEC-DAM-04.05
FFIEC-DAM-04.07
FFIEC-DAM-04.09
FFIEC-DAM-06.01
FFIEC-DAM-07.03
FFIEC-DAM-10.01
FFIEC-DAM-10.02","Rationale: Semantic; Relationship: Intersects
Rationale: Semantic; Relationship: Intersects
Rationale: Semantic; Relationship: Intersects
Rationale: Semantic; Relationship: Superset
Rationale: Semantic; Relationship: Intersects
Rationale: Semantic; Relationship: Intersects
Rationale: Semantic; Relationship: Intersects","PL-02
PL-07
PL-08
SA-08
SA-11
SA-15
SA-17
SA-23","Rationale: Semantic; Relationship: Intersects; Alignment Strength: 5
Rationale: Semantic; Relationship: Intersects; Alignment Strength: 7
Rationale: Semantic; Relationship: Intersects; Alignment Strength: 8
Rationale: Semantic; Relationship: Intersects; Alignment Strength: 8
Rationale: Semantic; Relationship: Intersects; Alignment Strength: 9
Rationale: Semantic; Relationship: Intersects; Alignment Strength: 8
Rationale: Semantic; Relationship: Intersects; Alignment Strength: 9
Rationale: Semantic; Relationship: Subset; Alignment Strength: 8",,,EBA-73,Rationale: Semantic; Relationship: Intersects; Alignment Strength: 7,JFSA-35,Rationale: Functional; Relationship: Superset; Alignment Strength: 6,"16.1
16.10
16.7","Rationale: Semantic; Relationship: Superset
Rationale: Semantic; Relationship: Intersects
Rationale: Semantic; Relationship: Intersects",,
PR.PS-06.03,90.214,PROTECT,Platform Security,Secure Systems Development Practices,10.0,"Tier: 1
Tier: 2
Tier: 3","PR.PS-06.03: Functional, operational, resilience, and security requirements for system development and implementation projects are documented, agreed to by relevant stakeholders, and tracked and managed through development, testing, assurance, acceptance, and delivery.",PR.PS-06,,"#application_security
#architecture
#infrastructure_security
#resilience
#secure_system_development
#security_baselines
#technology_development_lifecycle",,,,,,,,,"APRA CPG 234-13
APRA CPG 234-35
APRA CPG 234-48
APRA CPG 234-49
APRA CPG 234-56","Rationale: Semantic; Relationship: Superset; Alignment Strength: 7; Functional Coverage Strength: 10
Rationale: Semantic; Relationship: Superset; Alignment Strength: 9; Functional Coverage Strength: 10
Rationale: Semantic; Relationship: Superset; Alignment Strength: 7; Functional Coverage Strength: 10
Rationale: Semantic; Relationship: Intersects; Alignment Strength: 6; Functional Coverage Strength: 9
Rationale: Semantic; Relationship: Intersects; Alignment Strength: 7; Functional Coverage Strength: 9","NYDFS-15
NYDFS-20","Rationale: Semantic; Relationship: Intersects; Alignment Strength: 9
Rationale: Semantic; Relationship: Superset; Alignment Strength: 7","2.3.2.1.44
2.3.2.1.7
2.5.2.2.30","Level: Evolving
Level: Advancing
Level: Innovating","FFIEC-AIO-02.12
FFIEC-AIO-06.01
FFIEC-AIO-06.05
FFIEC-AIO-08.02
FFIEC-AIO-12.01
FFIEC-AIO-12.02
FFIEC-AIO-12.03
FFIEC-AIO-12.04
FFIEC-AIO-12.06
FFIEC-AIO-13.06
FFIEC-AIO-13.07","Rationale: Semantic; Relationship: Superset; Alignment Strength: 7
Rationale: Semantic; Relationship: Superset; Alignment Strength: 7
Rationale: Semantic; Relationship: Superset; Alignment Strength: 7
Rationale: Semantic; Relationship: Superset; Alignment Strength: 8
Rationale: Semantic; Relationship: Superset; Alignment Strength: 6
Rationale: Semantic; Relationship: Superset; Alignment Strength: 3
Rationale: Semantic; Relationship: Superset; Alignment Strength: 7
Rationale: Semantic; Relationship: Superset; Alignment Strength: 8
Rationale: Semantic; Relationship: Superset; Alignment Strength: 4
Rationale: Semantic; Relationship: Subset; Alignment Strength: 7
Rationale: Semantic; Relationship: Superset; Alignment Strength: 5",,,"OSFI B-13-14
OSFI B-13-15
OSFI B-13-16
OSFI B-13-40","Rationale: Semantic; Relationship: Superset; Alignment Strength: 9
Rationale: Semantic; Relationship: Intersects; Alignment Strength: 9
Rationale: Semantic; Relationship: Superset; Alignment Strength: 9
Rationale: Semantic; Relationship: Intersects; Alignment Strength: 9",DORA-06-08,Rationale: Semantic; Relationship: Superset; Alignment Strength: 7,,,"TR-5.5.1
TR-5.5.2
TR-5.6.2
TR-5.7.2","Type: Full
Type: Full Summarily
Type: Full
Type: Full",,,090.214,Level: Ds,"FFIEC-DAM-04.05
FFIEC-DAM-04.11
FFIEC-DAM-06.01
FFIEC-DAM-06.02
FFIEC-DAM-07.01
FFIEC-DAM-07.02
FFIEC-DAM-07.03
FFIEC-DAM-07.04
FFIEC-DAM-10.01","Rationale: Semantic; Relationship: Intersects
Rationale: Semantic; Relationship: Intersects
Rationale: Semantic; Relationship: Intersects
Rationale: Semantic; Relationship: Intersects
Rationale: Semantic; Relationship: Intersects
Rationale: Semantic; Relationship: Intersects
Rationale: Semantic; Relationship: Intersects
Rationale: Semantic; Relationship: Intersects
Rationale: Semantic; Relationship: Intersects","PL-02
PL-07
PM-10
SA-10
SA-11
SA-17","Rationale: Semantic; Relationship: Intersects; Alignment Strength: 6
Rationale: Semantic; Relationship: Intersects; Alignment Strength: 7
Rationale: Semantic; Relationship: Superset; Alignment Strength: 5
Rationale: Semantic; Relationship: Intersects; Alignment Strength: 7
Rationale: Semantic; Relationship: Intersects; Alignment Strength: 9
Rationale: Semantic; Relationship: Intersects; Alignment Strength: 9",,,"EBA-51
EBA-62
EBA-63
EBA-64
EBA-65
EBA-66
EBA-67
EBA-68
EBA-69
EBA-70
EBA-74
EBA-79","Rationale: Semantic; Relationship: Intersects; Alignment Strength: 8
Rationale: Semantic; Relationship: Intersects; Alignment Strength: 8
Rationale: Semantic; Relationship: Intersects; Alignment Strength: 7
Rationale: Functional; Relationship: Intersects; Alignment Strength: 8
Rationale: Functional; Relationship: Intersects; Alignment Strength: 4
Rationale: Functional; Relationship: Intersects; Alignment Strength: 6
Rationale: Semantic; Relationship: Superset; Alignment Strength: 8
Rationale: Semantic; Relationship: Equal; Alignment Strength: 10
Rationale: Semantic; Relationship: Intersects; Alignment Strength: 7
Rationale: Semantic; Relationship: Intersects; Alignment Strength: 9
Rationale: Semantic; Relationship: Intersects; Alignment Strength: 8
Rationale: Semantic; Relationship: Intersects; Alignment Strength: 8","JFSA-33
JFSA-34
JFSA-35","Rationale: Semantic; Relationship: Superset; Alignment Strength: 7
Rationale: Functional; Relationship: Superset; Alignment Strength: 5
Rationale: Functional; Relationship: Superset; Alignment Strength: 7",16.1,Rationale: Semantic; Relationship: Superset,,
PR.PS-06.04,90.215,PROTECT,Platform Security,Secure Systems Development Practices,10.0,"Tier: 1
Tier: 2
Tier: 3","PR.PS-06.04: Systems development and testing tools, processes, and environments employ security mechanisms to protect and improve the integrity and confidentiality of both the SDLC process and the resulting product (e.g., secured code repositories, segmented environments, automated builds, etc.)",PR.PS-06,,"#application_security
#application_security_testing
#architecture
#cryptography_management
#data_protection
#infrastructure_security
#secure_system_development
#security_baselines
#technology_development_lifecycle",,,OSFI CSSA-63,Rationale: Functional; Relationship: Intersects; Alignment Strength: 8,,,SA.SD-1.SO,,"APRA CPG 234-48
APRA CPG 234-61","Rationale: Semantic; Relationship: Superset; Alignment Strength: 8; Functional Coverage Strength: 10
Rationale: Semantic; Relationship: Intersects; Alignment Strength: 8; Functional Coverage Strength: 10",NYDFS-20,Rationale: Semantic; Relationship: Superset; Alignment Strength: 7,"2.3.2.1.44
2.3.2.1.54","Level: Evolving
Level: Advancing","FFIEC-AIO-03.08
FFIEC-AIO-13.07","Rationale: Semantic; Relationship: Superset; Alignment Strength: 6
Rationale: Semantic; Relationship: Superset; Alignment Strength: 5",,,"OSFI B-13-14
OSFI B-13-15
OSFI B-13-16
OSFI B-13-18
OSFI B-13-48","Rationale: Semantic; Relationship: Superset; Alignment Strength: 9
Rationale: Semantic; Relationship: Intersects; Alignment Strength: 9
Rationale: Semantic; Relationship: Superset; Alignment Strength: 9
Rationale: Semantic; Relationship: Superset; Alignment Strength: 8
Rationale: Semantic; Relationship: Intersects; Alignment Strength: 7",,,,,"TR-5.7.3
TR-6.3.1
TR-6.3.2
TR-7.6.2","Type: Full Summarily
Type: Full Summarily
Type: Full Summarily
Type: Full",,,090.215,Level: Ds,"FFIEC-DAM-04.05
FFIEC-DAM-04.06
FFIEC-DAM-04.08
FFIEC-DAM-06.01
FFIEC-DAM-10.01
FFIEC-DAM-10.02
FFIEC-DAM-11.01
FFIEC-DAM-11.02
FFIEC-DAM-14.03","Rationale: Semantic; Relationship: Intersects
Rationale: Semantic; Relationship: Intersects
Rationale: Semantic; Relationship: Intersects
Rationale: Semantic; Relationship: Intersects
Rationale: Semantic; Relationship: Intersects
Rationale: Semantic; Relationship: Intersects
Rationale: Semantic; Relationship: Intersects
Rationale: Semantic; Relationship: Intersects
Rationale: Semantic; Relationship: Superset","SA-10
SA-11
SA-15
SC-38
SI-07","Rationale: Semantic; Relationship: Intersects; Alignment Strength: 8
Rationale: Semantic; Relationship: Intersects; Alignment Strength: 9
Rationale: Semantic; Relationship: Intersects; Alignment Strength: 9
Rationale: Semantic; Relationship: Intersects; Alignment Strength: 9
Rationale: Semantic; Relationship: Intersects; Alignment Strength: 7",,,"EBA-67
EBA-69
EBA-70
EBA-72
EBA-73","Rationale: Semantic; Relationship: Superset; Alignment Strength: 7
Rationale: Semantic; Relationship: Superset; Alignment Strength: 9
Rationale: Functional; Relationship: Intersects; Alignment Strength: 7
Rationale: Semantic; Relationship: Superset; Alignment Strength: 9
Rationale: Semantic; Relationship: Superset; Alignment Strength: 9","JFSA-33
JFSA-35","Rationale: Semantic; Relationship: Superset; Alignment Strength: 7
Rationale: Functional; Relationship: Superset; Alignment Strength: 7","16.1
16.8
3.12","Rationale: Semantic; Relationship: Superset
Rationale: Semantic; Relationship: Subset
Rationale: Semantic; Relationship: Intersects",,
PR.PS-06.05,90.216,PROTECT,Platform Security,Secure Systems Development Practices,10.0,"Tier: 1
Tier: 2
Tier: 3","PR.PS-06.05: A software security testing and validation strategy is developed and implemented in the development lifecycle of all software projects, defining testing requirements and plans; performing/automating testing, vulnerability scanning, and migration activities; and supporting code integrity verification (e.g., using digital signatures).",PR.PS-06,,"#application_security_testing
#cryptography_management
#patch_management
#penetration_testing
#secure_system_development
#technology_development_lifecycle
#vulnerability_management","APRA CPS 234-17
APRA CPS 234-21","Rationale: Semantic; Relationship: Superset; Alignment Strength: 7
Rationale: Semantic; Relationship: Superset; Alignment Strength: 7","OSFI CSSA-37
OSFI CSSA-43
OSFI CSSA-62
OSFI CSSA-63
OSFI CSSA-64","Rationale: Functional; Relationship: Intersects; Alignment Strength: 7
Rationale: Functional; Relationship: Intersects; Alignment Strength: 8
Rationale: Functional; Relationship: Intersects; Alignment Strength: 9
Rationale: Functional; Relationship: Intersects; Alignment Strength: 7
Rationale: Functional; Relationship: Intersects; Alignment Strength: 9",,,SA.SD-1.CR,,"APRA CPG 234-16
APRA CPG 234-35
APRA CPG 234-47
APRA CPG 234-48
APRA CPG 234-49
APRA CPG 234-61","Rationale: Semantic; Relationship: Superset; Alignment Strength: 7; Functional Coverage Strength: 10
Rationale: Semantic; Relationship: Superset; Alignment Strength: 8; Functional Coverage Strength: 10
Rationale: Semantic; Relationship: Intersects; Alignment Strength: 5; Functional Coverage Strength: 10
Rationale: Semantic; Relationship: Superset; Alignment Strength: 8; Functional Coverage Strength: 10
Rationale: Semantic; Relationship: Intersects; Alignment Strength: 6; Functional Coverage Strength: 9
Rationale: Semantic; Relationship: Intersects; Alignment Strength: 8; Functional Coverage Strength: 10","NYDFS-07
NYDFS-20","Rationale: Semantic; Relationship: Superset; Alignment Strength: 7
Rationale: Semantic; Relationship: Superset; Alignment Strength: 7","2.3.2.1.44
2.3.2.1.47
2.3.2.1.7
2.6.2.13
2.6.2.19
2.6.2.24","Level: Evolving
Level: Evolving
Level: Advancing
Level: Evolving
Level: Evolving
Level: Advancing","FFIEC-AIO-03.08
FFIEC-AIO-13.06
FFIEC-AIO-15.03","Rationale: Semantic; Relationship: Superset; Alignment Strength: 6
Rationale: Semantic; Relationship: Subset; Alignment Strength: 5
Rationale: Semantic; Relationship: Superset; Alignment Strength: 5",,,"OSFI B-13-14
OSFI B-13-16
OSFI B-13-18
OSFI B-13-40
OSFI B-13-48","Rationale: Semantic; Relationship: Superset; Alignment Strength: 9
Rationale: Semantic; Relationship: Superset; Alignment Strength: 9
Rationale: Semantic; Relationship: Superset; Alignment Strength: 8
Rationale: Semantic; Relationship: Intersects; Alignment Strength: 9
Rationale: Semantic; Relationship: Intersects; Alignment Strength: 9","DORA-25-01
DORA-25-02","Rationale: Semantic; Relationship: Subset; Alignment Strength: 8
Rationale: Semantic; Relationship: Subset; Alignment Strength: 9",,,"TR-5.4.1
TR-5.7.1
TR-5.7.4
TR-5.7.5
TR-5.7.6
TR-6.1.6
TR-7.5.3
TR-A.1
TR-A.2","Type: Full Summarily
Type: Full Summarily
Type: Full
Type: Full Summarily
Type: Full
Type: Full Summarily
Type: Full Summarily
Type: Full Summarily
Type: Full Summarily","D3.PC.Se.A.3
D3.PC.Se.B.2
D3.PC.Se.B.3
D3.PC.Se.E.1
D3.PC.Se.Inn.1
D3.PC.Se.Int.2","Level: Advanced; Type: Full Summarily
Level: Baseline; Type: Full
Level: Baseline; Type: Full
Level: Evolving; Type: Full Summarily
Level: Innovative; Type: Full Summarily
Level: Intermediate; Type: Full Summarily",090.216,Level: Ds,"FFIEC-DAM-04.05
FFIEC-DAM-05.01
FFIEC-DAM-06.01
FFIEC-DAM-06.02
FFIEC-DAM-07.01
FFIEC-DAM-07.04
FFIEC-DAM-09.02
FFIEC-DAM-11.01","Rationale: Semantic; Relationship: Intersects
Rationale: Semantic; Relationship: Intersects
Rationale: Semantic; Relationship: Superset
Rationale: Semantic; Relationship: Intersects
Rationale: Semantic; Relationship: Intersects
Rationale: Semantic; Relationship: Intersects
Rationale: Semantic; Relationship: Intersects
Rationale: Semantic; Relationship: Superset","RA-05
SA-10
SA-11
SA-15
SI-07","Rationale: Semantic; Relationship: Intersects; Alignment Strength: 8
Rationale: Semantic; Relationship: Intersects; Alignment Strength: 8
Rationale: Semantic; Relationship: Intersects; Alignment Strength: 9
Rationale: Semantic; Relationship: Intersects; Alignment Strength: 8
Rationale: Semantic; Relationship: Intersects; Alignment Strength: 7",ASIC-GP08.PC,Rationale: Semantic; Relationship: Intersects,"EBA-41
EBA-42
EBA-43
EBA-48
EBA-63
EBA-67
EBA-68
EBA-69
EBA-70
EBA-71","Rationale: Functional; Relationship: Intersects; Alignment Strength: 6
Rationale: Semantic; Relationship: Superset; Alignment Strength: 5
Rationale: Functional; Relationship: Intersects; Alignment Strength: 5
Rationale: Semantic; Relationship: Superset; Alignment Strength: 8
Rationale: Semantic; Relationship: Intersects; Alignment Strength: 8
Rationale: Semantic; Relationship: Superset; Alignment Strength: 7
Rationale: Semantic; Relationship: Intersects; Alignment Strength: 7
Rationale: Semantic; Relationship: Intersects; Alignment Strength: 8
Rationale: Semantic; Relationship: Intersects; Alignment Strength: 8
Rationale: Semantic; Relationship: Intersects; Alignment Strength: 7","JFSA-25
JFSA-26
JFSA-33
JFSA-35","Rationale: Semantic; Relationship: Superset; Alignment Strength: 8
Rationale: Semantic; Relationship: Superset; Alignment Strength: 9
Rationale: Semantic; Relationship: Superset; Alignment Strength: 7
Rationale: Functional; Relationship: Superset; Alignment Strength: 7","16.1
16.12
16.13
16.14
16.2","Rationale: Semantic; Relationship: Superset
Rationale: Semantic; Relationship: Subset
Rationale: Semantic; Relationship: Intersects
Rationale: Semantic; Relationship: Intersects
Rationale: Semantic; Relationship: Subset",,
PR.PS-06.06,90.217,PROTECT,Platform Security,Secure Systems Development Practices,10.0,"Tier: 1
Tier: 2
Tier: 3","PR.PS-06.06: The system development lifecycle remediates known critical vulnerabilities, and critical vulnerabilities discovered during testing, prior to production deployment.",PR.PS-06,,"#application_security_testing
#patch_management
#secure_system_development
#technology_development_lifecycle
#vulnerability_management",APRA CPS 234-17,Rationale: Semantic; Relationship: Superset; Alignment Strength: 7,"OSFI CSSA-46
OSFI CSSA-63","Rationale: Functional; Relationship: Intersects; Alignment Strength: 8
Rationale: Functional; Relationship: Intersects; Alignment Strength: 7",,,"SA.SD-1.CR
SA.SD-1.MV","
","APRA CPG 234-47
APRA CPG 234-48
APRA CPG 234-61","Rationale: Semantic; Relationship: Intersects; Alignment Strength: 5; Functional Coverage Strength: 10
Rationale: Semantic; Relationship: Superset; Alignment Strength: 7; Functional Coverage Strength: 10
Rationale: Semantic; Relationship: Superset; Alignment Strength: 8; Functional Coverage Strength: 10",NYDFS-14,Rationale: Semantic; Relationship: Intersects; Alignment Strength: 6,"2.3.2.1.44
2.6.2.13","Level: Evolving
Level: Evolving","FFIEC-AIO-13.06
FFIEC-AIO-15.03","Rationale: Semantic; Relationship: Subset; Alignment Strength: 5
Rationale: Semantic; Relationship: Superset; Alignment Strength: 5",,,OSFI B-13-22,Rationale: Semantic; Relationship: Intersects; Alignment Strength: 7,"DORA-24-05
DORA-25-02","Rationale: Semantic; Relationship: Intersects; Alignment Strength: 7
Rationale: Semantic; Relationship: Subset; Alignment Strength: 8",,,"TR-5.7.5
TR-6.1.7","Type: Full Summarily
Type: Full","D3.CC.Pa.Inn.1
D3.PC.Se.A.1
D3.PC.Se.E.1
D3.PC.Se.Int.1
D3.PC.Se.Int.2","Level: Innovative; Type: Full
Level: Advanced; Type: Full
Level: Evolving; Type: Full Summarily
Level: Intermediate; Type: Full
Level: Intermediate; Type: Full Summarily",090.217,Level: Ds,"FFIEC-DAM-04.05
FFIEC-DAM-07.04
FFIEC-DAM-11.01","Rationale: Semantic; Relationship: Intersects
Rationale: Semantic; Relationship: Intersects
Rationale: Semantic; Relationship: Superset","SA-11
SI-02","Rationale: Semantic; Relationship: Superset; Alignment Strength: 9
Rationale: Semantic; Relationship: Subset; Alignment Strength: 8",,,"EBA-36
EBA-41
EBA-42
EBA-46
EBA-48
EBA-67
EBA-69
EBA-70
EBA-71","Rationale: Semantic; Relationship: Superset; Alignment Strength: 9
Rationale: Functional; Relationship: Superset; Alignment Strength: 6
Rationale: Semantic; Relationship: Superset; Alignment Strength: 5
Rationale: Semantic; Relationship: Superset; Alignment Strength: 8
Rationale: Semantic; Relationship: Superset; Alignment Strength: 8
Rationale: Semantic; Relationship: Superset; Alignment Strength: 7
Rationale: Semantic; Relationship: Intersects; Alignment Strength: 7
Rationale: Functional; Relationship: Intersects; Alignment Strength: 6
Rationale: Semantic; Relationship: Intersects; Alignment Strength: 8","JFSA-25
JFSA-33","Rationale: Semantic; Relationship: Superset; Alignment Strength: 8
Rationale: Semantic; Relationship: Superset; Alignment Strength: 7","16.1
16.2
18.3","Rationale: Semantic; Relationship: Superset
Rationale: Semantic; Relationship: Intersects
Rationale: Semantic; Relationship: Intersects",,
PR.PS-06.07,90.218,PROTECT,Platform Security,Secure Systems Development Practices,10.0,"Tier: 1
Tier: 2","PR.PS-06.07: DevOps/DevSecOps practices and procedures are aligned with Systems Development Lifecycle, security operations, and technology service management processes.",PR.PS-06,,"#policy_management
#secure_system_development
#technology_development_lifecycle",,,,,,,,,APRA CPG 234-48,Rationale: Semantic; Relationship: Superset; Alignment Strength: 7; Functional Coverage Strength: 10,,,,,FFIEC-AIO-08.02,Rationale: Semantic; Relationship: Superset; Alignment Strength: 7,,,"OSFI B-13-14
OSFI B-13-15
OSFI B-13-16","Rationale: Semantic; Relationship: Superset; Alignment Strength: 9
Rationale: Semantic; Relationship: Intersects; Alignment Strength: 8
Rationale: Semantic; Relationship: Superset; Alignment Strength: 9",,,,,"TR-6.3.1
TR-6.3.2","Type: Full Summarily
Type: Full Summarily",D3.PC.Se.Inn.1,Level: Innovative; Type: Full Summarily,090.218,Level: Ds,"FFIEC-DAM-04.05
FFIEC-DAM-04.06
FFIEC-DAM-04.08
FFIEC-DAM-06.01
FFIEC-DAM-07.04
FFIEC-DAM-10.01
FFIEC-DAM-11.02","Rationale: Semantic; Relationship: Intersects
Rationale: Semantic; Relationship: Intersects
Rationale: Semantic; Relationship: Intersects
Rationale: Semantic; Relationship: Intersects
Rationale: Semantic; Relationship: Intersects
Rationale: Semantic; Relationship: Intersects
Rationale: Semantic; Relationship: Superset","SA-10
SA-11
SA-15
SC-38","Rationale: Semantic; Relationship: Intersects; Alignment Strength: 8
Rationale: Semantic; Relationship: Intersects; Alignment Strength: 8
Rationale: Semantic; Relationship: Intersects; Alignment Strength: 8
Rationale: Semantic; Relationship: Intersects; Alignment Strength: 9",,,"EBA-30
EBA-48
EBA-67
EBA-69","Rationale: Semantic; Relationship: Superset; Alignment Strength: 8
Rationale: Semantic; Relationship: Superset; Alignment Strength: 8
Rationale: Semantic; Relationship: Superset; Alignment Strength: 7
Rationale: Semantic; Relationship: Intersects; Alignment Strength: 7",JFSA-33,Rationale: Semantic; Relationship: Superset; Alignment Strength: 7,16.1,Rationale: Semantic; Relationship: Intersects,,
PR.PS-06.08,90.219,PROTECT,Platform Security,Secure Systems Development Practices,10.0,"Tier: 1
Tier: 2","PR.PS-06.08: The design, configuration, security control, and operation of key applications and system services are documented sufficiently to support ongoing management, operation, change, and assessment.",PR.PS-06,,"#security_baselines
#system_hardening",,,,,,,,,APRA CPG 234-48,Rationale: Semantic; Relationship: Superset; Alignment Strength: 7; Functional Coverage Strength: 10,,,,,FFIEC-AIO-06.05,Rationale: Semantic; Relationship: Superset; Alignment Strength: 7,,,"OSFI B-13-14
OSFI B-13-16
OSFI B-13-40","Rationale: Semantic; Relationship: Superset; Alignment Strength: 9
Rationale: Semantic; Relationship: Superset; Alignment Strength: 8
Rationale: Semantic; Relationship: Intersects; Alignment Strength: 7",,,,,"CH-4.3.a
TR-5.4.2","Type: Full
Type: Full Summarily",,,090.219,Level: Ds,"FFIEC-DAM-02.07
FFIEC-DAM-04.05
FFIEC-DAM-04.12
FFIEC-DAM-05.01
FFIEC-DAM-07.04
FFIEC-DAM-11.01
FFIEC-DAM-13.04
FFIEC-DAM-14.07","Rationale: Semantic; Relationship: Intersects
Rationale: Semantic; Relationship: Intersects
Rationale: Semantic; Relationship: Intersects
Rationale: Semantic; Relationship: Intersects
Rationale: Semantic; Relationship: Intersects
Rationale: Semantic; Relationship: Intersects
Rationale: Semantic; Relationship: Intersects
Rationale: Semantic; Relationship: Intersects","CM-02
CM-06
PL-02
SA-05
SA-16
SA-17","Rationale: Semantic; Relationship: Superset; Alignment Strength: 9
Rationale: Semantic; Relationship: Intersects; Alignment Strength: 8
Rationale: Semantic; Relationship: Intersects; Alignment Strength: 6
Rationale: Semantic; Relationship: Intersects; Alignment Strength: 8
Rationale: Semantic; Relationship: Subset; Alignment Strength: 7
Rationale: Semantic; Relationship: Intersects; Alignment Strength: 9",,,"EBA-50
EBA-67
EBA-69
EBA-73
EBA-74","Rationale: Semantic; Relationship: Superset; Alignment Strength: 9
Rationale: Semantic; Relationship: Superset; Alignment Strength: 7
Rationale: Semantic; Relationship: Intersects; Alignment Strength: 9
Rationale: Semantic; Relationship: Intersects; Alignment Strength: 9
Rationale: Semantic; Relationship: Intersects; Alignment Strength: 8",,,16.1,Rationale: Semantic; Relationship: Intersects,,
PR.PS-06.09,90.22,PROTECT,Platform Security,Secure Systems Development Practices,10.0,"Tier: 1
Tier: 2","PR.PS-06.09: End-user developed solutions, to include models used to support critical business processes and decisions, are formally identified and managed in alignment with their criticality and risk.",PR.PS-06,,"#business_impact_analysis
#critical_infrastructure
#risk_management",,,,,,,,,"APRA CPG 234-48
APRA CPG 234-57
APRA CPG 234-58
APRA CPG 234-59","Rationale: Semantic; Relationship: Intersects; Alignment Strength: 6; Functional Coverage Strength: 10
Rationale: Semantic; Relationship: Superset; Alignment Strength: 9; Functional Coverage Strength: 10
Rationale: Semantic; Relationship: Superset; Alignment Strength: 9; Functional Coverage Strength: 10
Rationale: Semantic; Relationship: Superset; Alignment Strength: 9; Functional Coverage Strength: 9",,,,,"FFIEC-AIO-04.03
FFIEC-AIO-04.06","Rationale: Semantic; Relationship: Superset; Alignment Strength: 7
Rationale: Semantic; Relationship: Superset; Alignment Strength: 7",,,,,,,,,"TR-6.5.1
TR-6.5.3","Type: Full Summarily
Type: Full Summarily",,,090.220,Level: Ds,,,"CM-11
PM-05","Rationale: Semantic; Relationship: Intersects; Alignment Strength: 9
Rationale: Semantic; Relationship: Intersects; Alignment Strength: 8",,,EBA-74,Rationale: Semantic; Relationship: Subset; Alignment Strength: 9,,,,,,
PR.PS-06.10,90.221,PROTECT,Platform Security,Secure Systems Development Practices,10.0,"Tier: 1
Tier: 2
Tier: 3","PR.PS-06.10: The organization establishes policies and procedures for the secure design, configuration, modification, and operation of databases, data stores, and data analytics platforms consistent with the criticality of the data being managed.",PR.PS-06,,"#architecture
#data_protection
#policy_management
#security_baselines",,,,,,,,,"APRA CPG 234-16
APRA CPG 234-48
APRA CPG 234-53","Rationale: Semantic; Relationship: Superset; Alignment Strength: 6; Functional Coverage Strength: 10
Rationale: Semantic; Relationship: Intersects; Alignment Strength: 7; Functional Coverage Strength: 10
Rationale: Semantic; Relationship: Intersects; Alignment Strength: 7; Functional Coverage Strength: 9",,,,,"FFIEC-AIO-02.10
FFIEC-AIO-03.06
FFIEC-AIO-03.07
FFIEC-AIO-03.09","Rationale: Semantic; Relationship: Superset; Alignment Strength: 8
Rationale: Semantic; Relationship: Subset; Alignment Strength: 5
Rationale: Semantic; Relationship: Superset; Alignment Strength: 8
Rationale: Semantic; Relationship: Superset; Alignment Strength: 4",,,"OSFI B-13-14
OSFI B-13-16
OSFI B-13-35
OSFI B-13-40","Rationale: Semantic; Relationship: Superset; Alignment Strength: 9
Rationale: Semantic; Relationship: Superset; Alignment Strength: 8
Rationale: Semantic; Relationship: Equal; Alignment Strength: 10
Rationale: Semantic; Relationship: Intersects; Alignment Strength: 7",,,,,,,"D3.DC.An.A.4
D3.DC.An.Int.2
D3.PC.Am.Inn.2
D3.PC.Am.Int.3","Level: Advanced; Type: Full Summarily
Level: Intermediate; Type: Partial
Level: Innovative; Type: Partial
Level: Intermediate; Type: Full Summarily",090.221,Level: Ds,"FFIEC-DAM-04.05
FFIEC-DAM-11.03","Rationale: Semantic; Relationship: Intersects
Rationale: Semantic; Relationship: Subset","AC-23
CM-02
SC-04","Rationale: Semantic; Relationship: Subset; Alignment Strength: 8
Rationale: Semantic; Relationship: Superset; Alignment Strength: 9
Rationale: Semantic; Relationship: Intersects; Alignment Strength: 8",ASIC-GP06.CM,Rationale: Semantic; Relationship: Superset,EBA-30,Rationale: Semantic; Relationship: Superset; Alignment Strength: 8,,,"16.10
3.12","Rationale: Semantic; Relationship: Intersects
Rationale: Semantic; Relationship: Intersects",,
PR.PS-07.01,91.222,PROTECT,Platform Security,"Technology Operations, Service, & Support",10.0,"Tier: 1
Tier: 2","PR.PS-07.01: The organization's technology operations, process verification, error detection, issue management, root cause analysis, and problem management functions are formally documented, monitored, and KPIs are regularly reported to stakeholders.",None,,"#incident_management
#issue_management
#lessons_learned
#metrics_and_reporting
#root_cause_analysis",APRA CPS 234-29,Rationale: Semantic; Relationship: Superset; Alignment Strength: 7,,,,,,,,,,,,,"FFIEC-AIO-02.07
FFIEC-AIO-02.12
FFIEC-AIO-06.05
FFIEC-AIO-11.01
FFIEC-AIO-15.07
FFIEC-AIO-16.02
FFIEC-AIO-16.03
FFIEC-AIO-17.01
FFIEC-AIO-17.02","Rationale: Semantic; Relationship: Superset; Alignment Strength: 7
Rationale: Semantic; Relationship: Superset; Alignment Strength: 7
Rationale: Semantic; Relationship: Superset; Alignment Strength: 7
Rationale: Semantic; Relationship: Superset; Alignment Strength: 7
Rationale: Semantic; Relationship: Subset; Alignment Strength: 6
Rationale: Semantic; Relationship: Intersects; Alignment Strength: 2
Rationale: Semantic; Relationship: Intersects; Alignment Strength: 2
Rationale: Semantic; Relationship: Superset; Alignment Strength: 8
Rationale: Semantic; Relationship: Subset; Alignment Strength: 4",,,"OSFI B-13-23
OSFI B-13-24
OSFI B-13-25
OSFI B-13-53","Rationale: Semantic; Relationship: Intersects; Alignment Strength: 8
Rationale: Semantic; Relationship: Superset; Alignment Strength: 9
Rationale: Semantic; Relationship: Equal; Alignment Strength: 10
Rationale: Semantic; Relationship: Intersects; Alignment Strength: 8",,,,,"TR-7.1.1
TR-7.8.1","Type: Full Summarily
Type: Full Summarily",,,091.222,Level: Ds,"FFIEC-DAM-07.05
FFIEC-DAM-10.02
FFIEC-DAM-14.07","Rationale: Semantic; Relationship: Intersects
Rationale: Semantic; Relationship: Intersects
Rationale: Semantic; Relationship: Intersects",SC-38,Rationale: Semantic; Relationship: Intersects; Alignment Strength: 9,,,"EBA-50
EBA-51
EBA-59
EBA-60","Rationale: Functional; Relationship: Intersects; Alignment Strength: 8
Rationale: Semantic; Relationship: Intersects; Alignment Strength: 8
Rationale: Semantic; Relationship: Intersects; Alignment Strength: 9
Rationale: Functional; Relationship: Intersects; Alignment Strength: 5",JFSA-57,Rationale: Semantic; Relationship: Subset; Alignment Strength: 7,16.3,Rationale: Semantic; Relationship: Subset,,
PR.PS-07.02,91.223,PROTECT,Platform Security,"Technology Operations, Service, & Support",10.0,"Tier: 1
Tier: 2","PR.PS-07.02: Technology service and support functions address stakeholder expectations (e.g., through stated requirements, SLAs, or OLAs) and performance is monitored and regularly reported to stakeholders.",None,,#technology_development_lifecycle,,,,,,,,,,,,,,,"FFIEC-AIO-02.06
FFIEC-AIO-02.07
FFIEC-AIO-02.12
FFIEC-AIO-16.01
FFIEC-AIO-16.03","Rationale: Semantic; Relationship: Superset; Alignment Strength: 8
Rationale: Semantic; Relationship: Superset; Alignment Strength: 7
Rationale: Semantic; Relationship: Superset; Alignment Strength: 7
Rationale: Semantic; Relationship: Superset; Alignment Strength: 5
Rationale: Semantic; Relationship: Subset; Alignment Strength: 3",,,OSFI B-13-26,Rationale: Semantic; Relationship: Superset; Alignment Strength: 9,,,,,TR-7.1.1,Type: Full Summarily,,,091.223,Level: Ds,FFIEC-DAM-07.05,Rationale: Semantic; Relationship: Intersects,,,,,EBA-64,Rationale: Semantic; Relationship: Subset; Alignment Strength: 6,,,,,,
PR.IR-01.01,93.224,PROTECT,Technology Infrastructure Resilience,Logical Access Protections,10.0,"Tier: 1
Tier: 2
Tier: 3
Tier: 4","PR.IR-01.01: Networks, systems, and external connections are segmented (e.g., using firewalls, software-defined networks, guest wireless networks, etc.) to implement defense-in-depth and access isolation principles.",PR.IR-01,,"#architecture
#boundary_protection
#infrastructure_security
#network_diagrams
#network_segmentation",,,"OSFI CSSA-30
OSFI CSSA-31
OSFI CSSA-33","Rationale: Functional; Relationship: Intersects; Alignment Strength: 9
Rationale: Functional; Relationship: Intersects; Alignment Strength: 9
Rationale: Functional; Relationship: Intersects; Alignment Strength: 8",HK-SFC-2.01,Rationale: Functional; Relationship: Superset,PR.AC-5.NS,,"APRA CPG 234-21
APRA CPG 234-36
APRA CPG 234-52
APRA CPG 234-56","Rationale: Semantic; Relationship: Intersects; Alignment Strength: 6; Functional Coverage Strength: 10
Rationale: Semantic; Relationship: Superset; Alignment Strength: 9; Functional Coverage Strength: 10
Rationale: Semantic; Relationship: Intersects; Alignment Strength: 7; Functional Coverage Strength: 10
Rationale: Semantic; Relationship: Superset; Alignment Strength: 7; Functional Coverage Strength: 9",,,"2.3.2.1.10
2.3.2.1.11
2.3.2.1.20
2.3.2.1.21
2.3.2.1.22
2.3.2.1.26
2.3.2.1.5
2.5.2.3.36","Level: Evolving
Level: Evolving
Level: Advancing
Level: Advancing
Level: Advancing
Level: Innovating
Level: Evolving
Level: Innovating","FFIEC-AIO-13.03
FFIEC-AIO-14.02","Rationale: Semantic; Relationship: Intersects; Alignment Strength: 3
Rationale: Semantic; Relationship: Superset; Alignment Strength: 8",,,OSFI B-13-43,Rationale: Semantic; Relationship: Superset; Alignment Strength: 9,DORA-09-04,Rationale: Semantic; Relationship: Superset; Alignment Strength: 8,,,"CH-4.4.a
TR-11.2.1
TR-11.2.2
TR-11.5.3","Type: Full Summarily
Type: Full
Type: Full
Type: Full Summarily","D3.PC.Im.A.1
D3.PC.Im.B.1
D3.PC.Im.B.2
D3.PC.Im.E.1
D3.PC.Im.Int.1
D3.PC.Im.Int.3
D4.C.Co.Inn.2","Level: Advanced; Type: Full Summarily
Level: Baseline; Type: Full Summarily
Level: Baseline; Type: Full Summarily
Level: Evolving; Type: Full
Level: Intermediate; Type: Full
Level: Intermediate; Type: Full Summarily
Level: Innovative; Type: Full",093.224,Level: Ds,,,"AC-04
SA-08
SC-04
SC-07
SC-08","Rationale: Semantic; Relationship: Intersects; Alignment Strength: 7
Rationale: Semantic; Relationship: Intersects; Alignment Strength: 8
Rationale: Semantic; Relationship: Intersects; Alignment Strength: 8
Rationale: Semantic; Relationship: Intersects; Alignment Strength: 9
Rationale: Semantic; Relationship: Intersects; Alignment Strength: 9",,,EBA-36,Rationale: Semantic; Relationship: Superset; Alignment Strength: 8,"JFSA-23
JFSA-24","Rationale: Semantic; Relationship: Superset; Alignment Strength: 8
Rationale: Semantic; Relationship: Superset; Alignment Strength: 7","12.2
12.8
13.10
13.9
3.12
4.4","Rationale: Semantic; Relationship: Superset
Rationale: Semantic; Relationship: Intersects
Rationale: Semantic; Relationship: Intersects
Rationale: Semantic; Relationship: Intersects
Rationale: Semantic; Relationship: Intersects
Rationale: Semantic; Relationship: Subset",,
PR.IR-01.02,93.225,PROTECT,Technology Infrastructure Resilience,Logical Access Protections,10.0,"Tier: 1
Tier: 2
Tier: 3
Tier: 4","PR.IR-01.02: Network device configurations (e.g., firewall rules, ports, and protocols) are documented, reviewed and updated regularly and upon change to ensure alignment with network access, segmentation, traversal, and deny-all default requirements.",PR.IR-01,,"#architecture
#boundary_protection
#endpoint_security
#infrastructure_security
#network_diagrams
#network_segmentation
#security_baselines",,,"OSFI CSSA-29
OSFI CSSA-30
OSFI CSSA-31
OSFI CSSA-33
OSFI CSSA-50","Rationale: Functional; Relationship: Intersects; Alignment Strength: 9
Rationale: Functional; Alignment Strength: 8
Rationale: Functional; Relationship: Intersects; Alignment Strength: 8
Rationale: Functional; Relationship: Intersects; Alignment Strength: 8
Rationale: Functional; Relationship: Superset; Alignment Strength: 9",HK-SFC-2.01,Rationale: Functional; Relationship: Superset,,,APRA CPG 234-56,Rationale: Semantic; Relationship: Superset; Alignment Strength: 7; Functional Coverage Strength: 9,NYDFS-17,Rationale: Semantic; Relationship: Intersects; Alignment Strength: 8,"2.3.2.1.10
2.3.2.1.13
2.3.2.1.21
2.3.2.1.25","Level: Evolving
Level: Evolving
Level: Advancing
Level: Advancing","FFIEC-AIO-13.03
FFIEC-AIO-14.02","Rationale: Semantic; Relationship: Superset; Alignment Strength: 4
Rationale: Semantic; Relationship: Superset; Alignment Strength: 8",,,OSFI B-13-43,Rationale: Semantic; Relationship: Superset; Alignment Strength: 9,DORA-09-04,Rationale: Semantic; Relationship: Superset; Alignment Strength: 8,,,"TR-11.2.5
TR-11.2.8","Type: Full
Type: Full Summarily","D3.DC.Th.B.3
D3.DC.Th.E.4
D3.PC.Im.A.1
D3.PC.Im.B.1
D3.PC.Im.B.2
D3.PC.Im.B.3
D3.PC.Im.B.6","Level: Baseline; Type: Full
Level: Evolving; Type: Full
Level: Advanced; Type: Full Summarily
Level: Baseline; Type: Full Summarily
Level: Baseline; Type: Full Summarily
Level: Baseline; Type: Full Summarily
Level: Baseline; Type: Full Summarily",093.225,Level: Ds,,,"AC-04
CA-09
CM-02
SC-07","Rationale: Semantic; Relationship: Intersects; Alignment Strength: 7
Rationale: Semantic; Relationship: Intersects; Alignment Strength: 8
Rationale: Semantic; Relationship: Superset; Alignment Strength: 9
Rationale: Semantic; Relationship: Intersects; Alignment Strength: 9",,,EBA-36,Rationale: Semantic; Relationship: Superset; Alignment Strength: 8,"JFSA-23
JFSA-24","Rationale: Semantic; Relationship: Superset; Alignment Strength: 8
Rationale: Semantic; Relationship: Superset; Alignment Strength: 7","12.2
12.6
13.10
13.4
13.5
13.9
4.4
4.6
4.8
4.9","Rationale: Semantic; Relationship: Intersects
Rationale: Semantic; Relationship: Intersects
Rationale: Semantic; Relationship: Intersects
Rationale: Semantic; Relationship: Intersects
Rationale: Semantic; Relationship: Intersects
Rationale: Semantic; Relationship: Intersects
Rationale: Semantic; Relationship: Intersects
Rationale: Semantic; Relationship: Intersects
Rationale: Semantic; Relationship: Intersects
Rationale: Semantic; Relationship: Intersects",,
PR.IR-01.03,93.226,PROTECT,Technology Infrastructure Resilience,Logical Access Protections,10.0,"Tier: 1
Tier: 2
Tier: 3","PR.IR-01.03: The integrity and resilience of the organization's communications and control network services are enhanced through controls such as denial of service protections, secure name/address resolution, and/or alternate communications paths.",PR.IR-01,,"#infrastructure_security
#resilience
#security_logging_monitoring_and_alerting",,,"OSFI CSSA-29
OSFI CSSA-33","Rationale: Functional; Relationship: Intersects; Alignment Strength: 8
Rationale: Functional; Relationship: Intersects; Alignment Strength: 8",HK-SFC-2.01,Rationale: Functional; Relationship: Superset,PR.PT-5.CR,,APRA CPG 234-56,Rationale: Semantic; Relationship: Superset; Alignment Strength: 7; Functional Coverage Strength: 9,,,2.3.2.1.10,Level: Evolving,FFIEC-AIO-13.03,Rationale: Semantic; Relationship: Superset; Alignment Strength: 9,"FFIEC-BCM-04.03
FFIEC-BCM-06.02
FFIEC-BCM-06.06
FFIEC-BCM-08.01","Rationale: Functional; Relationship: Intersects; Alignment Strength: 7
Rationale: Functional; Relationship: Intersects; Alignment Strength: 7
Rationale: Semantic; Relationship: Subset; Alignment Strength: 9
Rationale: Semantic; Relationship: Intersects; Alignment Strength: 5",OSFI B-13-43,Rationale: Semantic; Relationship: Superset; Alignment Strength: 9,,,,,TR-14.1.3,Type: Full Summarily,"D3.PC.Im.E.4
D3.PC.Im.E.6
D5.IR.Te.Int.4","Level: Evolving; Type: Full Summarily
Level: Evolving; Type: Full
Level: Intermediate; Type: Full Summarily",093.226,Level: Ds,,,"SC-05
SC-07
SC-20
SC-21
SC-22
SC-47","Rationale: Semantic; Relationship: Intersects; Alignment Strength: 10
Rationale: Semantic; Relationship: Intersects; Alignment Strength: 9
Rationale: Semantic; Relationship: Subset; Alignment Strength: 9
Rationale: Semantic; Relationship: Subset; Alignment Strength: 9
Rationale: Semantic; Relationship: Subset; Alignment Strength: 7
Rationale: Semantic; Relationship: Subset; Alignment Strength: 10",,,,,"JFSA-23
JFSA-24
JFSA-58","Rationale: Semantic; Relationship: Superset; Alignment Strength: 8
Rationale: Semantic; Relationship: Superset; Alignment Strength: 7
Rationale: Semantic; Relationship: Subset; Alignment Strength: 7","12.2
12.3
13.3
4.9
8.6","Rationale: Semantic; Relationship: Superset
Rationale: Semantic; Relationship: Intersects
Rationale: Semantic; Relationship: Subset
Rationale: Semantic; Relationship: Intersects
Rationale: Semantic; Relationship: Intersects",,
PR.IR-01.04,93.227,PROTECT,Technology Infrastructure Resilience,Logical Access Protections,10.0,"Tier: 1
Tier: 2
Tier: 3
Tier: 4","PR.IR-01.04: The organization controls access to its wireless networks and the information that these networks process by implementing appropriate mechanisms (e.g., strong authentication for authentication and transmission, preventing unauthorized devices from connecting to the internal networks, restricting unauthorized traffic, and segregating guest wireless networks).",PR.IR-01,,"#architecture
#authentication
#authorization
#boundary_protection
#infrastructure_protection
#network_diagrams
#network_segmentation",,,,,HK-SFC-2.01,Rationale: Functional; Relationship: Intersects,,,APRA CPG 234-56,Rationale: Semantic; Relationship: Superset; Alignment Strength: 7; Functional Coverage Strength: 9,,,2.3.2.1.17,Level: Evolving,FFIEC-AIO-09.01,Rationale: Semantic; Relationship: Intersects; Alignment Strength: 4,,,OSFI B-13-43,Rationale: Semantic; Relationship: Superset; Alignment Strength: 9,,,,,,,"D3.PC.Im.B.10
D3.PC.Im.E.3
D3.PC.Im.E.5
D3.PC.Im.Int.3
D3.PC.Im.Int.4
D3.PC.Im.Int.5","Level: Baseline; Type: Full
Level: Evolving; Type: Full Summarily
Level: Evolving; Type: Full
Level: Intermediate; Type: Full Summarily
Level: Intermediate; Type: Full
Level: Intermediate; Type: Full",093.227,Level: Ds,,,"AC-18
SC-07
SC-08","Rationale: Semantic; Relationship: Equal; Alignment Strength: 10
Rationale: Semantic; Relationship: Intersects; Alignment Strength: 9
Rationale: Semantic; Relationship: Intersects; Alignment Strength: 9",,,EBA-31,Rationale: Semantic; Relationship: Superset; Alignment Strength: 9,"JFSA-13
JFSA-23","Rationale: Semantic; Relationship: Superset; Alignment Strength: 9
Rationale: Semantic; Relationship: Superset; Alignment Strength: 8","12.2
12.3
12.5
12.6","Rationale: Semantic; Relationship: Superset
Rationale: Semantic; Relationship: Intersects
Rationale: Semantic; Relationship: Intersects
Rationale: Semantic; Relationship: Intersects",,
PR.IR-01.05,93.228,PROTECT,Technology Infrastructure Resilience,Logical Access Protections,10.0,"Tier: 1
Tier: 2
Tier: 3
Tier: 4","PR.IR-01.05: Remote access is carefully controlled (e.g., restricted to defined systems, access is actively managed (e.g., session timeouts, logging, forced disconnect, etc.), and encrypted connections with multi-factor authentication are used).",PR.IR-01,,"#authentication
#authorization
#encryption
#identity_and_access_management
#multi_factor_authentication
#remote_access
#session_management",,,"OSFI CSSA-26
OSFI CSSA-34","Rationale: Functional; Relationship: Subset; Alignment Strength: 9
Rationale: Functional; Relationship: Equal; Alignment Strength: 10","HK-SFC-1.01
HK-SFC-2.03","Rationale: Functional; Relationship: Intersects
Rationale: Functional; Relationship: Superset",PR.AC-3.RA,,APRA CPG 234-56,Rationale: Semantic; Relationship: Superset; Alignment Strength: 7; Functional Coverage Strength: 9,"NYDFS-17
NYDFS-18
NYDFS-19
NYDFS-28","Rationale: Semantic; Relationship: Intersects; Alignment Strength: 8
Rationale: Semantic; Relationship: Intersects; Alignment Strength: 7
Rationale: Semantic; Relationship: Intersects; Alignment Strength: 7
Rationale: Semantic; Relationship: Intersects; Alignment Strength: 10","2.3.2.1.10
2.3.2.1.15
2.3.2.1.20
2.3.2.1.29","Level: Evolving
Level: Evolving
Level: Advancing
Level: Evolving","FFIEC-AIO-09.01
FFIEC-AIO-13.03
FFIEC-AIO-14.02
FFIEC-AIO-14.03","Rationale: Semantic; Relationship: Superset; Alignment Strength: 4
Rationale: Semantic; Relationship: Superset; Alignment Strength: 7
Rationale: Semantic; Relationship: Superset; Alignment Strength: 8
Rationale: Semantic; Relationship: Superset; Alignment Strength: 6",,,OSFI B-13-43,Rationale: Semantic; Relationship: Superset; Alignment Strength: 8,,,,,"CH-4.6.b
TR-14.2.1
TR-14.2.9
TR-9.1.5
TR-9.3.1","Type: Full Summarily
Type: Full Summarily
Type: Full
Type: Full Summarily
Type: Full","D3.PC.Am.B.15
D3.PC.Am.Int.6
D3.PC.Im.Int.2","Level: Baseline; Type: Full
Level: Intermediate; Type: Full Summarily
Level: Intermediate; Type: Full Summarily",093.228,Level: Ds,,,"AC-17
SC-07
SC-08
SC-10","Rationale: Semantic; Relationship: Equal; Alignment Strength: 10
Rationale: Semantic; Relationship: Intersects; Alignment Strength: 9
Rationale: Semantic; Relationship: Intersects; Alignment Strength: 9
Rationale: Semantic; Relationship: Subset; Alignment Strength: 10",,,EBA-31,Rationale: Semantic; Relationship: Superset; Alignment Strength: 9,JFSA-13,Rationale: Semantic; Relationship: Superset; Alignment Strength: 9,"12.2
12.3
12.5
12.7
13.5
6.4","Rationale: Semantic; Relationship: Intersects
Rationale: Semantic; Relationship: Intersects
Rationale: Semantic; Relationship: Subset
Rationale: Semantic; Relationship: Subset
Rationale: Semantic; Relationship: Subset
Rationale: Semantic; Relationship: Subset",,
PR.IR-01.06,93.229,PROTECT,Technology Infrastructure Resilience,Logical Access Protections,10.0,"Tier: 1
Tier: 2
Tier: 3",PR.IR-01.06: The organization's production and non-production environments and data are segregated and managed to prevent unauthorized access or changes to the information assets.,PR.IR-01,,"#architecture
#data_protection
#encryption
#identity_and_access_management
#network_segmentation
#separation_of_duties",APRA CPS 234-21,Rationale: Semantic; Relationship: Intersects; Alignment Strength: 6,"OSFI CSSA-29
OSFI CSSA-63","Rationale: Functional; Relationship: Intersects; Alignment Strength: 9
Rationale: Functional; Relationship: Intersects; Alignment Strength: 8",HK-SFC-2.01,Rationale: Functional; Relationship: Intersects,SA.SD-1.NP,,"APRA CPG 234-36
APRA CPG 234-52
APRA CPG 234-56","Rationale: Semantic; Relationship: Superset; Alignment Strength: 9; Functional Coverage Strength: 10
Rationale: Semantic; Relationship: Intersects; Alignment Strength: 7; Functional Coverage Strength: 10
Rationale: Semantic; Relationship: Intersects; Alignment Strength: 7; Functional Coverage Strength: 9",,,"2.3.2.1.22
2.3.2.1.54","Level: Advancing
Level: Advancing",FFIEC-AIO-03.08,Rationale: Semantic; Relationship: Superset; Alignment Strength: 6,,,"OSFI B-13-20
OSFI B-13-43","Rationale: Semantic; Relationship: Intersects; Alignment Strength: 9
Rationale: Semantic; Relationship: Intersects; Alignment Strength: 8",,,,,"TR-11.1.6
TR-5.7.3","Type: Full
Type: Full Summarily","D3.CC.Pa.Inn.2
D3.PC.Am.B.10
D3.PC.Am.E.3","Level: Innovative; Type: Partial
Level: Baseline; Type: Full
Level: Evolving; Type: Full",093.229,Level: Ds,"FFIEC-DAM-04.06
FFIEC-DAM-11.01
FFIEC-DAM-14.03","Rationale: Semantic; Relationship: Intersects
Rationale: Semantic; Relationship: Superset
Rationale: Semantic; Relationship: Superset",AC-04,Rationale: Semantic; Relationship: Intersects; Alignment Strength: 7,,,"EBA-69
EBA-72","Rationale: Semantic; Relationship: Intersects; Alignment Strength: 7
Rationale: Semantic; Relationship: Superset; Alignment Strength: 9","JFSA-23
JFSA-35","Rationale: Semantic; Relationship: Superset; Alignment Strength: 8
Rationale: Functional; Relationship: Superset; Alignment Strength: 7","12.2
12.3
16.8
3.12","Rationale: Semantic; Relationship: Superset
Rationale: Semantic; Relationship: Intersects
Rationale: Semantic; Relationship: Equivalent
Rationale: Semantic; Relationship: Intersects",,
PR.IR-01.07,93.23,PROTECT,Technology Infrastructure Resilience,Logical Access Protections,10.0,"Tier: 1
Tier: 2
Tier: 3","PR.IR-01.07: The organization defines and implements controls for securely configuring and operating Operational Technologies, Industrial Control Systems, and Internet-of-Things (IoT) devices (e.g., segregated printer networks, resetting of default passwords, etc.)",PR.IR-01,,"#emerging_technologies
#network_segmentation
#patch_management
#security_baselines
#system_hardening",,,"OSFI CSSA-14
OSFI CSSA-29","Rationale: Functional; Relationship: Superset; Alignment Strength: 7
Rationale: Functional; Relationship: Intersects; Alignment Strength: 8",,,,,APRA CPG 234-56,Rationale: Semantic; Relationship: Intersects; Alignment Strength: 7; Functional Coverage Strength: 9,NYDFS-18,Rationale: Semantic; Relationship: Intersects; Alignment Strength: 7,,,,,,,OSFI B-13-47,Rationale: Semantic; Relationship: Intersects; Alignment Strength: 8,,,,,"TR-11.5.2
TR-11.5.3
TR-11.5.4","Type: Full
Type: Full Summarily
Type: Full",D3.PC.Am.Int.8,Level: Intermediate; Type: Full,093.230,Level: Ds,,,"SC-04
SC-15","Rationale: Semantic; Relationship: Intersects; Alignment Strength: 8
Rationale: Semantic; Relationship: Intersects; Alignment Strength: 8",,,EBA-36,Rationale: Semantic; Relationship: Superset; Alignment Strength: 8,,,"12.2
12.3
13.5
4.1","Rationale: Semantic; Relationship: Intersects
Rationale: Semantic; Relationship: Intersects
Rationale: Semantic; Relationship: Intersects
Rationale: Semantic; Relationship: Intersects",,
PR.IR-01.08,93.231,PROTECT,Technology Infrastructure Resilience,Logical Access Protections,10.0,"Tier: 1
Tier: 2
Tier: 3
Tier: 4","PR.IR-01.08: The organization implements policies, procedures, end-user agreements, and technical controls to address the risks of end-user mobile or personal computing devices accessing the organization's network and resources.",PR.IR-01,,"#end_user_security
#endpoint_security
#infrastructure_protection
#mobile_device_management
#patch_management
#policy_management",,,"OSFI CSSA-14
OSFI CSSA-29
OSFI CSSA-34
OSFI CSSA-39","Rationale: Functional; Relationship: Superset; Alignment Strength: 7
Rationale: Functional; Relationship: Intersects; Alignment Strength: 8
Rationale: Functional; Relationship: Intersects; Alignment Strength: 8
Rationale: Functional; Relationship: Intersects; Alignment Strength: 8",HK-SFC-2.01,Rationale: Functional; Relationship: Intersects,,,APRA CPG 234-56,Rationale: Semantic; Relationship: Intersects; Alignment Strength: 8; Functional Coverage Strength: 9,NYDFS-18,Rationale: Semantic; Relationship: Intersects; Alignment Strength: 7,2.3.2.1.13,Level: Evolving,FFIEC-AIO-10.01,Rationale: Semantic; Relationship: Superset; Alignment Strength: 2,,,,,,,,,,,D3.PC.De.E.6,Level: Evolving; Type: Full Summarily,093.231,Level: Ds,,,"AC-03
AC-04
AC-19
SC-04
SC-07
SC-08
SI-07","Rationale: Semantic; Relationship: Intersects; Alignment Strength: 8
Rationale: Semantic; Relationship: Intersects; Alignment Strength: 7
Rationale: Semantic; Relationship: Superset; Alignment Strength: 9
Rationale: Semantic; Relationship: Intersects; Alignment Strength: 8
Rationale: Semantic; Relationship: Intersects; Alignment Strength: 8
Rationale: Semantic; Relationship: Intersects; Alignment Strength: 8
Rationale: Semantic; Relationship: Intersects; Alignment Strength: 7",,,EBA-36,Rationale: Semantic; Relationship: Superset; Alignment Strength: 8,,,"12.2
13.5
4.10
4.11
4.12","Rationale: Semantic; Relationship: Intersects
Rationale: Semantic; Relationship: Intersects
Rationale: Semantic; Relationship: Intersects
Rationale: Semantic; Relationship: Intersects
Rationale: Semantic; Relationship: Subset",,
PR.IR-02.01,94.232,PROTECT,Technology Infrastructure Resilience,Environmental Threat Protections,10.0,"Tier: 1
Tier: 2
Tier: 3
Tier: 4","PR.IR-02.01: The organization designs, documents, implements, tests, and maintains environmental and physical controls to meet defined business resilience requirements (e.g., environmental monitoring, dual power and communication sources, regionally separated backup processing facilities, etc.)",PR.IR-02,,"#critical_infrastructure
#data_backup
#facilities_management
#physical_security
#policy_management
#resilience
#risk_management
#technology_availability",APRA CPS 234-21,Rationale: Semantic; Relationship: Superset; Alignment Strength: 7,,,HK-SFC-2.07,Rationale: Functional; Relationship: Superset,PR.PT-5.CR,,"APRA CPG 234-21
APRA CPG 234-46
APRA CPG 234-56","Rationale: Semantic; Relationship: Intersects; Alignment Strength: 8; Functional Coverage Strength: 10
Rationale: Semantic; Relationship: Superset; Alignment Strength: 9; Functional Coverage Strength: 10
Rationale: Semantic; Relationship: Intersects; Alignment Strength: 7; Functional Coverage Strength: 9",,,2.3.2.1.2,Level: Evolving,"FFIEC-AIO-02.05
FFIEC-AIO-08.02
FFIEC-AIO-13.08
FFIEC-AIO-13.09
FFIEC-AIO-14.01
FFIEC-AIO-14.02","Rationale: Semantic; Relationship: Superset; Alignment Strength: 6
Rationale: Semantic; Relationship: Superset; Alignment Strength: 7
Rationale: Semantic; Relationship: Superset; Alignment Strength: 5
Rationale: Semantic; Relationship: Subset; Alignment Strength: 2
Rationale: Semantic; Relationship: Subset; Alignment Strength: 2
Rationale: Semantic; Relationship: Superset; Alignment Strength: 4","FFIEC-BCM-06.02
FFIEC-BCM-06.03
FFIEC-BCM-06.06
FFIEC-BCM-06.07
FFIEC-BCM-10.01
FFIEC-BCM-10.09
FFIEC-BCM-10.16","Rationale: Semantic; Relationship: Subset; Alignment Strength: 9
Rationale: Semantic; Relationship: Intersects; Alignment Strength: 8
Rationale: Semantic; Relationship: Subset; Alignment Strength: 8
Rationale: Semantic; Relationship: Intersects; Alignment Strength: 7
Rationale: Semantic; Relationship: Intersects; Alignment Strength: 6
Rationale: Semantic; Relationship: Subset; Alignment Strength: 6
Rationale: Functional; Relationship: Intersects; Alignment Strength: 7","OSFI B-13-27
OSFI B-13-29
OSFI B-13-40
OSFI B-13-49","Rationale: Semantic; Relationship: Intersects; Alignment Strength: 8
Rationale: Semantic; Relationship: Intersects; Alignment Strength: 8
Rationale: Semantic; Relationship: Intersects; Alignment Strength: 7
Rationale: Semantic; Relationship: Superset; Alignment Strength: 9","DORA-06-02
DORA-06-08
DORA-07-01
DORA-09-01
DORA-11-04
DORA-12-03
DORA-12-05
DORA-16-01
DORA-25-01","Rationale: Semantic; Relationship: Superset; Alignment Strength: 8
Rationale: Semantic; Relationship: Superset; Alignment Strength: 7
Rationale: Semantic; Relationship: Intersects; Alignment Strength: 8
Rationale: Semantic; Relationship: Intersects; Alignment Strength: 8
Rationale: Semantic; Relationship: Subset; Alignment Strength: 8
Rationale: Semantic; Relationship: Superset; Alignment Strength: 9
Rationale: Semantic; Relationship: Subset; Alignment Strength: 7
Rationale: Semantic; Relationship: Intersects; Alignment Strength: 9
Rationale: Semantic; Relationship: Subset; Alignment Strength: 8",,,"TR-8.1.2
TR-8.2.4
TR-8.5.1
TR-8.5.2
TR-8.5.3
TR-8.5.4","Type: Full Summarily
Type: Full Summarily
Type: Partial
Type: Partial
Type: Partial
Type: Partial",,,094.232,Level: Ds,,,"CP-06
CP-07
CP-08
PE-09
PE-10
PE-11
PE-12
PE-13
PE-14
PE-15
PE-17
PE-18
PE-23","Rationale: Semantic; Relationship: Intersects; Alignment Strength: 8
Rationale: Semantic; Relationship: Intersects; Alignment Strength: 8
Rationale: Semantic; Relationship: Intersects; Alignment Strength: 9
Rationale: Semantic; Relationship: Subset; Alignment Strength: 10
Rationale: Semantic; Relationship: Equal; Alignment Strength: 9
Rationale: Semantic; Relationship: Subset; Alignment Strength: 9
Rationale: Semantic; Relationship: Subset; Alignment Strength: 9
Rationale: Semantic; Relationship: Equal; Alignment Strength: 9
Rationale: Semantic; Relationship: Equal; Alignment Strength: 10
Rationale: Semantic; Relationship: Subset; Alignment Strength: 9
Rationale: Semantic; Relationship: Intersects; Alignment Strength: 8
Rationale: Semantic; Relationship: Subset; Alignment Strength: 7
Rationale: Semantic; Relationship: Subset; Alignment Strength: 7",,,"EBA-33
EBA-35
EBA-57
EBA-58
EBA-79","Rationale: Semantic; Relationship: Superset; Alignment Strength: 7
Rationale: Semantic; Relationship: Superset; Alignment Strength: 9
Rationale: Functional; Relationship: Intersects; Alignment Strength: 6
Rationale: Semantic; Relationship: Intersects; Alignment Strength: 9
Rationale: Semantic; Relationship: Intersects; Alignment Strength: 9",JFSA-23,Rationale: Semantic; Relationship: Superset; Alignment Strength: 8,,,,
PR.IR-03.01,95.233,PROTECT,Technology Infrastructure Resilience,Resilience Measures,10.0,"Tier: 1
Tier: 2
Tier: 3","PR.IR-03.01:  The organization implements mechanisms (e.g., failsafe, load balancing, hot swaps, redundant equipment, alternate services, backup facilities, etc.) to achieve resilience requirements in normal and adverse situations.",PR.IR-03,,"#architecture
#critical_infrastructure
#data_backup
#disaster_recovery
#hotswap
#incident_management
#resilience
#technology_availability",,,OSFI CSSA-33,Rationale: Functional; Relationship: Subset; Alignment Strength: 9,,,"PR.PT-5.CR
PR.PT-5.FS","
",,,,,2.5.2.2.31,Level: Innovating,FFIEC-AIO-13.01,Rationale: Semantic; Relationship: Superset; Alignment Strength: 4,"FFIEC-BCM-06.02
FFIEC-BCM-06.03
FFIEC-BCM-08.05
FFIEC-BCM-08.07
FFIEC-BCM-08.11
FFIEC-BCM-10.07
FFIEC-BCM-10.09","Rationale: Semantic; Relationship: Subset; Alignment Strength: 9
Rationale: Semantic; Relationship: Intersects; Alignment Strength: 8
Rationale: Semantic; Relationship: Subset; Alignment Strength: 8
Rationale: Functional; Relationship: Intersects; Alignment Strength: 6
Rationale: Functional; Relationship: Intersects; Alignment Strength: 5
Rationale: Semantic; Relationship: Subset; Alignment Strength: 7
Rationale: Semantic; Relationship: Subset; Alignment Strength: 6","OSFI B-13-27
OSFI B-13-29","Rationale: Semantic; Relationship: Intersects; Alignment Strength: 8
Rationale: Semantic; Relationship: Intersects; Alignment Strength: 9","DORA-07-01
DORA-09-02
DORA-12-02
DORA-12-03
DORA-12-04
DORA-12-05","Rationale: Semantic; Relationship: Subset; Alignment Strength: 7
Rationale: Semantic; Relationship: Superset; Alignment Strength: 8
Rationale: Semantic; Relationship: Subset; Alignment Strength: 7
Rationale: Semantic; Relationship: Intersects; Alignment Strength: 6
Rationale: Semantic; Relationship: Intersects; Alignment Strength: 9
Rationale: Semantic; Relationship: Subset; Alignment Strength: 7",,,"TR-8.1.2
TR-8.5.2","Type: Full Summarily
Type: Partial",D5.IR.Te.Inn.1,Level: Innovative; Type: Full Summarily,095.233,Level: Ds,,,"CP-06
CP-07
CP-08
CP-11
CP-12
PE-11
PE-12
PE-13
SC-05
SC-06
SC-24
SC-36
SI-13
SI-17","Rationale: Semantic; Relationship: Intersects; Alignment Strength: 8
Rationale: Semantic; Relationship: Intersects; Alignment Strength: 8
Rationale: Semantic; Relationship: Intersects; Alignment Strength: 9
Rationale: Semantic; Relationship: Subset; Alignment Strength: 9
Rationale: Semantic; Relationship: Intersects; Alignment Strength: 8
Rationale: Semantic; Relationship: Subset; Alignment Strength: 9
Rationale: Semantic; Relationship: Subset; Alignment Strength: 9
Rationale: Semantic; Relationship: Subset; Alignment Strength: 9
Rationale: Semantic; Relationship: Intersects; Alignment Strength: 9
Rationale: Semantic; Relationship: Intersects; Alignment Strength: 9
Rationale: Semantic; Relationship: Subset; Alignment Strength: 9
Rationale: Semantic; Relationship: Subset; Alignment Strength: 10
Rationale: Semantic; Relationship: Subset; Alignment Strength: 8
Rationale: Semantic; Relationship: Subset; Alignment Strength: 8",,,"EBA-58
EBA-77
EBA-79","Rationale: Semantic; Relationship: Intersects; Alignment Strength: 9
Rationale: Semantic; Relationship: Subset; Alignment Strength: 7
Rationale: Semantic; Relationship: Intersects; Alignment Strength: 7","JFSA-24
JFSA-51
JFSA-58","Rationale: Semantic; Relationship: Superset; Alignment Strength: 7
Rationale: Semantic; Relationship: Superset; Alignment Strength: 9
Rationale: Semantic; Relationship: Subset; Alignment Strength: 7",12.3,Rationale: Semantic; Relationship: Intersects,,
PR.IR-04.01,96.234,PROTECT,Technology Infrastructure Resilience,Capacity Management,10.0,"Tier: 1
Tier: 2",PR.IR-04.01: Baseline measures of network and system utilization and transaction activity are captured to support capacity planning and anomalous activity detection.,PR.IR-04,,"#architecture
#security_logging_monitoring_and_alerting",,,"OSFI CSSA-29
OSFI CSSA-33
OSFI CSSA-53","Rationale: Functional; Relationship: Intersects; Alignment Strength: 7
Rationale: Functional; Relationship: Intersects; Alignment Strength: 8
Rationale: Functional; Relationship: Intersects; Alignment Strength: 9",HK-SFC-2.01,Rationale: Functional; Relationship: Intersects,"DE.AE-1.NB
PR.PT-5.CR","
",APRA CPG 234-67,Rationale: Semantic; Relationship: Intersects; Alignment Strength: 8; Functional Coverage Strength: 10,NYDFS-33,Rationale: Semantic; Relationship: Intersects; Alignment Strength: 7,"2.4.2.1
2.4.2.19
2.4.2.20
2.4.2.6","Level: Evolving
Level: Advancing
Level: Innovating
Level: Evolving",FFIEC-AIO-15.06,Rationale: Semantic; Relationship: Subset; Alignment Strength: 2,,,"OSFI B-13-24
OSFI B-13-27
OSFI B-13-51","Rationale: Semantic; Relationship: Superset; Alignment Strength: 9
Rationale: Semantic; Relationship: Intersects; Alignment Strength: 9
Rationale: Semantic; Relationship: Superset; Alignment Strength: 9","DORA-07-01
DORA-11-08","Rationale: Semantic; Relationship: Intersects; Alignment Strength: 7
Rationale: Semantic; Relationship: Intersects; Alignment Strength: 7",,,"TR-12.2.3
TR-8.1.2
TR-8.1.4","Type: Full
Type: Full Summarily
Type: Full Summarily","D3.DC.Ev.B.1
D5.DR.De.B.2","Level: Baseline; Type: Full
Level: Baseline; Type: Full Summarily",096.234,Level: Ds,"FFIEC-DAM-04.07
FFIEC-DAM-07.05","Rationale: Semantic; Relationship: Intersects
Rationale: Semantic; Relationship: Intersects","SC-06
SC-07
SI-04","Rationale: Semantic; Relationship: Intersects; Alignment Strength: 8
Rationale: Semantic; Relationship: Intersects; Alignment Strength: 9
Rationale: Semantic; Relationship: Superset; Alignment Strength: 9",ASIC-GP09.MS,Rationale: Semantic; Relationship: Superset,"EBA-38
EBA-56","Rationale: Semantic; Relationship: Superset; Alignment Strength: 8
Rationale: Functional; Relationship: Intersects; Alignment Strength: 9",JFSA-23,Rationale: Semantic; Relationship: Superset; Alignment Strength: 8,12.3,Rationale: Semantic; Relationship: Intersects,,
PR.IR-04.02,96.235,PROTECT,Technology Infrastructure Resilience,Capacity Management,10.0,"Tier: 1
Tier: 2
Tier: 3","PR.IR-04.02: Technology availability and capacity is planned, monitored, managed, and optimized to meet business resilience objectives and reasonably anticipated infrastructure demands.",PR.IR-04,,"#critical_infrastructure
#resilience
#security_logging_monitoring_and_alerting
#technology_availability",,,OSFI CSSA-33,Rationale: Functional; Relationship: Intersects; Alignment Strength: 8,HK-SFC-2.01,Rationale: Functional; Relationship: Intersects,"PR.DS-4.SC
PR.PT-5.CR","
",APRA CPG 234-36,Rationale: Semantic; Relationship: Superset; Alignment Strength: 9; Functional Coverage Strength: 10,,,,,"FFIEC-AIO-02.05
FFIEC-AIO-02.07
FFIEC-AIO-03.06
FFIEC-AIO-03.07
FFIEC-AIO-08.02
FFIEC-AIO-12.05
FFIEC-AIO-13.01
FFIEC-AIO-15.06","Rationale: Semantic; Relationship: Superset; Alignment Strength: 8
Rationale: Semantic; Relationship: Superset; Alignment Strength: 7
Rationale: Semantic; Relationship: Superset; Alignment Strength: 7
Rationale: Semantic; Relationship: Superset; Alignment Strength: 8
Rationale: Semantic; Relationship: Superset; Alignment Strength: 7
Rationale: Semantic; Relationship: Superset; Alignment Strength: 5
Rationale: Functional; Relationship: Intersects; Alignment Strength: 3
Rationale: Semantic; Relationship: Subset; Alignment Strength: 2",FFIEC-BCM-06.02,Rationale: Functional; Relationship: Intersects; Alignment Strength: 5,OSFI B-13-27,Rationale: Semantic; Relationship: Superset; Alignment Strength: 7,"DORA-06-02
DORA-07-01
DORA-09-02
DORA-12-04","Rationale: Semantic; Relationship: Superset; Alignment Strength: 8
Rationale: Semantic; Relationship: Intersects; Alignment Strength: 7
Rationale: Semantic; Relationship: Superset; Alignment Strength: 8
Rationale: Semantic; Relationship: Intersects; Alignment Strength: 8",,,"TR-6.4.8
TR-8.1.1
TR-8.1.2
TR-8.1.3
TR-8.1.4","Type: Full Summarily
Type: Full
Type: Full Summarily
Type: Full
Type: Full Summarily",,,096.235,Level: Ds,FFIEC-DAM-07.05,Rationale: Semantic; Relationship: Intersects,"CP-08
SC-06","Rationale: Semantic; Relationship: Intersects; Alignment Strength: 9
Rationale: Semantic; Relationship: Intersects; Alignment Strength: 9",,,"EBA-51
EBA-56","Rationale: Semantic; Relationship: Intersects; Alignment Strength: 8
Rationale: Functional; Relationship: Equal; Alignment Strength: 10",JFSA-58,Rationale: Functional; Relationship: Intersects; Alignment Strength: 6,12.3,Rationale: Semantic; Relationship: Intersects,,
DE.CM-01.01,99.236,DETECT,Continuous Monitoring,Network Monitoring,10.0,"Tier: 1
Tier: 2
Tier: 3
Tier: 4",DE.CM-01.01:  The organization deploys intrusion detection and intrusion prevention capabilities to detect and prevent a potential network intrusion in its early stages for timely containment and recovery.,DE.CM-01,,"#boundary_protection
#infrastructure_security
#security_logging_monitoring_and_alerting",APRA CPS 234-23,Rationale: Semantic; Relationship: Superset; Alignment Strength: 9,"OSFI CSSA-53
OSFI CSSA-56","Rationale: Functional; Relationship: Superset; Alignment Strength: 9
Rationale: Functional; Relationship: Intersects; Alignment Strength: 8",HK-SFC-1.02,Rationale: Functional; Relationship: Intersects,"DE.AE-1.NA
DE.CM-1.NM","
","APRA CPG 234-16
APRA CPG 234-21
APRA CPG 234-66","Rationale: Semantic; Relationship: Superset; Alignment Strength: 8; Functional Coverage Strength: 10
Rationale: Semantic; Relationship: Intersects; Alignment Strength: 8; Functional Coverage Strength: 10
Rationale: Semantic; Relationship: Superset; Alignment Strength: 9; Functional Coverage Strength: 10",,,"2.3.2.1.17
2.3.2.2.72
2.4.2.14
2.4.2.18","Level: Evolving
Level: Advancing
Level: Advancing
Level: Advancing",FFIEC-AIO-13.03,Rationale: Semantic; Relationship: Superset; Alignment Strength: 8,,,"OSFI B-13-24
OSFI B-13-43
OSFI B-13-51","Rationale: Semantic; Relationship: Superset; Alignment Strength: 9
Rationale: Semantic; Relationship: Superset; Alignment Strength: 9
Rationale: Semantic; Relationship: Superset; Alignment Strength: 9",DORA-16-01,Rationale: Semantic; Relationship: Intersects; Alignment Strength: 8,,,TR-11.2.3,Type: Full,"D2.MA.Ma.E.4
D3.PC.Im.A.3
D3.PC.Im.E.2
D5.DR.Re.A.3","Level: Evolving; Type: Full Summarily
Level: Advanced; Type: Full Summarily
Level: Evolving; Type: Full Summarily
Level: Advanced; Type: Full Summarily",099.236,Level: Ds,FFIEC-DAM-04.07,Rationale: Semantic; Relationship: Intersects,"AU-06
SC-05
SC-07
SC-23
SI-04","Rationale: Semantic; Relationship: Intersects; Alignment Strength: 9
Rationale: Semantic; Relationship: Intersects; Alignment Strength: 8
Rationale: Semantic; Relationship: Intersects; Alignment Strength: 9
Rationale: Semantic; Relationship: Subset; Alignment Strength: 8
Rationale: Semantic; Relationship: Superset; Alignment Strength: 9",ASIC-GP09.MS,Rationale: Semantic; Relationship: Superset,"EBA-38
EBA-52","Rationale: Semantic; Relationship: Superset; Alignment Strength: 8
Rationale: Semantic; Relationship: Intersects; Alignment Strength: 7","JFSA-16
JFSA-19
JFSA-23
JFSA-27","Rationale: Semantic; Relationship: Superset; Alignment Strength: 7
Rationale: Semantic; Relationship: Intersects; Alignment Strength: 5
Rationale: Semantic; Relationship: Superset; Alignment Strength: 8
Rationale: Semantic; Relationship: Superset; Alignment Strength: 6","13.2
13.3
13.7
13.8","Rationale: Semantic; Relationship: Subset
Rationale: Semantic; Relationship: Subset
Rationale: Semantic; Relationship: Subset
Rationale: Semantic; Relationship: Equivalent",,
DE.CM-01.02,99.237,DETECT,Continuous Monitoring,Network Monitoring,10.0,"Tier: 1
Tier: 2
Tier: 3","DE.CM-01.02: The organization implements mechanisms, such as alerting and filtering of sudden high volumes and suspicious incoming traffic, to detect and mitigate Denial of Service, ""bot"", and credential stuffing attacks.",DE.CM-01,,"#boundary_protection
#infrastructure_security
#security_logging_monitoring_and_alerting",APRA CPS 234-23,Rationale: Semantic; Relationship: Superset; Alignment Strength: 9,OSFI CSSA-53,Rationale: Functional; Relationship: Intersects; Alignment Strength: 9,HK-SFC-1.02,Rationale: Functional; Relationship: Intersects,"DE.AE-1.NA
DE.AE-2.AP
DE.CM-1.NM","

","APRA CPG 234-39
APRA CPG 234-66
APRA CPG 234-67","Rationale: Semantic; Relationship: Intersects; Alignment Strength: 7; Functional Coverage Strength: 10
Rationale: Semantic; Relationship: Superset; Alignment Strength: 9; Functional Coverage Strength: 10
Rationale: Semantic; Relationship: Intersects; Alignment Strength: 8; Functional Coverage Strength: 10",,,"2.4.2.14
2.4.2.18
2.4.2.19
2.4.2.20","Level: Advancing
Level: Advancing
Level: Advancing
Level: Innovating",,,,,"OSFI B-13-24
OSFI B-13-51","Rationale: Semantic; Relationship: Superset; Alignment Strength: 9
Rationale: Semantic; Relationship: Superset; Alignment Strength: 9","DORA-06-08
DORA-10-02","Rationale: Semantic; Relationship: Superset; Alignment Strength: 8
Rationale: Semantic; Relationship: Superset; Alignment Strength: 8",,,"TR-11.2.7
TR-14.1.3
TR-6.4.8
TR-7.7.4","Type: Full
Type: Full Summarily
Type: Full Summarily
Type: Full Summarily","D2.MA.Ma.E.4
D3.PC.Im.A.3
D3.PC.Im.E.4
D5.DR.Re.A.3","Level: Evolving; Type: Full Summarily
Level: Advanced; Type: Full Summarily
Level: Evolving; Type: Full Summarily
Level: Advanced; Type: Full Summarily",099.237,Level: Ds,FFIEC-DAM-04.07,Rationale: Semantic; Relationship: Intersects,"AU-06
SC-05
SC-07
SI-04","Rationale: Semantic; Relationship: Intersects; Alignment Strength: 9
Rationale: Semantic; Relationship: Intersects; Alignment Strength: 9
Rationale: Semantic; Relationship: Intersects; Alignment Strength: 9
Rationale: Semantic; Relationship: Superset; Alignment Strength: 9",ASIC-GP09.MS,Rationale: Semantic; Relationship: Superset,EBA-52,Rationale: Semantic; Relationship: Superset; Alignment Strength: 7,"JFSA-19
JFSA-23","Rationale: Semantic; Relationship: Superset; Alignment Strength: 8
Rationale: Semantic; Relationship: Superset; Alignment Strength: 8","13.10
13.4
13.8","Rationale: Semantic; Relationship: Intersects
Rationale: Semantic; Relationship: Intersects
Rationale: Semantic; Relationship: Intersects",,
DE.CM-01.03,99.238,DETECT,Continuous Monitoring,Network Monitoring,10.0,"Tier: 1
Tier: 2
Tier: 3","DE.CM-01.03: The organization has policies, procedures, and tools in place to monitor for, detect, and block unauthorized network connections and data transfers.",DE.CM-01,,"#data_protection
#infrastructure_protection
#infrastructure_security
#policy_management
#security_logging_monitoring_and_alerting",APRA CPS 234-23,Rationale: Semantic; Relationship: Superset; Alignment Strength: 9,"OSFI CSSA-29
OSFI CSSA-30
OSFI CSSA-31
OSFI CSSA-33
OSFI CSSA-53","Rationale: Functional; Relationship: Intersects; Alignment Strength: 7
Rationale: Functional; Relationship: Intersects; Alignment Strength: 8
Rationale: Functional; Relationship: Intersects; Alignment Strength: 8
Rationale: Functional; Relationship: Intersects; Alignment Strength: 7
Rationale: Functional; Relationship: Superset; Alignment Strength: 9",HK-SFC-1.02,Rationale: Functional; Relationship: Intersects,"DE.AE-1.NA
DE.CM-1.NM","
","APRA CPG 234-52
APRA CPG 234-66
APRA CPG 234-67","Rationale: Semantic; Relationship: Superset; Alignment Strength: 7; Functional Coverage Strength: 10
Rationale: Semantic; Relationship: Superset; Alignment Strength: 9; Functional Coverage Strength: 10
Rationale: Semantic; Relationship: Superset; Alignment Strength: 8; Functional Coverage Strength: 10",NYDFS-32,Rationale: Semantic; Relationship: Superset; Alignment Strength: 8,"2.3.2.1.17
2.3.2.1.24
2.4.2.14
2.4.2.18
2.4.2.4","Level: Evolving
Level: Advancing
Level: Advancing
Level: Advancing
Level: Evolving","FFIEC-AIO-09.01
FFIEC-AIO-11.01","Rationale: Semantic; Relationship: Superset; Alignment Strength: 7
Rationale: Semantic; Relationship: Superset; Alignment Strength: 8",,,"OSFI B-13-24
OSFI B-13-43
OSFI B-13-51","Rationale: Semantic; Relationship: Superset; Alignment Strength: 9
Rationale: Semantic; Relationship: Superset; Alignment Strength: 9
Rationale: Semantic; Relationship: Superset; Alignment Strength: 9","DORA-09-03
DORA-16-01","Rationale: Semantic; Relationship: Superset; Alignment Strength: 8
Rationale: Semantic; Relationship: Intersects; Alignment Strength: 8",,,TR-11.2.4,Type: Full Summarily,"D3.DC.Ev.B.3
D3.DC.Ev.Int.1
D3.PC.De.E.2
D3.PC.De.E.3
D3.PC.Im.Inn.2","Level: Baseline; Type: Full Summarily
Level: Intermediate; Type: Full Summarily
Level: Evolving; Type: Full Summarily
Level: Evolving; Type: Full Summarily
Level: Innovative; Type: Full Summarily",099.238,Level: Ds,FFIEC-DAM-04.07,Rationale: Semantic; Relationship: Intersects,"AC-04
AU-06
CA-07
SC-07
SI-04","Rationale: Semantic; Relationship: Intersects; Alignment Strength: 9
Rationale: Semantic; Relationship: Intersects; Alignment Strength: 9
Rationale: Semantic; Relationship: Intersects; Alignment Strength: 8
Rationale: Semantic; Relationship: Intersects; Alignment Strength: 9
Rationale: Semantic; Relationship: Superset; Alignment Strength: 9",ASIC-GP09.MS,Rationale: Semantic; Relationship: Superset,EBA-52,Rationale: Semantic; Relationship: Superset; Alignment Strength: 8,"JFSA-19
JFSA-23","Rationale: Semantic; Relationship: Superset; Alignment Strength: 8
Rationale: Semantic; Relationship: Superset; Alignment Strength: 8","13.2
13.3","Rationale: Semantic; Relationship: Intersects
Rationale: Semantic; Relationship: Subset",,
DE.CM-01.04,99.239,DETECT,Continuous Monitoring,Network Monitoring,10.0,"Tier: 1
Tier: 2
Tier: 3
Tier: 4","DE.CM-01.04: The organization has policies, procedures, and tools in place to monitor for, detect, and block access from/to devices that are not authorized or do not conform to security policy (e.g., unpatched systems).",DE.CM-01,,"#infrastructure_protection
#infrastructure_security
#patch_management
#policy_management
#security_logging_monitoring_and_alerting
#vulnerability_management",APRA CPS 234-23,Rationale: Semantic; Relationship: Superset; Alignment Strength: 9,OSFI CSSA-60,Rationale: Functional; Relationship: Intersects; Alignment Strength: 8,HK-SFC-1.02,Rationale: Functional; Relationship: Intersects,"DE.AE-1.NA
DE.CM-1.NM","
","APRA CPG 234-66
APRA CPG 234-67","Rationale: Semantic; Relationship: Superset; Alignment Strength: 9; Functional Coverage Strength: 10
Rationale: Semantic; Relationship: Superset; Alignment Strength: 8; Functional Coverage Strength: 10",,,"2.4.2.14
2.4.2.18
2.4.2.19
2.4.2.4","Level: Advancing
Level: Advancing
Level: Advancing
Level: Evolving",FFIEC-AIO-09.01,Rationale: Semantic; Relationship: Superset; Alignment Strength: 7,,,"OSFI B-13-24
OSFI B-13-45","Rationale: Semantic; Relationship: Superset; Alignment Strength: 9
Rationale: Semantic; Relationship: Intersects; Alignment Strength: 8",,,,,"TR-11.2.4
TR-14.1.7
TR-9.3.2","Type: Full Summarily
Type: Full
Type: Full","D3.DC.Ev.B.3
D3.PC.De.A.1
D3.PC.De.E.1
D3.PC.De.E.2
D3.PC.Im.E.3
D3.PC.Im.Inn.2","Level: Baseline; Type: Full Summarily
Level: Advanced; Type: Full Summarily
Level: Evolving; Type: Full
Level: Evolving; Type: Full Summarily
Level: Evolving; Type: Full Summarily
Level: Innovative; Type: Full Summarily",099.239,Level: Ds,FFIEC-DAM-04.07,Rationale: Semantic; Relationship: Intersects,"AC-19
AU-06
SC-07
SI-04
SI-07","Rationale: Semantic; Relationship: Superset; Alignment Strength: 9
Rationale: Semantic; Relationship: Intersects; Alignment Strength: 9
Rationale: Semantic; Relationship: Intersects; Alignment Strength: 9
Rationale: Semantic; Relationship: Superset; Alignment Strength: 9
Rationale: Semantic; Relationship: Intersects; Alignment Strength: 9",ASIC-GP06.CM,Rationale: Semantic; Relationship: Intersects,EBA-52,Rationale: Semantic; Relationship: Superset; Alignment Strength: 8,"JFSA-19
JFSA-23","Rationale: Semantic; Relationship: Superset; Alignment Strength: 7
Rationale: Semantic; Relationship: Superset; Alignment Strength: 8","13.2
13.3
13.5","Rationale: Semantic; Relationship: Intersects
Rationale: Semantic; Relationship: Intersects
Rationale: Semantic; Relationship: Intersects",,
DE.CM-01.05,99.24,DETECT,Continuous Monitoring,Network Monitoring,10.0,"Tier: 1
Tier: 2
Tier: 3
Tier: 4","DE.CM-01.05: The organization implements measures to detect and block access to unauthorized, inappropriate, or malicious websites and services (e.g. social media, messaging, file sharing).",DE.CM-01,,"#data_protection
#infrastructure_protection
#infrastructure_security
#social_media",APRA CPS 234-23,Rationale: Semantic; Relationship: Superset; Alignment Strength: 9,,,,,"DE.AE-1.NA
DE.CM-1.NM
DE.CM-4.AA","

","APRA CPG 234-50
APRA CPG 234-52
APRA CPG 234-66","Rationale: Semantic; Relationship: Intersects; Alignment Strength: 7; Functional Coverage Strength: 10
Rationale: Semantic; Relationship: Superset; Alignment Strength: 7; Functional Coverage Strength: 10
Rationale: Semantic; Relationship: Superset; Alignment Strength: 9; Functional Coverage Strength: 10",NYDFS-32,Rationale: Semantic; Relationship: Superset; Alignment Strength: 8,,,FFIEC-AIO-11.01,Rationale: Semantic; Relationship: Intersects; Alignment Strength: 4,,,,,,,,,"CH-4.4.a
TR-11.1.5
TR-11.2.6","Type: Full Summarily
Type: Full
Type: Full",,,099.240,Level: Ds,,,"AC-20
SC-04
SC-07
SC-15
SC-35
SI-04","Rationale: Semantic; Relationship: Subset; Alignment Strength: 9
Rationale: Semantic; Relationship: Intersects; Alignment Strength: 8
Rationale: Semantic; Relationship: Intersects; Alignment Strength: 8
Rationale: Semantic; Relationship: Intersects; Alignment Strength: 8
Rationale: Semantic; Relationship: Intersects; Alignment Strength: 9
Rationale: Semantic; Relationship: Superset; Alignment Strength: 9",,,EBA-39,Rationale: Semantic; Relationship: Superset; Alignment Strength: 7,,,"9.2
9.3","Rationale: Semantic; Relationship: Subset
Rationale: Semantic; Relationship: Equivalent",,
DE.CM-01.06,99.241,DETECT,Continuous Monitoring,Network Monitoring,10.0,Tier: 1,"DE.CM-01.06: The organization employs deception techniques and technologies (e.g., honeypots) to detect and prevent a potential intrusion in its early stages to support timely containment and recovery.",DE.CM-01,,"#data_protection
#infrastructure_security
#security_logging_monitoring_and_alerting",APRA CPS 234-23,Rationale: Semantic; Relationship: Superset; Alignment Strength: 9,"OSFI CSSA-29
OSFI CSSA-56
OSFI CSSA-65","Rationale: Functional; Relationship: Intersects; Alignment Strength: 7
Rationale: Functional; Relationship: Intersects; Alignment Strength: 7
Rationale: Functional; Relationship: Intersects; Alignment Strength: 7",,,DE.CM-1.NM,,"APRA CPG 234-39
APRA CPG 234-66","Rationale: Semantic; Relationship: Intersects; Alignment Strength: 7; Functional Coverage Strength: 10
Rationale: Semantic; Relationship: Superset; Alignment Strength: 9; Functional Coverage Strength: 10",,,"2.3.2.1.27
2.4.2.22","Level: Innovating
Level: Innovating",,,,,OSFI B-13-43,Rationale: Semantic; Relationship: Superset; Alignment Strength: 8,,,,,,,"D3.DC.An.A.5
D5.DR.Re.A.3","Level: Advanced; Type: Full
Level: Advanced; Type: Full Summarily",099.241,Level: Ds,,,"SC-07
SC-26
SC-30
SI-04","Rationale: Semantic; Relationship: Intersects; Alignment Strength: 8
Rationale: Semantic; Relationship: Equal; Alignment Strength: 10
Rationale: Semantic; Relationship: Subset; Alignment Strength: 10
Rationale: Semantic; Relationship: Superset; Alignment Strength: 9",,,EBA-38,Rationale: Semantic; Relationship: Superset; Alignment Strength: 8,,,,,,
DE.CM-02.01,100.242,DETECT,Continuous Monitoring,Physical Environment Monitoring,10.0,"Tier: 1
Tier: 2
Tier: 3
Tier: 4","DE.CM-02.01: The organization's controls include monitoring and detection of anomalous activities and potential intrusion events across the organization's physical environment and infrastructure, including the detection of environmental threats (fire, water, service outages, etc.) and unauthorized physical access to high-risk system components and locations.",DE.CM-02,,"#boundary_protection
#critical_infrastructure
#physical_security
#security_logging_monitoring_and_alerting",APRA CPS 234-23,Rationale: Semantic; Relationship: Superset; Alignment Strength: 9,OSFI CSSA-56,Rationale: Functional; Relationship: Superset; Alignment Strength: 9,"HK-SFC-1.02
HK-SFC-2.07","Rationale: Functional; Relationship: Intersects
Rationale: Functional; Relationship: Superset",DE.CM-2.PA,,"APRA CPG 234-16
APRA CPG 234-21
APRA CPG 234-46
APRA CPG 234-66
APRA CPG 234-67","Rationale: Semantic; Relationship: Superset; Alignment Strength: 7; Functional Coverage Strength: 10
Rationale: Semantic; Relationship: Intersects; Alignment Strength: 7; Functional Coverage Strength: 10
Rationale: Semantic; Relationship: Superset; Alignment Strength: 8; Functional Coverage Strength: 10
Rationale: Semantic; Relationship: Superset; Alignment Strength: 9; Functional Coverage Strength: 10
Rationale: Semantic; Relationship: Superset; Alignment Strength: 8; Functional Coverage Strength: 10",NYDFS-33,Rationale: Semantic; Relationship: Superset; Alignment Strength: 9,"2.3.2.1.2
2.4.2.14
2.4.2.2
2.4.2.20","Level: Evolving
Level: Advancing
Level: Evolving
Level: Innovating","FFIEC-AIO-13.08
FFIEC-AIO-13.09
FFIEC-AIO-14.01","Rationale: Semantic; Relationship: Superset; Alignment Strength: 6
Rationale: Semantic; Relationship: Subset; Alignment Strength: 2
Rationale: Semantic; Relationship: Subset; Alignment Strength: 2",,,"OSFI B-13-43
OSFI B-13-49
OSFI B-13-51","Rationale: Semantic; Relationship: Superset; Alignment Strength: 9
Rationale: Semantic; Relationship: Superset; Alignment Strength: 7
Rationale: Semantic; Relationship: Superset; Alignment Strength: 9",DORA-10-01,Rationale: Semantic; Relationship: Superset; Alignment Strength: 9,,,"TR-8.5.5
TR-8.5.6","Type: Full Summarily
Type: Full Summarily","D3.DC.An.A.2
D3.DC.An.B.3
D3.DC.An.Int.3
D3.DC.Ev.B.5
D3.PC.Am.E.4","Level: Advanced; Type: Partial
Level: Baseline; Type: Full Summarily
Level: Intermediate; Type: Full
Level: Baseline; Type: Full
Level: Evolving; Type: Full Summarily",100.242,Level: Ds,,,"AU-06
PE-03
PE-06","Rationale: Semantic; Relationship: Superset; Alignment Strength: 9
Rationale: Semantic; Relationship: Intersects; Alignment Strength: 7
Rationale: Semantic; Relationship: Superset; Alignment Strength: 9",ASIC-GP09.MS,Rationale: Semantic; Relationship: Superset,"EBA-30
EBA-33
EBA-35
EBA-38
EBA-39
EBA-40
EBA-52
EBA-59","Rationale: Semantic; Relationship: Superset; Alignment Strength: 8
Rationale: Semantic; Relationship: Superset; Alignment Strength: 7
Rationale: Semantic; Relationship: Superset; Alignment Strength: 9
Rationale: Semantic; Relationship: Superset; Alignment Strength: 9
Rationale: Semantic; Relationship: Superset; Alignment Strength: 8
Rationale: Semantic; Relationship: Superset; Alignment Strength: 5
Rationale: Syntactic; Relationship: Superset; Alignment Strength: 8
Rationale: Semantic; Relationship: Superset; Alignment Strength: 8","JFSA-16
JFSA-22","Rationale: Semantic; Relationship: Superset; Alignment Strength: 8
Rationale: Semantic; Relationship: Superset; Alignment Strength: 7",,,,
DE.CM-03.01,101.243,DETECT,Continuous Monitoring,Personnel Activity Monitoring,10.0,"Tier: 1
Tier: 2
Tier: 3
Tier: 4","DE.CM-03.01: Account access, authentication, and authorization activities are logged and monitored, for both users and devices, to enforce authorized access.",DE.CM-03,,"#authentication
#authorization
#identity_and_access_management
#security_logging_monitoring_and_alerting",,,,,HK-SFC-1.02,Rationale: Functional; Relationship: Intersects,,,APRA CPG 234-67,Rationale: Semantic; Relationship: Superset; Alignment Strength: 8; Functional Coverage Strength: 10,,,"2.3.2.1.17
2.3.2.1.29
2.3.2.1.41","Level: Evolving
Level: Evolving
Level: Innovating","FFIEC-AIO-03.07
FFIEC-AIO-14.03","Rationale: Functional; Relationship: Intersects; Alignment Strength: 4
Rationale: Semantic; Relationship: Superset; Alignment Strength: 5",,,,,,,,,TR-9.2.1,Type: Full Summarily,,,101.243,Level: Ds,,,"AU-06
AU-14
CA-07
IA-05","Rationale: Semantic; Relationship: Superset; Alignment Strength: 9
Rationale: Semantic; Relationship: Intersects; Alignment Strength: 9
Rationale: Semantic; Relationship: Intersects; Alignment Strength: 8
Rationale: Semantic; Relationship: Intersects; Alignment Strength: 9",,,"EBA-31
EBA-47","Rationale: Semantic; Relationship: Superset; Alignment Strength: 9
Rationale: Semantic; Relationship: Superset; Alignment Strength: 8","JFSA-16
JFSA-27","Rationale: Semantic; Relationship: Superset; Alignment Strength: 8
Rationale: Semantic; Relationship: Superset; Alignment Strength: 6","3.14
8.12
8.5","Rationale: Semantic; Relationship: Intersects
Rationale: Semantic; Relationship: Intersects
Rationale: Semantic; Relationship: Intersects",,
DE.CM-03.02,101.244,DETECT,Continuous Monitoring,Personnel Activity Monitoring,10.0,"Tier: 1
Tier: 2
Tier: 3
Tier: 4","DE.CM-03.02: The organization's controls actively monitor personnel (both authorized and unauthorized) for access, authentication, usage, connections, devices, and anomalous behavior to rapidly detect potential cybersecurity events.",DE.CM-03,,"#authentication
#authorization
#identity_and_access_management
#infrastructure_protection
#security_logging_monitoring_and_alerting",APRA CPS 234-23,Rationale: Semantic; Relationship: Superset; Alignment Strength: 9,"OSFI CSSA-39
OSFI CSSA-53","Rationale: Functional; Relationship: Intersects; Alignment Strength: 7
Rationale: Functional; Relationship: Superset; Alignment Strength: 9",,,,,"APRA CPG 234-66
APRA CPG 234-67","Rationale: Semantic; Relationship: Superset; Alignment Strength: 9; Functional Coverage Strength: 10
Rationale: Semantic; Relationship: Superset; Alignment Strength: 8; Functional Coverage Strength: 10","NYDFS-17
NYDFS-32
NYDFS-33","Rationale: Semantic; Relationship: Intersects; Alignment Strength: 8
Rationale: Semantic; Relationship: Superset; Alignment Strength: 8
Rationale: Semantic; Relationship: Superset; Alignment Strength: 9","2.3.2.1.29
2.3.2.1.36
2.3.2.1.41
2.3.2.2.61
2.4.2.17
2.4.2.3","Level: Evolving
Level: Advancing
Level: Innovating
Level: Innovating
Level: Advancing
Level: Evolving","FFIEC-AIO-13.08
FFIEC-AIO-13.09
FFIEC-AIO-14.01","Rationale: Semantic; Relationship: Superset; Alignment Strength: 5
Rationale: Semantic; Relationship: Subset; Alignment Strength: 2
Rationale: Semantic; Relationship: Subset; Alignment Strength: 2",,,OSFI B-13-51,Rationale: Semantic; Relationship: Superset; Alignment Strength: 9,"DORA-10-01
DORA-10-03
DORA-16-01","Rationale: Semantic; Relationship: Superset; Alignment Strength: 9
Rationale: Semantic; Relationship: Superset; Alignment Strength: 9
Rationale: Semantic; Relationship: Intersects; Alignment Strength: 8",,,,,"D3.DC.An.A.3
D3.DC.An.A.4
D3.DC.An.E.1
D3.DC.An.E.3
D3.DC.An.Int.2
D3.DC.Ev.B.3
D3.DC.Th.A.3
D3.PC.Am.Int.2
D5.DR.De.E.1","Level: Advanced; Type: Full
Level: Advanced; Type: Full Summarily
Level: Evolving; Type: Full Summarily
Level: Evolving; Type: Full
Level: Intermediate; Type: Partial
Level: Baseline; Type: Full Summarily
Level: Advanced; Type: Full Summarily
Level: Intermediate; Type: Full Summarily
Level: Evolving; Type: Full Summarily",101.244,Level: Ds,,,"AU-06
AU-14
CA-07","Rationale: Semantic; Relationship: Superset; Alignment Strength: 9
Rationale: Semantic; Relationship: Intersects; Alignment Strength: 9
Rationale: Semantic; Relationship: Intersects; Alignment Strength: 8",ASIC-GP09.MS,Rationale: Semantic; Relationship: Superset,"EBA-31
EBA-38
EBA-47","Rationale: Semantic; Relationship: Superset; Alignment Strength: 9
Rationale: Semantic; Relationship: Superset; Alignment Strength: 8
Rationale: Semantic; Relationship: Superset; Alignment Strength: 8","JFSA-16
JFSA-19
JFSA-27","Rationale: Semantic; Relationship: Superset; Alignment Strength: 8
Rationale: Semantic; Relationship: Superset; Alignment Strength: 8
Rationale: Semantic; Relationship: Superset; Alignment Strength: 6",3.14,Rationale: Semantic; Relationship: Intersects,,
DE.CM-03.03,101.245,DETECT,Continuous Monitoring,Personnel Activity Monitoring,10.0,"Tier: 1
Tier: 2
Tier: 3","DE.CM-03.03: The organization logs and reviews the activities of privileged users and accounts, and monitoring for anomalous behaviors is implemented.",DE.CM-03,,"#identity_and_access_management
#privileged_access
#security_logging_monitoring_and_alerting",,,"OSFI CSSA-28
OSFI CSSA-53","Rationale: Functional; Relationship: Intersects; Alignment Strength: 8
Rationale: Functional; Relationship: Intersects; Alignment Strength: 9",,,PR.AC-4.EP,,APRA CPG 234-67,Rationale: Semantic; Relationship: Superset; Alignment Strength: 8; Functional Coverage Strength: 10,"NYDFS-19
NYDFS-32
NYDFS-33","Rationale: Semantic; Relationship: Superset; Alignment Strength: 9
Rationale: Semantic; Relationship: Superset; Alignment Strength: 7
Rationale: Semantic; Relationship: Superset; Alignment Strength: 8","2.3.2.1.32
2.3.2.1.41
2.3.2.2.58
2.3.2.2.61","Level: Evolving
Level: Innovating
Level: Evolving
Level: Innovating","FFIEC-AIO-03.07
FFIEC-AIO-13.06","Rationale: Functional; Relationship: Intersects; Alignment Strength: 4
Rationale: Semantic; Relationship: Subset; Alignment Strength: 5",,,OSFI B-13-51,Rationale: Semantic; Relationship: Superset; Alignment Strength: 9,"DORA-10-01
DORA-10-03","Rationale: Semantic; Relationship: Superset; Alignment Strength: 9
Rationale: Semantic; Relationship: Intersects; Alignment Strength: 9",,,,,"D3.DC.An.B.5
D3.DC.Th.A.3
D3.DC.Th.E.6
D3.PC.Am.Int.2
D5.DR.De.E.1
D5.DR.De.Int.1","Level: Baseline; Type: Full
Level: Advanced; Type: Full Summarily
Level: Evolving; Type: Full Summarily
Level: Intermediate; Type: Full Summarily
Level: Evolving; Type: Full Summarily
Level: Intermediate; Type: Full Summarily",101.245,Level: Ds,,,"AU-06
AU-14
CA-07
SI-04","Rationale: Semantic; Relationship: Superset; Alignment Strength: 9
Rationale: Semantic; Relationship: Intersects; Alignment Strength: 9
Rationale: Semantic; Relationship: Intersects; Alignment Strength: 8
Rationale: Semantic; Relationship: Superset; Alignment Strength: 9",ASIC-GP09.MS,Rationale: Semantic; Relationship: Superset,"EBA-31
EBA-38","Rationale: Semantic; Relationship: Superset; Alignment Strength: 9
Rationale: Semantic; Relationship: Superset; Alignment Strength: 8",JFSA-16,Rationale: Semantic; Relationship: Superset; Alignment Strength: 8,8.5,Rationale: Semantic; Relationship: Intersects,,
DE.CM-06.01,102.246,DETECT,Continuous Monitoring,Service Provider Monitoring,10.0,"Tier: 1
Tier: 2
Tier: 3
Tier: 4","DE.CM-06.01: The organization reviews, documents, authorizes, and monitors all third-party connections, data transfer mechanisms, and Application Programming Interfaces (APIs).",DE.CM-06,,"#application_security
#architecture
#data_protection
#infrastructure_protection
#security_logging_monitoring_and_alerting
#supply_chain_management
#third_party_risk_management",,,"OSFI CSSA-36
OSFI CSSA-53","Rationale: Functional; Relationship: Intersects; Alignment Strength: 9
Rationale: Functional; Relationship: Intersects; Alignment Strength: 9",,,"DE.CM-1.NM
PR.AC-7.DS","
","APRA CPG 234-50
APRA CPG 234-67","Rationale: Semantic; Relationship: Intersects; Alignment Strength: 7; Functional Coverage Strength: 10
Rationale: Semantic; Relationship: Superset; Alignment Strength: 8; Functional Coverage Strength: 10",,,"2.3.2.1.10
2.3.2.1.20
2.3.2.2.71
2.3.2.2.72
2.4.2.17
2.4.2.4","Level: Evolving
Level: Advancing
Level: Advancing
Level: Advancing
Level: Advancing
Level: Evolving","FFIEC-AIO-11.01
FFIEC-AIO-13.06
FFIEC-AIO-14.02
FFIEC-AIO-16.02","Rationale: Semantic; Relationship: Superset; Alignment Strength: 8
Rationale: Semantic; Relationship: Subset; Alignment Strength: 7
Rationale: Semantic; Relationship: Superset; Alignment Strength: 8
Rationale: Semantic; Relationship: Intersects; Alignment Strength: 6",FFIEC-BCM-05.03,Rationale: Semantic; Relationship: Intersects; Alignment Strength: 7,OSFI B-13-51,Rationale: Semantic; Relationship: Superset; Alignment Strength: 9,"DORA-08-05
DORA-09-03","Rationale: Semantic; Relationship: Superset; Alignment Strength: 8
Rationale: Semantic; Relationship: Superset; Alignment Strength: 8",,,"TR-6.4.1
TR-6.4.2
TR-6.4.3
TR-6.4.4
TR-6.4.6
TR-6.4.7","Type: Full Summarily
Type: Full Summarily
Type: Full Summarily
Type: Full Summarily
Type: Full Summarily
Type: Full","D3.PC.Am.Int.5
D3.PC.De.E.3
D4.C.Co.A.1
D4.C.Co.B.2
D4.C.Co.E.2
D4.C.Co.E.4
D4.C.Co.Int.2
D4.C.Co.Int.3","Level: Intermediate; Type: Full Summarily
Level: Evolving; Type: Full Summarily
Level: Advanced; Type: Full Summarily
Level: Baseline; Type: Full
Level: Evolving; Type: Full Summarily
Level: Evolving; Type: Full Summarily
Level: Intermediate; Type: Full
Level: Intermediate; Type: Full",102.246,Level: Ds,"FFIEC-DAM-04.07
FFIEC-DAM-04.09
FFIEC-DAM-09.01","Rationale: Semantic; Relationship: Intersects
Rationale: Semantic; Relationship: Intersects
Rationale: Semantic; Relationship: Intersects","CA-03
CA-07
SA-09
SI-04","Rationale: Semantic; Relationship: Subset; Alignment Strength: 9
Rationale: Semantic; Relationship: Intersects; Alignment Strength: 8
Rationale: Semantic; Relationship: Equal; Alignment Strength: 10
Rationale: Semantic; Relationship: Superset; Alignment Strength: 9",,,,,"JFSA-19
JFSA-23
JFSA-44","Rationale: Semantic; Relationship: Superset; Alignment Strength: 7
Rationale: Semantic; Relationship: Superset; Alignment Strength: 6
Rationale: Functional; Relationship: Intersects; Alignment Strength: 5",8.12,Rationale: Semantic; Relationship: Intersects,,
DE.CM-06.02,102.247,DETECT,Continuous Monitoring,Service Provider Monitoring,10.0,"Tier: 1
Tier: 2
Tier: 3",DE.CM-06.02: The organization implements an explicit approval and logging process and sets up automated alerts to monitor and prevent any unauthorized access to a critical system by a third-party service provider.,DE.CM-06,,"#critical_infrastructure
#security_logging_monitoring_and_alerting
#supply_chain_management
#third_party_risk_management",,,,,,,"DE.AE-2.AP
DE.CM-1.NM","
",APRA CPG 234-67,Rationale: Semantic; Relationship: Superset; Alignment Strength: 8; Functional Coverage Strength: 10,NYDFS-33,Rationale: Semantic; Relationship: Superset; Alignment Strength: 8,"2.3.2.2.71
2.3.2.2.72","Level: Advancing
Level: Advancing",,,,,,,DORA-10-02,Rationale: Semantic; Relationship: Superset; Alignment Strength: 8,,,TR-6.4.6,Type: Full Summarily,"D3.DC.An.B.4
D3.DC.An.E.1
D3.PC.Am.Int.5
D4.RM.Om.A.1
D4.RM.Om.Int.1","Level: Baseline; Type: Full
Level: Evolving; Type: Full Summarily
Level: Intermediate; Type: Full Summarily
Level: Advanced; Type: Full
Level: Intermediate; Type: Full",102.247,Level: Ds,,,"CA-07
PS-07
SA-09
SI-04","Rationale: Semantic; Relationship: Intersects; Alignment Strength: 7
Rationale: Semantic; Relationship: Intersects; Alignment Strength: 7
Rationale: Semantic; Relationship: Equal; Alignment Strength: 9
Rationale: Semantic; Relationship: Superset; Alignment Strength: 9",,,,,"JFSA-16
JFSA-44","Rationale: Semantic; Relationship: Superset; Alignment Strength: 8
Rationale: Functional; Relationship: Intersects; Alignment Strength: 3","13.5
8.12","Rationale: Semantic; Relationship: Intersects
Rationale: Semantic; Relationship: Intersects",,
DE.CM-09.01,103.248,DETECT,Continuous Monitoring,"Hardware, Software, & Data Monitoring",10.0,"Tier: 1
Tier: 2","DE.CM-09.01: The organization uses integrity checking mechanisms to verify software, firmware and information integrity and provenance (e.g., checksums, Software Bill of Materials, etc.)",DE.CM-09,,"#application_security
#data_protection
#security_logging_monitoring_and_alerting
#system_integrity
#vulnerability_management",,,"OSFI CSSA-37
OSFI CSSA-64","Rationale: Functional; Relationship: Intersects; Alignment Strength: 7
Rationale: Functional; Relationship: Superset; Alignment Strength: 9",HK-SFC-2.06,Rationale: Functional; Relationship: Intersects,PR.DS-8.HI,,,,,,,,FFIEC-AIO-16.02,Rationale: Semantic; Relationship: Intersects; Alignment Strength: 2,,,,,,,,,,,D3.PC.Se.Int.3,Level: Intermediate; Type: Full,103.248,Level: Ds,FFIEC-DAM-09.02,Rationale: Semantic; Relationship: Intersects,"CM-14
SI-07
SR-04
SR-09
SR-10
SR-11","Rationale: Semantic; Relationship: Intersects; Alignment Strength: 8
Rationale: Semantic; Relationship: Superset; Alignment Strength: 9
Rationale: Semantic; Relationship: Subset; Alignment Strength: 7
Rationale: Semantic; Relationship: Subset; Alignment Strength: 7
Rationale: Semantic; Relationship: Subset; Alignment Strength: 8
Rationale: Semantic; Relationship: Intersects; Alignment Strength: 9",,,EBA-36,Rationale: Semantic; Relationship: Superset; Alignment Strength: 9,,,"10.5
16.11
16.4
16.5
2.5
2.6","Rationale: Semantic; Relationship: Intersects
Rationale: Semantic; Relationship: Intersects
Rationale: Semantic; Relationship: Intersects
Rationale: Semantic; Relationship: Intersects
Rationale: Semantic; Relationship: Intersects
Rationale: Semantic; Relationship: Intersects",,
DE.CM-09.02,103.249,DETECT,Continuous Monitoring,"Hardware, Software, & Data Monitoring",10.0,"Tier: 1
Tier: 2",DE.CM-09.02: The organization uses integrity checking mechanisms to verify hardware integrity.,DE.CM-09,,"#application_security
#data_protection
#security_logging_monitoring_and_alerting
#system_integrity
#vulnerability_management",,,,,HK-SFC-2.06,Rationale: Functional; Relationship: Intersects,PR.DS-8.HI,,,,,,,,,,,,,,,,,,,,,,103.249,Level: Ds,FFIEC-DAM-09.02,Rationale: Semantic; Relationship: Intersects,"SI-07
SR-04
SR-09
SR-10
SR-11","Rationale: Semantic; Relationship: Superset; Alignment Strength: 9
Rationale: Semantic; Relationship: Subset; Alignment Strength: 7
Rationale: Semantic; Relationship: Subset; Alignment Strength: 7
Rationale: Semantic; Relationship: Subset; Alignment Strength: 8
Rationale: Semantic; Relationship: Intersects; Alignment Strength: 9",,,EBA-36,Rationale: Semantic; Relationship: Superset; Alignment Strength: 9,,,,,,
DE.CM-09.03,103.25,DETECT,Continuous Monitoring,"Hardware, Software, & Data Monitoring",10.0,"Tier: 1
Tier: 2
Tier: 3
Tier: 4","DE.CM-09.03: The organization has policies, procedures, and tools in place to monitor for, detect, and block the use of unsupported or unauthorized software, hardware, or configuration changes.",DE.CM-09,,"#endpoint_security
#infrastructure_protection
#policy_management
#security_baselines
#security_logging_monitoring_and_alerting
#vulnerability_management",APRA CPS 234-23,Rationale: Semantic; Relationship: Superset; Alignment Strength: 4,"OSFI CSSA-49
OSFI CSSA-51
OSFI CSSA-60","Rationale: Functional; Relationship: Intersects; Alignment Strength: 7
Rationale: Functional; Relationship: Equal; Alignment Strength: 10
Rationale: Functional; Relationship: Intersects; Alignment Strength: 8",HK-SFC-2.06,Rationale: Functional; Relationship: Intersects,"DE.CM-4.AA
DE.CM-7.ST","
","APRA CPG 234-66
APRA CPG 234-67","Rationale: Semantic; Relationship: Superset; Alignment Strength: 7; Functional Coverage Strength: 10
Rationale: Semantic; Relationship: Superset; Alignment Strength: 8; Functional Coverage Strength: 10",,,"2.3.2.1.13
2.3.2.1.19
2.3.2.1.23
2.3.2.1.25
2.3.2.1.51
2.3.2.1.55
2.4.2.14
2.4.2.4","Level: Evolving
Level: Evolving
Level: Advancing
Level: Advancing
Level: Evolving
Level: Innovating
Level: Advancing
Level: Evolving","FFIEC-AIO-07.01
FFIEC-AIO-10.01
FFIEC-AIO-13.06
FFIEC-AIO-15.02","Rationale: Semantic; Relationship: Superset; Alignment Strength: 6
Rationale: Semantic; Relationship: Superset; Alignment Strength: 7
Rationale: Semantic; Relationship: Subset; Alignment Strength: 5
Rationale: Semantic; Relationship: Superset; Alignment Strength: 6",,,"OSFI B-13-10
OSFI B-13-47","Rationale: Semantic; Relationship: Intersects; Alignment Strength: 8
Rationale: Semantic; Relationship: Intersects; Alignment Strength: 8",DORA-16-01,Rationale: Semantic; Relationship: Intersects; Alignment Strength: 8,,,"TR-11.3.6
TR-6.5.1","Type: Full
Type: Full Summarily","D1.G.IT.A.3
D1.G.IT.Inn.2
D3.DC.Ev.A.1
D3.DC.Ev.A.3
D3.DC.Ev.B.3
D3.PC.Am.B.16
D3.PC.Im.B.8
D3.PC.Im.E.8
D3.PC.Im.Inn.2
D3.PC.Im.Int.6","Level: Advanced; Type: Full Summarily
Level: Innovative; Type: Full Summarily
Level: Advanced; Type: Full Summarily
Level: Advanced; Type: Full Summarily
Level: Baseline; Type: Full Summarily
Level: Baseline; Type: Full
Level: Baseline; Type: Full Summarily
Level: Evolving; Type: Full Summarily
Level: Innovative; Type: Full Summarily
Level: Intermediate; Type: Full Summarily",103.250,Level: Ds,FFIEC-DAM-09.02,Rationale: Semantic; Relationship: Intersects,"CM-06
CM-11
SC-35
SI-04
SI-07","Rationale: Semantic; Relationship: Intersects; Alignment Strength: 9
Rationale: Semantic; Relationship: Superset; Alignment Strength: 9
Rationale: Semantic; Relationship: Intersects; Alignment Strength: 9
Rationale: Semantic; Relationship: Superset; Alignment Strength: 9
Rationale: Semantic; Relationship: Intersects; Alignment Strength: 9",ASIC-GP06.CM,Rationale: Semantic; Relationship: Superset,EBA-39,Rationale: Functional; Relationship: Intersects; Alignment Strength: 5,,,"1.2
2.3
2.5
2.6
2.7
9.1","Rationale: Semantic; Relationship: Intersects
Rationale: Semantic; Relationship: Intersects
Rationale: Semantic; Relationship: Intersects
Rationale: Semantic; Relationship: Intersects
Rationale: Semantic; Relationship: Intersects
Rationale: Semantic; Relationship: Subset",,
DE.AE-02.01,105.251,DETECT,Adverse Event Analysis,Potentially Adverse Event Analysis,10.0,"Tier: 1
Tier: 2
Tier: 3
Tier: 4","DE.AE-02.01: The organization performs timely collection of event data, as well as advanced and automated analysis (including the use of security tools such as antivirus and IDS/IPS) on the detected events to:
(1) Assess and understand the nature, scope and method of the attack;
(2) Predict and block a similar future attack; and
(3) Report timely risk metrics.",DE.AE-02,,"#boundary_protection
#endpoint_security
#malware_protection
#security_logging_monitoring_and_alerting
#siem",APRA CPS 234-23,Rationale: Semantic; Relationship: Superset; Alignment Strength: 9,"OSFI CSSA-55
OSFI CSSA-56","Rationale: Functional; Relationship: Subset; Alignment Strength: 9
Rationale: Functional; Relationship: Superset; Alignment Strength: 9",HK-SFC-1.02,Rationale: Functional; Relationship: Intersects,"DE.AE-2.AP
DE.AE-4.EI
DE.DP-2.ED","

",APRA CPG 234-66,Rationale: Semantic; Relationship: Superset; Alignment Strength: 8; Functional Coverage Strength: 10,,,"2.2.2.12
2.3.2.1.10
2.3.2.1.16
2.4.2.16
2.4.2.2
2.5.2.1.21
2.7.2.1.2","Level: Innovating
Level: Evolving
Level: Evolving
Level: Advancing
Level: Evolving
Level: Innovating
Level: Evolving",FFIEC-AIO-15.07,Rationale: Semantic; Relationship: Subset; Alignment Strength: 8,,,"OSFI B-13-50
OSFI B-13-51","Rationale: Semantic; Relationship: Superset; Alignment Strength: 9
Rationale: Semantic; Relationship: Superset; Alignment Strength: 9","DORA-09-01
DORA-11-08
DORA-17-03","Rationale: Semantic; Relationship: Superset; Alignment Strength: 7
Rationale: Semantic; Relationship: Superset; Alignment Strength: 7
Rationale: Semantic; Relationship: Intersects; Alignment Strength: 7",,,,,"D1.RM.RA.Inn.2
D1.RM.RA.Inn.3
D1.RM.RMP.A.5
D2.MA.Ma.A.3
D2.MA.Ma.B.2
D2.MA.Ma.Inn.1
D2.TI.Ti.Inn.1
D3.DC.Ev.B.2
D5.DR.De.A.1
D5.DR.De.Inn.1
D5.DR.De.Int.2","Level: Innovative; Type: Partial
Level: Innovative; Type: Full Summarily
Level: Advanced; Type: Full Summarily
Level: Advanced; Type: Full Summarily
Level: Baseline; Type: Full
Level: Innovative; Type: Full Summarily
Level: Innovative; Type: Full Summarily
Level: Baseline; Type: Full
Level: Advanced; Type: Full Summarily
Level: Innovative; Type: Full
Level: Intermediate; Type: Full Summarily",105.251,Level: Ds,,,"AU-06
CA-07
SI-04","Rationale: Semantic; Relationship: Superset; Alignment Strength: 9
Rationale: Semantic; Relationship: Intersects; Alignment Strength: 8
Rationale: Semantic; Relationship: Superset; Alignment Strength: 9",ASIC-GP09.DA,Rationale: Semantic; Relationship: Subset,"EBA-40
EBA-52","Rationale: Semantic; Relationship: Superset; Alignment Strength: 9
Rationale: Functional; Relationship: Intersects; Alignment Strength: 6",JFSA-57,Rationale: Semantic; Relationship: Subset; Alignment Strength: 7,"13.1
13.7
8.11","Rationale: Semantic; Relationship: Subset
Rationale: Semantic; Relationship: Intersects
Rationale: Semantic; Relationship: Subset",NAIC-IDSML-09,Rationale: Semantic; Relationship: Superset
DE.AE-02.02,105.252,DETECT,Adverse Event Analysis,Potentially Adverse Event Analysis,10.0,"Tier: 1
Tier: 2
Tier: 3
Tier: 4","DE.AE-02.02: The organization establishes, documents, and regularly reviews event alert parameters and thresholds, as well as rule-based triggers to support automated responses, when known attack patterns, signatures or behaviors are detected.",DE.AE-02,,"#incident_management
#security_logging_monitoring_and_alerting",APRA CPS 234-23,Rationale: Semantic; Relationship: Superset; Alignment Strength: 9,"OSFI CSSA-55
OSFI CSSA-56
OSFI CSSA-65","Rationale: Functional; Relationship: Intersects; Alignment Strength: 8
Rationale: Functional; Relationship: Intersects; Alignment Strength: 8
Rationale: Functional; Relationship: Intersects; Alignment Strength: 8",HK-SFC-1.02,Rationale: Functional; Relationship: Intersects,"DE.AE-2.AP
DE.AE-5.IT
DE.DP-2.ED","

","APRA CPG 234-46
APRA CPG 234-66
APRA CPG 234-67","Rationale: Semantic; Relationship: Superset; Alignment Strength: 6; Functional Coverage Strength: 10
Rationale: Semantic; Relationship: Superset; Alignment Strength: 8; Functional Coverage Strength: 10
Rationale: Semantic; Relationship: Superset; Alignment Strength: 8; Functional Coverage Strength: 10",,,"2.4.2.10
2.4.2.15
2.4.2.16
2.4.2.2
2.4.2.20
2.4.2.22
2.4.2.5
2.4.2.6
2.5.2.1.21
2.5.2.1.7","Level: Evolving
Level: Advancing
Level: Advancing
Level: Evolving
Level: Innovating
Level: Innovating
Level: Evolving
Level: Evolving
Level: Innovating
Level: Evolving",FFIEC-AIO-15.07,Rationale: Semantic; Relationship: Subset; Alignment Strength: 8,,,"OSFI B-13-25
OSFI B-13-50","Rationale: Semantic; Relationship: Intersects; Alignment Strength: 8
Rationale: Semantic; Relationship: Superset; Alignment Strength: 9","DORA-09-01
DORA-10-02
DORA-17-01","Rationale: Semantic; Relationship: Superset; Alignment Strength: 7
Rationale: Semantic; Relationship: Superset; Alignment Strength: 9
Rationale: Semantic; Relationship: Superset; Alignment Strength: 7",,,"TR-12.2.4
TR-8.1.4","Type: Full
Type: Full Summarily","D2.MA.Ma.Inn.3
D2.TI.Ti.Inn.1
D3.DC.An.A.1
D3.DC.An.E.4
D3.DC.An.Int.5
D5.DR.De.B.1
D5.DR.De.B.2
D5.DR.De.Int.1
D5.DR.De.Int.3
D5.IR.Pl.Inn.2","Level: Innovative; Type: Partial
Level: Innovative; Type: Full Summarily
Level: Advanced; Type: Partial
Level: Evolving; Type: Full
Level: Intermediate; Type: Full Summarily
Level: Baseline; Type: Full
Level: Baseline; Type: Full Summarily
Level: Intermediate; Type: Full Summarily
Level: Intermediate; Type: Full Summarily
Level: Innovative; Type: Full",105.252,Level: Ds,,,"AU-06
CA-07
SI-04","Rationale: Semantic; Relationship: Intersects; Alignment Strength: 9
Rationale: Semantic; Relationship: Intersects; Alignment Strength: 8
Rationale: Semantic; Relationship: Superset; Alignment Strength: 9",ASIC-KQ05,Rationale: Semantic; Relationship: Intersects,EBA-59,Rationale: Semantic; Relationship: Superset; Alignment Strength: 9,JFSA-24,Rationale: Semantic; Relationship: Superset; Alignment Strength: 7,"13.11
17.9","Rationale: Semantic; Relationship: Subset
Rationale: Semantic; Relationship: Intersects",NAIC-IDSML-09,Rationale: Semantic; Relationship: Superset
DE.AE-03.01,106.253,DETECT,Adverse Event Analysis,Event Information Correlation,10.0,"Tier: 1
Tier: 2
Tier: 3
Tier: 4","DE.AE-03.01: The organization implements systematic and real-time logging, collection, monitoring, detection, and alerting measures across multiple layers of the organization's infrastructure, including physical perimeters, network, operating systems, applications, data, and external (cloud and outsourced) environments, sufficient to protect the organization's information assets.",DE.AE-03,,"#application_security
#boundary_protection
#data_protection
#endpoint_security
#incident_management
#infrastructure_protection
#security_logging_monitoring_and_alerting
#siem","APRA CPS 234-21
APRA CPS 234-23","Rationale: Semantic; Relationship: Superset; Alignment Strength: 8
Rationale: Semantic; Relationship: Superset; Alignment Strength: 8","OSFI CSSA-54
OSFI CSSA-55
OSFI CSSA-90","Rationale: Functional; Relationship: Intersects; Alignment Strength: 7
Rationale: Functional; Relationship: Intersects; Alignment Strength: 9
Rationale: Functional; Relationship: Subset; Alignment Strength: 9","HK-SFC-1.02
HK-SFC-2.07","Rationale: Functional; Relationship: Intersects
Rationale: Functional; Relationship: Intersects","DE.AE-1.NA
DE.AE-2.AP
DE.AE-2.EI
DE.AE-3.AR
DE.CM-2.PA
DE.DP-2.ED
PR.PT-1.LM","





","APRA CPG 234-16
APRA CPG 234-56
APRA CPG 234-66
APRA CPG 234-67
APRA CPG 234-69","Rationale: Semantic; Relationship: Superset; Alignment Strength: 7; Functional Coverage Strength: 10
Rationale: Semantic; Relationship: Intersects; Alignment Strength: 8; Functional Coverage Strength: 9
Rationale: Semantic; Relationship: Superset; Alignment Strength: 8; Functional Coverage Strength: 10
Rationale: Semantic; Relationship: Superset; Alignment Strength: 8; Functional Coverage Strength: 10
Rationale: Semantic; Relationship: Intersects; Alignment Strength: 8; Functional Coverage Strength: 10",NYDFS-33,Rationale: Semantic; Relationship: Superset; Alignment Strength: 7,"2.3.2.1.2
2.4.2.12
2.4.2.13
2.4.2.15
2.4.2.16
2.4.2.8
2.5.2.1.21","Level: Evolving
Level: Advancing
Level: Advancing
Level: Advancing
Level: Advancing
Level: Evolving
Level: Innovating","FFIEC-AIO-13.03
FFIEC-AIO-13.06
FFIEC-AIO-14.02
FFIEC-AIO-15.07","Rationale: Semantic; Relationship: Superset; Alignment Strength: 8
Rationale: Semantic; Relationship: Subset; Alignment Strength: 8
Rationale: Semantic; Relationship: Superset; Alignment Strength: 3
Rationale: Semantic; Relationship: Subset; Alignment Strength: 8",,,"OSFI B-13-50
OSFI B-13-51","Rationale: Semantic; Relationship: Superset; Alignment Strength: 9
Rationale: Semantic; Relationship: Superset; Alignment Strength: 9","DORA-06-08
DORA-09-01
DORA-10-02
DORA-16-01
DORA-17-01","Rationale: Semantic; Relationship: Superset; Alignment Strength: 8
Rationale: Semantic; Relationship: Superset; Alignment Strength: 7
Rationale: Semantic; Relationship: Superset; Alignment Strength: 9
Rationale: Semantic; Relationship: Intersects; Alignment Strength: 9
Rationale: Semantic; Relationship: Superset; Alignment Strength: 7",,,"TR-11.5.5
TR-9.1.3","Type: Full
Type: Full Summarily","D2.MA.Ma.E.4
D3.DC.An.E.2
D3.PC.Im.B.3
D4.C.Co.Int.4","Level: Evolving; Type: Full Summarily
Level: Evolving; Type: Full
Level: Baseline; Type: Full Summarily
Level: Intermediate; Type: Full Summarily",106.253,Level: Ds,,,"AU-06
CA-07
PE-06
SI-04","Rationale: Semantic; Relationship: Intersects; Alignment Strength: 9
Rationale: Semantic; Relationship: Intersects; Alignment Strength: 8
Rationale: Semantic; Relationship: Superset; Alignment Strength: 9
Rationale: Semantic; Relationship: Superset; Alignment Strength: 9",ASIC-GP03.FC,Rationale: Semantic; Relationship: Intersects,"EBA-21
EBA-39
EBA-59","Rationale: Functional; Relationship: Intersects; Alignment Strength: 6
Rationale: Semantic; Relationship: Superset; Alignment Strength: 8
Rationale: Semantic; Relationship: Superset; Alignment Strength: 8",JFSA-19,Rationale: Semantic; Relationship: Superset; Alignment Strength: 7,"13.1
13.3
13.6
13.7
8.1
8.11
8.2
8.5
8.6
8.7
8.8","Rationale: Semantic; Relationship: Subset
Rationale: Semantic; Relationship: Intersects
Rationale: Semantic; Relationship: Subset
Rationale: Semantic; Relationship: Intersects
Rationale: Semantic; Relationship: Intersects
Rationale: Semantic; Relationship: Subset
Rationale: Semantic; Relationship: Intersects
Rationale: Semantic; Relationship: Intersects
Rationale: Semantic; Relationship: Intersects
Rationale: Semantic; Relationship: Intersects
Rationale: Semantic; Relationship: Intersects",,
DE.AE-03.02,106.254,DETECT,Adverse Event Analysis,Event Information Correlation,10.0,"Tier: 1
Tier: 2
Tier: 3
Tier: 4","DE.AE-03.02: The organization performs real-time central analysis, aggregation, and correlation of anomalous activities, network and system alerts, and relevant event and cyber threat intelligence, including both internal and external (cloud and outsourced) environments, to better detect and prevent multifaceted cyber attacks.",DE.AE-03,,"#security_logging_monitoring_and_alerting
#siem
#threat_management",APRA CPS 234-23,Rationale: Semantic; Relationship: Superset; Alignment Strength: 8,OSFI CSSA-55,Rationale: Functional; Relationship: Intersects; Alignment Strength: 9,HK-SFC-1.02,Rationale: Functional; Relationship: Intersects,"DE.AE-1.NA
DE.AE-2.AP
DE.AE-3.AR
DE.AE-3.TC
DE.DP-2.ED","



","APRA CPG 234-39
APRA CPG 234-66
APRA CPG 234-69","Rationale: Semantic; Relationship: Intersects; Alignment Strength: 7; Functional Coverage Strength: 10
Rationale: Semantic; Relationship: Superset; Alignment Strength: 8; Functional Coverage Strength: 10
Rationale: Semantic; Relationship: Intersects; Alignment Strength: 8; Functional Coverage Strength: 10",NYDFS-33,Rationale: Semantic; Relationship: Superset; Alignment Strength: 7,"2.2.2.12
2.4.2.12
2.4.2.13
2.4.2.16
2.4.2.2
2.4.2.8
2.4.2.9
2.5.2.1.21
2.7.2.1.10
2.7.2.1.2
2.7.2.1.9","Level: Innovating
Level: Advancing
Level: Advancing
Level: Advancing
Level: Evolving
Level: Evolving
Level: Evolving
Level: Innovating
Level: Advancing
Level: Evolving
Level: Advancing",FFIEC-AIO-15.07,Rationale: Semantic; Relationship: Subset; Alignment Strength: 8,,,"OSFI B-13-50
OSFI B-13-51","Rationale: Semantic; Relationship: Superset; Alignment Strength: 9
Rationale: Semantic; Relationship: Superset; Alignment Strength: 9","DORA-09-01
DORA-10-01
DORA-10-02
DORA-13-01","Rationale: Semantic; Relationship: Superset; Alignment Strength: 7
Rationale: Semantic; Relationship: Superset; Alignment Strength: 9
Rationale: Semantic; Relationship: Superset; Alignment Strength: 8
Rationale: Semantic; Relationship: Superset; Alignment Strength: 8",,,TR-12.2.5,Type: Full,"D1.RM.RA.Inn.1
D1.RM.RA.Inn.2
D1.RM.RA.Inn.3
D1.RM.RMP.A.5
D1.RM.RMP.Inn.1
D2.MA.Ma.A.3
D2.MA.Ma.E.4
D2.MA.Ma.Inn.1
D2.TI.Ti.A.2
D2.TI.Ti.B.2
D2.TI.Ti.Inn.1
D2.TI.Ti.Int.3
D3.DC.An.B.1
D3.DC.An.B.2
D3.DC.An.Inn.1
D3.DC.An.Int.1
D3.DC.An.Int.6
D3.DC.Ev.A.2
D3.DC.Ev.A.4
D3.DC.Ev.E.1
D4.C.Co.Int.4
D5.DR.De.A.1
D5.DR.De.Int.3
D5.DR.De.Int.4
D5.DR.De.Int.5","Level: Innovative; Type: Partial
Level: Innovative; Type: Partial
Level: Innovative; Type: Full Summarily
Level: Advanced; Type: Full Summarily
Level: Innovative; Type: Full
Level: Advanced; Type: Full Summarily
Level: Evolving; Type: Full Summarily
Level: Innovative; Type: Full Summarily
Level: Advanced; Type: Full
Level: Baseline; Type: Full
Level: Innovative; Type: Full Summarily
Level: Intermediate; Type: Full
Level: Baseline; Type: Full Summarily
Level: Baseline; Type: Partial
Level: Innovative; Type: Partial
Level: Intermediate; Type: Partial
Level: Intermediate; Type: Full
Level: Advanced; Type: Full
Level: Advanced; Type: Full
Level: Evolving; Type: Full
Level: Intermediate; Type: Full Summarily
Level: Advanced; Type: Full Summarily
Level: Intermediate; Type: Full Summarily
Level: Intermediate; Type: Full
Level: Intermediate; Type: Full",106.254,Level: Ds,,,"AU-06
CA-07
PM-16
SI-04","Rationale: Semantic; Relationship: Intersects; Alignment Strength: 9
Rationale: Semantic; Relationship: Intersects; Alignment Strength: 8
Rationale: Semantic; Relationship: Intersects; Alignment Strength: 8
Rationale: Semantic; Relationship: Superset; Alignment Strength: 9","ASIC-GP03.FC
ASIC-GP09.DA
ASIC-GP09.MS","Rationale: Semantic; Relationship: Intersects
Rationale: Semantic; Relationship: Subset
Rationale: Semantic; Relationship: Superset","EBA-38
EBA-40
EBA-52
EBA-59","Rationale: Semantic; Relationship: Superset; Alignment Strength: 8
Rationale: Semantic; Relationship: Superset; Alignment Strength: 9
Rationale: Functional; Relationship: Intersects; Alignment Strength: 6
Rationale: Semantic; Relationship: Superset; Alignment Strength: 8",JFSA-22,Rationale: Semantic; Relationship: Superset; Alignment Strength: 7,"13.1
13.3
13.6
8.11","Rationale: Semantic; Relationship: Subset
Rationale: Semantic; Relationship: Intersects
Rationale: Semantic; Relationship: Subset
Rationale: Semantic; Relationship: Subset",,
DE.AE-04.01,107.255,DETECT,Adverse Event Analysis,Impact & Scope Determination,10.0,"Tier: 1
Tier: 2
Tier: 3
Tier: 4","DE.AE-04.01: The organization has a documented process to analyze and triage incidents to assess root cause, technical impact, mitigation priority, and business impact on the organization, as well as across the financial sector and other third party stakeholders.",DE.AE-04,,"#forensics
#incident_management
#information_sharing
#lessons_learned
#root_cause_analysis",,,OSFI CSSA-69,Rationale: Functional; Relationship: Intersects; Alignment Strength: 9,,,DE.AE-4.EI,,APRA CPG 234-75,Rationale: Semantic; Relationship: Superset; Alignment Strength: 8; Functional Coverage Strength: 9,NYDFS-36,Rationale: Semantic; Relationship: Superset; Alignment Strength: 8,2.5.2.1.10,Level: Evolving,,,FFIEC-BCM-11.02,Rationale: Semantic; Relationship: Subset; Alignment Strength: 8,"OSFI B-13-23
OSFI B-13-24
OSFI B-13-54
OSFI B-13-55
OSFI B-13-57","Rationale: Semantic; Relationship: Superset; Alignment Strength: 9
Rationale: Semantic; Relationship: Superset; Alignment Strength: 9
Rationale: Semantic; Relationship: Intersects; Alignment Strength: 9
Rationale: Semantic; Relationship: Superset; Alignment Strength: 9
Rationale: Semantic; Relationship: Superset; Alignment Strength: 9","DORA-11-02
DORA-13-01
DORA-13-02
DORA-17-02
DORA-17-03
DORA-18-01","Rationale: Semantic; Relationship: Superset; Alignment Strength: 8
Rationale: Semantic; Relationship: Subset; Alignment Strength: 8
Rationale: Semantic; Relationship: Intersects; Alignment Strength: 9
Rationale: Semantic; Relationship: Superset; Alignment Strength: 8
Rationale: Semantic; Relationship: Intersects; Alignment Strength: 7
Rationale: Semantic; Relationship: Subset; Alignment Strength: 8","SEC-04.I.A.4
SEC-09.II.A.1
SEC-10.II.A.3
SEC-11.II.B.1","Rationale: Semantic; Relationship: Superset; Alignment Strength: 8
Rationale: Semantic; Relationship: Superset; Alignment Strength: 8
Rationale: Semantic; Relationship: Superset; Alignment Strength: 8
Rationale: Semantic; Relationship: Superset; Alignment Strength: 7",TR-7.8.1,Type: Full Summarily,"D2.IS.Is.Inn.1
D2.MA.Ma.Int.4
D5.DR.Re.E.1
D5.DR.Re.Int.1","Level: Innovative; Type: Full Summarily
Level: Intermediate; Type: Full Summarily
Level: Evolving; Type: Full Summarily
Level: Intermediate; Type: Full Summarily",107.255,Level: Ds,,,IR-04,Rationale: Semantic; Relationship: Superset; Alignment Strength: 9,,,"EBA-59
EBA-60","Rationale: Semantic; Relationship: Superset; Alignment Strength: 8
Rationale: Semantic; Relationship: Superset; Alignment Strength: 8","JFSA-22
JFSA-54
JFSA-57","Rationale: Semantic; Relationship: Superset; Alignment Strength: 6
Rationale: Semantic; Relationship: Superset; Alignment Strength: 5
Rationale: Semantic; Relationship: Subset; Alignment Strength: 7",16.3,Rationale: Semantic; Relationship: Subset,"NAIC-IDSML-09
NAIC-IDSML-10
NAIC-IDSML-11
NAIC-IDSML-13","Rationale: Semantic; Relationship: Superset
Rationale: Semantic; Relationship: Superset
Rationale: Semantic; Relationship: Intersects
Rationale: Semantic; Relationship: Intersects"
DE.AE-06.01,108.256,DETECT,Adverse Event Analysis,Event Information Sharing,10.0,"Tier: 1
Tier: 2
Tier: 3
Tier: 4","DE.AE-06.01: The organization has established processes and protocols to communicate, alert, and regularly report potential cyber attacks and incident information, including its corresponding analysis and cyber threat intelligence, to authorized internal and external stakeholders.",DE.AE-06,,"#incident_management
#information_sharing
#security_logging_monitoring_and_alerting
#threat_management","APRA CPS 234-35
APRA CPS 234-36","Rationale: Semantic; Relationship: Superset; Alignment Strength: 9
Rationale: Semantic; Relationship: Superset; Alignment Strength: 6","OSFI CSSA-55
OSFI CSSA-56
OSFI CSSA-65","Rationale: Functional; Relationship: Equal; Alignment Strength: 8
Rationale: Functional; Relationship: Superset; Alignment Strength: 9
Rationale: Functional; Relationship: Superset; Alignment Strength: 9",HK-SFC-3.02,Rationale: Functional; Relationship: Intersects,"RS.CO-3.IS
RS.RP-1.RE","
","APRA CPG 234-72
APRA CPG 234-87
APRA CPG 234-88
APRA CPG 234-89","Rationale: Semantic; Relationship: Superset; Alignment Strength: 8; Functional Coverage Strength: 10
Rationale: Semantic; Relationship: Intersects; Alignment Strength: 9; Functional Coverage Strength: 10
Rationale: Semantic; Relationship: Intersects; Alignment Strength: 6; Functional Coverage Strength: 9
Rationale: Semantic; Relationship: Intersects; Alignment Strength: 6; Functional Coverage Strength: 7",NYDFS-36,Rationale: Semantic; Relationship: Superset; Alignment Strength: 8,"2.4.2.16
2.4.2.9
2.5.2.1.13
2.5.2.3.35
2.7.2.1.7
2.7.2.2.15
2.7.2.2.19
2.7.2.2.21
2.7.2.2.23
2.8.2.1.5","Level: Advancing
Level: Evolving
Level: Advancing
Level: Advancing
Level: Evolving
Level: Evolving
Level: Evolving
Level: Advancing
Level: Innovating
Level: Evolving",,,FFIEC-BCM-08.03,Rationale: Semantic; Relationship: Subset; Alignment Strength: 9,"OSFI B-13-36
OSFI B-13-55","Rationale: Semantic; Relationship: Intersects; Alignment Strength: 8
Rationale: Semantic; Relationship: Superset; Alignment Strength: 9","DORA-10-02
DORA-14-01
DORA-14-02
DORA-17-02
DORA-19-02
DORA-45-01","Rationale: Semantic; Relationship: Intersects; Alignment Strength: 7
Rationale: Semantic; Relationship: Superset; Alignment Strength: 9
Rationale: Semantic; Relationship: Superset; Alignment Strength: 9
Rationale: Semantic; Relationship: Subset; Alignment Strength: 7
Rationale: Semantic; Relationship: Subset; Alignment Strength: 9
Rationale: Semantic; Relationship: Intersects; Alignment Strength: 7","SEC-01.I.A.1
SEC-04.I.A.4","Rationale: Semantic; Relationship: Subset; Alignment Strength: 8
Rationale: Semantic; Relationship: Superset; Alignment Strength: 7",,,"D1.G.SP.B.3
D1.TC.Cu.E.2
D1.TC.Tr.B.3
D2.IS.Is.A.1
D2.IS.Is.E.1
D2.IS.Is.Inn.1
D2.IS.Is.Inn.2
D2.IS.Is.Int.1
D2.IS.Is.Int.3
D5.DR.Re.A.1
D5.DR.Re.A.2
D5.ER.Es.Int.2
D5.IR.Pl.Int.1","Level: Baseline; Type: Full Summarily
Level: Evolving; Type: Full Summarily
Level: Baseline; Type: Full Summarily
Level: Advanced; Type: Full Summarily
Level: Evolving; Type: Full Summarily
Level: Innovative; Type: Full Summarily
Level: Innovative; Type: Partial
Level: Intermediate; Type: Full Summarily
Level: Intermediate; Type: Full Summarily
Level: Advanced; Type: Full Summarily
Level: Advanced; Type: Full Summarily
Level: Intermediate; Type: Full Summarily
Level: Intermediate; Type: Full Summarily",108.256,Level: Ds,,,"AU-06
IR-04
IR-06
IR-08
PM-15
PM-16
SI-04","Rationale: Semantic; Relationship: Superset; Alignment Strength: 9
Rationale: Semantic; Relationship: Superset; Alignment Strength: 9
Rationale: Semantic; Relationship: Intersects; Alignment Strength: 8
Rationale: Semantic; Relationship: Superset; Alignment Strength: 9
Rationale: Semantic; Relationship: Intersects; Alignment Strength: 8
Rationale: Semantic; Relationship: Intersects; Alignment Strength: 8
Rationale: Semantic; Relationship: Superset; Alignment Strength: 9",ASIC-KQ05,Rationale: Semantic; Relationship: Intersects,"EBA-39
EBA-52
EBA-60
EBA-91","Rationale: Functional; Relationship: Intersects; Alignment Strength: 5
Rationale: Functional; Relationship: Intersects; Alignment Strength: 6
Rationale: Semantic; Relationship: Superset; Alignment Strength: 8
Rationale: Semantic; Relationship: Superset; Alignment Strength: 8","JFSA-53
JFSA-54
JFSA-56","Rationale: Semantic; Relationship: Superset; Alignment Strength: 6
Rationale: Functional; Relationship: Intersects; Alignment Strength: 3
Rationale: Semantic; Relationship: Intersects; Alignment Strength: 6",17.6,Rationale: Semantic; Relationship: Intersects,"NAIC-IDSML-09
NAIC-IDSML-13
NAIC-IDSML-17
NAIC-IDSML-18","Rationale: Semantic; Relationship: Superset
Rationale: Semantic; Relationship: Intersects
Rationale: Semantic; Relationship: Intersects
Rationale: Semantic; Relationship: Intersects"
DE.AE-07.01,109.257,DETECT,Adverse Event Analysis,Contextual Analysis,10.0,"Tier: 1
Tier: 2","DE.AE-07.01: The organization implements measures for monitoring external sources (e.g., social media, the dark web, etc.) to integrate with other intelligence information to better detect and evaluate potential threats and compromises.",DE.AE-07,,"#social_media
#threat_management",,,"OSFI CSSA-32
OSFI CSSA-56
OSFI CSSA-65","Rationale: Functional; Relationship: Intersects; Alignment Strength: 8
Rationale: Functional; Relationship: Intersects; Alignment Strength: 8
Rationale: Functional; Relationship: Intersects; Alignment Strength: 8",,,,,,,,,2.4.2.9,Level: Evolving,,,,,OSFI B-13-55,Rationale: Semantic; Relationship: Superset; Alignment Strength: 9,DORA-13-01,Rationale: Semantic; Relationship: Superset; Alignment Strength: 8,,,TR-12.1.3,Type: Full,D2.MA.Ma.Inn.1,Level: Innovative; Type: Full Summarily,109.257,Level: Ds,,,"PM-16
RA-10
SI-05","Rationale: Semantic; Relationship: Intersects; Alignment Strength: 8
Rationale: Semantic; Relationship: Intersects; Alignment Strength: 9
Rationale: Semantic; Relationship: Intersects; Alignment Strength: 8",,,"EBA-21
EBA-39","Rationale: Semantic; Relationship: Superset; Alignment Strength: 8
Rationale: Semantic; Relationship: Superset; Alignment Strength: 8",,,,,,
DE.AE-07.02,109.258,DETECT,Adverse Event Analysis,Contextual Analysis,10.0,"Tier: 1
Tier: 2
Tier: 3","DE.AE-07.02: Relevant event data is packaged for subsequent review and triage and events are categorized for efficient handling, assignment, and escalation.",DE.AE-07,,"#forensics
#incident_management
#root_cause_analysis",,,,,,,RS.RP-1.RE,,,,,,,,,,,,,,DORA-13-02,Rationale: Semantic; Relationship: Intersects; Alignment Strength: 8,,,,,"D5.DR.Re.E.6
D5.ER.Es.B.4","Level: Evolving; Type: Full Summarily
Level: Baseline; Type: Full",109.258,Level: Ds,,,"IR-04
IR-05","Rationale: Semantic; Relationship: Superset; Alignment Strength: 9
Rationale: Semantic; Relationship: Intersects; Alignment Strength: 9",,,"EBA-59
EBA-60","Rationale: Semantic; Relationship: Superset; Alignment Strength: 8
Rationale: Functional; Relationship: Superset; Alignment Strength: 6",,,,,"NAIC-IDSML-09
NAIC-IDSML-10","Rationale: Semantic; Relationship: Superset
Rationale: Semantic; Relationship: Superset"
DE.AE-08.01,110.259,DETECT,Adverse Event Analysis,Incident Declaration,10.0,"Tier: 1
Tier: 2
Tier: 3","DE.AE-08.01: Defined criteria and severity levels are in place to facilitate the declaration, escalation, organization, and alignment of response activities to response plans within the organization and across relevant third parties.",DE.AE-08,,"#incident_management
#information_sharing",,,"OSFI CSSA-56
OSFI CSSA-65
OSFI CSSA-66","Rationale: Functional; Relationship: Superset; Alignment Strength: 8
Rationale: Functional; Relationship: Superset; Alignment Strength: 8
Rationale: Functional; Relationship: Intersects; Alignment Strength: 7",HK-SFC-3.02,Rationale: Functional; Relationship: Intersects,"DE.AE-5.IT
RS.RP-1.RE","
",,,,,2.4.2.16,Level: Advancing,,,FFIEC-BCM-08.03,Rationale: Semantic; Relationship: Subset; Alignment Strength: 8,"OSFI B-13-23
OSFI B-13-24
OSFI B-13-54
OSFI B-13-55","Rationale: Semantic; Relationship: Superset; Alignment Strength: 9
Rationale: Semantic; Relationship: Superset; Alignment Strength: 9
Rationale: Semantic; Relationship: Superset; Alignment Strength: 9
Rationale: Semantic; Relationship: Superset; Alignment Strength: 9","DORA-10-02
DORA-17-03","Rationale: Semantic; Relationship: Intersects; Alignment Strength: 9
Rationale: Semantic; Relationship: Subset; Alignment Strength: 7",,,,,D5.DR.Re.E.1,Level: Evolving; Type: Full Summarily,110.259,Level: Ds,,,"IR-04
IR-08
SI-04","Rationale: Semantic; Relationship: Superset; Alignment Strength: 9
Rationale: Semantic; Relationship: Superset; Alignment Strength: 9
Rationale: Semantic; Relationship: Superset; Alignment Strength: 9",,,EBA-83,Rationale: Functional; Relationship: Intersects; Alignment Strength: 7,"JFSA-22
JFSA-54
JFSA-56","Rationale: Semantic; Relationship: Superset; Alignment Strength: 7
Rationale: Semantic; Relationship: Superset; Alignment Strength: 5
Rationale: Semantic; Relationship: Superset; Alignment Strength: 6","17.4
17.9","Rationale: Semantic; Relationship: Superset
Rationale: Semantic; Relationship: Equivalent","NAIC-IDSML-09
NAIC-IDSML-10","Rationale: Semantic; Relationship: Superset
Rationale: Semantic; Relationship: Superset"
RS.MA-01.01,113.26,RESPOND,Incident Management,Response Plan Execution,10.0,"Tier: 1
Tier: 2
Tier: 3
Tier: 4","RS.MA-01.01: The organization's response plans are in place and executed during or after an incident, to include coordination with relevant third parties and engagement of third-party incident support services.",RS.MA-01,,"#forensics
#incident_management
#root_cause_analysis","APRA CPS 234-24
APRA CPS 234-25","Rationale: Semantic; Relationship: Superset; Alignment Strength: 10
Rationale: Semantic; Relationship: Superset; Alignment Strength: 9",,,,,RS.RP-1.RE,,"APRA CPG 234-70
APRA CPG 234-71
APRA CPG 234-73
APRA CPG 234-75","Rationale: Semantic; Relationship: Superset; Alignment Strength: 8; Functional Coverage Strength: 10
Rationale: Semantic; Relationship: Superset; Alignment Strength: 9; Functional Coverage Strength: 10
Rationale: Semantic; Relationship: Superset; Alignment Strength: 9; Functional Coverage Strength: 10
Rationale: Semantic; Relationship: Superset; Alignment Strength: 8; Functional Coverage Strength: 9",,,2.5.2.1.13,Level: Advancing,FFIEC-AIO-16.04,Rationale: Semantic; Relationship: Superset; Alignment Strength: 4,FFIEC-BCM-08.10,Rationale: Semantic; Relationship: Subset; Alignment Strength: 9,"OSFI B-13-23
OSFI B-13-24
OSFI B-13-57","Rationale: Semantic; Relationship: Superset; Alignment Strength: 9
Rationale: Semantic; Relationship: Superset; Alignment Strength: 9
Rationale: Semantic; Relationship: Intersects; Alignment Strength: 7",DORA-11-02,Rationale: Semantic; Relationship: Intersects; Alignment Strength: 8,,,TR-8.2.3,Type: Full Summarily,D5.IR.Pl.B.6,Level: Baseline; Type: Full Summarily,113.260,Level: Ds,,,"IR-04
IR-07
IR-08","Rationale: Semantic; Relationship: Superset; Alignment Strength: 9
Rationale: Semantic; Relationship: Intersects; Alignment Strength: 7
Rationale: Semantic; Relationship: Superset; Alignment Strength: 9",,,EBA-83,Rationale: Semantic; Relationship: Superset; Alignment Strength: 9,"JFSA-22
JFSA-46
JFSA-53","Rationale: Semantic; Relationship: Superset; Alignment Strength: 7
Rationale: Semantic; Relationship: Superset; Alignment Strength: 8
Rationale: Functional; Relationship: Intersects; Alignment Strength: 5",17.4,Rationale: Semantic; Relationship: Subset,"NAIC-IDSML-07
NAIC-IDSML-10
NAIC-IDSML-11
NAIC-IDSML-16","Rationale: Semantic; Relationship: Superset
Rationale: Semantic; Relationship: Intersects
Rationale: Semantic; Relationship: Intersects
Rationale: Semantic; Relationship: Intersects"
RS.MA-02.01,114.261,RESPOND,Incident Management,Incident Triage & Validation,10.0,"Tier: 1
Tier: 2
Tier: 3
Tier: 4","RS.MA-02.01: Tools and processes are in place to ensure timely detection, inspection, assessment, and analysis of security event data for reliable activation of incident response processes.",RS.MA-02,,"#incident_management
#security_logging_monitoring_and_alerting",APRA CPS 234-23,Rationale: Semantic; Relationship: Superset; Alignment Strength: 9,"OSFI CSSA-56
OSFI CSSA-65","Rationale: Functional; Relationship: Superset; Alignment Strength: 9
Rationale: Functional; Relationship: Superset; Alignment Strength: 9",,,RS.AN-1.NI,,"APRA CPG 234-16
APRA CPG 234-36
APRA CPG 234-66","Rationale: Semantic; Relationship: Superset; Alignment Strength: 7; Functional Coverage Strength: 10
Rationale: Semantic; Relationship: Superset; Alignment Strength: 9; Functional Coverage Strength: 10
Rationale: Semantic; Relationship: Superset; Alignment Strength: 9; Functional Coverage Strength: 10",,,"2.4.2.5
2.4.2.6
2.5.2.1.13","Level: Evolving
Level: Evolving
Level: Advancing",,,,,"OSFI B-13-23
OSFI B-13-24
OSFI B-13-50","Rationale: Semantic; Relationship: Superset; Alignment Strength: 9
Rationale: Semantic; Relationship: Superset; Alignment Strength: 9
Rationale: Semantic; Relationship: Superset; Alignment Strength: 9","DORA-10-01
DORA-11-08
DORA-17-01","Rationale: Semantic; Relationship: Superset; Alignment Strength: 9
Rationale: Semantic; Relationship: Superset; Alignment Strength: 7
Rationale: Semantic; Relationship: Superset; Alignment Strength: 9",,,TR-7.7.4,Type: Full Summarily,"D2.MA.Ma.E.4
D5.DR.De.A.1
D5.DR.De.B.3
D5.DR.De.Int.1
D5.DR.De.Int.2
D5.DR.De.Int.3
D5.DR.Re.Int.1","Level: Evolving; Type: Full Summarily
Level: Advanced; Type: Full Summarily
Level: Baseline; Type: Full
Level: Intermediate; Type: Full Summarily
Level: Intermediate; Type: Full Summarily
Level: Intermediate; Type: Full Summarily
Level: Intermediate; Type: Full Summarily",114.261,Level: Ds,,,"AU-06
CA-07
IR-04
IR-09
SI-04","Rationale: Semantic; Relationship: Superset; Alignment Strength: 9
Rationale: Semantic; Relationship: Intersects; Alignment Strength: 8
Rationale: Semantic; Relationship: Superset; Alignment Strength: 9
Rationale: Semantic; Relationship: Intersects; Alignment Strength: 9
Rationale: Semantic; Relationship: Superset; Alignment Strength: 9",,,EBA-83,Rationale: Semantic; Relationship: Superset; Alignment Strength: 9,"JFSA-22
JFSA-24
JFSA-54
JFSA-57","Rationale: Semantic; Relationship: Superset; Alignment Strength: 6
Rationale: Semantic; Relationship: Superset; Alignment Strength: 7
Rationale: Semantic; Relationship: Superset; Alignment Strength: 5
Rationale: Semantic; Relationship: Subset; Alignment Strength: 7",13.1,Rationale: Semantic; Relationship: Subset,NAIC-IDSML-09,Rationale: Semantic; Relationship: Superset
RS.MA-03.01,115.262,RESPOND,Incident Management,Incident Categorization & Prioritization,10.0,"Tier: 1
Tier: 2
Tier: 3
Tier: 4",RS.MA-03.01: The organization categorizes and prioritizes cybersecurity incident response consistent with response plans and criticality of systems and services to the enterprise.,RS.MA-03,,"#critical_infrastructure
#incident_management
#risk_management","APRA CPS 234-23
APRA CPS 234-25","Rationale: Semantic; Relationship: Superset; Alignment Strength: 8
Rationale: Semantic; Relationship: Superset; Alignment Strength: 8",,,,,"RS.AN-1.NI
RS.AN-4.IC","
","APRA CPG 234-66
APRA CPG 234-70
APRA CPG 234-73","Rationale: Semantic; Relationship: Superset; Alignment Strength: 8; Functional Coverage Strength: 10
Rationale: Semantic; Relationship: Superset; Alignment Strength: 8; Functional Coverage Strength: 10
Rationale: Semantic; Relationship: Superset; Alignment Strength: 8; Functional Coverage Strength: 10",,,,,FFIEC-AIO-16.04,Rationale: Semantic; Relationship: Superset; Alignment Strength: 6,,,OSFI B-13-54,Rationale: Semantic; Relationship: Superset; Alignment Strength: 9,DORA-18-02,Rationale: Semantic; Relationship: Subset; Alignment Strength: 8,,,,,,,115.262,Level: Ds,,,"IR-04
IR-05
IR-08
IR-09","Rationale: Semantic; Relationship: Superset; Alignment Strength: 9
Rationale: Semantic; Relationship: Intersects; Alignment Strength: 9
Rationale: Semantic; Relationship: Superset; Alignment Strength: 9
Rationale: Semantic; Relationship: Intersects; Alignment Strength: 9",,,"EBA-59
EBA-83","Rationale: Semantic; Relationship: Superset; Alignment Strength: 8
Rationale: Semantic; Relationship: Superset; Alignment Strength: 8","JFSA-54
JFSA-57","Rationale: Semantic; Relationship: Superset; Alignment Strength: 6
Rationale: Semantic; Relationship: Subset; Alignment Strength: 6",17.9,Rationale: Semantic; Relationship: Intersects,"NAIC-IDSML-07
NAIC-IDSML-09","Rationale: Semantic; Relationship: Superset
Rationale: Semantic; Relationship: Superset"
RS.MA-04.01,116.263,RESPOND,Incident Management,Incident Escalation,10.0,"Tier: 1
Tier: 2
Tier: 3","RS.MA-04.01: Response activities are centrally coordinated, response progress and milestones are tracked and documented, and new incident information is assimilated into ongoing tasks, assignments, and escalations.",RS.MA-04,,"#incident_management
#information_sharing
#roles_and_responsibilities",APRA CPS 234-25,Rationale: Semantic; Relationship: Superset; Alignment Strength: 8,"OSFI CSSA-56
OSFI CSSA-65
OSFI CSSA-66","Rationale: Functional; Relationship: Superset; Alignment Strength: 8
Rationale: Functional; Relationship: Superset; Alignment Strength: 8
Rationale: Functional; Relationship: Intersects; Alignment Strength: 8",,,,,"APRA CPG 234-70
APRA CPG 234-71
APRA CPG 234-72
APRA CPG 234-73","Rationale: Semantic; Relationship: Superset; Alignment Strength: 7; Functional Coverage Strength: 10
Rationale: Semantic; Relationship: Superset; Alignment Strength: 8; Functional Coverage Strength: 10
Rationale: Semantic; Relationship: Intersects; Alignment Strength: 8; Functional Coverage Strength: 10
Rationale: Semantic; Relationship: Superset; Alignment Strength: 8; Functional Coverage Strength: 10",,,2.5.2.1.13,Level: Advancing,FFIEC-AIO-16.04,Rationale: Semantic; Relationship: Superset; Alignment Strength: 6,FFIEC-BCM-08.13,Rationale: Semantic; Relationship: Intersects; Alignment Strength: 8,"OSFI B-13-23
OSFI B-13-24
OSFI B-13-55
OSFI B-13-56","Rationale: Semantic; Relationship: Superset; Alignment Strength: 9
Rationale: Semantic; Relationship: Superset; Alignment Strength: 9
Rationale: Semantic; Relationship: Superset; Alignment Strength: 9
Rationale: Semantic; Relationship: Superset; Alignment Strength: 8","DORA-11-08
DORA-17-02
DORA-17-03","Rationale: Semantic; Relationship: Intersects; Alignment Strength: 8
Rationale: Semantic; Relationship: Intersects; Alignment Strength: 9
Rationale: Semantic; Relationship: Intersects; Alignment Strength: 9",,,TR-7.7.3,Type: Full Summarily,,,116.263,Level: Ds,,,"IR-04
IR-05
IR-06
IR-07","Rationale: Semantic; Relationship: Superset; Alignment Strength: 9
Rationale: Semantic; Relationship: Intersects; Alignment Strength: 8
Rationale: Semantic; Relationship: Intersects; Alignment Strength: 8
Rationale: Semantic; Relationship: Intersects; Alignment Strength: 9",,,EBA-84,Rationale: Semantic; Relationship: Superset; Alignment Strength: 9,"JFSA-53
JFSA-54
JFSA-56","Rationale: Semantic; Relationship: Superset; Alignment Strength: 6
Rationale: Semantic; Relationship: Superset; Alignment Strength: 6
Rationale: Semantic; Relationship: Superset; Alignment Strength: 5",,,,
RS.MA-05.01,117.264,RESPOND,Incident Management,Recovery Initiation,10.0,"Tier: 1
Tier: 2
Tier: 3
Tier: 4",RS.MA-05.01: The organization's incident response plans define severity levels and associated criteria for initiating response plans and escalating event response to appropriate stakeholders and management levels.,RS.MA-05,,"#incident_management
#information_sharing
#roles_and_responsibilities",APRA CPS 234-25,Rationale: Semantic; Relationship: Superset; Alignment Strength: 9,,,HK-SFC-3.02,Rationale: Functional; Relationship: Intersects,"RS.AN-4.IC
RS.RP-1.RE","
","APRA CPG 234-10
APRA CPG 234-70
APRA CPG 234-71
APRA CPG 234-72
APRA CPG 234-73","Rationale: Semantic; Relationship: Superset; Alignment Strength: 9; Functional Coverage Strength: 10
Rationale: Semantic; Relationship: Superset; Alignment Strength: 7; Functional Coverage Strength: 10
Rationale: Semantic; Relationship: Superset; Alignment Strength: 9; Functional Coverage Strength: 10
Rationale: Semantic; Relationship: Superset; Alignment Strength: 8; Functional Coverage Strength: 10
Rationale: Semantic; Relationship: Superset; Alignment Strength: 9; Functional Coverage Strength: 10",NYDFS-36,Rationale: Semantic; Relationship: Superset; Alignment Strength: 7,,,FFIEC-AIO-16.04,Rationale: Semantic; Relationship: Superset; Alignment Strength: 6,FFIEC-BCM-08.03,Rationale: Semantic; Relationship: Subset; Alignment Strength: 8,"OSFI B-13-23
OSFI B-13-24
OSFI B-13-53
OSFI B-13-54","Rationale: Semantic; Relationship: Superset; Alignment Strength: 9
Rationale: Semantic; Relationship: Superset; Alignment Strength: 9
Rationale: Semantic; Relationship: Superset; Alignment Strength: 8
Rationale: Semantic; Relationship: Superset; Alignment Strength: 9",DORA-17-01,Rationale: Semantic; Relationship: Superset; Alignment Strength: 8,,,"TR-7.7.3
TR-8.2.3","Type: Full Summarily
Type: Full Summarily",,,117.264,Level: Ds,,,"IR-04
IR-08
SI-04","Rationale: Semantic; Relationship: Superset; Alignment Strength: 9
Rationale: Semantic; Relationship: Superset; Alignment Strength: 9
Rationale: Semantic; Relationship: Superset; Alignment Strength: 9",,,"EBA-59
EBA-60
EBA-83","Rationale: Semantic; Relationship: Superset; Alignment Strength: 9
Rationale: Semantic; Relationship: Superset; Alignment Strength: 7
Rationale: Semantic; Relationship: Superset; Alignment Strength: 9","JFSA-53
JFSA-56","Rationale: Semantic; Relationship: Superset; Alignment Strength: 6
Rationale: Semantic; Relationship: Superset; Alignment Strength: 6","17.4
17.9","Rationale: Semantic; Relationship: Superset
Rationale: Semantic; Relationship: Intersects",NAIC-IDSML-07,Rationale: Semantic; Relationship: Superset
RS.AN-03.01,119.265,RESPOND,Incident Analysis,Incident Analysis & Root Cause Determination,10.0,"Tier: 1
Tier: 2
Tier: 3
Tier: 4","RS.AN-03.01: The organization performs a thorough investigation to determine the nature and scope of an event, possible root causes, and the potential damage inflicted.",RS.AN-03,,"#forensics
#incident_management
#lessons_learned
#root_cause_analysis",,,OSFI CSSA-69,Rationale: Functional; Relationship: Intersects; Alignment Strength: 9,,,"DE.AE-4.EI
RS.AN-1.NI
RS.AN-2.II","

",,,NYDFS-36,Rationale: Semantic; Relationship: Superset; Alignment Strength: 8,2.5.2.1.13,Level: Advancing,,,FFIEC-BCM-11.02,Rationale: Semantic; Relationship: Subset; Alignment Strength: 8,"OSFI B-13-23
OSFI B-13-24
OSFI B-13-25
OSFI B-13-54
OSFI B-13-57","Rationale: Semantic; Relationship: Superset; Alignment Strength: 9
Rationale: Semantic; Relationship: Superset; Alignment Strength: 9
Rationale: Semantic; Relationship: Superset; Alignment Strength: 7
Rationale: Semantic; Relationship: Intersects; Alignment Strength: 9
Rationale: Semantic; Relationship: Superset; Alignment Strength: 9","DORA-11-02
DORA-13-02
DORA-17-02
DORA-19-04","Rationale: Semantic; Relationship: Superset; Alignment Strength: 8
Rationale: Semantic; Relationship: Superset; Alignment Strength: 9
Rationale: Semantic; Relationship: Superset; Alignment Strength: 8
Rationale: Semantic; Relationship: Intersects; Alignment Strength: 8","SEC-04.I.A.4
SEC-09.II.A.1
SEC-10.II.A.3
SEC-11.II.B.1","Rationale: Functional; Relationship: Intersects; Alignment Strength: 6
Rationale: Semantic; Relationship: Superset; Alignment Strength: 9
Rationale: Semantic; Relationship: Superset; Alignment Strength: 9
Rationale: Semantic; Relationship: Superset; Alignment Strength: 8",TR-12.3.2,Type: Full,"D1.G.Ov.A.5
D3.DC.An.B.3
D5.DR.Re.E.6","Level: Advanced; Type: Full
Level: Baseline; Type: Full Summarily
Level: Evolving; Type: Full Summarily",119.265,Level: Ds,,,"IR-04
IR-09","Rationale: Semantic; Relationship: Superset; Alignment Strength: 9
Rationale: Semantic; Relationship: Intersects; Alignment Strength: 9",,,EBA-60,Rationale: Semantic; Relationship: Superset; Alignment Strength: 8,JFSA-57,Rationale: Semantic; Relationship: Subset; Alignment Strength: 7,16.3,Rationale: Semantic; Relationship: Subset,"NAIC-IDSML-09
NAIC-IDSML-10
NAIC-IDSML-13","Rationale: Semantic; Relationship: Superset
Rationale: Semantic; Relationship: Superset
Rationale: Semantic; Relationship: Intersects"
RS.AN-06.01,120.266,RESPOND,Incident Analysis,Investigation Documentation,10.0,"Tier: 1
Tier: 2
Tier: 3","RS.AN-06.01: The organization establishes a risk-based approach and procedures for quarantining systems, conducting investigations, and collecting and preserving evidence per best practices and forensic standards.",RS.AN-06,,"#forensics
#incident_management
#infrastructure_security
#network_segmentation
#risk_management
#root_cause_analysis",,,,,,,RS.AN-3.FI,,APRA CPG 234-16,Rationale: Semantic; Relationship: Superset; Alignment Strength: 7; Functional Coverage Strength: 10,,,"2.5.2.1.13
2.5.2.4.46
2.5.2.4.47
2.5.2.4.48
2.5.2.4.49
2.5.2.4.50
2.5.2.4.53","Level: Advancing
Level: Evolving
Level: Evolving
Level: Evolving
Level: Evolving
Level: Evolving
Level: Innovating",,,,,"OSFI B-13-23
OSFI B-13-24
OSFI B-13-55
OSFI B-13-57","Rationale: Semantic; Relationship: Superset; Alignment Strength: 9
Rationale: Semantic; Relationship: Superset; Alignment Strength: 9
Rationale: Semantic; Relationship: Superset; Alignment Strength: 9
Rationale: Semantic; Relationship: Superset; Alignment Strength: 9","DORA-06-02
DORA-13-02
DORA-17-02","Rationale: Semantic; Relationship: Superset; Alignment Strength: 7
Rationale: Semantic; Relationship: Intersects; Alignment Strength: 7
Rationale: Semantic; Relationship: Intersects; Alignment Strength: 8",,,TR-7.7.3,Type: Full Summarily,"D3.CC.Re.Int.4
D5.DR.Re.Int.3
D5.IR.Te.Inn.2","Level: Intermediate; Type: Full
Level: Intermediate; Type: Full Summarily
Level: Innovative; Type: Full Summarily",120.266,Level: Ds,,,"AU-07
IR-04
IR-09","Rationale: Semantic; Relationship: Intersects; Alignment Strength: 9
Rationale: Semantic; Relationship: Superset; Alignment Strength: 9
Rationale: Semantic; Relationship: Intersects; Alignment Strength: 9",,,EBA-60,Rationale: Functional; Relationship: Superset; Alignment Strength: 6,,,17.4,Rationale: Semantic; Relationship: Superset,"NAIC-IDSML-09
NAIC-IDSML-10
NAIC-IDSML-12","Rationale: Semantic; Relationship: Superset
Rationale: Semantic; Relationship: Superset
Rationale: Semantic; Relationship: Intersects"
RS.AN-07.01,121.267,RESPOND,Incident Analysis,Incident Data Collection & Preservation,10.0,"Tier: 1
Tier: 2
Tier: 3","RS.AN-07.01: Incident-related forensic data is captured, secured, and preserved in a manner supporting integrity, provenance, and evidentiary value.",RS.AN-07,,"#forensics
#incident_management
#root_cause_analysis",APRA CPS 234-25,Rationale: Semantic; Relationship: Superset; Alignment Strength: 8,,,,,RS.AN-3.FI,,"APRA CPG 234-70
APRA CPG 234-73","Rationale: Semantic; Relationship: Superset; Alignment Strength: 7; Functional Coverage Strength: 10
Rationale: Semantic; Relationship: Superset; Alignment Strength: 8; Functional Coverage Strength: 10",,,"2.5.2.4.48
2.5.2.4.49","Level: Evolving
Level: Evolving",FFIEC-AIO-16.04,Rationale: Semantic; Relationship: Superset; Alignment Strength: 6,,,"OSFI B-13-23
OSFI B-13-24
OSFI B-13-55
OSFI B-13-57","Rationale: Semantic; Relationship: Superset; Alignment Strength: 9
Rationale: Semantic; Relationship: Superset; Alignment Strength: 9
Rationale: Semantic; Relationship: Superset; Alignment Strength: 9
Rationale: Semantic; Relationship: Superset; Alignment Strength: 9","DORA-13-02
DORA-17-02","Rationale: Semantic; Relationship: Intersects; Alignment Strength: 7
Rationale: Semantic; Relationship: Intersects; Alignment Strength: 7",,,,,,,121.267,Level: Ds,,,"AU-07
AU-09
IR-04
IR-05
IR-09","Rationale: Semantic; Relationship: Intersects; Alignment Strength: 7
Rationale: Semantic; Relationship: Subset; Alignment Strength: 7
Rationale: Semantic; Relationship: Superset; Alignment Strength: 9
Rationale: Semantic; Relationship: Intersects; Alignment Strength: 9
Rationale: Semantic; Relationship: Intersects; Alignment Strength: 9",,,,,,,,,NAIC-IDSML-12,Rationale: Semantic; Relationship: Intersects
RS.AN-08.01,122.268,RESPOND,Incident Analysis,Incident Magnitude Determination,10.0,"Tier: 1
Tier: 2
Tier: 3
Tier: 4","RS.AN-08.01: Available incident information is assessed to determine the extent of impact to the organization and its stakeholders, the potential near- and long-term financial implications, and whether or not the incident constitutes a material event.",RS.AN-08,,#incident_management,APRA CPS 234-25,Rationale: Semantic; Relationship: Superset; Alignment Strength: 8,,,HK-SFC-3.02,Rationale: Functional; Relationship: Intersects,RS.AN-2.II,,"APRA CPG 234-70
APRA CPG 234-71
APRA CPG 234-73
APRA CPG 234-87
APRA CPG 234-88
APRA CPG 234-89","Rationale: Semantic; Relationship: Superset; Alignment Strength: 7; Functional Coverage Strength: 10
Rationale: Semantic; Relationship: Superset; Alignment Strength: 8; Functional Coverage Strength: 10
Rationale: Semantic; Relationship: Superset; Alignment Strength: 8; Functional Coverage Strength: 10
Rationale: Semantic; Relationship: Intersects; Alignment Strength: 9; Functional Coverage Strength: 10
Rationale: Semantic; Relationship: Intersects; Alignment Strength: 9; Functional Coverage Strength: 9
Rationale: Semantic; Relationship: Intersects; Alignment Strength: 8; Functional Coverage Strength: 7",NYDFS-36,Rationale: Semantic; Relationship: Superset; Alignment Strength: 8,"2.5.2.1.10
2.5.2.1.13","Level: Evolving
Level: Advancing",FFIEC-AIO-16.04,Rationale: Semantic; Relationship: Superset; Alignment Strength: 6,,,"OSFI B-13-23
OSFI B-13-24
OSFI B-13-55","Rationale: Semantic; Relationship: Superset; Alignment Strength: 9
Rationale: Semantic; Relationship: Superset; Alignment Strength: 9
Rationale: Semantic; Relationship: Superset; Alignment Strength: 9","DORA-11-02
DORA-11-10
DORA-13-01
DORA-18-01
DORA-19-01
DORA-19-04","Rationale: Semantic; Relationship: Superset; Alignment Strength: 8
Rationale: Semantic; Relationship: Intersects; Alignment Strength: 7
Rationale: Semantic; Relationship: Subset; Alignment Strength: 8
Rationale: Semantic; Relationship: Subset; Alignment Strength: 8
Rationale: Semantic; Relationship: Subset; Alignment Strength: 8
Rationale: Semantic; Relationship: Intersects; Alignment Strength: 9","SEC-02.I.A.2
SEC-03.I.A.3
SEC-04.I.A.4
SEC-05.I.A.5
SEC-07.I.A.7
SEC-09.II.A.1
SEC-10.II.A.3
SEC-11.II.B.1
SEC-12.II.C.1.a","Rationale: Semantic; Relationship: Superset; Alignment Strength: 8
Rationale: Semantic; Relationship: Superset; Alignment Strength: 7
Rationale: Functional; Relationship: Intersects; Alignment Strength: 6
Rationale: Semantic; Relationship: Subset; Alignment Strength: 7
Rationale: Semantic; Relationship: Superset; Alignment Strength: 7
Rationale: Semantic; Relationship: Superset; Alignment Strength: 7
Rationale: Semantic; Relationship: Superset; Alignment Strength: 9
Rationale: Semantic; Relationship: Superset; Alignment Strength: 8
Rationale: Semantic; Relationship: Superset; Alignment Strength: 7",,,"D1.RM.RMP.A.4
D1.RM.RMP.Inn.2
D1.RM.RMP.Int.5","Level: Advanced; Type: Full
Level: Innovative; Type: Partial
Level: Intermediate; Type: Full",122.268,Level: Ds,,,"IR-04
IR-09","Rationale: Semantic; Relationship: Superset; Alignment Strength: 9
Rationale: Semantic; Relationship: Intersects; Alignment Strength: 9",,,,,"JFSA-04
JFSA-22
JFSA-54
JFSA-57","Rationale: Semantic; Relationship: Superset; Alignment Strength: 7
Rationale: Semantic; Relationship: Superset; Alignment Strength: 7
Rationale: Semantic; Relationship: Superset; Alignment Strength: 6
Rationale: Semantic; Relationship: Subset; Alignment Strength: 6",17.9,Rationale: Semantic; Relationship: Intersects,"NAIC-IDSML-10
NAIC-IDSML-13","Rationale: Semantic; Relationship: Superset
Rationale: Semantic; Relationship: Intersects"
RS.CO-02.01,124.269,RESPOND,Incident Response Reporting and Communication,Stakeholder Incident Notification,10.0,"Tier: 1
Tier: 2
Tier: 3
Tier: 4","RS.CO-02.01: The organization's incident response program includes defined and approved escalation protocols, linked to organizational decision levels and communication strategies, including which types of information will be shared, with whom (e.g., the organization's governing authority and senior management), and how information provided to the organization will be acted upon.",RS.CO-02,,"#incident_management
#information_sharing
#roles_and_responsibilities","APRA CPS 234-25
APRA CPS 234-35
APRA CPS 234-36","Rationale: Semantic; Relationship: Superset; Alignment Strength: 9
Rationale: Semantic; Relationship: Superset; Alignment Strength: 8
Rationale: Semantic; Relationship: Superset; Alignment Strength: 7","OSFI CSSA-68
OSFI CSSA-81","Rationale: Functional; Relationship: Intersects; Alignment Strength: 9
Rationale: Functional; Relationship: Superset; Alignment Strength: 8",HK-SFC-3.02,Rationale: Functional; Relationship: Superset,RS.CO-3.IS,,"APRA CPG 234-10
APRA CPG 234-16
APRA CPG 234-70
APRA CPG 234-71
APRA CPG 234-72
APRA CPG 234-73
APRA CPG 234-87
APRA CPG 234-88
APRA CPG 234-89","Rationale: Semantic; Relationship: Superset; Alignment Strength: 9; Functional Coverage Strength: 10
Rationale: Semantic; Relationship: Superset; Alignment Strength: 7; Functional Coverage Strength: 10
Rationale: Semantic; Relationship: Superset; Alignment Strength: 7; Functional Coverage Strength: 10
Rationale: Semantic; Relationship: Superset; Alignment Strength: 9; Functional Coverage Strength: 10
Rationale: Semantic; Relationship: Superset; Alignment Strength: 8; Functional Coverage Strength: 10
Rationale: Semantic; Relationship: Superset; Alignment Strength: 9; Functional Coverage Strength: 10
Rationale: Semantic; Relationship: Intersects; Alignment Strength: 8; Functional Coverage Strength: 10
Rationale: Semantic; Relationship: Intersects; Alignment Strength: 7; Functional Coverage Strength: 9
Rationale: Semantic; Relationship: Intersects; Alignment Strength: 8; Functional Coverage Strength: 7",NYDFS-36,Rationale: Semantic; Relationship: Superset; Alignment Strength: 7,"2.1.2.2.42
2.5.2.1.13
2.5.2.1.4
2.5.2.3.39
2.5.2.3.42
2.5.2.3.44","Level: Innovating
Level: Advancing
Level: Evolving
Level: Evolving
Level: Evolving
Level: Innovating",FFIEC-AIO-16.04,Rationale: Semantic; Relationship: Superset; Alignment Strength: 6,"FFIEC-BCM-08.01
FFIEC-BCM-08.03
FFIEC-BCM-08.10","Rationale: Semantic; Relationship: Intersects; Alignment Strength: 6
Rationale: Semantic; Relationship: Subset; Alignment Strength: 9
Rationale: Semantic; Relationship: Intersects; Alignment Strength: 7","OSFI B-13-23
OSFI B-13-24
OSFI B-13-53
OSFI B-13-55","Rationale: Semantic; Relationship: Superset; Alignment Strength: 9
Rationale: Semantic; Relationship: Superset; Alignment Strength: 9
Rationale: Semantic; Relationship: Superset; Alignment Strength: 8
Rationale: Semantic; Relationship: Superset; Alignment Strength: 9","DORA-06-08
DORA-11-02
DORA-11-07
DORA-14-01
DORA-14-02
DORA-17-01
DORA-17-03
DORA-19-04","Rationale: Semantic; Relationship: Superset; Alignment Strength: 7
Rationale: Semantic; Relationship: Superset; Alignment Strength: 8
Rationale: Semantic; Relationship: Superset; Alignment Strength: 9
Rationale: Semantic; Relationship: Superset; Alignment Strength: 9
Rationale: Semantic; Relationship: Superset; Alignment Strength: 9
Rationale: Semantic; Relationship: Superset; Alignment Strength: 9
Rationale: Semantic; Relationship: Subset; Alignment Strength: 8
Rationale: Semantic; Relationship: Intersects; Alignment Strength: 8","SEC-01.I.A.1
SEC-03.I.A.3
SEC-07.I.A.7","Rationale: Semantic; Relationship: Subset; Alignment Strength: 7
Rationale: Semantic; Relationship: Superset; Alignment Strength: 8
Rationale: Semantic; Relationship: Superset; Alignment Strength: 8","TR-12.2.6
TR-12.3.1
TR-7.7.5","Type: Full
Type: Full Summarily
Type: Full","D2.IS.Is.Inn.1
D2.IS.Is.Int.1
D5.ER.Es.E.1
D5.ER.Es.Inn.1","Level: Innovative; Type: Full Summarily
Level: Intermediate; Type: Full Summarily
Level: Evolving; Type: Full
Level: Innovative; Type: Partial",124.269,Level: Ds,,,"IR-04
IR-07
IR-08
IR-09","Rationale: Semantic; Relationship: Superset; Alignment Strength: 9
Rationale: Semantic; Relationship: Intersects; Alignment Strength: 9
Rationale: Semantic; Relationship: Superset; Alignment Strength: 9
Rationale: Semantic; Relationship: Intersects; Alignment Strength: 9","ASIC-GP10.RP
ASIC-KQ08","Rationale: Semantic; Relationship: Superset
Rationale: Semantic; Relationship: Superset","EBA-60
EBA-91","Rationale: Semantic; Relationship: Superset; Alignment Strength: 8
Rationale: Semantic; Relationship: Superset; Alignment Strength: 8","JFSA-04
JFSA-22
JFSA-53
JFSA-54
JFSA-55
JFSA-56","Rationale: Semantic; Relationship: Superset; Alignment Strength: 8
Rationale: Semantic; Relationship: Superset; Alignment Strength: 7
Rationale: Semantic; Relationship: Superset; Alignment Strength: 6
Rationale: Semantic; Relationship: Intersects; Alignment Strength: 7
Rationale: Semantic; Relationship: Superset; Alignment Strength: 7
Rationale: Semantic; Relationship: Superset; Alignment Strength: 6","17.4
17.5
17.6","Rationale: Semantic; Relationship: Superset
Rationale: Semantic; Relationship: Intersects
Rationale: Semantic; Relationship: Intersects",NAIC-IDSML-07,Rationale: Semantic; Relationship: Superset
RS.CO-02.02,124.27,RESPOND,Incident Response Reporting and Communication,Stakeholder Incident Notification,10.0,"Tier: 1
Tier: 2
Tier: 3
Tier: 4","RS.CO-02.02: In the event of an incident, the organization notifies impacted stakeholders including, as required, government bodies, self-regulatory agencies and/or other supervisory bodies, within required timeframes.",RS.CO-02,,"#incident_management
#information_sharing
#roles_and_responsibilities",APRA CPS 234-25,Rationale: Semantic; Relationship: Superset; Alignment Strength: 8,OSFI CSSA-68,Rationale: Functional; Relationship: Intersects; Alignment Strength: 9,HK-SFC-3.02,Rationale: Functional; Relationship: Superset,RS.CO-3.IS,,"APRA CPG 234-70
APRA CPG 234-71
APRA CPG 234-73
APRA CPG 234-87
APRA CPG 234-88
APRA CPG 234-89","Rationale: Semantic; Relationship: Superset; Alignment Strength: 7; Functional Coverage Strength: 10
Rationale: Semantic; Relationship: Superset; Alignment Strength: 8; Functional Coverage Strength: 10
Rationale: Semantic; Relationship: Superset; Alignment Strength: 8; Functional Coverage Strength: 10
Rationale: Semantic; Relationship: Superset; Alignment Strength: 9; Functional Coverage Strength: 10
Rationale: Semantic; Relationship: Superset; Alignment Strength: 9; Functional Coverage Strength: 9
Rationale: Semantic; Relationship: Superset; Alignment Strength: 9; Functional Coverage Strength: 7","NYDFS-02
NYDFS-42
NYDFS-44","Rationale: Semantic; Relationship: Intersects; Alignment Strength: 9
Rationale: Semantic; Relationship: Intersects; Alignment Strength: 7
Rationale: Semantic; Relationship: Intersects; Alignment Strength: 3","2.5.2.3.40
2.5.2.3.44
2.7.2.2.19","Level: Evolving
Level: Innovating
Level: Evolving",FFIEC-AIO-16.04,Rationale: Semantic; Relationship: Superset; Alignment Strength: 6,"FFIEC-BCM-07.01
FFIEC-BCM-08.03
FFIEC-BCM-08.06
FFIEC-BCM-08.13","Rationale: Semantic; Relationship: Subset; Alignment Strength: 9
Rationale: Semantic; Relationship: Subset; Alignment Strength: 7
Rationale: Semantic; Relationship: Subset; Alignment Strength: 10
Rationale: Semantic; Relationship: Subset; Alignment Strength: 9",,,"DORA-06-08
DORA-11-02
DORA-11-07
DORA-11-10
DORA-14-01
DORA-14-02
DORA-17-03
DORA-19-01
DORA-19-04","Rationale: Semantic; Relationship: Superset; Alignment Strength: 7
Rationale: Semantic; Relationship: Superset; Alignment Strength: 8
Rationale: Semantic; Relationship: Superset; Alignment Strength: 9
Rationale: Semantic; Relationship: Intersects; Alignment Strength: 7
Rationale: Semantic; Relationship: Superset; Alignment Strength: 9
Rationale: Semantic; Relationship: Superset; Alignment Strength: 9
Rationale: Semantic; Relationship: Subset; Alignment Strength: 8
Rationale: Semantic; Relationship: Subset; Alignment Strength: 8
Rationale: Semantic; Relationship: Intersects; Alignment Strength: 9","SEC-01.I.A.1
SEC-04.I.A.4
SEC-05.I.A.5
SEC-06.I.A.6
SEC-08.I.A.8
SEC-09.II.A.1
SEC-10.II.A.3
SEC-11.II.B.1","Rationale: Semantic; Relationship: Subset; Alignment Strength: 8
Rationale: Semantic; Relationship: Superset; Alignment Strength: 8
Rationale: Semantic; Relationship: Subset; Alignment Strength: 7
Rationale: Semantic; Relationship: Subset; Alignment Strength: 5
Rationale: Semantic; Relationship: Subset; Alignment Strength: 4
Rationale: Semantic; Relationship: Superset; Alignment Strength: 8
Rationale: Semantic; Relationship: Superset; Alignment Strength: 7
Rationale: Semantic; Relationship: Superset; Alignment Strength: 6",,,"D2.IS.Is.B.3
D2.IS.Is.Int.3
D5.ER.Es.B.2
D5.ER.Es.E.2","Level: Baseline; Type: Full
Level: Intermediate; Type: Full Summarily
Level: Baseline; Type: Full Summarily
Level: Evolving; Type: Full Summarily",124.270,Level: Ds,,,IR-04,Rationale: Semantic; Relationship: Superset; Alignment Strength: 9,,,"EBA-60
EBA-91","Rationale: Semantic; Relationship: Superset; Alignment Strength: 8
Rationale: Semantic; Relationship: Superset; Alignment Strength: 9","JFSA-04
JFSA-22
JFSA-54
JFSA-55
JFSA-56","Rationale: Semantic; Relationship: Superset; Alignment Strength: 6
Rationale: Semantic; Relationship: Superset; Alignment Strength: 7
Rationale: Semantic; Relationship: Superset; Alignment Strength: 7
Rationale: Functional; Relationship: Intersects; Alignment Strength: 4
Rationale: Semantic; Relationship: Superset; Alignment Strength: 5",,,"NAIC-IDSML-13
NAIC-IDSML-14
NAIC-IDSML-15
NAIC-IDSML-17
NAIC-IDSML-18","Rationale: Semantic; Relationship: Intersects
Rationale: Semantic; Relationship: Intersects
Rationale: Semantic; Relationship: Subset
Rationale: Semantic; Relationship: Intersects
Rationale: Semantic; Relationship: Intersects"
RS.CO-02.03,124.271,RESPOND,Incident Response Reporting and Communication,Stakeholder Incident Notification,10.0,"Tier: 1
Tier: 2
Tier: 3
Tier: 4","RS.CO-02.03: The organization maintains and regularly tests incident response communication procedures, with associated contact lists, call trees, and automatic notifications, to quickly coordinate and communicate with internal and external stakeholders during or following an incident.",RS.CO-02,,"#incident_management
#information_sharing
#review_assessment_and_testing",APRA CPS 234-26,Rationale: Semantic; Relationship: Superset; Alignment Strength: 8,OSFI CSSA-68,Rationale: Functional; Relationship: Intersects; Alignment Strength: 7,,,"RS.CO-3.IS
RS.CO-4.IC","
","APRA CPG 234-74
APRA CPG 234-75","Rationale: Semantic; Relationship: Superset; Alignment Strength: 8; Functional Coverage Strength: 10
Rationale: Semantic; Relationship: Superset; Alignment Strength: 8; Functional Coverage Strength: 9","NYDFS-37
NYDFS-40","Rationale: Semantic; Relationship: Intersects; Alignment Strength: 8
Rationale: Semantic; Relationship: Superset; Alignment Strength: 9","2.5.2.1.13
2.5.2.1.4
2.5.2.3.34
2.5.2.3.38
2.5.2.3.40
2.5.2.3.44","Level: Advancing
Level: Evolving
Level: Evolving
Level: Evolving
Level: Evolving
Level: Innovating",FFIEC-AIO-16.04,Rationale: Semantic; Relationship: Superset; Alignment Strength: 4,"FFIEC-BCM-07.01
FFIEC-BCM-08.03
FFIEC-BCM-08.10
FFIEC-BCM-08.13
FFIEC-BCM-10.12
FFIEC-BCM-10.16
FFIEC-BCM-10.17
FFIEC-BCM-10.23","Rationale: Semantic; Relationship: Subset; Alignment Strength: 9
Rationale: Semantic; Relationship: Subset; Alignment Strength: 7
Rationale: Semantic; Relationship: Intersects; Alignment Strength: 7
Rationale: Semantic; Relationship: Intersects; Alignment Strength: 8
Rationale: Functional; Relationship: Intersects; Alignment Strength: 6
Rationale: Functional; Relationship: Intersects; Alignment Strength: 7
Rationale: Functional; Relationship: Intersects; Alignment Strength: 8
Rationale: Semantic; Relationship: Subset; Alignment Strength: 7",OSFI B-13-53,Rationale: Semantic; Relationship: Superset; Alignment Strength: 9,"DORA-06-08
DORA-11-02
DORA-11-06
DORA-11-07
DORA-14-01
DORA-14-02
DORA-17-03","Rationale: Semantic; Relationship: Superset; Alignment Strength: 7
Rationale: Semantic; Relationship: Superset; Alignment Strength: 8
Rationale: Semantic; Relationship: Superset; Alignment Strength: 9
Rationale: Semantic; Relationship: Superset; Alignment Strength: 8
Rationale: Semantic; Relationship: Superset; Alignment Strength: 9
Rationale: Semantic; Relationship: Superset; Alignment Strength: 9
Rationale: Semantic; Relationship: Subset; Alignment Strength: 8",,,,,"D2.IS.Is.B.2
D5.ER.Es.B.1
D5.ER.Es.Inn.1
D5.IR.Pl.Int.1","Level: Baseline; Type: Full
Level: Baseline; Type: Full
Level: Innovative; Type: Partial
Level: Intermediate; Type: Full Summarily",124.271,Level: Ds,,,"IR-03
IR-04
IR-07","Rationale: Semantic; Relationship: Superset; Alignment Strength: 8
Rationale: Semantic; Relationship: Superset; Alignment Strength: 9
Rationale: Semantic; Relationship: Intersects; Alignment Strength: 8",ASIC-KQ08,Rationale: Semantic; Relationship: Superset,"EBA-60
EBA-87
EBA-91","Rationale: Semantic; Relationship: Superset; Alignment Strength: 8
Rationale: Functional; Relationship: Intersects; Alignment Strength: 6
Rationale: Functional; Relationship: Intersects; Alignment Strength: 7","JFSA-04
JFSA-50
JFSA-55
JFSA-56","Rationale: Semantic; Relationship: Superset; Alignment Strength: 8
Rationale: Functional; Relationship: Intersects; Alignment Strength: 7
Rationale: Semantic; Relationship: Superset; Alignment Strength: 7
Rationale: Semantic; Relationship: Superset; Alignment Strength: 6","17.2
17.4
17.6
17.7","Rationale: Semantic; Relationship: Subset
Rationale: Semantic; Relationship: Intersects
Rationale: Semantic; Relationship: Intersects
Rationale: Semantic; Relationship: Superset",,
RS.CO-03.01,125.272,RESPOND,Incident Response Reporting and Communication,Stakeholder Incident Information Sharing,10.0,"Tier: 1
Tier: 2
Tier: 3","RS.CO-03.01: The organization ensures that cyber threat intelligence is made available, in a secure manner, to authorized staff with responsibility for the mitigation of cyber risks at the strategic, tactical and operational levels within the organization.",RS.CO-03,,"#information_sharing
#threat_management",,,,,,,,,APRA CPG 234-39,Rationale: Semantic; Relationship: Intersects; Alignment Strength: 8; Functional Coverage Strength: 10,NYDFS-24,Rationale: Semantic; Relationship: Intersects; Alignment Strength: 8,"2.1.2.2.26
2.4.2.9
2.5.2.1.20
2.7.2.1.7","Level: Evolving
Level: Evolving
Level: Innovating
Level: Evolving",,,,,"OSFI B-13-33
OSFI B-13-36","Rationale: Semantic; Relationship: Intersects; Alignment Strength: 8
Rationale: Semantic; Relationship: Intersects; Alignment Strength: 8",DORA-06-08,Rationale: Semantic; Relationship: Superset; Alignment Strength: 7,,,,,"D1.G.SP.Int.1
D1.TC.Tr.B.3
D2.IS.Is.A.1
D2.IS.Is.B.1
D2.IS.Is.Int.1
D2.MA.Ma.A.1
D2.TI.Th.B.3
D5.DR.Re.A.1
D5.DR.Re.A.2","Level: Intermediate; Type: Full Summarily
Level: Baseline; Type: Full Summarily
Level: Advanced; Type: Full Summarily
Level: Baseline; Type: Full
Level: Intermediate; Type: Full Summarily
Level: Advanced; Type: Full Summarily
Level: Baseline; Type: Full Summarily
Level: Advanced; Type: Full Summarily
Level: Advanced; Type: Full Summarily",125.272,Level: Ds,,,"IR-04
PM-16
SI-05","Rationale: Semantic; Relationship: Superset; Alignment Strength: 9
Rationale: Semantic; Relationship: Intersects; Alignment Strength: 8
Rationale: Semantic; Relationship: Intersects; Alignment Strength: 8",ASIC-KQ05,Rationale: Semantic; Relationship: Superset,,,,,,,,
RS.CO-03.02,125.273,RESPOND,Incident Response Reporting and Communication,Stakeholder Incident Information Sharing,10.0,"Tier: 1
Tier: 2
Tier: 3
Tier: 4","RS.CO-03.02: In the event of an incident, the organization shares authorized information, in a defined manner and through trusted channels, to facilitate the detection, response, resumption and recovery of its own systems and those of other partners and critical sector participants.",RS.CO-03,,"#disaster_recovery
#incident_management
#information_sharing","APRA CPS 234-25
APRA CPS 234-35
APRA CPS 234-36","Rationale: Semantic; Relationship: Superset; Alignment Strength: 8
Rationale: Semantic; Relationship: Superset; Alignment Strength: 9
Rationale: Semantic; Relationship: Superset; Alignment Strength: 7",OSFI CSSA-68,Rationale: Functional; Relationship: Intersects; Alignment Strength: 8,HK-SFC-3.02,Rationale: Functional; Relationship: Superset,"RS.CO-3.IS
RS.CO-5.II","
","APRA CPG 234-16
APRA CPG 234-70
APRA CPG 234-71
APRA CPG 234-73
APRA CPG 234-87
APRA CPG 234-88
APRA CPG 234-89","Rationale: Semantic; Relationship: Superset; Alignment Strength: 7; Functional Coverage Strength: 10
Rationale: Semantic; Relationship: Superset; Alignment Strength: 7; Functional Coverage Strength: 10
Rationale: Semantic; Relationship: Superset; Alignment Strength: 8; Functional Coverage Strength: 10
Rationale: Semantic; Relationship: Superset; Alignment Strength: 8; Functional Coverage Strength: 10
Rationale: Semantic; Relationship: Intersects; Alignment Strength: 9; Functional Coverage Strength: 10
Rationale: Semantic; Relationship: Intersects; Alignment Strength: 7; Functional Coverage Strength: 9
Rationale: Semantic; Relationship: Intersects; Alignment Strength: 8; Functional Coverage Strength: 7","NYDFS-36
NYDFS-38
NYDFS-42","Rationale: Semantic; Relationship: Superset; Alignment Strength: 7
Rationale: Semantic; Relationship: Intersects; Alignment Strength: 5
Rationale: Semantic; Relationship: Intersects; Alignment Strength: 8","2.1.2.2.26
2.5.2.1.13
2.5.2.1.19
2.5.2.3.34
2.5.2.3.40
2.5.2.3.41
2.5.2.3.42
2.7.2.2.15
2.7.2.2.18","Level: Evolving
Level: Advancing
Level: Innovating
Level: Evolving
Level: Evolving
Level: Evolving
Level: Evolving
Level: Evolving
Level: Evolving",FFIEC-AIO-16.04,Rationale: Semantic; Relationship: Superset; Alignment Strength: 6,FFIEC-BCM-07.01,Rationale: Semantic; Relationship: Subset; Alignment Strength: 9,"OSFI B-13-23
OSFI B-13-24
OSFI B-13-36
OSFI B-13-55","Rationale: Semantic; Relationship: Superset; Alignment Strength: 9
Rationale: Semantic; Relationship: Superset; Alignment Strength: 9
Rationale: Semantic; Relationship: Intersects; Alignment Strength: 8
Rationale: Semantic; Relationship: Superset; Alignment Strength: 9","DORA-06-08
DORA-11-02
DORA-11-07
DORA-14-01
DORA-14-02
DORA-17-01
DORA-17-03
DORA-19-02
DORA-45-01","Rationale: Semantic; Relationship: Superset; Alignment Strength: 7
Rationale: Semantic; Relationship: Superset; Alignment Strength: 8
Rationale: Semantic; Relationship: Superset; Alignment Strength: 9
Rationale: Semantic; Relationship: Superset; Alignment Strength: 9
Rationale: Semantic; Relationship: Superset; Alignment Strength: 9
Rationale: Semantic; Relationship: Superset; Alignment Strength: 9
Rationale: Semantic; Relationship: Subset; Alignment Strength: 8
Rationale: Semantic; Relationship: Subset; Alignment Strength: 9
Rationale: Semantic; Relationship: Subset; Alignment Strength: 8",,,,,"D2.IS.Is.A.2
D2.IS.Is.A.3
D2.IS.Is.E.1
D2.IS.Is.Inn.3
D2.IS.Is.Int.2
D2.IS.Is.Int.3
D2.MA.Ma.Int.3
D5.DR.Re.E.4
D5.ER.Es.E.2
D5.ER.Es.Int.2
D5.IR.Pl.Int.3","Level: Advanced; Type: Full Summarily
Level: Advanced; Type: Full Summarily
Level: Evolving; Type: Full Summarily
Level: Innovative; Type: Partial
Level: Intermediate; Type: Full Summarily
Level: Intermediate; Type: Full Summarily
Level: Intermediate; Type: Full Summarily
Level: Evolving; Type: Full Summarily
Level: Evolving; Type: Full Summarily
Level: Intermediate; Type: Full Summarily
Level: Intermediate; Type: Full Summarily",125.273,Level: Ds,,,"IR-04
IR-07
PM-15","Rationale: Semantic; Relationship: Superset; Alignment Strength: 9
Rationale: Semantic; Relationship: Intersects; Alignment Strength: 8
Rationale: Semantic; Relationship: Intersects; Alignment Strength: 8",,,EBA-60,Rationale: Semantic; Relationship: Superset; Alignment Strength: 8,"JFSA-22
JFSA-49
JFSA-52
JFSA-54
JFSA-55
JFSA-56","Rationale: Semantic; Relationship: Superset; Alignment Strength: 7
Rationale: Functional; Relationship: Intersects; Alignment Strength: 7
Rationale: Semantic; Relationship: Superset; Alignment Strength: 8
Rationale: Semantic; Relationship: Superset; Alignment Strength: 7
Rationale: Semantic; Relationship: Superset; Alignment Strength: 6
Rationale: Semantic; Relationship: Superset; Alignment Strength: 5","17.4
17.6","Rationale: Semantic; Relationship: Intersects
Rationale: Semantic; Relationship: Intersects","NAIC-IDSML-14
NAIC-IDSML-17","Rationale: Semantic; Relationship: Intersects
Rationale: Semantic; Relationship: Intersects"
RS.MI-01.01,127.274,RESPOND,Incident Mitigation,Incident Containment,10.0,"Tier: 1
Tier: 2
Tier: 3
Tier: 4","RS.MI-01.01: The organization has established processes to implement vulnerability mitigation plans, involve third-party partners and outside expertise as needed, and contain incidents in a timely manner.",RS.MI-01,,"#incident_management
#staffing_and_resource_management
#vulnerability_management",APRA CPS 234-25,Rationale: Semantic; Relationship: Superset; Alignment Strength: 8,OSFI CSSA-71,Rationale: Functional; Relationship: Superset; Alignment Strength: 9,,,"RS.AN-5.VM
RS.MI-2.IM","
","APRA CPG 234-70
APRA CPG 234-71
APRA CPG 234-73","Rationale: Semantic; Relationship: Superset; Alignment Strength: 7; Functional Coverage Strength: 10
Rationale: Semantic; Relationship: Superset; Alignment Strength: 8; Functional Coverage Strength: 10
Rationale: Semantic; Relationship: Superset; Alignment Strength: 8; Functional Coverage Strength: 10",NYDFS-25,Rationale: Semantic; Relationship: Intersects; Alignment Strength: 7,2.5.2.1.13,Level: Advancing,FFIEC-AIO-16.04,Rationale: Semantic; Relationship: Superset; Alignment Strength: 6,,,"OSFI B-13-23
OSFI B-13-24
OSFI B-13-52
OSFI B-13-56","Rationale: Semantic; Relationship: Superset; Alignment Strength: 9
Rationale: Semantic; Relationship: Superset; Alignment Strength: 9
Rationale: Semantic; Relationship: Intersects; Alignment Strength: 7
Rationale: Semantic; Relationship: Subset; Alignment Strength: 9","DORA-11-02
DORA-16-01","Rationale: Semantic; Relationship: Superset; Alignment Strength: 7
Rationale: Semantic; Relationship: Intersects; Alignment Strength: 8",,,,,"D3.CC.Re.Int.2
D3.CC.Re.Int.3
D5.DR.Re.B.1
D5.DR.Re.E.2
D5.DR.Re.E.4
D5.DR.Re.E.7
D5.IR.Pl.Int.3","Level: Intermediate; Type: Full Summarily
Level: Intermediate; Type: Full Summarily
Level: Baseline; Type: Full
Level: Evolving; Type: Full Summarily
Level: Evolving; Type: Full Summarily
Level: Evolving; Type: Full Summarily
Level: Intermediate; Type: Full Summarily",127.274,Level: Ds,,,"IR-04
IR-09","Rationale: Semantic; Relationship: Superset; Alignment Strength: 9
Rationale: Semantic; Relationship: Intersects; Alignment Strength: 9",,,EBA-60,Rationale: Semantic; Relationship: Intersects; Alignment Strength: 7,"JFSA-46
JFSA-53
JFSA-55","Rationale: Semantic; Relationship: Superset; Alignment Strength: 9
Rationale: Functional; Relationship: Intersects; Alignment Strength: 5
Rationale: Semantic; Relationship: Superset; Alignment Strength: 7",,,NAIC-IDSML-10,Rationale: Semantic; Relationship: Superset
RS.MI-02.01,128.275,RESPOND,Incident Mitigation,Incident Eradication,10.0,"Tier: 1
Tier: 2
Tier: 3
Tier: 4","RS.MI-02.01: Targeted investigations and actions are taken to ensure that all vulnerabilities, system components, devices, or remnants used or leveraged in an attack (e.g., malware, compromised accounts, open ports, etc.) are removed or otherwise returned to a secure and reliable state, or that plans to address the vulnerabilities are documented.",RS.MI-02,,"#endpoint_security
#incident_management
#infrastructure_security
#lessons_learned
#root_cause_analysis
#vulnerability_management",,,OSFI CSSA-71,Rationale: Functional; Relationship: Superset; Alignment Strength: 9,,,RS.MI-1.IC,,,,,,2.5.2.1.13,Level: Advancing,,,,,OSFI B-13-55,Rationale: Semantic; Relationship: Superset; Alignment Strength: 9,"DORA-13-02
DORA-17-03","Rationale: Semantic; Relationship: Subset; Alignment Strength: 8
Rationale: Semantic; Relationship: Subset; Alignment Strength: 8",,,,,D5.DR.Re.Int.4,Level: Intermediate; Type: Full Summarily,128.275,Level: Ds,,,"IR-04
IR-09","Rationale: Semantic; Relationship: Superset; Alignment Strength: 9
Rationale: Semantic; Relationship: Intersects; Alignment Strength: 9",,,,,JFSA-57,Rationale: Semantic; Relationship: Subset; Alignment Strength: 7,,,NAIC-IDSML-10,Rationale: Semantic; Relationship: Superset
RC.RP-01.01,131.276,RECOVER,Incident Recovery Plan Execution,Recovery Plan Execution,10.0,"Tier: 1
Tier: 2
Tier: 3
Tier: 4","RC.RP-01.01: The organization executes its recovery plans, including incident recovery, disaster recovery, and business continuity plans, during or after an incident to resume operations.",RC.RP-01,,"#data_backup
#disaster_recovery
#hotswap
#incident_management
#resilience",APRA CPS 234-25,Rationale: Semantic; Relationship: Superset; Alignment Strength: 8,OSFI CSSA-72,Rationale: Functional; Relationship: Intersects; Alignment Strength: 9,,,RC.RP-1.RP,,"APRA CPG 234-70
APRA CPG 234-73
APRA CPG 234-77","Rationale: Semantic; Relationship: Superset; Alignment Strength: 7; Functional Coverage Strength: 10
Rationale: Semantic; Relationship: Superset; Alignment Strength: 8; Functional Coverage Strength: 10
Rationale: Semantic; Relationship: Superset; Alignment Strength: 8; Functional Coverage Strength: 10","NYDFS-36
NYDFS-37","Rationale: Semantic; Relationship: Intersects; Alignment Strength: 7
Rationale: Semantic; Relationship: Intersects; Alignment Strength: 9",,,"FFIEC-AIO-08.01
FFIEC-AIO-16.04","Rationale: Semantic; Relationship: Superset; Alignment Strength: 6
Rationale: Semantic; Relationship: Superset; Alignment Strength: 6","FFIEC-BCM-02.01
FFIEC-BCM-08.01
FFIEC-BCM-08.04
FFIEC-BCM-08.10
FFIEC-BCM-08.11
FFIEC-BCM-08.13","Rationale: Semantic; Relationship: Subset; Alignment Strength: 6
Rationale: Semantic; Relationship: Subset; Alignment Strength: 7
Rationale: Semantic; Relationship: Subset; Alignment Strength: 8
Rationale: Semantic; Relationship: Intersects; Alignment Strength: 7
Rationale: Semantic; Relationship: Intersects; Alignment Strength: 5
Rationale: Semantic; Relationship: Intersects; Alignment Strength: 6","OSFI B-13-23
OSFI B-13-24","Rationale: Semantic; Relationship: Superset; Alignment Strength: 9
Rationale: Semantic; Relationship: Superset; Alignment Strength: 9","DORA-11-02
DORA-17-01","Rationale: Semantic; Relationship: Superset; Alignment Strength: 7
Rationale: Semantic; Relationship: Superset; Alignment Strength: 8",,,,,,,131.276,Level: Ds,,,"CP-10
IR-04","Rationale: Semantic; Relationship: Intersects; Alignment Strength: 8
Rationale: Semantic; Relationship: Superset; Alignment Strength: 9",,,"EBA-59
EBA-81
EBA-83
EBA-84","Rationale: Semantic; Relationship: Superset; Alignment Strength: 7
Rationale: Semantic; Relationship: Superset; Alignment Strength: 8
Rationale: Semantic; Relationship: Superset; Alignment Strength: 9
Rationale: Semantic; Relationship: Superset; Alignment Strength: 9","JFSA-02
JFSA-51","Rationale: Semantic; Relationship: Superset; Alignment Strength: 7
Rationale: Semantic; Relationship: Superset; Alignment Strength: 8",,,,
RC.RP-02.01,132.277,RECOVER,Incident Recovery Plan Execution,Recovery Action Performance,10.0,"Tier: 1
Tier: 2
Tier: 3
Tier: 4","RC.RP-02.01: The organization's response plans are used as informed guidance to develop and manage task plans, response actions, priorities, and assignments for responding to incidents, but are adapted as necessary to address incident-specific characteristics.",RC.RP-02,,"#critical_infrastructure
#disaster_recovery
#incident_management
#resilience","APRA CPS 234-24
APRA CPS 234-25","Rationale: Semantic; Relationship: Superset; Alignment Strength: 9
Rationale: Semantic; Relationship: Superset; Alignment Strength: 9",,,,,RS.MI-1.IC,,"APRA CPG 234-70
APRA CPG 234-73","Rationale: Semantic; Relationship: Superset; Alignment Strength: 7; Functional Coverage Strength: 10
Rationale: Semantic; Relationship: Superset; Alignment Strength: 9; Functional Coverage Strength: 10",,,,,FFIEC-AIO-16.04,Rationale: Semantic; Relationship: Superset; Alignment Strength: 6,FFIEC-BCM-04.04,Rationale: Functional; Relationship: Intersects; Alignment Strength: 7,,,,,,,,,,,132.277,Level: Ds,,,"IR-04
IR-08","Rationale: Semantic; Relationship: Superset; Alignment Strength: 9
Rationale: Semantic; Relationship: Superset; Alignment Strength: 9",,,"EBA-83
EBA-84","Rationale: Semantic; Relationship: Superset; Alignment Strength: 9
Rationale: Semantic; Relationship: Superset; Alignment Strength: 9",,,,,,
RC.RP-02.02,132.278,RECOVER,Incident Recovery Plan Execution,Recovery Action Performance,10.0,"Tier: 1
Tier: 2
Tier: 3
Tier: 4","RC.RP-02.02: Recovery plans are executed by first resuming critical services and core business functions, while minimizing any potential concurrent and widespread interruptions to interconnected entities and critical infrastructure, such as energy and telecommunications.",RC.RP-02,,"#asset_inventory
#asset_management
#business_impact_analysis
#critical_infrastructure
#disaster_recovery
#resilience
#review_assessment_and_testing
#risk_management
#threat_landscape",,,,,,,,,APRA CPG 234-16,Rationale: Semantic; Relationship: Superset; Alignment Strength: 7; Functional Coverage Strength: 10,NYDFS-36,Rationale: Semantic; Relationship: Superset; Alignment Strength: 7,"2.5.2.1.1
2.5.2.1.11
2.5.2.3.34","Level: Evolving
Level: Advancing
Level: Evolving",,,"FFIEC-BCM-04.04
FFIEC-BCM-06.07
FFIEC-BCM-08.01
FFIEC-BCM-08.04
FFIEC-BCM-10.07","Rationale: Semantic; Relationship: Superset; Alignment Strength: 8
Rationale: Semantic; Relationship: Intersects; Alignment Strength: 7
Rationale: Semantic; Relationship: Subset; Alignment Strength: 8
Rationale: Semantic; Relationship: Intersects; Alignment Strength: 7
Rationale: Semantic; Relationship: Subset; Alignment Strength: 8",,,,,,,"TR-8.2.2
TR-8.3.3","Type: Full Summarily
Type: Full Summarily","D5.IR.Pl.E.3
D5.IR.Pl.Int.2","Level: Evolving; Type: Full Summarily
Level: Intermediate; Type: Full Summarily",132.278,Level: Ds,,,CP-10,Rationale: Semantic; Relationship: Intersects; Alignment Strength: 8,,,"EBA-77
EBA-81
EBA-83
EBA-84","Rationale: Semantic; Relationship: Subset; Alignment Strength: 8
Rationale: Semantic; Relationship: Superset; Alignment Strength: 8
Rationale: Semantic; Relationship: Superset; Alignment Strength: 9
Rationale: Semantic; Relationship: Superset; Alignment Strength: 9",,,,,NAIC-IDSML-10,Rationale: Semantic; Relationship: Intersects
RC.RP-03.01,133.279,RECOVER,Incident Recovery Plan Execution,Backup & Restoration Asset Integrity,10.0,"Tier: 1
Tier: 2
Tier: 3
Tier: 4","RC.RP-03.01: Restoration steps include the verification of backups, data replications, system images, and other restoration assets prior to continued use.",RC.RP-03,,"#data_backup
#disaster_recovery
#resilience",,,,,,,RC.RP-1.RP,,,,NYDFS-36,Rationale: Semantic; Relationship: Superset; Alignment Strength: 5,,,FFIEC-AIO-15.04,Rationale: Semantic; Relationship: Superset; Alignment Strength: 3,FFIEC-BCM-10.16,Rationale: Functional; Relationship: Intersects; Alignment Strength: 7,,,"DORA-12-01
DORA-12-02
DORA-12-03","Rationale: Semantic; Relationship: Intersects; Alignment Strength: 8
Rationale: Semantic; Relationship: Superset; Alignment Strength: 8
Rationale: Semantic; Relationship: Superset; Alignment Strength: 8",,,TR-8.3.3,Type: Full Summarily,,,133.279,Level: Ds,,,"CP-02
CP-09
CP-10","Rationale: Semantic; Relationship: Superset; Alignment Strength: 9
Rationale: Semantic; Relationship: Superset; Alignment Strength: 9
Rationale: Semantic; Relationship: Intersects; Alignment Strength: 9",,,EBA-57,Rationale: Semantic; Relationship: Intersects; Alignment Strength: 9,JFSA-51,Rationale: Semantic; Relationship: Superset; Alignment Strength: 8,,,,
RC.RP-04.01,134.28,RECOVER,Incident Recovery Plan Execution,Post-Incident Operational Norms,10.0,"Tier: 1
Tier: 2
Tier: 3
Tier: 4","RC.RP-04.01: Restoration steps include the verification of data integrity, transaction positions, system functionality, and the operation of security controls by appropriate organizational stakeholders and system owners.",RC.RP-04,,"#data_backup
#disaster_recovery
#resilience",,,,,,,RC.RP-1.RP,,,,,,,,FFIEC-AIO-15.04,Rationale: Semantic; Relationship: Superset; Alignment Strength: 8,,,"OSFI B-13-23
OSFI B-13-24","Rationale: Semantic; Relationship: Superset; Alignment Strength: 9
Rationale: Semantic; Relationship: Superset; Alignment Strength: 9","DORA-12-01
DORA-12-02
DORA-12-03
DORA-12-07","Rationale: Semantic; Relationship: Intersects; Alignment Strength: 8
Rationale: Semantic; Relationship: Superset; Alignment Strength: 8
Rationale: Semantic; Relationship: Superset; Alignment Strength: 7
Rationale: Semantic; Relationship: Superset; Alignment Strength: 9",,,TR-8.3.3,Type: Full Summarily,,,134.280,Level: Ds,,,"CP-09
CP-10
IR-09","Rationale: Semantic; Relationship: Superset; Alignment Strength: 9
Rationale: Semantic; Relationship: Intersects; Alignment Strength: 9
Rationale: Semantic; Relationship: Intersects; Alignment Strength: 9",,,EBA-57,Rationale: Semantic; Relationship: Intersects; Alignment Strength: 9,JFSA-51,Rationale: Semantic; Relationship: Superset; Alignment Strength: 8,,,,
RC.RP-05.01,135.281,RECOVER,Incident Recovery Plan Execution,Asset Integrity Restoration,10.0,"Tier: 1
Tier: 2","RC.RP-05.01: The organization maintains documented procedures for sanitizing, testing, authorizing, and returning systems to service following an incident or investigation.",RC.RP-05,,"#asset_management
#incident_management",,,OSFI CSSA-71,Rationale: Functional; Relationship: Subset; Alignment Strength: 9,,,RC.RP-1.RP,,,,,,,,,,,,"OSFI B-13-23
OSFI B-13-24
OSFI B-13-55","Rationale: Semantic; Relationship: Superset; Alignment Strength: 9
Rationale: Semantic; Relationship: Superset; Alignment Strength: 9
Rationale: Semantic; Relationship: Superset; Alignment Strength: 9",DORA-12-07,Rationale: Semantic; Relationship: Intersects; Alignment Strength: 9,,,,,"D5.DR.Re.Int.3
D5.DR.Re.Int.4
D5.IR.Te.Inn.2","Level: Intermediate; Type: Full Summarily
Level: Intermediate; Type: Full Summarily
Level: Innovative; Type: Full Summarily",135.281,Level: Ds,,,"CP-10
IR-09","Rationale: Semantic; Relationship: Intersects; Alignment Strength: 9
Rationale: Semantic; Relationship: Intersects; Alignment Strength: 9",,,EBA-57,Rationale: Functional; Relationship: Intersects; Alignment Strength: 5,,,,,,
RC.RP-05.02,135.282,RECOVER,Incident Recovery Plan Execution,Asset Integrity Restoration,10.0,"Tier: 1
Tier: 2
Tier: 3
Tier: 4","RC.RP-05.02: Business, technology, cybersecurity, and relevant third-party stakeholders confirm that systems, data, and services have been returned to functional and secure states and that a stable operational status has been achieved.",RC.RP-05,,"#asset_management
#data_protection
#disaster_recovery
#incident_management
#supply_chain_management
#third_party_risk_management",,,,,,,RC.RP-1.RP,,,,,,,,,,,,"OSFI B-13-23
OSFI B-13-24","Rationale: Semantic; Relationship: Superset; Alignment Strength: 9
Rationale: Semantic; Relationship: Superset; Alignment Strength: 9","DORA-12-07
DORA-17-03","Rationale: Semantic; Relationship: Intersects; Alignment Strength: 9
Rationale: Semantic; Relationship: Superset; Alignment Strength: 9",,,,,D5.DR.Re.Int.4,Level: Intermediate; Type: Full Summarily,135.282,Level: Ds,,,"CP-10
IR-09","Rationale: Semantic; Relationship: Intersects; Alignment Strength: 9
Rationale: Semantic; Relationship: Intersects; Alignment Strength: 9",,,EBA-57,Rationale: Semantic; Relationship: Intersects; Alignment Strength: 9,,,,,NAIC-IDSML-11,Rationale: Semantic; Relationship: Intersects
RC.RP-06.01,136.283,RECOVER,Incident Recovery Plan Execution,End-of-Incident Determination,10.0,"Tier: 1
Tier: 2
Tier: 3
Tier: 4","RC.RP-06.01: Incident management activities are closed under defined conditions and documentation to support subsequent post-mortem review, process improvement, and any follow-on activities is collected and verified.",RC.RP-06,,"#forensics
#incident_management
#lessons_learned
#root_cause_analysis",APRA CPS 234-25,Rationale: Semantic; Relationship: Superset; Alignment Strength: 8,OSFI CSSA-71,Rationale: Functional; Relationship: Superset; Alignment Strength: 9,,,RC.RP-1.RP,,"APRA CPG 234-21
APRA CPG 234-70
APRA CPG 234-73","Rationale: Semantic; Relationship: Intersects; Alignment Strength: 5; Functional Coverage Strength: 10
Rationale: Semantic; Relationship: Superset; Alignment Strength: 7; Functional Coverage Strength: 10
Rationale: Semantic; Relationship: Superset; Alignment Strength: 8; Functional Coverage Strength: 10",NYDFS-36,Rationale: Semantic; Relationship: Superset; Alignment Strength: 8,"2.5.2.1.10
2.5.2.1.13","Level: Evolving
Level: Advancing",FFIEC-AIO-16.04,Rationale: Semantic; Relationship: Superset; Alignment Strength: 6,FFIEC-BCM-08.01,Rationale: Semantic; Relationship: Intersects; Alignment Strength: 6,"OSFI B-13-23
OSFI B-13-24
OSFI B-13-55
OSFI B-13-57","Rationale: Semantic; Relationship: Superset; Alignment Strength: 9
Rationale: Semantic; Relationship: Superset; Alignment Strength: 9
Rationale: Semantic; Relationship: Superset; Alignment Strength: 8
Rationale: Semantic; Relationship: Superset; Alignment Strength: 8",DORA-13-02,Rationale: Semantic; Relationship: Intersects; Alignment Strength: 9,,,TR-7.7.3,Type: Full Summarily,,,136.283,Level: Ds,,,"IR-04
IR-05
IR-08
IR-09","Rationale: Semantic; Relationship: Superset; Alignment Strength: 9
Rationale: Semantic; Relationship: Intersects; Alignment Strength: 9
Rationale: Semantic; Relationship: Superset; Alignment Strength: 9
Rationale: Semantic; Relationship: Intersects; Alignment Strength: 9",,,"EBA-60
EBA-84","Rationale: Semantic; Relationship: Superset; Alignment Strength: 6
Rationale: Semantic; Relationship: Intersects; Alignment Strength: 9",JFSA-57,Rationale: Semantic; Relationship: Subset; Alignment Strength: 7,17.8,Rationale: Semantic; Relationship: Intersects,NAIC-IDSML-12,Rationale: Semantic; Relationship: Intersects
RC.CO-03.01,138.284,RECOVER,Incident Recovery Communication,Recovery Activity Communication,10.0,"Tier: 1
Tier: 2
Tier: 3
Tier: 4","RC.CO-03.01: The organization timely involves and communicates the recovery activities, procedures, cyber risk management issues to the governing body (e.g., the Board or one of its committees), senior management, incident management support teams, and relevant internal stakeholders.",RC.CO-03,,"#board_or_committee_oversight
#disaster_recovery
#incident_management
#information_sharing
#risk_management",APRA CPS 234-25,Rationale: Semantic; Relationship: Superset; Alignment Strength: 8,,,HK-SFC-3.02,Rationale: Functional; Relationship: Superset,RC.CO-3.RC,,"APRA CPG 234-70
APRA CPG 234-71
APRA CPG 234-73","Rationale: Semantic; Relationship: Superset; Alignment Strength: 7; Functional Coverage Strength: 10
Rationale: Semantic; Relationship: Superset; Alignment Strength: 8; Functional Coverage Strength: 10
Rationale: Semantic; Relationship: Superset; Alignment Strength: 8; Functional Coverage Strength: 10","NYDFS-09
NYDFS-10
NYDFS-36
NYDFS-37
NYDFS-38","Rationale: Semantic; Relationship: Intersects; Alignment Strength: 7
Rationale: Semantic; Relationship: Intersects; Alignment Strength: 7
Rationale: Semantic; Relationship: Superset; Alignment Strength: 5
Rationale: Semantic; Relationship: Intersects; Alignment Strength: 7
Rationale: Semantic; Relationship: Intersects; Alignment Strength: 8",2.5.2.3.40,Level: Evolving,FFIEC-AIO-16.04,Rationale: Semantic; Relationship: Superset; Alignment Strength: 6,,,,,"DORA-05-02
DORA-06-08
DORA-11-02
DORA-11-07
DORA-14-01
DORA-14-02
DORA-17-03","Rationale: Semantic; Relationship: Superset; Alignment Strength: 8
Rationale: Semantic; Relationship: Superset; Alignment Strength: 7
Rationale: Semantic; Relationship: Superset; Alignment Strength: 8
Rationale: Semantic; Relationship: Superset; Alignment Strength: 7
Rationale: Semantic; Relationship: Superset; Alignment Strength: 7
Rationale: Semantic; Relationship: Superset; Alignment Strength: 9
Rationale: Semantic; Relationship: Subset; Alignment Strength: 8",SEC-13.II.C.2.a,Rationale: Semantic; Relationship: Superset; Alignment Strength: 8,,,,,138.284,Level: Ds,,,IR-04,Rationale: Semantic; Relationship: Superset; Alignment Strength: 9,,,"EBA-60
EBA-91","Rationale: Semantic; Relationship: Superset; Alignment Strength: 7
Rationale: Semantic; Relationship: Superset; Alignment Strength: 9","JFSA-53
JFSA-54
JFSA-56","Rationale: Semantic; Relationship: Superset; Alignment Strength: 6
Rationale: Semantic; Relationship: Superset; Alignment Strength: 7
Rationale: Semantic; Relationship: Superset; Alignment Strength: 6",,,,
RC.CO-03.02,138.285,RECOVER,Incident Recovery Communication,Recovery Activity Communication,10.0,"Tier: 1
Tier: 2
Tier: 3
Tier: 4","RC.CO-03.02: The organization promptly communicates the status of recovery activities to regulatory authorities and relevant external stakeholders, as required or appropriate.",RC.CO-03,,"#disaster_recovery
#incident_management
#information_sharing
#risk_management","APRA CPS 234-35
APRA CPS 234-36","Rationale: Semantic; Relationship: Superset; Alignment Strength: 9
Rationale: Semantic; Relationship: Superset; Alignment Strength: 7",OSFI CSSA-68,Rationale: Functional; Relationship: Superset; Alignment Strength: 8,HK-SFC-3.02,Rationale: Functional; Relationship: Superset,RC.CO-3.RC,,"APRA CPG 234-87
APRA CPG 234-88
APRA CPG 234-89","Rationale: Semantic; Relationship: Intersects; Alignment Strength: 9; Functional Coverage Strength: 10
Rationale: Semantic; Relationship: Superset; Alignment Strength: 8; Functional Coverage Strength: 9
Rationale: Semantic; Relationship: Intersects; Alignment Strength: 7; Functional Coverage Strength: 7",NYDFS-37,Rationale: Semantic; Relationship: Intersects; Alignment Strength: 7,2.5.2.3.40,Level: Evolving,,,FFIEC-BCM-08.13,Rationale: Semantic; Relationship: Subset; Alignment Strength: 9,,,"DORA-06-08
DORA-11-02
DORA-11-07
DORA-11-10
DORA-14-01
DORA-14-02
DORA-17-03
DORA-19-01
DORA-19-04","Rationale: Semantic; Relationship: Superset; Alignment Strength: 7
Rationale: Semantic; Relationship: Superset; Alignment Strength: 8
Rationale: Semantic; Relationship: Superset; Alignment Strength: 8
Rationale: Semantic; Relationship: Intersects; Alignment Strength: 7
Rationale: Semantic; Relationship: Superset; Alignment Strength: 9
Rationale: Semantic; Relationship: Superset; Alignment Strength: 9
Rationale: Semantic; Relationship: Subset; Alignment Strength: 8
Rationale: Semantic; Relationship: Subset; Alignment Strength: 8
Rationale: Semantic; Relationship: Intersects; Alignment Strength: 9","SEC-01.I.A.1
SEC-09.II.A.1
SEC-11.II.B.1","Rationale: Semantic; Relationship: Subset; Alignment Strength: 7
Rationale: Semantic; Relationship: Superset; Alignment Strength: 8
Rationale: Semantic; Relationship: Superset; Alignment Strength: 8",,,,,138.285,Level: Ds,,,,,,,EBA-91,Rationale: Semantic; Relationship: Superset; Alignment Strength: 9,"JFSA-53
JFSA-54
JFSA-56","Rationale: Semantic; Relationship: Superset; Alignment Strength: 6
Rationale: Semantic; Relationship: Superset; Alignment Strength: 6
Rationale: Semantic; Relationship: Superset; Alignment Strength: 6",,,"NAIC-IDSML-13
NAIC-IDSML-18","Rationale: Semantic; Relationship: Intersects
Rationale: Semantic; Relationship: Intersects"
RC.CO-04.01,139.286,RECOVER,Incident Recovery Communication,Public Information Sharing,10.0,"Tier: 1
Tier: 2
Tier: 3
Tier: 4","RC.CO-04.01: Pre-established communication plans and message templates, and authorized protocols, contacts, media, and communications, are used to notify and inform the public and key external stakeholders about an incident.",RC.CO-04,,"#disaster_recovery
#incident_management
#information_sharing
#risk_management","APRA CPS 234-25
APRA CPS 234-35
APRA CPS 234-36","Rationale: Semantic; Relationship: Superset; Alignment Strength: 8
Rationale: Semantic; Relationship: Superset; Alignment Strength: 9
Rationale: Semantic; Relationship: Superset; Alignment Strength: 6",OSFI CSSA-68,Rationale: Functional; Relationship: Superset; Alignment Strength: 9,HK-SFC-3.02,Rationale: Functional; Relationship: Intersects,RC.CO-3.RC,,"APRA CPG 234-70
APRA CPG 234-71
APRA CPG 234-73
APRA CPG 234-87
APRA CPG 234-88
APRA CPG 234-89","Rationale: Semantic; Relationship: Superset; Alignment Strength: 7; Functional Coverage Strength: 10
Rationale: Semantic; Relationship: Superset; Alignment Strength: 8; Functional Coverage Strength: 10
Rationale: Semantic; Relationship: Superset; Alignment Strength: 8; Functional Coverage Strength: 10
Rationale: Semantic; Relationship: Intersects; Alignment Strength: 9; Functional Coverage Strength: 10
Rationale: Semantic; Relationship: Intersects; Alignment Strength: 6; Functional Coverage Strength: 9
Rationale: Semantic; Relationship: Intersects; Alignment Strength: 6; Functional Coverage Strength: 7",,,2.5.2.3.40,Level: Evolving,FFIEC-AIO-16.04,Rationale: Semantic; Relationship: Superset; Alignment Strength: 6,"FFIEC-BCM-07.01
FFIEC-BCM-08.03
FFIEC-BCM-08.13","Rationale: Semantic; Relationship: Subset; Alignment Strength: 9
Rationale: Semantic; Relationship: Subset; Alignment Strength: 7
Rationale: Semantic; Relationship: Subset; Alignment Strength: 8","OSFI B-13-23
OSFI B-13-24","Rationale: Semantic; Relationship: Superset; Alignment Strength: 9
Rationale: Semantic; Relationship: Superset; Alignment Strength: 9","DORA-06-08
DORA-11-02
DORA-11-07
DORA-14-01
DORA-14-02
DORA-14-03
DORA-17-03
DORA-19-03","Rationale: Semantic; Relationship: Superset; Alignment Strength: 7
Rationale: Semantic; Relationship: Superset; Alignment Strength: 8
Rationale: Semantic; Relationship: Superset; Alignment Strength: 8
Rationale: Semantic; Relationship: Superset; Alignment Strength: 9
Rationale: Semantic; Relationship: Superset; Alignment Strength: 9
Rationale: Semantic; Relationship: Subset; Alignment Strength: 9
Rationale: Semantic; Relationship: Subset; Alignment Strength: 8
Rationale: Semantic; Relationship: Subset; Alignment Strength: 10",,,"TR-7.7.6
TR-7.7.7","Type: Full
Type: Full","D2.IS.Is.Int.4
D5.DR.Re.E.4
D5.ER.Es.B.2
D5.ER.Es.E.2
D5.ER.Es.Int.2
D5.ER.Es.Int.3","Level: Intermediate; Type: Full
Level: Evolving; Type: Full Summarily
Level: Baseline; Type: Full Summarily
Level: Evolving; Type: Full Summarily
Level: Intermediate; Type: Full Summarily
Level: Intermediate; Type: Full Summarily",139.286,Level: Ds,,,IR-04,Rationale: Semantic; Relationship: Superset; Alignment Strength: 9,ASIC-GP11.RC,Rationale: Semantic; Relationship: Equal,"EBA-60
EBA-91","Rationale: Semantic; Relationship: Superset; Alignment Strength: 7
Rationale: Semantic; Relationship: Superset; Alignment Strength: 9","JFSA-22
JFSA-52
JFSA-54
JFSA-56","Rationale: Semantic; Relationship: Superset; Alignment Strength: 7
Rationale: Semantic; Relationship: Intersects; Alignment Strength: 8
Rationale: Semantic; Relationship: Superset; Alignment Strength: 6
Rationale: Functional; Relationship: Intersects; Alignment Strength: 5",,,"NAIC-IDSML-15
NAIC-IDSML-17","Rationale: Semantic; Relationship: Subset
Rationale: Semantic; Relationship: Intersects"
EX.DD-01.01,142.287,EXTEND,Procurement Planning and Due Diligence,Procurement Planning,10.0,"Tier: 1
Tier: 2
Tier: 3","EX.DD-01.01: Documented procurement plans are developed for initiatives involving elevated business, technical, or cybersecurity risk in order to establish criteria for the evaluation and selection of a supplier, and any special requirements for organizational preparation, supplier due diligence, and contract terms.",GV.SC-06,,"#contract_management
#due_diligence
#supply_chain_management
#third_party_risk_management
#vendor_management",,,OSFI CSSA-83,Rationale: Functional; Relationship: Intersects; Alignment Strength: 8,,,,,,,"NYDFS-25
NYDFS-26","Rationale: Semantic; Relationship: Intersects; Alignment Strength: 8
Rationale: Semantic; Relationship: Superset; Alignment Strength: 7",,,"FFIEC-AIO-07.02
FFIEC-AIO-12.02
FFIEC-AIO-12.05","Rationale: Semantic; Relationship: Superset; Alignment Strength: 6
Rationale: Semantic; Relationship: Superset; Alignment Strength: 7
Rationale: Semantic; Relationship: Superset; Alignment Strength: 6",,,,,"DORA-06-09
DORA-28-04
DORA-28-05","Rationale: Semantic; Relationship: Intersects; Alignment Strength: 8
Rationale: Semantic; Relationship: Subset; Alignment Strength: 8
Rationale: Semantic; Relationship: Subset; Alignment Strength: 9",,,"TR-3.4.2
TR-5.3.1","Type: Full Summarily
Type: Full Summarily",,,142.287,Level: Ds,"FFIEC-DAM-07.02
FFIEC-DAM-08.01
FFIEC-DAM-09.01
FFIEC-DAM-09.02
FFIEC-DAM-12.01
FFIEC-DAM-12.02
FFIEC-DAM-12.03
FFIEC-DAM-12.04
FFIEC-DAM-12.05","Rationale: Semantic; Relationship: Intersects
Rationale: Semantic; Relationship: Superset
Rationale: Semantic; Relationship: Intersects
Rationale: Semantic; Relationship: Intersects
Rationale: Semantic; Relationship: Superset
Rationale: Semantic; Relationship: Superset
Rationale: Semantic; Relationship: Superset
Rationale: Semantic; Relationship: Superset
Rationale: Semantic; Relationship: Superset","SA-02
SA-04
SR-05","Rationale: Semantic; Relationship: Intersects; Alignment Strength: 8
Rationale: Semantic; Relationship: Intersects; Alignment Strength: 8
Rationale: Semantic; Relationship: Superset; Alignment Strength: 9",ASIC-GP04.IN,Rationale: Semantic; Relationship: Superset,,,"JFSA-33
JFSA-41","Rationale: Semantic; Relationship: Superset; Alignment Strength: 6
Rationale: Semantic; Relationship: Superset; Alignment Strength: 9",15.5,Rationale: Semantic; Relationship: Intersects,NAIC-IDSML-05,Rationale: Semantic; Relationship: Superset
EX.DD-01.02,142.288,EXTEND,Procurement Planning and Due Diligence,Procurement Planning,10.0,"Tier: 1
Tier: 2","EX.DD-01.02: Procurement plans address the inherent risks of the planned activity, to include the complexity of the endeavor in terms of technology, scope, and novelty, and demonstrate that the potential business and financial benefits outweigh the costs to control the anticipated risks.",GV.SC-06,,"#contract_management
#supply_chain_management
#third_party_risk_management
#vendor_management",,,OSFI CSSA-83,Rationale: Functional; Relationship: Intersects; Alignment Strength: 9,,,,,,,,,2.3.2.1.7,Level: Advancing,"FFIEC-AIO-07.02
FFIEC-AIO-12.02
FFIEC-AIO-12.05","Rationale: Semantic; Relationship: Superset; Alignment Strength: 6
Rationale: Semantic; Relationship: Superset; Alignment Strength: 7
Rationale: Semantic; Relationship: Superset; Alignment Strength: 6",,,,,"DORA-28-01
DORA-28-04","Rationale: Semantic; Relationship: Superset; Alignment Strength: 8
Rationale: Semantic; Relationship: Subset; Alignment Strength: 8",,,,,,,142.288,Level: Ds,"FFIEC-DAM-07.02
FFIEC-DAM-08.01
FFIEC-DAM-12.01
FFIEC-DAM-12.02
FFIEC-DAM-12.03
FFIEC-DAM-12.04
FFIEC-DAM-12.05
FFIEC-DAM-14.05","Rationale: Semantic; Relationship: Intersects
Rationale: Semantic; Relationship: Superset
Rationale: Semantic; Relationship: Superset
Rationale: Semantic; Relationship: Superset
Rationale: Semantic; Relationship: Superset
Rationale: Semantic; Relationship: Superset
Rationale: Semantic; Relationship: Superset
Rationale: Semantic; Relationship: Intersects",SR-05,Rationale: Semantic; Relationship: Superset; Alignment Strength: 9,ASIC-GP04.IN,Rationale: Semantic; Relationship: Superset,,,"JFSA-33
JFSA-41","Rationale: Semantic; Relationship: Superset; Alignment Strength: 6
Rationale: Semantic; Relationship: Superset; Alignment Strength: 9",,,,
EX.DD-01.03,142.289,EXTEND,Procurement Planning and Due Diligence,Procurement Planning,10.0,"Tier: 1
Tier: 2","EX.DD-01.03: Procurement plans address expected resource requirements and procedures for ongoing management and monitoring of the selected supplier, contingency plans for supplier non-performance, and specific considerations related to contract termination (e.g., return of data).",GV.SC-06,,"#contract_management
#supply_chain_management
#third_party_risk_management
#vendor_management",,,,,,,,,,,,,,,,,,,,,"DORA-28-04
DORA-28-07","Rationale: Semantic; Relationship: Subset; Alignment Strength: 8
Rationale: Semantic; Relationship: Intersects; Alignment Strength: 7",,,,,,,142.289,Level: Ds,"FFIEC-DAM-07.02
FFIEC-DAM-08.01
FFIEC-DAM-12.01
FFIEC-DAM-12.02
FFIEC-DAM-12.03
FFIEC-DAM-12.04
FFIEC-DAM-12.05
FFIEC-DAM-12.07
FFIEC-DAM-13.03","Rationale: Semantic; Relationship: Intersects
Rationale: Semantic; Relationship: Superset
Rationale: Semantic; Relationship: Superset
Rationale: Semantic; Relationship: Superset
Rationale: Semantic; Relationship: Superset
Rationale: Semantic; Relationship: Superset
Rationale: Semantic; Relationship: Superset
Rationale: Semantic; Relationship: Intersects
Rationale: Semantic; Relationship: Intersects",SR-05,Rationale: Semantic; Relationship: Superset; Alignment Strength: 9,,,,,"JFSA-41
JFSA-44","Rationale: Semantic; Relationship: Superset; Alignment Strength: 9
Rationale: Semantic; Relationship: Superset; Alignment Strength: 7",,,,
EX.DD-02.01,143.29,EXTEND,Procurement Planning and Due Diligence,Prospective Third Party Due Diligence,10.0,"Tier: 1
Tier: 2
Tier: 3
Tier: 4","EX.DD-02.01: The organization implements procedures, and allocates sufficient resources with the requisite knowledge and experience, to conduct third party due diligence and risk assessment consistent with the procurement plan and commensurate with level of risk, criticality, and complexity of each third-party relationship.",GV.SC-06,,"#due_diligence
#supply_chain_management
#third_party_risk_management
#vendor_management","APRA CPS 234-22
APRA CPS 234-28","Rationale: Semantic; Relationship: Superset; Alignment Strength: 8
Rationale: Semantic; Relationship: Superset; Alignment Strength: 7","OSFI CSSA-82
OSFI CSSA-83","Rationale: Functional; Relationship: Superset; Alignment Strength: 8
Rationale: Functional; Relationship: Superset; Alignment Strength: 9",,,ID.SC-1.TP,,"APRA CPG 234-18
APRA CPG 234-19
APRA CPG 234-63
APRA CPG 234-65","Rationale: Semantic; Relationship: Superset; Alignment Strength: 9; Functional Coverage Strength: 9
Rationale: Semantic; Relationship: Superset; Alignment Strength: 9; Functional Coverage Strength: 10
Rationale: Semantic; Relationship: Intersects; Alignment Strength: 8; Functional Coverage Strength: 10
Rationale: Semantic; Relationship: Superset; Alignment Strength: 8; Functional Coverage Strength: 10",NYDFS-26,Rationale: Semantic; Relationship: Superset; Alignment Strength: 7,"2.3.2.2.70
2.3.2.2.74","Level: Evolving
Level: Advancing",,,,,,,"DORA-27-03
DORA-28-01
DORA-28-04
DORA-28-05
DORA-29-01","Rationale: Semantic; Relationship: Intersects; Alignment Strength: 6
Rationale: Semantic; Relationship: Superset; Alignment Strength: 7
Rationale: Semantic; Relationship: Subset; Alignment Strength: 9
Rationale: Semantic; Relationship: Subset; Alignment Strength: 9
Rationale: Semantic; Relationship: Subset; Alignment Strength: 8",,,"TR-3.4.2
TR-5.3.1","Type: Full Summarily
Type: Full Summarily","D4.RM.Dd.B.1
D4.RM.Dd.Int.2","Level: Baseline; Type: Full Summarily
Level: Intermediate; Type: Full",143.290,Level: Ds,"FFIEC-DAM-02.03
FFIEC-DAM-08.01
FFIEC-DAM-09.01
FFIEC-DAM-09.02
FFIEC-DAM-12.01
FFIEC-DAM-12.02
FFIEC-DAM-12.03
FFIEC-DAM-12.04
FFIEC-DAM-12.05","Rationale: Semantic; Relationship: Intersects
Rationale: Semantic; Relationship: Superset
Rationale: Semantic; Relationship: Intersects
Rationale: Semantic; Relationship: Intersects
Rationale: Semantic; Relationship: Superset
Rationale: Semantic; Relationship: Superset
Rationale: Semantic; Relationship: Superset
Rationale: Semantic; Relationship: Superset
Rationale: Semantic; Relationship: Superset",,,ASIC-GP04.IN,Rationale: Semantic; Relationship: Superset,,,"JFSA-41
JFSA-45","Rationale: Semantic; Relationship: Superset; Alignment Strength: 9
Rationale: Functional; Relationship: Superset; Alignment Strength: 6",15.5,Rationale: Semantic; Relationship: Intersects,NAIC-IDSML-05,Rationale: Semantic; Relationship: Superset
EX.DD-02.02,143.291,EXTEND,Procurement Planning and Due Diligence,Prospective Third Party Due Diligence,10.0,"Tier: 1
Tier: 2
Tier: 3
Tier: 4","EX.DD-02.02: The organization reviews and evaluates the proposed business arrangement, to include the proposed fee structures, incentives, and penalties, proposed staff resources, viability of proposed approaches, and business terms, to ensure that products or services are being obtained at competitive and reasonable costs and terms.",GV.SC-06,,"#contract_management
#staffing_and_resource_management
#vendor_management",,,,,,,,,APRA CPG 234-19,Rationale: Semantic; Relationship: Superset; Alignment Strength: 7; Functional Coverage Strength: 10,,,,,,,,,,,DORA-28-04,Rationale: Semantic; Relationship: Subset; Alignment Strength: 8,,,,,,,143.291,Level: Ds,"FFIEC-DAM-12.04
FFIEC-DAM-12.05","Rationale: Semantic; Relationship: Superset
Rationale: Semantic; Relationship: Superset",SR-06,Rationale: Semantic; Relationship: Superset; Alignment Strength: 9,ASIC-GP04.TP,Rationale: Semantic; Relationship: Superset,,,JFSA-41,Rationale: Semantic; Relationship: Superset; Alignment Strength: 9,,,,
EX.DD-02.03,143.292,EXTEND,Procurement Planning and Due Diligence,Prospective Third Party Due Diligence,10.0,"Tier: 1
Tier: 2
Tier: 3
Tier: 4","EX.DD-02.03: The organization reviews and evaluates documentation, such as financial statements, independent audit reports, pooled/shared assessments, control test reports, SEC filings, and past and pending litigation, to the extent required to determine a prospective critical third party's soundness as a business and the quality and sustainability of its internal controls.",GV.SC-06,,"#due_diligence
#supply_chain_management
#third_party_risk_management
#vendor_management",APRA CPS 234-28,Rationale: Semantic; Relationship: Superset; Alignment Strength: 7,"OSFI CSSA-82
OSFI CSSA-83
OSFI CSSA-85","Rationale: Functional; Relationship: Superset; Alignment Strength: 7
Rationale: Functional; Relationship: Intersects; Alignment Strength: 8
Rationale: Functional; Relationship: Subset; Alignment Strength: 9",,,,,APRA CPG 234-19,Rationale: Semantic; Relationship: Superset; Alignment Strength: 8; Functional Coverage Strength: 10,,,,,FFIEC-AIO-07.04,Rationale: Semantic; Relationship: Superset; Alignment Strength: 7,FFIEC-BCM-03.03,Rationale: Functional; Relationship: Intersects; Alignment Strength: 5,,,"DORA-28-04
DORA-29-02","Rationale: Semantic; Relationship: Subset; Alignment Strength: 8
Rationale: Semantic; Relationship: Intersects; Alignment Strength: 5",,,,,D4.RM.Dd.B.1,Level: Baseline; Type: Full Summarily,143.292,Level: Ds,FFIEC-DAM-12.05,Rationale: Semantic; Relationship: Superset,SR-05,Rationale: Semantic; Relationship: Superset; Alignment Strength: 9,,,,,"JFSA-41
JFSA-45","Rationale: Semantic; Relationship: Superset; Alignment Strength: 9
Rationale: Functional; Relationship: Intersects; Alignment Strength: 4",15.5,Rationale: Semantic; Relationship: Superset,NAIC-IDSML-05,Rationale: Semantic; Relationship: Superset
EX.DD-02.04,143.293,EXTEND,Procurement Planning and Due Diligence,Prospective Third Party Due Diligence,10.0,"Tier: 1
Tier: 2
Tier: 3
Tier: 4","EX.DD-02.04: The organization reviews and assesses the prospective third party's controls for managing its suppliers and subcontractors (fourth and nth parties), any proposed role fourth and nth parties will play in delivering the products or services, and any specific fourth- and nth-party controls or alternative arrangements the organization may require to protect its interests.",GV.SC-06,,"#due_diligence
#review_assessment_and_testing
#supply_chain_management
#third_party_risk_management",APRA CPS 234-16,Rationale: Semantic; Relationship: Superset; Alignment Strength: 9,OSFI CSSA-82,Rationale: Functional; Relationship: Superset; Alignment Strength: 7,,,,,APRA CPG 234-18,Rationale: Semantic; Relationship: Superset; Alignment Strength: 9; Functional Coverage Strength: 9,,,2.3.2.2.73,Level: Advancing,,,,,,,"DORA-28-04
DORA-28-05
DORA-29-02","Rationale: Semantic; Relationship: Subset; Alignment Strength: 8
Rationale: Semantic; Relationship: Subset; Alignment Strength: 7
Rationale: Semantic; Relationship: Subset; Alignment Strength: 9",,,,,D4.RM.Dd.Int.1,Level: Intermediate; Type: Full Summarily,143.293,Level: Ds,"FFIEC-DAM-09.01
FFIEC-DAM-09.02
FFIEC-DAM-12.05","Rationale: Semantic; Relationship: Intersects
Rationale: Semantic; Relationship: Intersects
Rationale: Semantic; Relationship: Superset","SR-05
SR-06","Rationale: Semantic; Relationship: Superset; Alignment Strength: 9
Rationale: Semantic; Relationship: Superset; Alignment Strength: 9",ASIC-GP04.TP,Rationale: Semantic; Relationship: Superset,,,JFSA-43,Rationale: Semantic; Relationship: Superset; Alignment Strength: 7,15.5,Rationale: Semantic; Relationship: Superset,NAIC-IDSML-05,Rationale: Semantic; Relationship: Superset
EX.DD-03.01,144.294,EXTEND,Procurement Planning and Due Diligence,Technology & Cybersecurity Risk Assessment,10.0,"Tier: 1
Tier: 2
Tier: 3
Tier: 4","EX.DD-03.01: The organization reviews, evaluates, and risk assesses a prospective critical third party's cybersecurity program, including its ability to identify, assess, monitor, and mitigate its cyber risks; the completeness of its policies and procedures; the strength of its technical and administrative controls; and the coverage of its internal and independent control testing programs.",ID.RA-10,,"#due_diligence
#review_assessment_and_testing
#supply_chain_management
#third_party_risk_management","APRA CPS 234-16
APRA CPS 234-22
APRA CPS 234-28
APRA CPS 234-32","Rationale: Semantic; Relationship: Superset; Alignment Strength: 9
Rationale: Semantic; Relationship: Superset; Alignment Strength: 8
Rationale: Semantic; Relationship: Superset; Alignment Strength: 9
Rationale: Semantic; Relationship: Intersects; Alignment Strength: 7","OSFI CSSA-82
OSFI CSSA-83","Rationale: Functional; Relationship: Superset; Alignment Strength: 8
Rationale: Functional; Relationship: Superset; Alignment Strength: 9",,,,,"APRA CPG 234-17
APRA CPG 234-18
APRA CPG 234-21
APRA CPG 234-36
APRA CPG 234-63
APRA CPG 234-64","Rationale: Semantic; Relationship: Intersects; Alignment Strength: 9; Functional Coverage Strength: 9
Rationale: Semantic; Relationship: Superset; Alignment Strength: 9; Functional Coverage Strength: 9
Rationale: Semantic; Relationship: Intersects; Alignment Strength: 8; Functional Coverage Strength: 10
Rationale: Semantic; Relationship: Superset; Alignment Strength: 9; Functional Coverage Strength: 10
Rationale: Semantic; Relationship: Intersects; Alignment Strength: 8; Functional Coverage Strength: 10
Rationale: Semantic; Relationship: Intersects; Alignment Strength: 8; Functional Coverage Strength: 10","NYDFS-26
NYDFS-27","Rationale: Semantic; Relationship: Superset; Alignment Strength: 7
Rationale: Semantic; Relationship: Intersects; Alignment Strength: 7","2.3.2.2.70
2.3.2.2.74","Level: Evolving
Level: Advancing","FFIEC-AIO-07.03
FFIEC-AIO-07.04","Rationale: Functional; Relationship: Superset; Alignment Strength: 4
Rationale: Semantic; Relationship: Superset; Alignment Strength: 7",FFIEC-BCM-08.02,Rationale: Functional; Relationship: Intersects; Alignment Strength: 6,,,DORA-28-05,Rationale: Semantic; Relationship: Subset; Alignment Strength: 9,SEC-12.II.C.1.a,Rationale: Semantic; Relationship: Superset; Alignment Strength: 7,"TR-3.4.2
TR-5.3.2","Type: Full Summarily
Type: Full Summarily","D4.RM.Dd.B.1
D4.RM.Dd.E.1","Level: Baseline; Type: Full Summarily
Level: Evolving; Type: Full Summarily",144.294,Level: Ds,,,"SR-03
SR-06","Rationale: Semantic; Relationship: Superset; Alignment Strength: 9
Rationale: Semantic; Relationship: Superset; Alignment Strength: 9","ASIC-GP04.IN
ASIC-GP04.TP","Rationale: Semantic; Relationship: Superset
Rationale: Semantic; Relationship: Superset",EBA-08,Rationale: Functional; Relationship: Intersects; Alignment Strength: 6,,,"15.5
16.5","Rationale: Semantic; Relationship: Superset
Rationale: Semantic; Relationship: Intersects",NAIC-IDSML-05,Rationale: Semantic; Relationship: Superset
EX.DD-03.02,144.295,EXTEND,Procurement Planning and Due Diligence,Technology & Cybersecurity Risk Assessment,10.0,"Tier: 1
Tier: 2
Tier: 3
Tier: 4","EX.DD-03.02: The organization reviews, evaluates, and risk assesses a prospective critical third party's business continuity program, to include business impact analyses, risk assessments, continuity plans, disaster recovery plans, technology resilience architecture, and response and recovery plans, test plans, and test results.",ID.RA-10,,"#business_impact_analysis
#critical_infrastructure
#disaster_recovery
#due_diligence
#resilience
#review_assessment_and_testing
#supply_chain_management
#third_party_risk_management",,,"OSFI CSSA-82
OSFI CSSA-83","Rationale: Functional; Relationship: Superset; Alignment Strength: 7
Rationale: Functional; Relationship: Superset; Alignment Strength: 8",,,,,,,,,2.3.2.2.74,Level: Advancing,"FFIEC-AIO-07.04
FFIEC-AIO-13.07","Rationale: Semantic; Relationship: Superset; Alignment Strength: 7
Rationale: Semantic; Relationship: Superset; Alignment Strength: 3","FFIEC-BCM-06.05
FFIEC-BCM-08.02
FFIEC-BCM-10.21","Rationale: Semantic; Relationship: Subset; Alignment Strength: 9
Rationale: Functional; Relationship: Intersects; Alignment Strength: 5
Rationale: Semantic; Relationship: Subset; Alignment Strength: 9",,,DORA-28-05,Rationale: Semantic; Relationship: Subset; Alignment Strength: 9,,,"TR-3.4.2
TR-8.3.4","Type: Full Summarily
Type: Full Summarily",D4.RM.Dd.E.1,Level: Evolving; Type: Full Summarily,144.295,Level: Ds,,,"SR-03
SR-06","Rationale: Semantic; Relationship: Superset; Alignment Strength: 9
Rationale: Semantic; Relationship: Superset; Alignment Strength: 9",,,"EBA-78
EBA-86","Rationale: Functional; Relationship: Intersects; Alignment Strength: 5
Rationale: Functional; Relationship: Intersects; Alignment Strength: 6",,,15.5,Rationale: Semantic; Relationship: Superset,NAIC-IDSML-05,Rationale: Semantic; Relationship: Superset
EX.DD-03.03,144.296,EXTEND,Procurement Planning and Due Diligence,Technology & Cybersecurity Risk Assessment,10.0,"Tier: 1
Tier: 2
Tier: 3
Tier: 4","EX.DD-03.03: The organization reviews, evaluates, and risk assesses a prospective critical third party's incident response program, to include monitoring and alerting capabilities, incident reporting procedures and protocols, and capabilities for event analysis, problem resolution, and forensic investigation.",ID.RA-10,,"#business_impact_analysis
#critical_infrastructure
#due_diligence
#incident_management
#resilience
#review_assessment_and_testing
#supply_chain_management
#third_party_risk_management",APRA CPS 234-16,Rationale: Semantic; Relationship: Superset; Alignment Strength: 9,"OSFI CSSA-83
OSFI CSSA-86","Rationale: Functional; Relationship: Superset; Alignment Strength: 8
Rationale: Functional; Relationship: Intersects; Alignment Strength: 9",,,,,,,,,,,,,FFIEC-BCM-06.05,Rationale: Functional; Relationship: Intersects; Alignment Strength: 7,,,DORA-28-05,Rationale: Semantic; Relationship: Subset; Alignment Strength: 9,,,TR-3.4.2,Type: Full Summarily,D4.RM.Dd.E.1,Level: Evolving; Type: Full Summarily,144.296,Level: Ds,,,"SR-03
SR-06","Rationale: Semantic; Relationship: Superset; Alignment Strength: 9
Rationale: Semantic; Relationship: Superset; Alignment Strength: 9",ASIC-GP04.TP,Rationale: Semantic; Relationship: Intersects,EBA-78,Rationale: Functional; Relationship: Intersects; Alignment Strength: 5,,,15.5,Rationale: Semantic; Relationship: Superset,NAIC-IDSML-05,Rationale: Semantic; Relationship: Superset
EX.DD-04.01,145.297,EXTEND,Procurement Planning and Due Diligence,Product & Service Due Diligence,10.0,"Tier: 1
Tier: 2","EX.DD-04.01: The organization defines and implements procedures for assessing the compatibility, security, integrity, and authenticity of externally-developed or externally-sourced applications, software, software components, and firmware before deployment and upon any major change.",ID.RA-09,,"#application_security
#asset_management
#infrastructure_security
#review_assessment_and_testing
#secure_system_development
#security_baselines",,,"OSFI CSSA-36
OSFI CSSA-64","Rationale: Functional; Relationship: Intersects; Alignment Strength: 8
Rationale: Functional; Relationship: Intersects; Alignment Strength: 9",,,,,"APRA CPG 234-35
APRA CPG 234-48
APRA CPG 234-61
APRA CPG 234-63","Rationale: Semantic; Relationship: Superset; Alignment Strength: 9; Functional Coverage Strength: 10
Rationale: Semantic; Relationship: Superset; Alignment Strength: 7; Functional Coverage Strength: 10
Rationale: Semantic; Relationship: Intersects; Alignment Strength: 8; Functional Coverage Strength: 10
Rationale: Semantic; Relationship: Intersects; Alignment Strength: 9; Functional Coverage Strength: 10",NYDFS-20,Rationale: Semantic; Relationship: Intersects; Alignment Strength: 8,"2.3.2.1.4
2.3.2.1.7","Level: Evolving
Level: Advancing","FFIEC-AIO-03.09
FFIEC-AIO-13.05
FFIEC-AIO-13.07","Rationale: Semantic; Relationship: Superset; Alignment Strength: 7
Rationale: Semantic; Relationship: Superset; Alignment Strength: 7
Rationale: Semantic; Relationship: Superset; Alignment Strength: 3",,,"OSFI B-13-16
OSFI B-13-17
OSFI B-13-47
OSFI B-13-48","Rationale: Semantic; Relationship: Intersects; Alignment Strength: 8
Rationale: Semantic; Relationship: Intersects; Alignment Strength: 9
Rationale: Semantic; Relationship: Intersects; Alignment Strength: 8
Rationale: Semantic; Relationship: Intersects; Alignment Strength: 7",,,,,"TR-5.3.3
TR-5.7.1
TR-6.1.3
TR-6.1.4
TR-6.1.6
TR-6.5.3
TR-A.1","Type: Full
Type: Full Summarily
Type: Full
Type: Full Summarily
Type: Full Summarily
Type: Full Summarily
Type: Full Summarily","D1.G.IT.A.1
D1.G.IT.E.2
D4.RM.Dd.E.1","Level: Advanced; Type: Full Summarily
Level: Evolving; Type: Full Summarily
Level: Evolving; Type: Full Summarily",145.297,Level: Ds,"FFIEC-DAM-04.01
FFIEC-DAM-09.02
FFIEC-DAM-10.01
FFIEC-DAM-12.01
FFIEC-DAM-12.02
FFIEC-DAM-12.03
FFIEC-DAM-13.04","Rationale: Semantic; Relationship: Intersects
Rationale: Semantic; Relationship: Intersects
Rationale: Semantic; Relationship: Intersects
Rationale: Semantic; Relationship: Intersects
Rationale: Semantic; Relationship: Intersects
Rationale: Semantic; Relationship: Intersects
Rationale: Semantic; Relationship: Intersects","SA-17
SI-07
SR-03
SR-04
SR-05
SR-06
SR-09
SR-10
SR-11","Rationale: Semantic; Relationship: Intersects; Alignment Strength: 7
Rationale: Semantic; Relationship: Intersects; Alignment Strength: 9
Rationale: Semantic; Relationship: Superset; Alignment Strength: 9
Rationale: Semantic; Relationship: Subset; Alignment Strength: 7
Rationale: Semantic; Relationship: Superset; Alignment Strength: 9
Rationale: Semantic; Relationship: Superset; Alignment Strength: 9
Rationale: Semantic; Relationship: Subset; Alignment Strength: 7
Rationale: Semantic; Relationship: Subset; Alignment Strength: 8
Rationale: Semantic; Relationship: Intersects; Alignment Strength: 9",,,"EBA-67
EBA-68
EBA-69
EBA-74","Rationale: Semantic; Relationship: Intersects; Alignment Strength: 7
Rationale: Semantic; Relationship: Intersects; Alignment Strength: 7
Rationale: Semantic; Relationship: Intersects; Alignment Strength: 7
Rationale: Semantic; Relationship: Intersects; Alignment Strength: 7",,,"15.5
16.1
16.11
16.4
16.5","Rationale: Semantic; Relationship: Superset
Rationale: Semantic; Relationship: Intersects
Rationale: Semantic; Relationship: Intersects
Rationale: Semantic; Relationship: Intersects
Rationale: Semantic; Relationship: Intersects",,
EX.DD-04.02,145.298,EXTEND,Procurement Planning and Due Diligence,Product & Service Due Diligence,10.0,"Tier: 1
Tier: 2
Tier: 3
Tier: 4","EX.DD-04.02: The organization reviews and evaluates any technologies or information systems proposed to support a third party's services or activities, to include compatibility with the organization's technology and cybersecurity architectures, interactions and interfaces with existing systems, security controls, operational management and support requirements, and suitability to the task.",ID.RA-09,,"#application_security
#architecture
#asset_management
#infrastructure_security
#review_assessment_and_testing
#secure_system_development
#security_baselines","APRA CPS 234-16
APRA CPS 234-32","Rationale: Semantic; Relationship: Superset; Alignment Strength: 9
Rationale: Semantic; Relationship: Superset; Alignment Strength: 6",,,,,,,,,,,,,"FFIEC-AIO-12.04
FFIEC-AIO-13.05
FFIEC-AIO-13.07","Rationale: Semantic; Relationship: Superset; Alignment Strength: 4
Rationale: Semantic; Relationship: Superset; Alignment Strength: 7
Rationale: Semantic; Relationship: Superset; Alignment Strength: 3",,,"OSFI B-13-14
OSFI B-13-17","Rationale: Semantic; Relationship: Intersects; Alignment Strength: 9
Rationale: Semantic; Relationship: Intersects; Alignment Strength: 9",,,,,"TR-6.4.2
TR-6.4.3","Type: Full Summarily
Type: Full Summarily",D4.C.Co.A.1,Level: Advanced; Type: Full Summarily,145.298,Level: Ds,"FFIEC-DAM-12.01
FFIEC-DAM-12.02","Rationale: Semantic; Relationship: Intersects
Rationale: Semantic; Relationship: Intersects","SA-17
SR-03
SR-05
SR-06","Rationale: Semantic; Relationship: Intersects; Alignment Strength: 7
Rationale: Semantic; Relationship: Superset; Alignment Strength: 9
Rationale: Semantic; Relationship: Superset; Alignment Strength: 9
Rationale: Semantic; Relationship: Superset; Alignment Strength: 9",,,EBA-55,Rationale: Functional; Relationship: Intersects; Alignment Strength: 6,,,"15.5
16.1","Rationale: Semantic; Relationship: Intersects
Rationale: Semantic; Relationship: Intersects",,
EX.CN-01.01,147.299,EXTEND,Third-Party Contracts and Agreements,Contract General Requirements,10.0,"Tier: 1
Tier: 2
Tier: 3
Tier: 4","EX.CN-01.01: Contracts with suppliers clearly detail the general terms, nature, and scope of the arrangement, to include the distribution of responsibilities between the parties; costs, compensation, reimbursements, incentives, and penalties; service level agreements, performance measures, and benchmarks; responsibilities for providing, receiving, and retaining information; recourse provisions; and the organization's rights to review, monitor, and audit the supplier's activities.",GV.SC-05,,"#contract_management
#information_sharing
#review_assessment_and_testing
#security_logging_monitoring_and_alerting
#staffing_and_resource_management
#supply_chain_management
#third_party_risk_management
#vendor_management",,,OSFI CSSA-15,Rationale: Functional; Relationship: Intersects; Alignment Strength: 8,HK-SFC-2.10,Rationale: Functional; Relationship: Superset,,,APRA CPG 234-19,Rationale: Semantic; Relationship: Superset; Alignment Strength: 9; Functional Coverage Strength: 10,NYDFS-26,Rationale: Semantic; Relationship: Superset; Alignment Strength: 5,,,"FFIEC-AIO-13.07
FFIEC-AIO-16.01
FFIEC-AIO-17.01","Rationale: Semantic; Relationship: Intersects; Alignment Strength: 4
Rationale: Semantic; Relationship: Superset; Alignment Strength: 5
Rationale: Semantic; Relationship: Superset; Alignment Strength: 6",,,,,"DORA-26-04
DORA-28-06
DORA-28-07
DORA-30-01
DORA-30-02
DORA-30-03","Rationale: Semantic; Relationship: Intersects; Alignment Strength: 5
Rationale: Semantic; Relationship: Subset; Alignment Strength: 8
Rationale: Semantic; Relationship: Subset; Alignment Strength: 8
Rationale: Semantic; Relationship: Superset; Alignment Strength: 9
Rationale: Semantic; Relationship: Superset; Alignment Strength: 9
Rationale: Semantic; Relationship: Intersects; Alignment Strength: 9",,,,,D4.RM.Co.B.4,Level: Baseline; Type: Full,147.299,Level: Ds,"FFIEC-DAM-12.01
FFIEC-DAM-12.05","Rationale: Semantic; Relationship: Superset
Rationale: Semantic; Relationship: Superset","SA-04
SR-05","Rationale: Semantic; Relationship: Superset; Alignment Strength: 8
Rationale: Semantic; Relationship: Superset; Alignment Strength: 9",ASIC-GP04.TP,Rationale: Semantic; Relationship: Equal,EBA-08,Rationale: Semantic; Relationship: Superset; Alignment Strength: 8,"JFSA-42
JFSA-44
JFSA-45","Rationale: Semantic; Relationship: Superset; Alignment Strength: 8
Rationale: Semantic; Relationship: Superset; Alignment Strength: 7
Rationale: Functional; Relationship: Superset; Alignment Strength: 6",,,,
EX.CN-01.02,147.3,EXTEND,Third-Party Contracts and Agreements,Contract General Requirements,10.0,"Tier: 1
Tier: 2
Tier: 3
Tier: 4","EX.CN-01.02: Contracts with suppliers address, as relevant to the product or service, the supplier's requirements for managing its own suppliers and partners (fourth parties) and the risks those fourth parties may pose to the third party and to the organization, to include fourth party due diligence, limitations on activities or geography, monitoring, notifications, liability and indemnifications, etc.",GV.SC-05,,"#contract_management
#due_diligence
#fourth_party
#information_sharing
#review_assessment_and_testing
#risk_management
#supply_chain_management
#third_party_risk_management","APRA CPS 234-16
APRA CPS 234-28","Rationale: Semantic; Relationship: Superset; Alignment Strength: 9
Rationale: Semantic; Relationship: Superset; Alignment Strength: 8",,,HK-SFC-2.10,Rationale: Functional; Relationship: Superset,,,APRA CPG 234-64,Rationale: Semantic; Relationship: Intersects; Alignment Strength: 8; Functional Coverage Strength: 10,,,,,"FFIEC-AIO-07.02
FFIEC-AIO-13.07","Rationale: Semantic; Relationship: Superset; Alignment Strength: 6
Rationale: Semantic; Relationship: Superset; Alignment Strength: 8",,,,,"DORA-28-04
DORA-29-02
DORA-30-02
DORA-30-03","Rationale: Semantic; Relationship: Intersects; Alignment Strength: 7
Rationale: Semantic; Relationship: Subset; Alignment Strength: 9
Rationale: Semantic; Relationship: Superset; Alignment Strength: 8
Rationale: Semantic; Relationship: Intersects; Alignment Strength: 7",,,,,,,147.300,Level: Ds,"FFIEC-DAM-12.01
FFIEC-DAM-12.05","Rationale: Semantic; Relationship: Superset
Rationale: Semantic; Relationship: Superset","SA-04
SR-05","Rationale: Semantic; Relationship: Superset; Alignment Strength: 8
Rationale: Semantic; Relationship: Superset; Alignment Strength: 9",ASIC-GP04.TP,Rationale: Semantic; Relationship: Subset,,,JFSA-42,Rationale: Semantic; Relationship: Superset; Alignment Strength: 8,,,,
EX.CN-01.03,147.301,EXTEND,Third-Party Contracts and Agreements,Contract General Requirements,10.0,"Tier: 1
Tier: 2
Tier: 3
Tier: 4","EX.CN-01.03: Contracts with suppliers address, as relevant to the product or service, the implications of foreign-based third or fourth parties, to include the relevance of local laws and regulations, access to facilities and data, limitations on cross-border data transfer, and language and time zone management.",GV.SC-05,,"#compliance
#contract_management
#data_protection
#fourth_party
#supply_chain_management
#third_party_risk_management
#vendor_management",,,,,HK-SFC-2.10,Rationale: Functional; Relationship: Superset,,,,,,,,,,,,,,,"DORA-29-02
DORA-30-02
DORA-30-03","Rationale: Semantic; Relationship: Subset; Alignment Strength: 9
Rationale: Semantic; Relationship: Superset; Alignment Strength: 8
Rationale: Semantic; Relationship: Intersects; Alignment Strength: 7",,,,,D4.RM.Co.E.3,Level: Evolving; Type: Full Summarily,147.301,Level: Ds,"FFIEC-DAM-12.01
FFIEC-DAM-12.05","Rationale: Semantic; Relationship: Superset
Rationale: Semantic; Relationship: Superset","CM-12
SA-04
SR-05","Rationale: Semantic; Relationship: Intersects; Alignment Strength: 8
Rationale: Semantic; Relationship: Superset; Alignment Strength: 8
Rationale: Semantic; Relationship: Superset; Alignment Strength: 9",,,,,JFSA-42,Rationale: Semantic; Relationship: Superset; Alignment Strength: 8,,,,
EX.CN-02.01,148.302,EXTEND,Third-Party Contracts and Agreements,Contract Cybersecurity-Related Requirements,10.0,"Tier: 1
Tier: 2
Tier: 3
Tier: 4","EX.CN-02.01: The organization's contracts require third-parties to implement minimum technology and cybersecurity management requirements, to maintain those practices for the life of the relationship, and to provide evidence of compliance on an ongoing basis.",GV.SC-05,,"#compliance
#contract_management
#due_diligence
#infrastructure_protection
#supply_chain_management
#third_party_risk_management
#vendor_management
#vulnerability_management","APRA CPS 234-16
APRA CPS 234-21","Rationale: Semantic; Relationship: Superset; Alignment Strength: 9
Rationale: Semantic; Relationship: Superset; Alignment Strength: 7",OSFI CSSA-15,Rationale: Functional; Relationship: Subset; Alignment Strength: 8,HK-SFC-2.10,Rationale: Functional; Relationship: Superset,,,"APRA CPG 234-19
APRA CPG 234-65","Rationale: Semantic; Relationship: Superset; Alignment Strength: 8; Functional Coverage Strength: 10
Rationale: Semantic; Relationship: Superset; Alignment Strength: 8; Functional Coverage Strength: 10","NYDFS-25
NYDFS-26
NYDFS-27","Rationale: Semantic; Relationship: Intersects; Alignment Strength: 8
Rationale: Semantic; Relationship: Superset; Alignment Strength: 7
Rationale: Semantic; Relationship: Superset; Alignment Strength: 7",,,FFIEC-AIO-13.07,Rationale: Semantic; Relationship: Superset; Alignment Strength: 8,FFIEC-BCM-08.02,Rationale: Functional; Relationship: Intersects; Alignment Strength: 4,,,"DORA-26-03
DORA-28-05
DORA-30-02
DORA-30-03","Rationale: Semantic; Relationship: Intersects; Alignment Strength: 3
Rationale: Semantic; Relationship: Intersects; Alignment Strength: 8
Rationale: Semantic; Relationship: Superset; Alignment Strength: 7
Rationale: Semantic; Relationship: Intersects; Alignment Strength: 8",,,,,"D4.RM.Co.A.1
D4.RM.Co.B.1
D4.RM.Co.B.2
D4.RM.Co.B.3","Level: Advanced; Type: Full
Level: Baseline; Type: Full
Level: Baseline; Type: Full Summarily
Level: Baseline; Type: Full",148.302,Level: Ds,FFIEC-DAM-12.05,Rationale: Semantic; Relationship: Superset,"SA-04
SR-05","Rationale: Semantic; Relationship: Superset; Alignment Strength: 8
Rationale: Semantic; Relationship: Superset; Alignment Strength: 9",ASIC-GP04.TP,Rationale: Semantic; Relationship: Equal,EBA-08,Rationale: Semantic; Relationship: Superset; Alignment Strength: 9,JFSA-42,Rationale: Semantic; Relationship: Superset; Alignment Strength: 8,15.4,Rationale: Semantic; Relationship: Superset,NAIC-IDSML-05,Rationale: Semantic; Relationship: Superset
EX.CN-02.02,148.303,EXTEND,Third-Party Contracts and Agreements,Contract Cybersecurity-Related Requirements,10.0,"Tier: 1
Tier: 2
Tier: 3
Tier: 4","EX.CN-02.02: Minimum cybersecurity requirements for third-parties include requirements for incident and vulnerability notification, to include the types of events requiring notification, notification timeframes, and escalation protocols.",GV.SC-05,,"#contract_management
#due_diligence
#information_sharing
#infrastructure_protection
#supply_chain_management
#third_party_risk_management
#vendor_management
#vulnerability_management","APRA CPS 234-16
APRA CPS 234-21","Rationale: Semantic; Relationship: Superset; Alignment Strength: 9
Rationale: Semantic; Relationship: Superset; Alignment Strength: 7","OSFI CSSA-15
OSFI CSSA-86","Rationale: Functional; Relationship: Superset; Alignment Strength: 7
Rationale: Functional; Relationship: Intersects; Alignment Strength: 9",HK-SFC-2.10,Rationale: Functional; Relationship: Superset,,,,,"NYDFS-13
NYDFS-27","Rationale: Semantic; Relationship: Intersects; Alignment Strength: 5
Rationale: Semantic; Relationship: Superset; Alignment Strength: 7",2.5.2.3.34,Level: Evolving,,,,,,,DORA-30-03,Rationale: Semantic; Relationship: Intersects; Alignment Strength: 8,SEC-12.II.C.1.a,Rationale: Semantic; Relationship: Superset; Alignment Strength: 7,,,"D4.RM.Co.B.5
D4.RM.Co.E.2
D4.RM.Co.Int.1","Level: Baseline; Type: Full Summarily
Level: Evolving; Type: Full
Level: Intermediate; Type: Full",148.303,Level: Ds,FFIEC-DAM-12.05,Rationale: Semantic; Relationship: Superset,"IR-06
SI-05
SR-08","Rationale: Semantic; Relationship: Intersects; Alignment Strength: 9
Rationale: Semantic; Relationship: Intersects; Alignment Strength: 8
Rationale: Semantic; Relationship: Subset; Alignment Strength: 9",ASIC-GP04.TP,Rationale: Semantic; Relationship: Superset,EBA-08,Rationale: Semantic; Relationship: Superset; Alignment Strength: 8,,,"15.4
16.2","Rationale: Semantic; Relationship: Superset
Rationale: Semantic; Relationship: Intersects","NAIC-IDSML-05
NAIC-IDSML-11
NAIC-IDSML-16","Rationale: Semantic; Relationship: Superset
Rationale: Semantic; Relationship: Intersects
Rationale: Semantic; Relationship: Intersects"
EX.CN-02.03,148.304,EXTEND,Third-Party Contracts and Agreements,Contract Cybersecurity-Related Requirements,10.0,"Tier: 1
Tier: 2
Tier: 3
Tier: 4","EX.CN-02.03: Contracts with suppliers address, as relevant to the product or service, the supplier's obligation to maintain and regularly test a business continuity program and disaster recovery capability the meets the defined resilience requirements of the organization.",GV.SC-05,,"#contract_management
#data_backup
#disaster_recovery
#due_diligence
#resilience
#supply_chain_management
#third_party_risk_management
#vendor_management",APRA CPS 234-21,Rationale: Semantic; Relationship: Superset; Alignment Strength: 7,OSFI CSSA-15,Rationale: Functional; Relationship: Superset; Alignment Strength: 7,HK-SFC-2.10,Rationale: Functional; Relationship: Superset,,,APRA CPG 234-65,Rationale: Semantic; Relationship: Superset; Alignment Strength: 8; Functional Coverage Strength: 10,NYDFS-37,Rationale: Semantic; Relationship: Intersects; Alignment Strength: 5,,,FFIEC-AIO-08.02,Rationale: Semantic; Relationship: Superset; Alignment Strength: 8,"FFIEC-BCM-06.05
FFIEC-BCM-10.21","Rationale: Functional; Relationship: Intersects; Alignment Strength: 8
Rationale: Semantic; Relationship: Subset; Alignment Strength: 9",OSFI B-13-29,Rationale: Semantic; Relationship: Intersects; Alignment Strength: 8,"DORA-11-04
DORA-11-06
DORA-30-03","Rationale: Semantic; Relationship: Intersects; Alignment Strength: 9
Rationale: Semantic; Relationship: Intersects; Alignment Strength: 8
Rationale: Semantic; Relationship: Intersects; Alignment Strength: 9",,,,,,,148.304,Level: Ds,FFIEC-DAM-12.05,Rationale: Semantic; Relationship: Superset,CP-02,Rationale: Semantic; Relationship: Intersects; Alignment Strength: 9,,,"EBA-08
EBA-86","Rationale: Semantic; Relationship: Superset; Alignment Strength: 8
Rationale: Semantic; Relationship: Intersects; Alignment Strength: 9",,,15.4,Rationale: Semantic; Relationship: Superset,NAIC-IDSML-05,Rationale: Semantic; Relationship: Superset
EX.CN-02.04,148.305,EXTEND,Third-Party Contracts and Agreements,Contract Cybersecurity-Related Requirements,10.0,"Tier: 1
Tier: 2
Tier: 3
Tier: 4","EX.CN-02.04: Contracts with suppliers address, as relevant to the product or service, the supplier's obligation to regularly participate in joint and/or bilateral recovery exercises and tests, and to address significant issues identified through recovery testing.",GV.SC-05,,"#contract_management
#data_backup
#disaster_recovery
#due_diligence
#resilience
#supply_chain_management
#third_party_risk_management
#vendor_management",,,,,HK-SFC-2.10,Rationale: Functional; Relationship: Superset,,,"APRA CPG 234-65
APRA CPG 234-76","Rationale: Semantic; Relationship: Superset; Alignment Strength: 8; Functional Coverage Strength: 10
Rationale: Semantic; Relationship: Intersects; Alignment Strength: 8; Functional Coverage Strength: 10",,,2.6.2.37,Level: Innovating,,,"FFIEC-BCM-06.05
FFIEC-BCM-10.08
FFIEC-BCM-10.20
FFIEC-BCM-10.21","Rationale: Functional; Relationship: Intersects; Alignment Strength: 8
Rationale: Functional; Relationship: Intersects; Alignment Strength: 7
Rationale: Semantic; Relationship: Equal; Alignment Strength: 10
Rationale: Semantic; Relationship: Subset; Alignment Strength: 9",OSFI B-13-29,Rationale: Semantic; Relationship: Intersects; Alignment Strength: 8,"DORA-30-02
DORA-30-03","Rationale: Semantic; Relationship: Superset; Alignment Strength: 7
Rationale: Semantic; Relationship: Intersects; Alignment Strength: 8",,,,,,,148.305,Level: Ds,FFIEC-DAM-12.05,Rationale: Semantic; Relationship: Superset,CP-04,Rationale: Semantic; Relationship: Intersects; Alignment Strength: 9,,,,,,,15.4,Rationale: Semantic; Relationship: Superset,NAIC-IDSML-05,Rationale: Semantic; Relationship: Superset
EX.MM-01.01,150.306,EXTEND,Monitoring and Managing Suppliers,Ongoing Third-Party Monitoring,10.0,"Tier: 1
Tier: 2
Tier: 3
Tier: 4","EX.MM-01.01: The organization implements procedures, and allocates sufficient resources with the requisite knowledge and experience, to manage and monitor its third-party relationships to a degree and extent commensurate with the risk each third party poses to the organization and the criticality of the third party's products, services, and/or relationship to the organization.",GV.SC-07,,"#due_diligence
#policy_management
#staffing_and_resource_management
#supply_chain_management
#third_party_risk_management",APRA CPS 234-16,Rationale: Semantic; Relationship: Superset; Alignment Strength: 9,"OSFI CSSA-82
OSFI CSSA-85","Rationale: Functional; Relationship: Superset; Alignment Strength: 8
Rationale: Functional; Relationship: Subset; Alignment Strength: 8",,,ID.SC-1.TP,,"APRA CPG 234-18
APRA CPG 234-19","Rationale: Semantic; Relationship: Superset; Alignment Strength: 9; Functional Coverage Strength: 9
Rationale: Semantic; Relationship: Superset; Alignment Strength: 9; Functional Coverage Strength: 10","NYDFS-25
NYDFS-26","Rationale: Semantic; Relationship: Intersects; Alignment Strength: 7
Rationale: Semantic; Relationship: Superset; Alignment Strength: 7",,,"FFIEC-AIO-02.11
FFIEC-AIO-07.01","Rationale: Semantic; Relationship: Superset; Alignment Strength: 7
Rationale: Semantic; Relationship: Superset; Alignment Strength: 6",,,,,"DORA-05-03
DORA-28-02
DORA-28-06","Rationale: Semantic; Relationship: Subset; Alignment Strength: 9
Rationale: Semantic; Relationship: Superset; Alignment Strength: 8
Rationale: Semantic; Relationship: Subset; Alignment Strength: 8",SEC-12.II.C.1.a,Rationale: Semantic; Relationship: Superset; Alignment Strength: 7,TR-3.4.3,Type: Full Summarily,"D4.RM.Dd.A.2
D4.RM.Om.B.1
D4.RM.Om.B.2
D4.RM.Om.E.3
D4.RM.Om.E.4
D4.RM.Om.Int.2","Level: Advanced; Type: Full Summarily
Level: Baseline; Type: Full Summarily
Level: Baseline; Type: Full Summarily
Level: Evolving; Type: Full
Level: Evolving; Type: Partial
Level: Intermediate; Type: Full Summarily",150.306,Level: Ds,"FFIEC-DAM-02.03
FFIEC-DAM-04.05","Rationale: Semantic; Relationship: Intersects
Rationale: Semantic; Relationship: Intersects","SA-09
SR-03
SR-06","Rationale: Semantic; Relationship: Subset; Alignment Strength: 7
Rationale: Semantic; Relationship: Superset; Alignment Strength: 9
Rationale: Semantic; Relationship: Superset; Alignment Strength: 9","ASIC-GP04.PM
ASIC-GP04.TP","Rationale: Semantic; Relationship: Intersects
Rationale: Semantic; Relationship: Superset",EBA-09,Rationale: Semantic; Relationship: Superset; Alignment Strength: 8,"JFSA-43
JFSA-44
JFSA-45","Rationale: Semantic; Relationship: Superset; Alignment Strength: 6
Rationale: Semantic; Relationship: Superset; Alignment Strength: 7
Rationale: Functional; Relationship: Superset; Alignment Strength: 6",15.6,Rationale: Semantic; Relationship: Superset,"NAIC-IDSML-01
NAIC-IDSML-05","Rationale: Semantic; Relationship: Intersects
Rationale: Semantic; Relationship: Superset"
EX.MM-01.02,150.307,EXTEND,Monitoring and Managing Suppliers,Ongoing Third-Party Monitoring,10.0,"Tier: 1
Tier: 2","EX.MM-01.02: The organization regularly evaluates its third party relationships to determine if changes in the organization's circumstances, objectives, or third party use warrant a change in a third party's risk rating (e.g., a less critical third-party relationship evolves into being a critical relationship).",GV.SC-07,,"#continous_monitoring
#due_diligence
#supply_chain_management
#third_party_risk_management",APRA CPS 234-16,Rationale: Semantic; Relationship: Superset; Alignment Strength: 9,OSFI CSSA-82,Rationale: Functional; Relationship: Superset; Alignment Strength: 8,,,,,APRA CPG 234-18,Rationale: Semantic; Relationship: Intersects; Alignment Strength: 9; Functional Coverage Strength: 9,,,,,,,,,,,,,,,,,,,150.307,Level: Ds,FFIEC-DAM-09.02,Rationale: Semantic; Relationship: Intersects,"SR-03
SR-06","Rationale: Semantic; Relationship: Superset; Alignment Strength: 9
Rationale: Semantic; Relationship: Superset; Alignment Strength: 9",,,EBA-09,Rationale: Semantic; Relationship: Superset; Alignment Strength: 8,JFSA-43,Rationale: Semantic; Relationship: Superset; Alignment Strength: 7,"15.3
15.6","Rationale: Semantic; Relationship: Intersects
Rationale: Semantic; Relationship: Intersects",,
EX.MM-01.03,150.308,EXTEND,Monitoring and Managing Suppliers,Ongoing Third-Party Monitoring,10.0,"Tier: 1
Tier: 2
Tier: 3
Tier: 4","EX.MM-01.03: The organization monitors for and regularly evaluates changes in a critical third party's business posture that could pose adverse risk to the organization (e.g., financial condition, reputation, adverse news, compliance/regulatory issues, key personnel, business relationships, consumer complaints, etc.)",GV.SC-07,,"#continous_monitoring
#due_diligence
#supply_chain_management
#third_party_risk_management",APRA CPS 234-16,Rationale: Semantic; Relationship: Superset; Alignment Strength: 9,OSFI CSSA-82,Rationale: Functional; Relationship: Superset; Alignment Strength: 8,,,,,,,,,,,,,,,,,,,,,,,,,150.308,Level: Ds,,,,,,,EBA-09,Rationale: Semantic; Relationship: Superset; Alignment Strength: 8,"JFSA-44
JFSA-45","Rationale: Functional; Relationship: Intersects; Alignment Strength: 5
Rationale: Functional; Relationship: Superset; Alignment Strength: 6","15.3
15.6","Rationale: Semantic; Relationship: Intersects
Rationale: Semantic; Relationship: Superset",,
EX.MM-01.04,150.309,EXTEND,Monitoring and Managing Suppliers,Ongoing Third-Party Monitoring,10.0,"Tier: 1
Tier: 2
Tier: 3
Tier: 4","EX.MM-01.04: The organization regularly assesses critical third party adherence to service level agreements, product specifications, performance metrics, resource level/skill commitments, and quality expectations; addresses performance issues; and exercises contract penalties or credits as warranted.",GV.SC-07,,"#continous_monitoring
#contract_management
#critical_infrastructure
#due_diligence
#policy_management
#staffing_and_resource_management
#supply_chain_management
#third_party_risk_management",,,"OSFI CSSA-59
OSFI CSSA-82","Rationale: Functional; Relationship: Intersects; Alignment Strength: 7
Rationale: Functional; Relationship: Superset; Alignment Strength: 8",,,,,APRA CPG 234-21,Rationale: Semantic; Relationship: Intersects; Alignment Strength: 8; Functional Coverage Strength: 10,NYDFS-25,Rationale: Semantic; Relationship: Intersects; Alignment Strength: 7,,,"FFIEC-AIO-07.02
FFIEC-AIO-07.03
FFIEC-AIO-16.01
FFIEC-AIO-17.01","Rationale: Semantic; Relationship: Superset; Alignment Strength: 6
Rationale: Semantic; Relationship: Superset; Alignment Strength: 7
Rationale: Semantic; Relationship: Superset; Alignment Strength: 5
Rationale: Semantic; Relationship: Superset; Alignment Strength: 8",,,,,,,,,,,,,150.309,Level: Ds,FFIEC-DAM-09.02,Rationale: Semantic; Relationship: Intersects,"SA-09
SR-06","Rationale: Semantic; Relationship: Subset; Alignment Strength: 7
Rationale: Semantic; Relationship: Superset; Alignment Strength: 9",,,EBA-09,Rationale: Semantic; Relationship: Superset; Alignment Strength: 8,"JFSA-43
JFSA-45","Rationale: Semantic; Relationship: Superset; Alignment Strength: 7
Rationale: Functional; Relationship: Superset; Alignment Strength: 6",15.6,Rationale: Semantic; Relationship: Superset,,
EX.MM-01.05,150.31,EXTEND,Monitoring and Managing Suppliers,Ongoing Third-Party Monitoring,10.0,"Tier: 1
Tier: 2
Tier: 3","EX.MM-01.05: The organization regularly assesses a critical third party's program and ability to manage its own suppliers and partners (fourth and nth parties) and the risks those fourth and nth parties may pose to the third party and to the organization (e.g., cybersecurity supply chain risk, concentration risk, reputation risk, foreign-party risk, etc.)",GV.SC-07,,"#continous_monitoring
#due_diligence
#fourth_party
#supply_chain_management
#third_party_risk_management",,,OSFI CSSA-82,Rationale: Functional; Relationship: Superset; Alignment Strength: 8,,,,,APRA CPG 234-64,Rationale: Semantic; Relationship: Intersects; Alignment Strength: 8; Functional Coverage Strength: 10,,,2.3.2.2.73,Level: Advancing,,,,,,,DORA-29-02,Rationale: Semantic; Relationship: Subset; Alignment Strength: 9,,,,,D4.RM.Dd.Int.1,Level: Intermediate; Type: Full Summarily,150.310,Level: Ds,FFIEC-DAM-09.02,Rationale: Semantic; Relationship: Intersects,"SR-03
SR-06","Rationale: Semantic; Relationship: Superset; Alignment Strength: 9
Rationale: Semantic; Relationship: Superset; Alignment Strength: 9",ASIC-GP04.TP,Rationale: Semantic; Relationship: Superset,EBA-09,Rationale: Semantic; Relationship: Superset; Alignment Strength: 8,"JFSA-43
JFSA-45","Rationale: Semantic; Relationship: Superset; Alignment Strength: 6
Rationale: Functional; Relationship: Superset; Alignment Strength: 6",15.6,Rationale: Semantic; Relationship: Superset,NAIC-IDSML-05,Rationale: Semantic; Relationship: Superset
EX.MM-01.06,150.311,EXTEND,Monitoring and Managing Suppliers,Ongoing Third-Party Monitoring,10.0,"Tier: 1
Tier: 2
Tier: 3
Tier: 4","EX.MM-01.06: The organization regularly reviews the foreign-based operations and activities of a critical third party, or its critical fourth parties, to confirm contract controls are maintained and compliance requirements are managed.",GV.SC-07,,"#compliance
#continous_monitoring
#due_diligence
#fourth_party
#supply_chain_management
#third_party_risk_management",,,OSFI CSSA-83,Rationale: Functional; Relationship: Superset; Alignment Strength: 7,,,,,,,,,,,,,,,,,DORA-29-02,Rationale: Semantic; Relationship: Subset; Alignment Strength: 9,,,,,,,150.311,Level: Ds,FFIEC-DAM-09.02,Rationale: Semantic; Relationship: Intersects,SR-06,Rationale: Semantic; Relationship: Superset; Alignment Strength: 9,,,EBA-09,Rationale: Semantic; Relationship: Superset; Alignment Strength: 8,JFSA-43,Rationale: Semantic; Relationship: Superset; Alignment Strength: 6,15.6,Rationale: Semantic; Relationship: Superset,NAIC-IDSML-05,Rationale: Semantic; Relationship: Superset
EX.MM-02.01,151.312,EXTEND,Monitoring and Managing Suppliers,Ongoing Third-Party Management,10.0,"Tier: 1
Tier: 2
Tier: 3
Tier: 4",EX.MM-02.01: The organization conducts regular third-party reviews for critical vendors to validate that requisite security and contractual controls are in place and continue to be operating as expected.,GV.SC-07,,"#compliance
#continous_monitoring
#critical_infrastructure
#due_diligence
#supply_chain_management
#third_party_risk_management",APRA CPS 234-28,Rationale: Semantic; Relationship: Superset; Alignment Strength: 9,OSFI CSSA-83,Rationale: Functional; Relationship: Superset; Alignment Strength: 7,,,,,"APRA CPG 234-19
APRA CPG 234-42","Rationale: Semantic; Relationship: Superset; Alignment Strength: 8; Functional Coverage Strength: 10
Rationale: Semantic; Relationship: Superset; Alignment Strength: 7; Functional Coverage Strength: 10","NYDFS-26
NYDFS-27","Rationale: Semantic; Relationship: Superset; Alignment Strength: 8
Rationale: Semantic; Relationship: Intersects; Alignment Strength: 7",,,,,FFIEC-BCM-06.05,Rationale: Functional; Relationship: Intersects; Alignment Strength: 6,,,,,,,"TR-3.4.3
TR-5.3.2","Type: Full Summarily
Type: Full Summarily","D4.RM.Dd.A.2
D4.RM.Om.B.1
D4.RM.Om.B.2
D4.RM.Om.Int.2","Level: Advanced; Type: Full Summarily
Level: Baseline; Type: Full Summarily
Level: Baseline; Type: Full Summarily
Level: Intermediate; Type: Full Summarily",151.312,Level: Ds,"FFIEC-DAM-04.05
FFIEC-DAM-09.02","Rationale: Semantic; Relationship: Intersects
Rationale: Semantic; Relationship: Intersects","SR-03
SR-06","Rationale: Semantic; Relationship: Superset; Alignment Strength: 9
Rationale: Semantic; Relationship: Superset; Alignment Strength: 9",ASIC-GP04.TP,Rationale: Semantic; Relationship: Superset,EBA-09,Rationale: Semantic; Relationship: Superset; Alignment Strength: 8,,,15.4,Rationale: Semantic; Relationship: Superset,NAIC-IDSML-05,Rationale: Semantic; Relationship: Superset
EX.MM-02.02,151.313,EXTEND,Monitoring and Managing Suppliers,Ongoing Third-Party Management,10.0,"Tier: 1
Tier: 2
Tier: 3","EX.MM-02.02: A process is in place to confirm that the organization's critical third-party service providers maintain their business continuity programs, conduct regular resiliency testing, and participate in joint and/or bilateral recovery exercises and tests.",GV.SC-07,,"#compliance
#continous_monitoring
#critical_infrastructure
#due_diligence
#resilience
#supply_chain_management
#third_party_risk_management",APRA CPS 234-28,Rationale: Semantic; Relationship: Intersects; Alignment Strength: 7,,,,,,,"APRA CPG 234-76
APRA CPG 234-77","Rationale: Semantic; Relationship: Intersects; Alignment Strength: 7; Functional Coverage Strength: 10
Rationale: Semantic; Relationship: Intersects; Alignment Strength: 8; Functional Coverage Strength: 10","NYDFS-26
NYDFS-36
NYDFS-37","Rationale: Semantic; Relationship: Superset; Alignment Strength: 7
Rationale: Semantic; Relationship: Intersects; Alignment Strength: 5
Rationale: Semantic; Relationship: Intersects; Alignment Strength: 6",2.6.2.37,Level: Innovating,,,"FFIEC-BCM-06.05
FFIEC-BCM-10.08
FFIEC-BCM-10.21
FFIEC-BCM-10.22","Rationale: Semantic; Relationship: Subset; Alignment Strength: 8
Rationale: Functional; Relationship: Intersects; Alignment Strength: 7
Rationale: Semantic; Relationship: Subset; Alignment Strength: 9
Rationale: Functional; Relationship: Intersects; Alignment Strength: 6",OSFI B-13-30,Rationale: Semantic; Relationship: Intersects; Alignment Strength: 9,DORA-11-04,Rationale: Semantic; Relationship: Superset; Alignment Strength: 9,,,"TR-3.4.3
TR-8.3.4","Type: Full Summarily
Type: Full Summarily","D4.RM.Om.B.3
D5.IR.Te.B.2","Level: Baseline; Type: Full
Level: Baseline; Type: Full Summarily",151.313,Level: Ds,FFIEC-DAM-04.05,Rationale: Semantic; Relationship: Intersects,"CP-02
CP-04
SR-03
SR-06","Rationale: Semantic; Relationship: Intersects; Alignment Strength: 8
Rationale: Semantic; Relationship: Intersects; Alignment Strength: 9
Rationale: Semantic; Relationship: Superset; Alignment Strength: 9
Rationale: Semantic; Relationship: Superset; Alignment Strength: 9",ASIC-GP04.IN,Rationale: Semantic; Relationship: Intersects,"EBA-09
EBA-86","Rationale: Semantic; Relationship: Superset; Alignment Strength: 8
Rationale: Semantic; Relationship: Intersects; Alignment Strength: 9",,,15.4,Rationale: Semantic; Relationship: Superset,NAIC-IDSML-05,Rationale: Semantic; Relationship: Superset
EX.MM-02.03,151.314,EXTEND,Monitoring and Managing Suppliers,Ongoing Third-Party Management,10.0,"Tier: 1
Tier: 2
Tier: 3
Tier: 4","EX.MM-02.03: The organization collaborates with suppliers to maintain and improve the secure use of products, services, and external connections.",GV.SC-07,,"#endpoint_security
#infrastructure_protection
#security_logging_monitoring_and_alerting
#supply_chain_management
#third_party_risk_management",,,,,,,,,,,,,"2.1.2.1.16
2.1.2.2.43
2.1.2.2.44
2.1.2.2.46
2.3.2.1.9
2.3.2.2.75
2.5.2.1.16
2.5.2.1.18
2.5.2.3.35
2.5.2.4.53
2.5.2.4.54
2.7.2.2.15","Level: Innovating
Level: Innovating
Level: Innovating
Level: Innovating
Level: Innovating
Level: Innovating
Level: Advancing
Level: Innovating
Level: Advancing
Level: Innovating
Level: Innovating
Level: Evolving","FFIEC-AIO-17.03
FFIEC-AIO-17.04","Rationale: Semantic; Relationship: Subset; Alignment Strength: 6
Rationale: Semantic; Relationship: Subset; Alignment Strength: 6",,,,,,,,,,,"D4.C.Co.A.2
D4.C.Co.E.4","Level: Advanced; Type: Full
Level: Evolving; Type: Full Summarily",151.314,Level: Ds,"FFIEC-DAM-04.01
FFIEC-DAM-04.05
FFIEC-DAM-09.02
FFIEC-DAM-10.02
FFIEC-DAM-14.05","Rationale: Semantic; Relationship: Intersects
Rationale: Semantic; Relationship: Intersects
Rationale: Semantic; Relationship: Intersects
Rationale: Semantic; Relationship: Intersects
Rationale: Semantic; Relationship: Intersects","SA-09
SR-03
SR-06","Rationale: Semantic; Relationship: Subset; Alignment Strength: 7
Rationale: Semantic; Relationship: Superset; Alignment Strength: 9
Rationale: Semantic; Relationship: Superset; Alignment Strength: 9","ASIC-GP03.RM
ASIC-GP04.PM","Rationale: Semantic; Relationship: Superset
Rationale: Semantic; Relationship: Superset",,,,,,,,
EX.TR-01.01,153.315,EXTEND,Relationship Termination,Termination Planning,10.0,"Tier: 1
Tier: 2","EX.TR-01.01: The organization establishes contingencies to address circumstances that might put a vendor out of business or severely impact delivery of services to the organization, sector-critical systems, or the financial sector as a whole.",GV.SC-10,,"#continous_monitoring
#critical_infrastructure
#due_diligence
#resilience
#supply_chain_management
#third_party_risk_management",,,"OSFI CSSA-84
OSFI CSSA-88","Rationale: Functional; Relationship: Superset; Alignment Strength: 9
Rationale: Functional; Relationship: Intersects; Alignment Strength: 9",,,,,,,,,,,,,FFIEC-BCM-06.05,Rationale: Functional; Relationship: Intersects; Alignment Strength: 8,,,"DORA-28-08
DORA-29-01","Rationale: Semantic; Relationship: Subset; Alignment Strength: 9
Rationale: Semantic; Relationship: Subset; Alignment Strength: 7",,,,,,,153.315,Level: Ds,FFIEC-DAM-12.07,Rationale: Semantic; Relationship: Superset,"CP-11
SR-03
SR-05","Rationale: Semantic; Relationship: Intersects; Alignment Strength: 9
Rationale: Semantic; Relationship: Superset; Alignment Strength: 9
Rationale: Semantic; Relationship: Superset; Alignment Strength: 9",,,,,,,,,,
EX.TR-01.02,153.316,EXTEND,Relationship Termination,Termination Planning,10.0,"Tier: 1
Tier: 2",EX.TR-01.02: The organization periodically identifies and tests alternative solutions in case a critical external partner fails to perform as expected.,GV.SC-10,,"#continous_monitoring
#critical_infrastructure
#due_diligence
#resilience
#supply_chain_management
#third_party_risk_management
#vendor_management",,,"OSFI CSSA-84
OSFI CSSA-88","Rationale: Functional; Relationship: Superset; Alignment Strength: 9
Rationale: Functional; Relationship: Intersects; Alignment Strength: 9",,,,,,,,,2.5.2.1.3,Level: Evolving,FFIEC-AIO-13.07,Rationale: Semantic; Relationship: Superset; Alignment Strength: 8,"FFIEC-BCM-05.01
FFIEC-BCM-06.02
FFIEC-BCM-06.05
FFIEC-BCM-06.07
FFIEC-BCM-08.05
FFIEC-BCM-10.13
FFIEC-BCM-10.15
FFIEC-BCM-10.23","Rationale: Semantic; Relationship: Intersects; Alignment Strength: 7
Rationale: Functional; Relationship: Intersects; Alignment Strength: 5
Rationale: Functional; Relationship: Intersects; Alignment Strength: 8
Rationale: Semantic; Relationship: Intersects; Alignment Strength: 7
Rationale: Functional; Relationship: Subset; Alignment Strength: 7
Rationale: Semantic; Relationship: Intersects; Alignment Strength: 5
Rationale: Functional; Relationship: Intersects; Alignment Strength: 5
Rationale: Semantic; Relationship: Subset; Alignment Strength: 7",,,DORA-28-08,Rationale: Semantic; Relationship: Subset; Alignment Strength: 9,,,,,"D3.PC.Se.B.4
D4.C.Co.E.4
D4.RM.Co.A.2","Level: Baseline; Type: Partial
Level: Evolving; Type: Full Summarily
Level: Advanced; Type: Full Summarily",153.316,Level: Ds,FFIEC-DAM-12.07,Rationale: Semantic; Relationship: Superset,CP-08,Rationale: Semantic; Relationship: Intersects; Alignment Strength: 8,,,"EBA-79
EBA-84
EBA-85
EBA-86","Rationale: Semantic; Relationship: Intersects; Alignment Strength: 7
Rationale: Semantic; Relationship: Superset; Alignment Strength: 9
Rationale: Functional; Relationship: Intersects; Alignment Strength: 6
Rationale: Semantic; Relationship: Superset; Alignment Strength: 8",,,,,,
EX.TR-01.03,153.317,EXTEND,Relationship Termination,Termination Planning,10.0,"Tier: 1
Tier: 2","EX.TR-01.03: The organization has a documented third-party termination/exit plan, to include procedures for timely removal of the third-party access, return of data and property, personnel disposition, and transition of services and support.",GV.SC-10,,"#continous_monitoring
#critical_infrastructure
#due_diligence
#resilience
#supply_chain_management
#third_party_risk_management
#vendor_management",,,"OSFI CSSA-84
OSFI CSSA-88","Rationale: Functional; Relationship: Superset; Alignment Strength: 9
Rationale: Functional; Relationship: Equal; Alignment Strength: 10",,,,,,,,,,,FFIEC-AIO-03.02,Rationale: Semantic; Relationship: Superset; Alignment Strength: 9,FFIEC-BCM-06.05,Rationale: Functional; Relationship: Intersects; Alignment Strength: 8,OSFI B-13-11,Rationale: Semantic; Relationship: Intersects; Alignment Strength: 7,"DORA-28-07
DORA-28-08","Rationale: Semantic; Relationship: Superset; Alignment Strength: 7
Rationale: Semantic; Relationship: Subset; Alignment Strength: 9",,,,,D4.RM.Co.A.2,Level: Advanced; Type: Full Summarily,153.317,Level: Ds,"FFIEC-DAM-07.06
FFIEC-DAM-12.07","Rationale: Semantic; Relationship: Intersects
Rationale: Semantic; Relationship: Superset",SR-03,Rationale: Semantic; Relationship: Superset; Alignment Strength: 9,,,,,,,15.7,Rationale: Semantic; Relationship: Intersects,,
EX.TR-02.01,154.318,EXTEND,Relationship Termination,Termination Practices,10.0,"Tier: 1
Tier: 2
Tier: 3
Tier: 4","EX.TR-02.01: Upon termination of a third-party agreement, the organization ensures that all technical and security matters (access, connections, etc.), business matters (service, support, and ongoing relationship), property matters (data, physical, and intellectual), and legal matters are addressed in a timely manner.",GV.SC-10,,"#asset_management
#continous_monitoring
#critical_infrastructure
#data_protection
#due_diligence
#identity_and_access_management
#supply_chain_management
#third_party_risk_management
#vendor_management",,,OSFI CSSA-87,Rationale: Functional; Relationship: Subset; Alignment Strength: 8,,,,,,,NYDFS-17,Rationale: Semantic; Relationship: Intersects; Alignment Strength: 8,,,FFIEC-AIO-13.02,Rationale: Semantic; Relationship: Superset; Alignment Strength: 7,,,,,DORA-28-08,Rationale: Semantic; Relationship: Subset; Alignment Strength: 9,,,,,,,154.318,Level: Ds,"FFIEC-DAM-07.06
FFIEC-DAM-12.07
FFIEC-DAM-13.03","Rationale: Semantic; Relationship: Intersects
Rationale: Semantic; Relationship: Superset
Rationale: Semantic; Relationship: Intersects",SI-12,Rationale: Semantic; Relationship: Subset; Alignment Strength: 8,,,,,,,15.7,Rationale: Semantic; Relationship: Intersects,,
